unix_ms,rel_timestamp,frame,event,side,screen_pos_x,screen_pos_y,screen_pos_z,target_name
1742692441001,0,,Activation,,,,,
1742692441001,0,280,,Left,0,0,0,
1742692441001,0,280,,Right,0,0,0,
1742692441001,0,280,,Center,0,0,0,
1742692441313,0.01999998,282,,Left,723.1476,825.8065,49.92612,
1742692441313,0.01999998,282,,Right,722.1531,825.8065,49.92612,
1742692441313,0.01999998,282,,Center,722.6504,825.8065,49.92612,
1742692441365,0.0760231,283,Eye Hit,Left,699.9182,804.1245,49.9541,MicroBus5-Detailed
1742692441365,0.0760231,283,Eye Hit,Right,698.9242,804.1245,49.9541,MicroBus5-Detailed
1742692441365,0.0760231,283,Eye Hit,Center,699.4211,804.1245,49.9541,MicroBus5-Detailed
1742692441422,0.1242976,284,Eye Hit,Left,699.54,806.4921,49.95005,MicroBus5-Detailed
1742692441422,0.1242976,284,Eye Hit,Right,698.5459,806.4921,49.95005,MicroBus5-Detailed
1742692441422,0.1242976,284,Eye Hit,Center,699.0429,806.4921,49.95005,MicroBus5-Detailed
1742692441462,0.1986279,285,Eye Hit,Left,699.8071,804.5559,49.95296,MicroBus5-Detailed
1742692441462,0.1986279,285,Eye Hit,Right,698.8131,804.5559,49.95296,MicroBus5-Detailed
1742692441462,0.1986279,285,Eye Hit,Center,699.3101,804.5559,49.95296,MicroBus5-Detailed
1742692441523,0.2276087,286,Eye Hit,Left,688.4791,804.7631,49.92337,MicroBus5-Detailed
1742692441523,0.2276087,286,Eye Hit,Right,687.4845,804.7631,49.92337,MicroBus5-Detailed
1742692441523,0.2276087,286,Eye Hit,Center,687.9818,804.7631,49.92337,MicroBus5-Detailed
1742692441567,0.2822032,287,Eye Hit,Left,694.2545,812.3616,49.92746,MicroBus1-Detailed
1742692441567,0.2822032,287,Eye Hit,Right,693.26,812.3616,49.92745,MicroBus1-Detailed
1742692441567,0.2822032,287,Eye Hit,Center,693.7573,812.3616,49.92746,MicroBus1-Detailed
1742692441596,0.3249111,288,Eye Hit,Left,696.0808,812.4659,49.93169,MicroBus1-Detailed
1742692441596,0.3249111,288,Eye Hit,Right,695.0863,812.466,49.93169,MicroBus1-Detailed
1742692441596,0.3249111,288,Eye Hit,Center,695.5836,812.466,49.9317,MicroBus1-Detailed
1742692441630,0.3543468,289,Eye Hit,Left,697.6623,812.0774,49.93601,MicroBus1-Detailed
1742692441630,0.3543468,289,Eye Hit,Right,696.668,812.0774,49.93601,MicroBus1-Detailed
1742692441630,0.3543468,289,Eye Hit,Center,697.1652,812.0774,49.93601,MicroBus1-Detailed
1742692441663,0.3881288,290,Eye Hit,Left,700.3379,808.4837,49.94798,MicroBus5-Detailed
1742692441663,0.3881288,290,Eye Hit,Right,699.3438,808.4837,49.94798,MicroBus5-Detailed
1742692441663,0.3881288,290,Eye Hit,Center,699.8409,808.4837,49.94798,MicroBus5-Detailed
1742692441695,0.4215631,291,Eye Hit,Left,703.5295,812.5384,49.94639,MicroBus1-Detailed
1742692441695,0.4215631,291,Eye Hit,Right,702.5354,812.5384,49.94639,MicroBus1-Detailed
1742692441695,0.4215631,291,Eye Hit,Center,703.0325,812.5384,49.94639,MicroBus1-Detailed
1742692441725,0.4539084,292,Eye Hit,Left,709.7214,810.9979,49.95762,MicroBus1-Detailed
1742692441725,0.4539084,292,Eye Hit,Right,708.7275,810.9979,49.95762,MicroBus1-Detailed
1742692441725,0.4539084,292,Eye Hit,Center,709.2244,810.9979,49.95762,MicroBus1-Detailed
1742692441756,0.4832616,293,Eye Hit,Left,711.4981,813.6485,49.95393,Truck1-Detailed
1742692441756,0.4832616,293,Eye Hit,Right,710.5042,813.6485,49.95393,Truck1-Detailed
1742692441756,0.4832616,293,Eye Hit,Center,711.0012,813.6485,49.95393,Truck1-Detailed
1742692441797,0.5146317,294,Eye Hit,Left,718.0123,815.7441,49.95263,MicroBus1-Detailed
1742692441797,0.5146317,294,Eye Hit,Right,717.0183,815.7441,49.95263,MicroBus1-Detailed
1742692441797,0.5146317,294,Eye Hit,Center,717.5153,815.7441,49.95263,MicroBus1-Detailed
1742692441839,0.5566158,295,Eye Hit,Left,718.7747,818.0122,49.94716,MicroBus1-Detailed
1742692441839,0.5566158,295,Eye Hit,Right,717.7806,818.0122,49.94716,MicroBus1-Detailed
1742692441839,0.5566158,295,Eye Hit,Center,718.2776,818.0122,49.94716,MicroBus1-Detailed
1742692441883,0.5990005,296,,Left,707.6897,806.559,49.96235,
1742692441883,0.5990005,296,,Right,706.6959,806.559,49.96236,
1742692441883,0.5990005,296,,Center,707.1928,806.559,49.96235,
1742692441926,0.6428323,297,,Left,701.1334,805.5198,49.95368,
1742692441926,0.6428323,297,,Right,700.1393,805.5198,49.95368,
1742692441926,0.6428323,297,,Center,700.6364,805.5198,49.95367,
1742692441968,0.6855884,298,,Left,698.2863,809.4323,49.94215,
1742692441968,0.6855884,298,,Right,697.2921,809.4323,49.94215,
1742692441968,0.6855884,298,,Center,697.7892,809.4323,49.94215,
1742692442008,0.7266822,299,,Left,693.1609,808.9807,49.93064,
1742692442008,0.7266822,299,,Right,692.1664,808.9807,49.93064,
1742692442008,0.7266822,299,,Center,692.6637,808.9807,49.93064,
1742692442050,0.7672615,300,,Left,691.9329,809.9377,49.92589,
1742692442050,0.7672615,300,,Right,690.9384,809.9377,49.92588,
1742692442050,0.7672615,300,,Center,691.4357,809.9377,49.92589,
1742692442079,0.809351,301,,Left,694.588,809.4706,49.9338,
1742692442079,0.809351,301,,Right,693.5936,809.4706,49.9338,
1742692442079,0.809351,301,,Center,694.0908,809.4706,49.9338,
1742692442119,0.839303,302,,Left,696.017,808.0084,49.9398,
1742692442119,0.839303,302,,Right,695.0227,808.0084,49.9398,
1742692442119,0.839303,302,,Center,695.5199,808.0084,49.9398,
1742692442161,0.877851,303,,Left,695.9385,809.4395,49.93724,
1742692442161,0.877851,303,,Right,694.9442,809.4395,49.93725,
1742692442162,0.877851,303,,Center,695.4413,809.4395,49.93725,
1742692442188,0.920424,304,,Left,696.3495,807.0621,49.94202,
1742692442188,0.920424,304,,Right,695.3553,807.0621,49.94202,
1742692442188,0.920424,304,,Center,695.8524,807.0621,49.94202,
1742692442231,0.94663,305,,Left,703.4778,805.2565,49.95891,
1742692442231,0.94663,305,,Right,702.4839,805.2565,49.95891,
1742692442231,0.94663,305,,Center,702.9808,805.2565,49.95891,
1742692442260,0.9895906,306,,Left,704.5407,805.3449,49.96053,
1742692442260,0.9895906,306,,Right,703.5469,805.3449,49.96053,
1742692442260,0.9895906,306,,Center,704.0438,805.3449,49.96053,
1742692442302,1.01783,307,,Left,662.1216,858.6014,49.60262,
1742692442302,1.01783,307,,Right,661.1206,858.6014,49.60262,
1742692442302,1.01783,307,,Center,661.6211,858.6014,49.60262,
1742692442343,1.060693,308,,Left,635.9177,900.2341,49.08396,
1742692442343,1.060693,308,,Right,634.9061,900.2341,49.08396,
1742692442343,1.060693,308,,Center,635.4119,900.2341,49.08396,
1742692442385,1.101968,309,,Left,637.629,896.4838,49.13424,
1742692442385,1.101968,309,,Right,636.6184,896.4838,49.13424,
1742692442385,1.101968,309,,Center,637.1237,896.4838,49.13424,
1742692442428,1.14461,310,,Left,639.9644,895.8991,49.15771,
1742692442428,1.14461,310,,Right,638.9542,895.8991,49.15771,
1742692442428,1.14461,310,,Center,639.4593,895.8991,49.15771,
1742692442454,1.186843,311,,Left,638.9973,891.8187,49.18916,
1742692442454,1.186843,311,,Right,637.9879,891.8187,49.18916,
1742692442454,1.186843,311,,Center,638.4926,891.8187,49.18916,
1742692442496,1.212553,312,,Left,639.2784,890.8112,49.20069,
1742692442496,1.212553,312,,Right,638.2692,890.8112,49.20069,
1742692442496,1.212553,312,,Center,638.7739,890.8112,49.20069,
1742692442537,1.254824,313,,Left,636.6849,891.558,49.1739,
1742692442537,1.254824,313,,Right,635.6752,891.558,49.1739,
1742692442537,1.254824,313,,Center,636.1801,891.558,49.1739,
1742692442578,1.29555,314,Eye Hit,Left,566.6902,958.7123,47.64188,NorthWalkingSignal
1742692442578,1.29555,314,Eye Hit,Right,565.648,958.7123,47.64188,NorthWalkingSignal
1742692442578,1.29555,314,Eye Hit,Center,566.1691,958.7123,47.64188,NorthWalkingSignal
1742692442621,1.337508,315,Eye Hit,Left,562.5435,957.9818,47.59742,NorthWalkingSignal
1742692442621,1.337508,315,Eye Hit,Right,561.5002,957.9818,47.59742,NorthWalkingSignal
1742692442622,1.337508,315,Eye Hit,Center,562.0219,957.9818,47.59742,NorthWalkingSignal
1742692442648,1.380761,316,Eye Hit,Left,563.272,956.641,47.62584,NorthWalkingSignal
1742692442648,1.380761,316,Eye Hit,Right,562.2295,956.641,47.62584,NorthWalkingSignal
1742692442648,1.380761,316,Eye Hit,Center,562.7508,956.641,47.62584,NorthWalkingSignal
1742692442691,1.407425,317,Eye Hit,Left,561.0615,955.696,47.60942,NorthWalkingSignal
1742692442691,1.407425,317,Eye Hit,Right,560.0185,955.696,47.60941,NorthWalkingSignal
1742692442691,1.407425,317,Eye Hit,Center,560.54,955.696,47.60941,NorthWalkingSignal
1742692442731,1.44901,318,Eye Hit,Left,560.8566,957.2304,47.58532,NorthWalkingSignal
1742692442731,1.44901,318,Eye Hit,Right,559.8132,957.2304,47.58532,NorthWalkingSignal
1742692442731,1.44901,318,Eye Hit,Center,560.3349,957.2304,47.58532,NorthWalkingSignal
1742692442759,1.488936,319,Eye Hit,Left,560.5002,956.126,47.5958,NorthWalkingSignal
1742692442759,1.488936,319,Eye Hit,Right,559.457,956.126,47.5958,NorthWalkingSignal
1742692442759,1.488936,319,Eye Hit,Center,559.9786,956.126,47.5958,NorthWalkingSignal
1742692442800,1.517654,320,Eye Hit,Left,560.5939,958.2634,47.56717,NorthWalkingSignal
1742692442800,1.517654,320,Eye Hit,Right,559.5501,958.2634,47.56717,NorthWalkingSignal
1742692442800,1.517654,320,Eye Hit,Center,560.072,958.2634,47.56717,NorthWalkingSignal
1742692442829,1.558795,321,Eye Hit,Left,545.4706,976.3317,47.09395,NorthWalkingSignal
1742692442829,1.558795,321,Eye Hit,Right,544.4163,976.3317,47.09395,NorthWalkingSignal
1742692442829,1.558795,321,Eye Hit,Center,544.9434,976.3317,47.09395,NorthWalkingSignal
1742692442871,1.587377,322,Eye Hit,Left,545.9697,976.1023,47.10442,NorthWalkingSignal
1742692442871,1.587377,322,Eye Hit,Right,544.9156,976.1023,47.10442,NorthWalkingSignal
1742692442871,1.587377,322,Eye Hit,Center,545.4427,976.1023,47.10443,NorthWalkingSignal
1742692442914,1.629551,323,Eye Hit,Left,546.2333,980.177,47.04624,NorthWalkingSignal
1742692442914,1.629551,323,Eye Hit,Right,545.1778,980.177,47.04624,NorthWalkingSignal
1742692442914,1.629551,323,Eye Hit,Center,545.7056,980.177,47.04624,NorthWalkingSignal
1742692442956,1.673442,324,Eye Hit,Left,546.05,986.6415,46.94305,NorthWalkingSignal
1742692442956,1.673442,324,Eye Hit,Right,544.9924,986.6415,46.94305,NorthWalkingSignal
1742692442956,1.673442,324,Eye Hit,Center,545.5212,986.6415,46.94306,NorthWalkingSignal
1742692442997,1.715302,325,Eye Hit,Left,548.3424,986.8181,46.9724,NorthWalkingSignal
1742692442997,1.715302,325,Eye Hit,Right,547.2853,986.8181,46.9724,NorthWalkingSignal
1742692442997,1.715302,325,Eye Hit,Center,547.8138,986.8181,46.9724,NorthWalkingSignal
1742692443039,1.7562,326,Eye Hit,Left,555.0543,987.1096,47.05988,NorthWalkingSignal
1742692443039,1.7562,326,Eye Hit,Right,553.9991,987.1096,47.05989,NorthWalkingSignal
1742692443039,1.7562,326,Eye Hit,Center,554.5267,987.1096,47.05989,NorthWalkingSignal
1742692443079,1.797887,327,Eye Hit,Left,551.5819,987.0129,47.01427,NorthWalkingSignal
1742692443079,1.797887,327,Eye Hit,Right,550.5258,987.0129,47.01427,NorthWalkingSignal
1742692443079,1.797887,327,Eye Hit,Center,551.0538,987.0129,47.01427,NorthWalkingSignal
1742692443122,1.839017,328,Eye Hit,Left,551.0059,985.7172,47.02686,NorthWalkingSignal
1742692443122,1.839017,328,Eye Hit,Right,549.9501,985.7172,47.02685,NorthWalkingSignal
1742692443122,1.839017,328,Eye Hit,Center,550.478,985.7172,47.02685,NorthWalkingSignal
1742692443149,1.880994,329,Eye Hit,Left,549.8382,988.2921,46.96994,NorthWalkingSignal
1742692443149,1.880994,329,Eye Hit,Right,548.7811,988.2921,46.96994,NorthWalkingSignal
1742692443149,1.880994,329,Eye Hit,Center,549.3096,988.2921,46.96994,NorthWalkingSignal
1742692443176,1.907828,330,Eye Hit,Left,549.5027,986.4563,46.99445,NorthWalkingSignal
1742692443176,1.907828,330,Eye Hit,Right,548.4461,986.4562,46.99445,NorthWalkingSignal
1742692443176,1.907828,330,Eye Hit,Center,548.9744,986.4563,46.99446,NorthWalkingSignal
1742692443204,1.934241,331,Eye Hit,Left,550.0266,987.9749,46.9775,NorthWalkingSignal
1742692443205,1.934241,331,Eye Hit,Right,548.9696,987.9749,46.9775,NorthWalkingSignal
1742692443205,1.934241,331,Eye Hit,Center,549.4981,987.9749,46.9775,NorthWalkingSignal
1742692443234,1.962561,332,Eye Hit,Left,551.8156,986.0237,47.03313,NorthWalkingSignal
1742692443234,1.962561,332,Eye Hit,Right,550.7599,986.0237,47.03312,NorthWalkingSignal
1742692443234,1.962561,332,Eye Hit,Center,551.2878,986.0237,47.03313,NorthWalkingSignal
1742692443265,1.992959,333,Eye Hit,Left,552.0457,986.7015,47.02554,NorthWalkingSignal
1742692443265,1.992959,333,Eye Hit,Right,550.9897,986.7015,47.02555,NorthWalkingSignal
1742692443265,1.992959,333,Eye Hit,Center,551.5177,986.7015,47.02554,NorthWalkingSignal
1742692443291,2.023536,334,Eye Hit,Left,552.5707,992.6808,46.93679,NorthWalkingSignal
1742692443291,2.023536,334,Eye Hit,Right,551.5129,992.6808,46.93679,NorthWalkingSignal
1742692443291,2.023536,334,Eye Hit,Center,552.0418,992.6808,46.93679,NorthWalkingSignal
1742692443332,2.049618,335,Eye Hit,Left,555.343,998.6613,46.87572,NorthWalkingSignal
1742692443332,2.049618,335,Eye Hit,Right,554.2838,998.6613,46.87572,NorthWalkingSignal
1742692443332,2.049618,335,Eye Hit,Center,554.8134,998.6613,46.87572,NorthWalkingSignal
1742692443374,2.090615,336,Eye Hit,Left,554.1595,998.5919,46.86124,NorthWalkingSignal
1742692443374,2.090615,336,Eye Hit,Right,553.1,998.5919,46.86124,NorthWalkingSignal
1742692443374,2.090615,336,Eye Hit,Center,553.6298,998.5919,46.86124,NorthWalkingSignal
1742692443416,2.13339,337,Eye Hit,Left,547.9963,996.1071,46.81844,NorthWalkingSignal
1742692443416,2.13339,337,Eye Hit,Right,546.9357,996.1071,46.81844,NorthWalkingSignal
1742692443416,2.13339,337,Eye Hit,Center,547.466,996.1071,46.81844,NorthWalkingSignal
1742692443443,2.175216,338,Eye Hit,Left,548.4932,993.8425,46.86242,NorthWalkingSignal
1742692443443,2.175216,338,Eye Hit,Right,547.4337,993.8425,46.86242,NorthWalkingSignal
1742692443443,2.175216,338,Eye Hit,Center,547.9634,993.8425,46.86242,NorthWalkingSignal
1742692443470,2.202221,339,Eye Hit,Left,546.9727,993.2601,46.85076,NorthWalkingSignal
1742692443470,2.202221,339,Eye Hit,Right,545.9128,993.2601,46.85076,NorthWalkingSignal
1742692443470,2.202221,339,Eye Hit,Center,546.4427,993.2601,46.85076,NorthWalkingSignal
1742692443499,2.22894,340,Eye Hit,Left,549.326,998.1097,46.80392,NorthWalkingSignal
1742692443499,2.22894,340,Eye Hit,Right,548.2652,998.1097,46.80392,NorthWalkingSignal
1742692443499,2.22894,340,Eye Hit,Center,548.7957,998.1097,46.80392,NorthWalkingSignal
1742692443539,2.257135,341,Eye Hit,Left,549.5327,998.4642,46.80104,NorthWalkingSignal
1742692443539,2.257135,341,Eye Hit,Right,548.4718,998.4642,46.80104,NorthWalkingSignal
1742692443539,2.257135,341,Eye Hit,Center,549.0023,998.4642,46.80104,NorthWalkingSignal
1742692443579,2.296978,342,Eye Hit,Left,547.9619,995.6231,46.82619,NorthWalkingSignal
1742692443579,2.296978,342,Eye Hit,Right,546.9014,995.6231,46.82619,NorthWalkingSignal
1742692443579,2.296978,342,Eye Hit,Center,547.4316,995.6231,46.82619,NorthWalkingSignal
1742692443609,2.336987,343,Eye Hit,Left,548.0397,991.5327,46.89367,NorthWalkingSignal
1742692443609,2.336987,343,Eye Hit,Right,546.9808,991.5327,46.89367,NorthWalkingSignal
1742692443609,2.336987,343,Eye Hit,Center,547.5103,991.5327,46.89367,NorthWalkingSignal
1742692443638,2.367679,344,Eye Hit,Left,547.3292,991.6807,46.88141,NorthWalkingSignal
1742692443638,2.367679,344,Eye Hit,Right,546.27,991.6807,46.88141,NorthWalkingSignal
1742692443638,2.367679,344,Eye Hit,Center,546.7996,991.6807,46.88141,NorthWalkingSignal
1742692443665,2.395864,345,Eye Hit,Left,547.3733,991.5449,46.88426,NorthWalkingSignal
1742692443665,2.395864,345,Eye Hit,Right,546.3141,991.5449,46.88425,NorthWalkingSignal
1742692443665,2.395864,345,Eye Hit,Center,546.8437,991.5449,46.88425,NorthWalkingSignal
1742692443696,2.422971,346,Eye Hit,Left,547.2833,991.2324,46.88813,NorthWalkingSignal
1742692443696,2.422971,346,Eye Hit,Right,546.2242,991.2324,46.88813,NorthWalkingSignal
1742692443696,2.422971,346,Eye Hit,Center,546.7538,991.2324,46.88813,NorthWalkingSignal
1742692443721,2.453144,347,Eye Hit,Left,553.3708,993.2989,46.93838,NorthWalkingSignal
1742692443721,2.453144,347,Eye Hit,Right,552.313,993.2989,46.93838,NorthWalkingSignal
1742692443721,2.453144,347,Eye Hit,Center,552.8419,993.2989,46.93838,NorthWalkingSignal
1742692443749,2.47918,348,Eye Hit,Left,555.2579,993.5571,46.95954,NorthWalkingSignal
1742692443749,2.47918,348,Eye Hit,Right,554.2006,993.5571,46.95954,NorthWalkingSignal
1742692443749,2.47918,348,Eye Hit,Center,554.7292,993.5571,46.95955,NorthWalkingSignal
1742692443791,2.507834,349,,Left,598.128,975.7487,47.75738,
1742692443791,2.507834,349,,Right,597.0883,975.7487,47.75738,
1742692443791,2.507834,349,,Center,597.6082,975.7487,47.75738,
1742692443822,2.550776,350,,Left,661.7368,951.0128,48.63364,
1742692443822,2.550776,350,,Right,660.7158,951.0128,48.63364,
1742692443822,2.550776,350,,Center,661.2263,951.0128,48.63364,
1742692443864,2.580821,351,,Left,686.5233,948.117,48.77889,
1742692443864,2.580821,351,,Right,685.5053,948.117,48.77889,
1742692443864,2.580821,351,,Center,686.0143,948.117,48.7789,
1742692443903,2.622695,352,,Left,695.406,946.6352,48.82372,
1742692443903,2.622695,352,,Right,694.389,946.6352,48.82372,
1742692443903,2.622695,352,,Center,694.8975,946.6352,48.82372,
1742692443946,2.661896,353,Eye Hit,Left,566.0549,964.361,47.55178,NorthWalkingPole
1742692443946,2.661896,353,Eye Hit,Right,565.0107,964.361,47.55178,NorthWalkingPole
1742692443946,2.661896,353,Eye Hit,Center,565.5328,964.361,47.55177,NorthWalkingPole
1742692443986,2.706171,354,,Left,518.7443,959.0416,46.93011,
1742692443986,2.706171,354,,Right,517.6863,959.0416,46.93011,
1742692443986,2.706171,354,,Center,518.2153,959.0416,46.93011,
1742692444028,2.745018,355,,Left,511.6116,945.3141,46.98776,
1742692444028,2.745018,355,,Right,510.5548,945.3141,46.98776,
1742692444028,2.745018,355,,Center,511.0832,945.3141,46.98776,
1742692444057,2.787067,356,,Left,504.73,938.5311,46.95138,
1742692444057,2.787067,356,,Right,503.6725,938.5311,46.95138,
1742692444057,2.787067,356,,Center,504.2012,938.5311,46.95138,
1742692444082,2.815779,357,,Left,504.449,951.0519,46.792,
1742692444082,2.815779,357,,Right,503.3878,951.0519,46.792,
1742692444082,2.815779,357,,Center,503.9184,951.0519,46.792,
1742692444124,2.84249,358,,Left,518.3663,944.3166,47.11253,
1742692444124,2.84249,358,,Right,517.3123,944.3166,47.11253,
1742692444124,2.84249,358,,Center,517.8393,944.3166,47.11253,
1742692444165,2.888414,359,,Left,533.4636,933.4205,47.48878,
1742692444165,2.888414,359,,Right,532.4181,933.4205,47.48878,
1742692444165,2.888414,359,,Center,532.9409,933.4205,47.48878,
1742692444205,2.923685,360,,Left,542.5162,917.4053,47.81052,
1742692444205,2.923685,360,,Right,541.4776,917.4053,47.81052,
1742692444205,2.923685,360,,Center,541.9969,917.4053,47.81052,
1742692444236,2.964386,361,,Left,509.3808,914.1461,47.30333,
1742692444236,2.964386,361,,Right,508.3311,914.1461,47.30332,
1742692444236,2.964386,361,,Center,508.856,914.1461,47.30333,
1742692444277,2.995489,362,,Left,554.4962,927.2443,47.87961,
1742692444277,2.995489,362,,Right,553.4592,927.2443,47.87962,
1742692444277,2.995489,362,,Center,553.9777,927.2443,47.87961,
1742692444305,3.036146,363,,Left,569.8015,935.5516,47.98941,
1742692444305,3.036146,363,,Right,568.7668,935.5516,47.98942,
1742692444305,3.036146,363,,Center,569.2841,935.5516,47.98941,
1742692444346,3.063429,364,Eye Hit,Left,555.2786,942.1039,47.71096,NorthCarSignal
1742692444346,3.063429,364,Eye Hit,Right,554.2379,942.1039,47.71096,NorthCarSignal
1742692444346,3.063429,364,Eye Hit,Center,554.7582,942.1039,47.71096,NorthCarSignal
1742692444377,3.106569,365,Eye Hit,Left,537.9471,942.8942,47.44707,NorthCarSignal
1742692444377,3.106569,365,Eye Hit,Right,536.9006,942.8942,47.44707,NorthCarSignal
1742692444377,3.106569,365,Eye Hit,Center,537.4238,942.8942,47.44707,NorthCarSignal
1742692444417,3.135084,366,Eye Hit,Left,538.0014,942.5199,47.45293,NorthCarSignal
1742692444417,3.135084,366,Eye Hit,Right,536.955,942.5199,47.45293,NorthCarSignal
1742692444417,3.135084,366,Eye Hit,Center,537.4782,942.5199,47.45293,NorthCarSignal
1742692444459,3.177079,367,Eye Hit,Left,546.9351,940.2215,47.61612,NorthCarSignal
1742692444459,3.177079,367,Eye Hit,Right,545.8923,940.2215,47.61612,NorthCarSignal
1742692444459,3.177079,367,Eye Hit,Center,546.4138,940.2215,47.61612,NorthCarSignal
1742692444496,3.217796,368,Eye Hit,Left,543.0161,936.254,47.60744,NorthCarSignal
1742692444496,3.217796,368,Eye Hit,Right,541.9731,936.254,47.60744,NorthCarSignal
1742692444496,3.217796,368,Eye Hit,Center,542.4946,936.254,47.60744,NorthCarSignal
1742692444537,3.254519,369,Eye Hit,Left,544.7903,934.7448,47.65263,NorthCarSignal
1742692444537,3.254519,369,Eye Hit,Right,543.7483,934.7448,47.65262,NorthCarSignal
1742692444537,3.254519,369,Eye Hit,Center,544.2695,934.7448,47.65262,NorthCarSignal
1742692444579,3.295655,370,Eye Hit,Left,551.3193,941.6299,47.66248,NorthCarSignal
1742692444579,3.295655,370,Eye Hit,Right,550.2775,941.6299,47.66248,NorthCarSignal
1742692444579,3.295655,370,Eye Hit,Center,550.7983,941.6299,47.66248,NorthCarSignal
1742692444620,3.338825,371,Eye Hit,Left,549.181,941.571,47.63247,NorthCarSignal
1742692444620,3.338825,371,Eye Hit,Right,548.1386,941.571,47.63248,NorthCarSignal
1742692444620,3.338825,371,Eye Hit,Center,548.6599,941.571,47.63248,NorthCarSignal
1742692444661,3.379471,372,Eye Hit,Left,551.7135,945.2684,47.62179,NorthCarSignal
1742692444661,3.379471,372,Eye Hit,Right,550.6708,945.2684,47.62179,NorthCarSignal
1742692444661,3.379471,372,Eye Hit,Center,551.1922,945.2684,47.62179,NorthCarSignal
1742692444705,3.41955,373,Eye Hit,Left,553.6248,948.9595,47.60014,NorthCarSignal
1742692444705,3.41955,373,Eye Hit,Right,552.5817,948.9595,47.60014,NorthCarSignal
1742692444705,3.41955,373,Eye Hit,Center,553.1032,948.9595,47.60014,NorthCarSignal
1742692444747,3.464114,374,Eye Hit,Left,561.715,945.223,47.76034,NorthCarSignal
1742692444747,3.464114,374,Eye Hit,Right,560.6753,945.223,47.76034,NorthCarSignal
1742692444747,3.464114,374,Eye Hit,Center,561.1951,945.223,47.76034,NorthCarSignal
1742692444788,3.50641,375,Eye Hit,Left,559.5881,943.9246,47.74801,NorthCarSignal
1742692444788,3.50641,375,Eye Hit,Right,558.5482,943.9246,47.74801,NorthCarSignal
1742692444788,3.50641,375,Eye Hit,Center,559.0681,943.9246,47.74801,NorthCarSignal
1742692444831,3.54721,376,Eye Hit,Left,556.2587,944.5402,47.69398,NorthCarSignal
1742692444831,3.54721,376,Eye Hit,Right,555.2176,944.5402,47.69398,NorthCarSignal
1742692444831,3.54721,376,Eye Hit,Center,555.7382,944.5402,47.69399,NorthCarSignal
1742692444873,3.59004,377,Eye Hit,Left,549.5323,945.3505,47.58785,NorthCarSignal
1742692444873,3.59004,377,Eye Hit,Right,548.4889,945.3505,47.58786,NorthCarSignal
1742692444873,3.59004,377,Eye Hit,Center,549.0106,945.3505,47.58786,NorthCarSignal
1742692444915,3.631577,378,Eye Hit,Left,544.6738,948.6834,47.47309,NorthCarSignal
1742692444915,3.631577,378,Eye Hit,Right,543.6277,948.6834,47.47309,NorthCarSignal
1742692444915,3.631577,378,Eye Hit,Center,544.1508,948.6834,47.47309,NorthCarSignal
1742692444957,3.675113,379,Eye Hit,Left,548.5454,945.9046,47.5655,NorthCarSignal
1742692444957,3.675113,379,Eye Hit,Right,547.5014,945.9046,47.5655,NorthCarSignal
1742692444957,3.675113,379,Eye Hit,Center,548.0234,945.9046,47.5655,NorthCarSignal
1742692444999,3.715994,380,Eye Hit,Left,550.874,947.7399,47.57486,NorthCarSignal
1742692444999,3.715994,380,Eye Hit,Right,549.8303,947.7399,47.57486,NorthCarSignal
1742692444999,3.715994,380,Eye Hit,Center,550.3521,947.7399,47.57486,NorthCarSignal
1742692445041,3.758482,381,Eye Hit,Left,552.9694,947.8234,47.60328,NorthCarSignal
1742692445041,3.758482,381,Eye Hit,Right,551.9263,947.8234,47.60328,NorthCarSignal
1742692445041,3.758482,381,Eye Hit,Center,552.4479,947.8234,47.60327,NorthCarSignal
1742692445083,3.799885,382,Eye Hit,Left,550.8656,953.7073,47.49454,NorthCarSignal
1742692445083,3.799885,382,Eye Hit,Right,549.8201,953.7073,47.49454,NorthCarSignal
1742692445083,3.799885,382,Eye Hit,Center,550.3428,953.7073,47.49454,NorthCarSignal
1742692445126,3.843229,383,Eye Hit,Left,548.1819,954.0538,47.45106,NorthCarSignal
1742692445126,3.843229,383,Eye Hit,Right,547.1354,954.0538,47.45106,NorthCarSignal
1742692445126,3.843229,383,Eye Hit,Center,547.6587,954.0538,47.45105,NorthCarSignal
1742692445166,3.884571,384,Eye Hit,Left,546.9645,954.3288,47.42958,NorthCarSignal
1742692445166,3.884571,384,Eye Hit,Right,545.9176,954.3288,47.42958,NorthCarSignal
1742692445166,3.884571,384,Eye Hit,Center,546.441,954.3288,47.42958,NorthCarSignal
1742692445208,3.924854,385,Eye Hit,Left,545.8617,956.1362,47.38899,NorthCarSignal
1742692445208,3.924854,385,Eye Hit,Right,544.814,956.1362,47.38899,NorthCarSignal
1742692445208,3.924854,385,Eye Hit,Center,545.3378,956.1362,47.38899,NorthCarSignal
1742692445250,3.966968,386,Eye Hit,Left,545.2538,960.1876,47.32429,NorthCarSignal
1742692445250,3.966968,386,Eye Hit,Right,544.2045,960.1876,47.32429,NorthCarSignal
1742692445250,3.966968,386,Eye Hit,Center,544.7292,960.1876,47.32429,NorthCarSignal
1742692445292,4.010564,387,Eye Hit,Left,552.204,961.1951,47.40941,NorthCarSignal
1742692445292,4.010564,387,Eye Hit,Right,551.1566,961.1951,47.40941,NorthCarSignal
1742692445292,4.010564,387,Eye Hit,Center,551.6803,961.1951,47.40941,NorthCarSignal
1742692445334,4.051854,388,,Left,637.7735,923.5149,48.84005,
1742692445334,4.051854,388,,Right,636.7568,923.5149,48.84005,
1742692445334,4.051854,388,,Center,637.2651,923.5149,48.84005,
1742692445377,4.092411,389,,Left,750.4727,910.9543,49.26003,
1742692445377,4.092411,389,,Right,749.4647,910.9543,49.26004,
1742692445377,4.092411,389,,Center,749.9686,910.9543,49.26004,
1742692445419,4.135383,390,,Left,889.2176,896.3757,48.16099,
1742692445419,4.135383,390,,Right,888.1866,896.3757,48.16099,
1742692445419,4.135383,390,,Center,888.7021,896.3757,48.16099,
1742692445448,4.178046,391,,Left,872.3134,899.1199,48.37406,
1742692445448,4.178046,391,,Right,871.287,899.1199,48.37406,
1742692445448,4.178046,391,,Center,871.8002,899.1199,48.37405,
1742692445474,4.207651,392,,Left,864.4334,899.2222,48.47673,
1742692445474,4.207651,392,,Right,863.4091,899.2222,48.47673,
1742692445474,4.207651,392,,Center,863.9211,899.2222,48.47673,
1742692445504,4.233637,393,,Left,925.1834,895.1506,47.59525,
1742692445504,4.233637,393,,Right,924.1402,895.1506,47.59525,
1742692445504,4.233637,393,,Center,924.6618,895.1506,47.59525,
1742692445532,4.262103,394,Eye Hit,Left,943.8868,885.6072,47.33913,NorthWalkingSignal
1742692445532,4.262103,394,Eye Hit,Right,942.838,885.6072,47.33913,NorthWalkingSignal
1742692445532,4.262103,394,Eye Hit,Center,943.3625,885.6072,47.33913,NorthWalkingSignal
1742692445560,4.29048,395,Eye Hit,Left,936.4515,876.8026,47.54136,NorthWalkingSignal
1742692445560,4.29048,395,Eye Hit,Right,935.407,876.8026,47.54136,NorthWalkingSignal
1742692445560,4.29048,395,Eye Hit,Center,935.9293,876.8026,47.54136,NorthWalkingSignal
1742692445588,4.32082,396,Eye Hit,Left,947.1259,869.476,47.39379,NorthWalkingSignal
1742692445588,4.32082,396,Eye Hit,Right,946.0783,869.476,47.39379,NorthWalkingSignal
1742692445588,4.32082,396,Eye Hit,Center,946.6021,869.476,47.39379,NorthWalkingSignal
1742692445645,4.374042,397,,Left,939.6872,866.6968,47.55079,
1742692445645,4.374042,397,,Right,938.6429,866.6968,47.55079,
1742692445645,4.374042,397,,Center,939.165,866.6968,47.55079,
1742692445674,4.404696,398,Eye Hit,Left,927.2238,867.7786,47.76932,NorthWalkingSignal
1742692445674,4.404696,398,Eye Hit,Right,926.1843,867.7786,47.76932,NorthWalkingSignal
1742692445674,4.404696,398,Eye Hit,Center,926.704,867.7786,47.76932,NorthWalkingSignal
1742692445702,4.432591,399,Eye Hit,Left,921.9294,874.5843,47.81588,NorthWalkingSignal
1742692445702,4.432591,399,Eye Hit,Right,920.8909,874.5843,47.81588,NorthWalkingSignal
1742692445702,4.432591,399,Eye Hit,Center,921.4101,874.5843,47.81588,NorthWalkingSignal
1742692445732,4.460098,400,,Left,931.0235,880.3338,47.6148,
1742692445732,4.460098,400,,Right,929.9807,880.3338,47.61481,
1742692445732,4.460098,400,,Center,930.5021,880.3338,47.6148,
1742692445765,4.491675,401,,Left,932,881.619,47.58772,
1742692445765,4.491675,401,,Right,930.9565,881.619,47.58772,
1742692445765,4.491675,401,,Center,931.4783,881.619,47.58771,
1742692445794,4.524269,402,Eye Hit,Left,900.8732,886.0364,48.07499,NorthWalkingSignal
1742692445794,4.524269,402,Eye Hit,Right,899.8405,886.0364,48.07499,NorthWalkingSignal
1742692445794,4.524269,402,Eye Hit,Center,900.3569,886.0364,48.07499,NorthWalkingSignal
1742692445823,4.552172,403,Eye Hit,Left,903.9887,892.7449,47.96907,NorthWalkingSignal
1742692445823,4.552172,403,Eye Hit,Right,902.9536,892.7449,47.96907,NorthWalkingSignal
1742692445823,4.552172,403,Eye Hit,Center,903.471,892.7449,47.96908,NorthWalkingSignal
1742692445863,4.582213,404,Eye Hit,Left,907.0245,887.4526,47.96547,NorthWalkingSignal
1742692445863,4.582213,404,Eye Hit,Right,905.9894,887.4526,47.96547,NorthWalkingSignal
1742692445863,4.582213,404,Eye Hit,Center,906.507,887.4526,47.96547,NorthWalkingSignal
1742692445906,4.623363,405,Eye Hit,Left,905.46,885.2199,48.00917,NorthWalkingSignal
1742692445906,4.623363,405,Eye Hit,Right,904.4258,885.2199,48.00917,NorthWalkingSignal
1742692445906,4.623363,405,Eye Hit,Center,904.943,885.2199,48.00917,NorthWalkingSignal
1742692445946,4.666222,406,Eye Hit,Left,903.5991,885.923,48.0334,NorthWalkingSignal
1742692445946,4.666222,406,Eye Hit,Right,902.5653,885.923,48.0334,NorthWalkingSignal
1742692445946,4.666222,406,Eye Hit,Center,903.0822,885.923,48.0334,NorthWalkingSignal
1742692445976,4.706035,407,Eye Hit,Left,909.3452,886.4112,47.93711,NorthWalkingSignal
1742692445976,4.706035,407,Eye Hit,Right,908.3093,886.4112,47.93711,NorthWalkingSignal
1742692445976,4.706035,407,Eye Hit,Center,908.8273,886.4112,47.93711,NorthWalkingSignal
1742692446015,4.736457,408,Eye Hit,Left,909.5778,886.1385,47.93559,NorthWalkingSignal
1742692446015,4.736457,408,Eye Hit,Right,908.5421,886.1385,47.93559,NorthWalkingSignal
1742692446015,4.736457,408,Eye Hit,Center,909.0599,886.1385,47.93559,NorthWalkingSignal
1742692446058,4.776072,409,Eye Hit,Left,913.4969,888.029,47.85585,NorthWalkingSignal
1742692446058,4.776072,409,Eye Hit,Right,912.4594,888.029,47.85585,NorthWalkingSignal
1742692446058,4.776072,409,Eye Hit,Center,912.9781,888.029,47.85585,NorthWalkingSignal
1742692446087,4.818463,410,Eye Hit,Left,914.2939,887.3871,47.84782,NorthWalkingSignal
1742692446087,4.818463,410,Eye Hit,Right,913.2561,887.3871,47.84782,NorthWalkingSignal
1742692446087,4.818463,410,Eye Hit,Center,913.775,887.3871,47.84782,NorthWalkingSignal
1742692446132,4.847907,411,Eye Hit,Left,914.9241,887.5222,47.83624,NorthWalkingSignal
1742692446132,4.847907,411,Eye Hit,Right,913.886,887.5222,47.83624,NorthWalkingSignal
1742692446132,4.847907,411,Eye Hit,Center,914.405,887.5222,47.83624,NorthWalkingSignal
1742692446171,4.890236,412,Eye Hit,Left,916.451,890.9747,47.78194,NorthWalkingSignal
1742692446171,4.890236,412,Eye Hit,Right,915.4117,890.9747,47.78194,NorthWalkingSignal
1742692446171,4.890236,412,Eye Hit,Center,915.9314,890.9747,47.78194,NorthWalkingSignal
1742692446213,4.929173,413,Eye Hit,Left,916.6293,886.7231,47.81408,NorthWalkingSignal
1742692446213,4.929173,413,Eye Hit,Right,915.5909,886.7231,47.81408,NorthWalkingSignal
1742692446213,4.929173,413,Eye Hit,Center,916.1101,886.7231,47.81408,NorthWalkingSignal
1742692446241,4.970726,414,Eye Hit,Left,918.2415,884.9727,47.80082,NorthWalkingSignal
1742692446241,4.970726,414,Eye Hit,Right,917.2028,884.9727,47.80082,NorthWalkingSignal
1742692446241,4.970726,414,Eye Hit,Center,917.7222,884.9727,47.80082,NorthWalkingSignal
1742692446281,4.998905,415,Eye Hit,Left,921.4504,890.3209,47.70258,NorthWalkingSignal
1742692446281,4.998905,415,Eye Hit,Right,920.4096,890.3209,47.70258,NorthWalkingSignal
1742692446281,4.998905,415,Eye Hit,Center,920.9302,890.3209,47.70257,NorthWalkingSignal
1742692446310,5.040383,416,Eye Hit,Left,921.6444,894.8415,47.66059,NorthWalkingSignal
1742692446310,5.040383,416,Eye Hit,Right,920.6026,894.8415,47.66059,NorthWalkingSignal
1742692446310,5.040383,416,Eye Hit,Center,921.1236,894.8415,47.66059,NorthWalkingSignal
1742692446337,5.068386,417,Eye Hit,Left,922.2056,894.9587,47.64993,NorthWalkingSignal
1742692446337,5.068386,417,Eye Hit,Right,921.1635,894.9587,47.64993,NorthWalkingSignal
1742692446337,5.068386,417,Eye Hit,Center,921.6845,894.9587,47.64994,NorthWalkingSignal
1742692446365,5.094051,418,Eye Hit,Left,921.3692,891.9744,47.68983,NorthWalkingSignal
1742692446365,5.094051,418,Eye Hit,Right,920.3281,891.9744,47.68983,NorthWalkingSignal
1742692446365,5.094051,418,Eye Hit,Center,920.8487,891.9744,47.68983,NorthWalkingSignal
1742692446391,5.122818,419,Eye Hit,Left,920.5263,892.3671,47.70067,NorthWalkingSignal
1742692446391,5.122818,419,Eye Hit,Right,919.4854,892.3671,47.70068,NorthWalkingSignal
1742692446391,5.122818,419,Eye Hit,Center,920.0059,892.3671,47.70067,NorthWalkingSignal
1742692446419,5.148551,420,Eye Hit,Left,917.6944,892.1793,47.75002,NorthWalkingSignal
1742692446419,5.148551,420,Eye Hit,Right,916.6546,892.1793,47.75002,NorthWalkingSignal
1742692446419,5.148551,420,Eye Hit,Center,917.1744,892.1793,47.75002,NorthWalkingSignal
1742692446449,5.178016,421,Eye Hit,Left,920.9997,889.858,47.71368,NorthWalkingSignal
1742692446449,5.178016,421,Eye Hit,Right,919.959,889.858,47.71368,NorthWalkingSignal
1742692446449,5.178016,421,Eye Hit,Center,920.4793,889.858,47.71367,NorthWalkingSignal
1742692446476,5.208629,422,Eye Hit,Left,915.3401,892.0759,47.79025,NorthWalkingSignal
1742692446476,5.208629,422,Eye Hit,Right,914.3012,892.0759,47.79025,NorthWalkingSignal
1742692446476,5.208629,422,Eye Hit,Center,914.8207,892.0759,47.79025,NorthWalkingSignal
1742692446504,5.23415,423,Eye Hit,Left,913.8724,891.8767,47.81631,NorthWalkingSignal
1742692446504,5.23415,423,Eye Hit,Right,912.8339,891.8767,47.81631,NorthWalkingSignal
1742692446504,5.23415,423,Eye Hit,Center,913.3532,891.8767,47.81632,NorthWalkingSignal
1742692446545,5.261927,424,Eye Hit,Left,911.559,891.3463,47.85892,NorthWalkingSignal
1742692446545,5.261927,424,Eye Hit,Right,910.5215,891.3463,47.85892,NorthWalkingSignal
1742692446545,5.261927,424,Eye Hit,Center,911.0402,891.3463,47.85892,NorthWalkingSignal
1742692446589,5.304182,425,,Left,888.6319,881.9801,48.29395,
1742692446589,5.304182,425,,Right,887.6038,881.9801,48.29394,
1742692446589,5.304182,425,,Center,888.1178,881.9801,48.29395,
1742692446620,5.349113,426,,Left,732.0939,862.9632,49.7302,
1742692446620,5.349113,426,,Right,731.0954,862.9632,49.7302,
1742692446620,5.349113,426,,Center,731.5948,862.9632,49.7302,
1742692446644,5.378869,427,Eye Hit,Left,622.9574,841.8898,49.40473,NW_Tree_10
1742692446644,5.378869,427,Eye Hit,Right,621.9523,841.8898,49.40474,NW_Tree_10
1742692446644,5.378869,427,Eye Hit,Center,622.455,841.8898,49.40473,NW_Tree_10
1742692446685,5.402962,428,Eye Hit,Left,599.137,841.7695,49.16105,NW_Tree_10
1742692446685,5.402962,428,Eye Hit,Right,598.127,841.7695,49.16105,NW_Tree_10
1742692446685,5.402962,428,Eye Hit,Center,598.6321,841.7695,49.16105,NW_Tree_10
1742692446727,5.445086,429,Eye Hit,Left,595.9081,837.0312,49.14498,NW_Tree_10
1742692446727,5.445086,429,Eye Hit,Right,594.8977,837.0312,49.14498,NW_Tree_10
1742692446727,5.445086,429,Eye Hit,Center,595.4028,837.0312,49.14498,NW_Tree_10
1742692446760,5.485746,430,Eye Hit,Left,595.3043,834.8583,49.14691,NW_Tree_10
1742692446760,5.485746,430,Eye Hit,Right,594.2939,834.8583,49.14691,NW_Tree_10
1742692446760,5.485746,430,Eye Hit,Center,594.7991,834.8583,49.1469,NW_Tree_10
1742692446783,5.518936,431,Eye Hit,Left,598.7283,834.4233,49.18806,NW_Tree_10
1742692446783,5.518936,431,Eye Hit,Right,597.7189,834.4233,49.18806,NW_Tree_10
1742692446783,5.518936,431,Eye Hit,Center,598.2236,834.4233,49.18806,NW_Tree_10
1742692446826,5.541672,432,Eye Hit,Left,600.9254,832.408,49.22058,NW_Tree_10
1742692446826,5.541672,432,Eye Hit,Right,599.9165,832.408,49.22059,NW_Tree_10
1742692446826,5.541672,432,Eye Hit,Center,600.421,832.408,49.22059,NW_Tree_10
1742692446869,5.58497,433,Eye Hit,Left,599.3535,831.9333,49.20492,NW_Tree_10
1742692446869,5.58497,433,Eye Hit,Right,598.3444,831.9333,49.20493,NW_Tree_10
1742692446869,5.58497,433,Eye Hit,Center,598.8489,831.9333,49.20492,NW_Tree_10
1742692446897,5.627967,434,Eye Hit,Left,598.8729,831.8605,49.19995,NW_Tree_10
1742692446897,5.627967,434,Eye Hit,Right,597.8637,831.8605,49.19995,NW_Tree_10
1742692446897,5.627967,434,Eye Hit,Center,598.3683,831.8605,49.19995,NW_Tree_10
1742692446934,5.654739,435,Eye Hit,Left,598.2601,833.4594,49.18703,NW_Tree_10
1742692446934,5.654739,435,Eye Hit,Right,597.2506,833.4594,49.18703,NW_Tree_10
1742692446934,5.654739,435,Eye Hit,Center,597.7554,833.4594,49.18703,NW_Tree_10
1742692446978,5.691957,436,Eye Hit,Left,601.1096,837.644,49.20219,NW_Tree_10
1742692446978,5.691957,436,Eye Hit,Right,600.1005,837.644,49.20219,NW_Tree_10
1742692446978,5.691957,436,Eye Hit,Center,600.605,837.644,49.20219,NW_Tree_10
1742692447006,5.736754,437,Eye Hit,Left,607.5156,838.1423,49.26951,NW_Tree_10
1742692447006,5.736754,437,Eye Hit,Right,606.5078,838.1423,49.26951,NW_Tree_10
1742692447006,5.736754,437,Eye Hit,Center,607.0117,838.1423,49.26951,NW_Tree_10
1742692447047,5.762844,438,Eye Hit,Left,623.194,831.4269,49.45085,NW_Tree_10
1742692447047,5.762844,438,Eye Hit,Right,622.1898,831.4269,49.45085,NW_Tree_10
1742692447047,5.762844,438,Eye Hit,Center,622.6919,831.4269,49.45085,NW_Tree_10
1742692447079,5.806817,439,Eye Hit,Left,519.363,822.9271,48.07055,NW_Tree_10
1742692447079,5.806817,439,Eye Hit,Right,518.3301,822.9271,48.07055,NW_Tree_10
1742692447079,5.806817,439,Eye Hit,Center,518.8465,822.9271,48.07055,NW_Tree_10
1742692447118,5.844305,440,Eye Hit,Left,562.631,716.9994,48.54667,NorthSidewalk
1742692447118,5.844305,440,Eye Hit,Right,561.6083,716.9994,48.54668,NorthSidewalk
1742692447118,5.844305,440,Eye Hit,Center,562.1197,716.9994,48.54667,NorthSidewalk
1742692447157,5.880742,441,Eye Hit,Left,595.5886,736.6317,49.08424,NorthSidewalk
1742692447157,5.880742,441,Eye Hit,Right,594.577,736.6317,49.08424,NorthSidewalk
1742692447157,5.880742,441,Eye Hit,Center,595.0828,736.6317,49.08424,NorthSidewalk
1742692447188,5.915771,442,Eye Hit,Left,469.6591,837.061,47.06992,NW_Tree_30
1742692447188,5.915771,442,Eye Hit,Right,468.6042,837.061,47.06992,NW_Tree_30
1742692447188,5.915771,442,Eye Hit,Center,469.1317,837.061,47.06992,NW_Tree_30
1742692447235,5.951821,443,,Left,427.0644,836.5863,46.15091,
1742692447236,5.951821,443,,Right,425.9885,836.5863,46.15092,
1742692447236,5.951821,443,,Center,426.5265,836.5863,46.15092,
1742692447271,5.995139,444,,Left,395.9688,805.0477,45.49513,
1742692447271,5.995139,444,,Right,394.8774,805.0477,45.49513,
1742692447271,5.995139,444,,Center,395.4231,805.0478,45.49513,
1742692447309,6.029304,445,Eye Hit,Left,396.023,795.8708,45.50286,SportCar5-Detailed
1742692447309,6.029304,445,Eye Hit,Right,394.9318,795.8708,45.50287,SportCar5-Detailed
1742692447309,6.029304,445,Eye Hit,Center,395.4774,795.8708,45.50287,SportCar5-Detailed
1742692447351,6.06725,446,Eye Hit,Left,395.2998,796.2386,45.48999,SportCar5-Detailed
1742692447351,6.06725,446,Eye Hit,Right,394.2083,796.2386,45.48998,SportCar5-Detailed
1742692447351,6.06725,446,Eye Hit,Center,394.7542,796.2386,45.48998,SportCar5-Detailed
1742692447375,6.109203,447,Eye Hit,Left,405.4044,799.6431,45.73068,SportCar5-Detailed
1742692447375,6.109203,447,Eye Hit,Right,404.3186,799.6431,45.73068,SportCar5-Detailed
1742692447375,6.109203,447,Eye Hit,Center,404.8615,799.6431,45.73068,SportCar5-Detailed
1742692447418,6.13183,448,Eye Hit,Left,397.8467,799.4956,45.55298,SportCar5-Detailed
1742692447418,6.13183,448,Eye Hit,Right,396.7567,799.4956,45.55298,SportCar5-Detailed
1742692447418,6.13183,448,Eye Hit,Center,397.3017,799.4956,45.55298,SportCar5-Detailed
1742692447452,6.17749,449,Eye Hit,Left,390.1269,811.4572,45.35747,SportCar5-Detailed
1742692447452,6.17749,449,Eye Hit,Right,389.0322,811.4572,45.35747,SportCar5-Detailed
1742692447452,6.17749,449,Eye Hit,Center,389.5796,811.4572,45.35747,SportCar5-Detailed
1742692447481,6.211454,450,Eye Hit,Left,400.6915,814.248,45.60686,SportCar5-Detailed
1742692447481,6.211454,450,Eye Hit,Right,399.6027,814.248,45.60686,SportCar5-Detailed
1742692447481,6.211454,450,Eye Hit,Center,400.1471,814.248,45.60685,SportCar5-Detailed
1742692447525,6.248732,451,Eye Hit,Left,400.9861,808.5386,45.62344,SportCar5-Detailed
1742692447525,6.248732,451,Eye Hit,Right,399.8978,808.5386,45.62344,SportCar5-Detailed
1742692447525,6.248732,451,Eye Hit,Center,400.442,808.5386,45.62345,SportCar5-Detailed
1742692447568,6.284346,452,Eye Hit,Left,389.6946,809.4366,45.35264,SportCar5-Detailed
1742692447568,6.284346,452,Eye Hit,Right,388.5997,809.4366,45.35264,SportCar5-Detailed
1742692447568,6.284346,452,Eye Hit,Center,389.1472,809.4366,45.35264,SportCar5-Detailed
1742692447623,6.3429,453,Eye Hit,Left,368.8264,804.6951,44.84739,SportCar5-Detailed
1742692447623,6.3429,453,Eye Hit,Right,367.7193,804.6951,44.84739,SportCar5-Detailed
1742692447623,6.3429,453,Eye Hit,Center,368.2729,804.6951,44.84739,SportCar5-Detailed
1742692447653,6.382866,454,Eye Hit,Left,372.2332,809.4909,44.92667,SportCar5-Detailed
1742692447653,6.382866,454,Eye Hit,Right,371.128,809.4909,44.92668,SportCar5-Detailed
1742692447653,6.382866,454,Eye Hit,Center,371.6808,809.4909,44.92668,SportCar5-Detailed
1742692447699,6.419811,455,Eye Hit,Left,371.1758,809.2544,44.90045,SportCar5-Detailed
1742692447699,6.419811,455,Eye Hit,Right,370.0699,809.2544,44.90045,SportCar5-Detailed
1742692447699,6.419811,455,Eye Hit,Center,370.6229,809.2544,44.90044,SportCar5-Detailed
1742692447739,6.458245,456,Eye Hit,Left,371.062,803.9056,44.90288,SportCar5-Detailed
1742692447739,6.458245,456,Eye Hit,Right,369.9561,803.9056,44.90288,SportCar5-Detailed
1742692447739,6.458245,456,Eye Hit,Center,370.509,803.9056,44.90288,SportCar5-Detailed
1742692447779,6.506533,457,Eye Hit,Left,365.1635,810.3851,44.74935,SportCar5-Detailed
1742692447779,6.506533,457,Eye Hit,Right,364.054,810.3851,44.74934,SportCar5-Detailed
1742692447779,6.506533,457,Eye Hit,Center,364.6089,810.3851,44.74934,SportCar5-Detailed
1742692447821,6.539886,458,Eye Hit,Left,371.7786,819.6158,44.8983,SportCar5-Detailed
1742692447821,6.539886,458,Eye Hit,Right,370.6727,819.6158,44.8983,SportCar5-Detailed
1742692447821,6.539886,458,Eye Hit,Center,371.2258,819.6158,44.8983,SportCar5-Detailed
1742692447861,6.58056,459,Eye Hit,Left,344.454,840.5859,44.15937,SportCar5-Detailed
1742692447861,6.58056,459,Eye Hit,Right,343.3296,840.5859,44.15937,SportCar5-Detailed
1742692447861,6.58056,459,Eye Hit,Center,343.8918,840.5859,44.15937,SportCar5-Detailed
1742692447905,6.621335,460,Eye Hit,Left,335.3511,842.6239,43.92125,SportCar5-Detailed
1742692447905,6.621335,460,Eye Hit,Right,334.2206,842.6239,43.92124,SportCar5-Detailed
1742692447905,6.621335,460,Eye Hit,Center,334.7858,842.6239,43.92125,SportCar5-Detailed
1742692447947,6.663649,461,Eye Hit,Left,319.8343,845.3568,43.5146,SportCar5-Detailed
1742692447947,6.663649,461,Eye Hit,Right,318.6932,845.3568,43.5146,SportCar5-Detailed
1742692447947,6.663649,461,Eye Hit,Center,319.2638,845.3568,43.5146,SportCar5-Detailed
1742692447992,6.705446,462,Eye Hit,Left,323.5622,844.4401,43.61415,SportCar5-Detailed
1742692447992,6.705446,462,Eye Hit,Right,322.4238,844.4401,43.61415,SportCar5-Detailed
1742692447992,6.705446,462,Eye Hit,Center,322.993,844.4401,43.61415,SportCar5-Detailed
1742692448035,6.750911,463,Eye Hit,Left,326.4093,839.7216,43.70357,SportCar5-Detailed
1742692448035,6.750911,463,Eye Hit,Right,325.2731,839.7216,43.70356,SportCar5-Detailed
1742692448035,6.750911,463,Eye Hit,Center,325.8412,839.7216,43.70357,SportCar5-Detailed
1742692448074,6.793823,464,Eye Hit,Left,331.0443,831.1835,43.84777,SportCar5-Detailed
1742692448074,6.793823,464,Eye Hit,Right,329.9119,831.1834,43.84777,SportCar5-Detailed
1742692448074,6.793823,464,Eye Hit,Center,330.4781,831.1835,43.84777,SportCar5-Detailed
1742692448104,6.833415,465,Eye Hit,Left,335.2084,841.7479,43.9225,SportCar5-Detailed
1742692448104,6.833415,465,Eye Hit,Right,334.078,841.7479,43.92249,SportCar5-Detailed
1742692448104,6.833415,465,Eye Hit,Center,334.6432,841.7479,43.9225,SportCar5-Detailed
1742692448144,6.861887,466,Eye Hit,Left,331.4846,838.1411,43.83913,SportCar5-Detailed
1742692448144,6.861887,466,Eye Hit,Right,330.352,838.1411,43.83913,SportCar5-Detailed
1742692448144,6.861887,466,Eye Hit,Center,330.9183,838.1411,43.83913,SportCar5-Detailed
1742692448174,6.902953,467,Eye Hit,Left,352.1249,853.4434,44.30651,SportCar5-Detailed
1742692448174,6.902953,467,Eye Hit,Right,351.0042,853.4434,44.30651,SportCar5-Detailed
1742692448174,6.902953,467,Eye Hit,Center,351.5646,853.4434,44.30651,SportCar5-Detailed
1742692448201,6.932155,468,Eye Hit,Left,361.7398,855.5085,44.53699,SportCar5-Detailed
1742692448201,6.932155,468,Eye Hit,Right,360.6249,855.5085,44.537,SportCar5-Detailed
1742692448201,6.932155,468,Eye Hit,Center,361.1824,855.5085,44.537,SportCar5-Detailed
1742692448229,6.958488,469,Eye Hit,Left,357.6231,855.0414,44.43716,SportCar5-Detailed
1742692448229,6.958488,469,Eye Hit,Right,356.5057,855.0414,44.43716,SportCar5-Detailed
1742692448229,6.958488,469,Eye Hit,Center,357.0644,855.0414,44.43716,SportCar5-Detailed
1742692448258,6.98671,470,Eye Hit,Left,376.8923,846.1906,44.94879,SportCar5-Detailed
1742692448258,6.98671,470,Eye Hit,Right,375.7877,846.1906,44.94879,SportCar5-Detailed
1742692448258,6.98671,470,Eye Hit,Center,376.34,846.1906,44.94879,SportCar5-Detailed
1742692448286,7.015943,471,Eye Hit,Left,393.4275,847.1276,45.34423,SportCar5-Detailed
1742692448286,7.015943,471,Eye Hit,Right,392.3325,847.1276,45.34423,SportCar5-Detailed
1742692448286,7.015943,471,Eye Hit,Center,392.88,847.1276,45.34423,SportCar5-Detailed
1742692448315,7.04426,472,Eye Hit,Left,432.413,855.5589,46.20613,SportCar5-Detailed
1742692448315,7.04426,472,Eye Hit,Right,431.3384,855.5589,46.20613,SportCar5-Detailed
1742692448315,7.04426,472,Eye Hit,Center,431.8757,855.5589,46.20613,SportCar5-Detailed
1742692448342,7.073816,473,Eye Hit,Left,612.1581,872.5499,49.1152,SportCar5-Detailed
1742692448342,7.073816,473,Eye Hit,Right,611.1472,872.5499,49.11519,SportCar5-Detailed
1742692448342,7.073816,473,Eye Hit,Center,611.6526,872.5499,49.1152,SportCar5-Detailed
1742692448371,7.099832,474,Eye Hit,Left,637.6424,872.5553,49.34198,SportCar5-Detailed
1742692448371,7.099832,474,Eye Hit,Right,636.6361,872.5553,49.34198,SportCar5-Detailed
1742692448371,7.099832,474,Eye Hit,Center,637.1393,872.5553,49.34198,SportCar5-Detailed
1742692448411,7.128675,475,Eye Hit,Left,658.2923,872.2782,49.48531,SportCar5-Detailed
1742692448411,7.128675,475,Eye Hit,Right,657.2889,872.2782,49.48531,SportCar5-Detailed
1742692448411,7.128675,475,Eye Hit,Center,657.7906,872.2782,49.48531,SportCar5-Detailed
1742692448457,7.169505,476,Eye Hit,Left,665.3325,870.0612,49.54031,SportCar5-Detailed
1742692448457,7.169505,476,Eye Hit,Right,664.3302,870.0612,49.54031,SportCar5-Detailed
1742692448457,7.169505,476,Eye Hit,Center,664.8313,870.0612,49.54031,SportCar5-Detailed
1742692448495,7.216293,477,,Left,675.4109,870.9052,49.58189,
1742692448495,7.216293,477,,Right,674.4094,870.9052,49.58189,
1742692448495,7.216293,477,,Center,674.9102,870.9052,49.58189,
1742692448533,7.253259,478,,Left,674.8259,867.7397,49.60241,
1742692448534,7.253259,478,,Right,673.8248,867.7397,49.60241,
1742692448534,7.253259,478,,Center,674.3253,867.7397,49.60241,
1742692448572,7.291361,479,Eye Hit,Left,670.4211,870.1082,49.56481,NW_Tree_10
1742692448572,7.291361,479,Eye Hit,Right,669.4193,870.1082,49.56481,NW_Tree_10
1742692448572,7.291361,479,Eye Hit,Center,669.9202,870.1082,49.56481,NW_Tree_10
1742692448613,7.331931,480,,Left,640.9435,874.2366,49.35237,
1742692448613,7.331931,480,,Right,639.9374,874.2366,49.35237,
1742692448613,7.331931,480,,Center,640.4404,874.2366,49.35237,
1742692448656,7.372365,481,,Left,627.4702,869.7446,49.27705,
1742692448656,7.372365,481,,Right,626.4626,869.7446,49.27705,
1742692448656,7.372365,481,,Center,626.9664,869.7446,49.27705,
1742692448700,7.416058,482,,Left,614.2683,866.7658,49.17544,
1742692448700,7.416058,482,,Right,613.2586,866.7658,49.17544,
1742692448700,7.416058,482,,Center,613.7634,866.7658,49.17544,
1742692448742,7.458669,483,,Left,597.5248,865.2175,49.00806,
1742692448742,7.458669,483,,Right,596.5117,865.2175,49.00806,
1742692448742,7.458669,483,,Center,597.0182,865.2175,49.00807,
1742692448784,7.501742,484,,Left,567.924,860.7698,48.66507,
1742692448784,7.501742,484,,Right,566.9036,860.7698,48.66507,
1742692448784,7.501742,484,,Center,567.4138,860.7698,48.66507,
1742692448827,7.543162,485,Eye Hit,Left,563.765,853.2267,48.65088,Car1-Detailed
1742692448828,7.543162,485,Eye Hit,Right,562.7444,853.2267,48.65088,Car1-Detailed
1742692448828,7.543162,485,Eye Hit,Center,563.2546,853.2267,48.65088,Car1-Detailed
1742692448869,7.586977,486,Eye Hit,Left,546.1708,849.7383,48.40872,Car1-Detailed
1742692448869,7.586977,486,Eye Hit,Right,545.1451,849.7383,48.40872,Car1-Detailed
1742692448869,7.586977,486,Eye Hit,Center,545.6581,849.7383,48.40873,Car1-Detailed
1742692448911,7.628349,487,Eye Hit,Left,529.1025,850.9166,48.12782,Car1-Detailed
1742692448911,7.628349,487,Eye Hit,Right,528.0708,850.9166,48.12782,Car1-Detailed
1742692448911,7.628349,487,Eye Hit,Center,528.5867,850.9166,48.12782,Car1-Detailed
1742692448953,7.67002,488,,Left,506.1382,854.4396,47.70869,
1742692448953,7.67002,488,,Right,505.0974,854.4396,47.70868,
1742692448953,7.67002,488,,Center,505.6178,854.4396,47.70868,
1742692448997,7.713113,489,,Left,501.9685,851.1384,47.64907,
1742692448997,7.713113,489,,Right,500.9265,851.1384,47.64906,
1742692448997,7.713113,489,,Center,501.4475,851.1384,47.64906,
1742692449041,7.756766,490,Eye Hit,Left,500.8609,846.666,47.64999,Car1-Detailed
1742692449041,7.756766,490,Eye Hit,Right,499.8189,846.666,47.64998,Car1-Detailed
1742692449041,7.756766,490,Eye Hit,Center,500.3399,846.666,47.64999,Car1-Detailed
1742692449081,7.801305,491,Eye Hit,Left,491.0565,848.0172,47.45822,Car1-Detailed
1742692449081,7.801305,491,Eye Hit,Right,490.0102,848.0172,47.45822,Car1-Detailed
1742692449081,7.801305,491,Eye Hit,Center,490.5334,848.0172,47.45822,Car1-Detailed
1742692449120,7.840103,492,,Left,477.2266,854.9228,47.15343,
1742692449120,7.840103,492,,Right,476.1736,854.9228,47.15343,
1742692449120,7.840103,492,,Center,476.7001,854.9228,47.15343,
1742692449160,7.878896,493,,Left,470.4781,864.8126,46.9626,
1742692449160,7.878896,493,,Right,469.4208,864.8126,46.9626,
1742692449160,7.878896,493,,Center,469.9494,864.8126,46.9626,
1742692449201,7.919446,494,,Left,464.1132,861.3398,46.85223,
1742692449201,7.919446,494,,Right,463.0534,861.3398,46.85223,
1742692449201,7.919446,494,,Center,463.5833,861.3398,46.85223,
1742692449243,7.959775,495,,Left,462.4415,860.0381,46.82476,
1742692449243,7.959775,495,,Right,461.381,860.0381,46.82476,
1742692449243,7.959775,495,,Center,461.9113,860.0381,46.82476,
1742692449272,8.003097,496,Eye Hit,Left,482.3986,817.8086,47.39283,Car1-Detailed
1742692449272,8.003097,496,Eye Hit,Right,481.3509,817.8086,47.39283,Car1-Detailed
1742692449272,8.003097,496,Eye Hit,Center,481.8748,817.8086,47.39284,Car1-Detailed
1742692449313,8.031407,497,Eye Hit,Left,482.6487,814.4327,47.40458,Car1-Detailed
1742692449313,8.031407,497,Eye Hit,Right,481.6013,814.4327,47.40458,Car1-Detailed
1742692449313,8.031407,497,Eye Hit,Center,482.1251,814.4327,47.40458,Car1-Detailed
1742692449341,8.073279,498,Eye Hit,Left,474.2985,824.5695,47.21416,Car1-Detailed
1742692449341,8.073279,498,Eye Hit,Right,473.2469,824.5695,47.21416,Car1-Detailed
1742692449341,8.073279,498,Eye Hit,Center,473.7727,824.5695,47.21416,Car1-Detailed
1742692449383,8.100096,499,Eye Hit,Left,473.7898,830.1671,47.18755,Car1-Detailed
1742692449383,8.100096,499,Eye Hit,Right,472.7376,830.1671,47.18755,Car1-Detailed
1742692449383,8.100096,499,Eye Hit,Center,473.2637,830.1671,47.18754,Car1-Detailed
1742692449426,8.144177,500,Eye Hit,Left,472.6507,830.5316,47.16336,Car1-Detailed
1742692449426,8.144177,500,Eye Hit,Right,471.5979,830.5316,47.16336,Car1-Detailed
1742692449426,8.144177,500,Eye Hit,Center,472.1243,830.5316,47.16335,Car1-Detailed
1742692449468,8.184647,501,Eye Hit,Left,462.8462,836.0616,46.94268,Car1-Detailed
1742692449468,8.184647,501,Eye Hit,Right,461.7884,836.0616,46.94268,Car1-Detailed
1742692449468,8.184647,501,Eye Hit,Center,462.3173,836.0616,46.94268,Car1-Detailed
1742692449502,8.226978,502,Eye Hit,Left,462.781,838.6245,46.932,Car1-Detailed
1742692449502,8.226978,502,Eye Hit,Right,461.7231,838.6245,46.932,Car1-Detailed
1742692449502,8.226978,502,Eye Hit,Center,462.2521,838.6245,46.932,Car1-Detailed
1742692449542,8.260656,503,Eye Hit,Left,463.9657,842.3556,46.94201,Car1-Detailed
1742692449542,8.260656,503,Eye Hit,Right,462.9079,842.3556,46.94201,Car1-Detailed
1742692449542,8.260656,503,Eye Hit,Center,463.4369,842.3556,46.942,Car1-Detailed
1742692449584,8.301037,504,Eye Hit,Left,454.66,845.2298,46.73478,Car1-Detailed
1742692449584,8.301037,504,Eye Hit,Right,453.5975,845.2298,46.73477,Car1-Detailed
1742692449584,8.301037,504,Eye Hit,Center,454.1287,845.2298,46.73477,Car1-Detailed
1742692449624,8.344641,505,,Left,456.4309,848.6581,46.75713,
1742692449624,8.344641,505,,Right,455.3689,848.6581,46.75713,
1742692449624,8.344641,505,,Center,455.8998,848.6581,46.75713,
1742692449665,8.382447,506,,Left,485.0887,847.6399,47.34529,
1742692449665,8.382447,506,,Right,484.0399,847.6399,47.34529,
1742692449665,8.382447,506,,Center,484.5643,847.6399,47.34529,
1742692449704,8.42466,507,Eye Hit,Left,674.5681,722.3848,49.64469,RoadWest
1742692449704,8.42466,507,Eye Hit,Right,673.5679,722.3848,49.64469,RoadWest
1742692449704,8.42466,507,Eye Hit,Center,674.068,722.3848,49.64469,RoadWest
1742692449746,8.461205,508,Eye Hit,Left,754.5123,695.337,49.47626,RoadWest
1742692449746,8.461205,508,Eye Hit,Right,753.5088,695.337,49.47626,RoadWest
1742692449746,8.461205,508,Eye Hit,Center,754.0105,695.337,49.47626,RoadWest
1742692449774,8.505578,509,Eye Hit,Left,549.5446,796.4774,48.61106,NorthSidewalk
1742692449774,8.505578,509,Eye Hit,Right,548.5232,796.4774,48.61106,NorthSidewalk
1742692449774,8.505578,509,Eye Hit,Center,549.034,796.4774,48.61106,NorthSidewalk
1742692449814,8.532237,510,Eye Hit,Left,470.9707,874.9655,46.91056,NW_Tree_30
1742692449814,8.532237,510,Eye Hit,Right,469.9122,874.9655,46.91055,NW_Tree_30
1742692449814,8.532237,510,Eye Hit,Center,470.4415,874.9655,46.91055,NW_Tree_30
1742692449847,8.574214,511,,Left,463.409,874.7704,46.75797,
1742692449847,8.574214,511,,Right,462.3471,874.7704,46.75797,
1742692449847,8.574214,511,,Center,462.8781,874.7704,46.75797,
1742692449887,8.606964,512,,Left,454.9829,866.8217,46.63258,
1742692449887,8.606964,512,,Right,453.9181,866.8217,46.63257,
1742692449887,8.606964,512,,Center,454.4505,866.8217,46.63257,
1742692449932,8.646165,513,,Left,455.1394,865.4758,46.64392,
1742692449932,8.646165,513,,Right,454.0749,865.4758,46.64392,
1742692449932,8.646165,513,,Center,454.6071,865.4758,46.64392,
1742692449971,8.69059,514,,Left,456.6082,865.8788,46.6726,
1742692449971,8.69059,514,,Right,455.5444,865.8788,46.6726,
1742692449971,8.69059,514,,Center,456.0762,865.8788,46.6726,
1742692450009,8.729868,515,,Left,455.6998,866.366,46.6507,
1742692450009,8.729868,515,,Right,454.6354,866.366,46.65069,
1742692450009,8.729868,515,,Center,455.1676,866.366,46.6507,
1742692450051,8.766714,516,,Left,455.3318,865.8965,46.64562,
1742692450051,8.766714,516,,Right,454.2673,865.8965,46.64562,
1742692450051,8.766714,516,,Center,454.7996,865.8965,46.64562,
1742692450079,8.810681,517,,Left,453.7638,862.0109,46.6347,
1742692450079,8.810681,517,,Right,452.699,862.0109,46.6347,
1742692450079,8.810681,517,,Center,453.2314,862.0109,46.6347,
1742692450124,8.837701,518,,Left,450.9736,862.4583,46.57286,
1742692450124,8.837701,518,,Right,449.9074,862.4583,46.57286,
1742692450124,8.837701,518,,Center,450.4405,862.4584,46.57286,
1742692450165,8.884116,519,,Left,450.3818,863.9044,46.55219,
1742692450166,8.884116,519,,Right,449.3152,863.9044,46.55219,
1742692450166,8.884116,519,,Center,449.8485,863.9044,46.55219,
1742692450202,8.924919,520,,Left,450.5105,861.5959,46.56774,
1742692450202,8.924919,520,,Right,449.4442,861.5959,46.56775,
1742692450202,8.924919,520,,Center,449.9774,861.5959,46.56774,
1742692450246,8.96103,521,,Left,447.2722,859.1554,46.51163,
1742692450246,8.96103,521,,Right,446.2047,859.1554,46.51163,
1742692450246,8.96103,521,,Center,446.7385,859.1554,46.51162,
1742692450290,9.00659,522,,Left,445.0468,856.2131,46.47902,
1742692450290,9.00659,522,,Right,443.9785,856.2131,46.47901,
1742692450290,9.00659,522,,Center,444.5125,856.2131,46.47901,
1742692450329,9.050655,523,,Left,443.1649,851.7287,46.46022,
1742692450329,9.050655,523,,Right,442.0961,851.7287,46.46023,
1742692450329,9.050655,523,,Center,442.6305,851.7287,46.46022,
1742692450371,9.087201,524,,Left,442.0124,847.26,46.4556,
1742692450371,9.087201,524,,Right,440.9435,847.26,46.4556,
1742692450371,9.087201,524,,Center,441.478,847.26,46.4556,
1742692450413,9.130044,525,,Left,438.31,854.9565,46.33944,
1742692450413,9.130044,525,,Right,437.2385,854.9565,46.33944,
1742692450413,9.130044,525,,Center,437.7743,854.9565,46.33944,
1742692450455,9.173458,526,,Left,479.091,874.5261,47.07832,
1742692450455,9.173458,526,,Right,478.0363,874.5261,47.07832,
1742692450455,9.173458,526,,Center,478.5636,874.5261,47.07832,
1742692450497,9.214758,527,,Left,616.2017,935.0344,48.52018,
1742692450497,9.214758,527,,Right,615.1783,935.0344,48.52018,
1742692450497,9.214758,527,,Center,615.6901,935.0344,48.52018,
1742692450538,9.255925,528,,Left,646.433,928.2543,48.85016,
1742692450538,9.255925,528,,Right,645.4166,928.2543,48.85015,
1742692450538,9.255925,528,,Center,645.9249,928.2543,48.85015,
1742692450582,9.298845,529,,Left,813.3812,871.7208,49.26772,
1742692450582,9.298845,529,,Right,812.3733,871.7208,49.26773,
1742692450582,9.298845,529,,Center,812.8772,871.7208,49.26772,
1742692450620,9.341474,530,,Left,774.3458,840.7764,49.72969,
1742692450620,9.341474,530,,Right,773.3474,840.7764,49.72969,
1742692450620,9.341474,530,,Center,773.8465,840.7764,49.72969,
1742692450664,9.379645,531,,Left,744.1982,849.0364,49.80042,
1742692450664,9.379645,531,,Right,743.2012,849.0364,49.80042,
1742692450664,9.379645,531,,Center,743.6996,849.0364,49.80042,
1742692450705,9.423046,532,,Left,704.1907,855.822,49.77538,
1742692450705,9.423046,532,,Right,703.1931,855.822,49.77538,
1742692450705,9.423046,532,,Center,703.6919,855.822,49.77538,
1742692450735,9.464392,533,,Left,645.5718,861.2941,49.48447,
1742692450735,9.464392,533,,Right,644.5684,861.2941,49.48447,
1742692450735,9.464392,533,,Center,645.0701,861.2941,49.48449,
1742692450775,9.493421,534,,Left,609.7224,869.5801,49.11706,
1742692450775,9.493421,534,,Right,608.7114,869.5801,49.11706,
1742692450775,9.493421,534,,Center,609.2169,869.5801,49.11706,
1742692450806,9.533605,535,,Left,651.5158,857.6296,49.54801,
1742692450806,9.533605,535,,Right,650.5136,857.6296,49.54801,
1742692450806,9.533605,535,,Center,651.0147,857.6296,49.54801,
1742692450834,9.564888,536,,Left,770.8469,816.8165,49.83038,
1742692450834,9.564888,536,,Right,769.8504,816.8165,49.83038,
1742692450834,9.564888,536,,Center,770.3486,816.8165,49.83038,
1742692450864,9.5925,537,,Left,808.6837,794.7148,49.60753,
1742692450864,9.5925,537,,Right,807.6828,794.7148,49.60752,
1742692450864,9.5925,537,,Center,808.1833,794.7148,49.60752,
1742692450891,9.621992,538,,Left,771.9355,797.3721,49.85391,
1742692450891,9.621992,538,,Right,770.9396,797.3721,49.85391,
1742692450891,9.621992,538,,Center,771.4376,797.3721,49.85391,
1742692450920,9.649852,539,,Left,743.0425,791.8923,49.9589,
1742692450920,9.649852,539,,Right,742.0487,791.8923,49.9589,
1742692450920,9.649852,539,,Center,742.5456,791.8923,49.95891,
1742692450948,9.678728,540,,Left,661.7509,796.9383,49.8151,
1742692450948,9.678728,540,,Right,660.754,796.9383,49.81511,
1742692450948,9.678728,540,,Center,661.2524,796.9383,49.81511,
1742692450977,9.706998,541,,Left,596.9269,800.2537,49.25068,
1742692450977,9.706998,541,,Right,595.9186,800.2537,49.25068,
1742692450977,9.706998,541,,Center,596.4228,800.2537,49.25068,
1742692451002,9.734616,542,,Left,625.3887,799.0777,49.54191,
1742692451002,9.734616,542,,Right,624.3865,799.0777,49.54192,
1742692451002,9.734616,542,,Center,624.8876,799.0777,49.54192,
1742692451031,9.760078,543,,Left,733.0374,840.238,49.85365,
1742692451031,9.760078,543,,Right,732.0414,840.238,49.85365,
1742692451031,9.760078,543,,Center,732.5394,840.238,49.85365,
1742692451061,9.788786,544,,Left,657.2224,845.558,49.64254,
1742692451061,9.788786,544,,Right,656.2221,845.558,49.64254,
1742692451061,9.788786,544,,Center,656.7222,845.558,49.64253,
1742692451090,9.819054,545,,Left,713.3962,854.9706,49.77689,
1742692451090,9.819054,545,,Right,712.3987,854.9706,49.77689,
1742692451090,9.819054,545,,Center,712.8975,854.9706,49.77689,
1742692451117,9.848703,546,,Left,750.2284,845.6573,49.78764,
1742692451117,9.848703,546,,Right,749.2311,845.6573,49.78764,
1742692451117,9.848703,546,,Center,749.7298,845.6573,49.78764,
1742692451144,9.882236,547,Eye Hit,Left,801.0378,818.827,49.6213,NE_Tree_10
1742692451144,9.882236,547,Eye Hit,Right,800.0371,818.827,49.6213,NE_Tree_10
1742692451144,9.882236,547,Eye Hit,Center,800.5375,818.827,49.6213,NE_Tree_10
1742692451172,9.90264,548,,Left,844.9805,812.3452,49.21064,
1742692451172,9.90264,548,,Right,843.9716,812.3452,49.21064,
1742692451172,9.90264,548,,Center,844.476,812.3452,49.21063,
1742692451199,9.930687,549,,Left,864.8187,807.1963,48.97329,
1742692451199,9.930687,549,,Right,863.8049,807.1963,48.97329,
1742692451199,9.930687,549,,Center,864.3118,807.1963,48.97328,
1742692451226,9.957315,550,,Left,835.6072,811.3874,49.31667,
1742692451226,9.957315,550,,Right,834.6003,811.3874,49.31667,
1742692451226,9.957315,550,,Center,835.1038,811.3874,49.31667,
1742692451255,9.985018,551,,Left,802.1754,818.1389,49.61663,
1742692451255,9.985018,551,,Right,801.1746,818.1389,49.61662,
1742692451255,9.985018,551,,Center,801.6749,818.1389,49.61663,
1742692451293,10.01401,552,,Left,762.9768,822.4382,49.84122,
1742692451293,10.01401,552,,Right,761.9806,822.4382,49.84122,
1742692451293,10.01401,552,,Center,762.4786,822.4382,49.84122,
1742692451333,10.0503,553,,Left,732.6954,835.9754,49.87457,
1742692451333,10.0503,553,,Right,731.6998,835.9754,49.87457,
1742692451333,10.0503,553,,Center,732.1976,835.9754,49.87457,
1742692451377,10.09076,554,,Left,762.5049,833.0025,49.80907,
1742692451377,10.09076,554,,Right,761.5081,833.0025,49.80907,
1742692451377,10.09076,554,,Center,762.0065,833.0025,49.80907,
1742692451407,10.13432,555,Eye Hit,Left,1000.068,817.5156,46.52349,SouthWalkingPole
1742692451407,10.13432,555,Eye Hit,Right,999.0005,817.5156,46.52349,SouthWalkingPole
1742692451407,10.13432,555,Eye Hit,Center,999.5342,817.5156,46.52349,SouthWalkingPole
1742692451438,10.16373,556,,Left,1024.819,814.3454,45.97163,
1742692451438,10.16373,556,,Right,1023.739,814.3454,45.97164,
1742692451438,10.16373,556,,Center,1024.279,814.3454,45.97164,
1742692451469,10.19452,557,,Left,1023.893,813.3595,45.99546,
1742692451469,10.19452,557,,Right,1022.813,813.3595,45.99546,
1742692451469,10.19452,557,,Center,1023.353,813.3595,45.99546,
1742692451499,10.22612,558,Eye Hit,Left,1017.994,810.5555,46.1357,SouthWalkingPole
1742692451499,10.22612,558,Eye Hit,Right,1016.918,810.5555,46.1357,SouthWalkingPole
1742692451499,10.22612,558,Eye Hit,Center,1017.456,810.5555,46.1357,SouthWalkingPole
1742692451528,10.25566,559,Eye Hit,Left,1019.081,809.4833,46.11268,SouthWalkingPole
1742692451528,10.25566,559,Eye Hit,Right,1018.004,809.4833,46.11267,SouthWalkingPole
1742692451528,10.25566,559,Eye Hit,Center,1018.542,809.4833,46.11267,SouthWalkingPole
1742692451557,10.28475,560,Eye Hit,Left,1022.275,814.4421,46.03236,SouthWalkingPole
1742692451557,10.28475,560,Eye Hit,Right,1021.196,814.4421,46.03236,SouthWalkingPole
1742692451557,10.28475,560,Eye Hit,Center,1021.736,814.4421,46.03236,SouthWalkingPole
1742692451584,10.31381,561,Eye Hit,Left,1024.67,813.5428,45.9788,SouthWalkingPole
1742692451584,10.31381,561,Eye Hit,Right,1023.591,813.5428,45.9788,SouthWalkingPole
1742692451584,10.31381,561,Eye Hit,Center,1024.13,813.5428,45.9788,SouthWalkingPole
1742692451612,10.3414,562,Eye Hit,Left,1026.828,813.4038,45.92917,SouthWalkingPole
1742692451612,10.3414,562,Eye Hit,Right,1025.746,813.4038,45.92918,SouthWalkingPole
1742692451612,10.3414,562,Eye Hit,Center,1026.287,813.4038,45.92918,SouthWalkingPole
1742692451637,10.3689,563,Eye Hit,Left,1028.782,813.3214,45.88386,SouthWalkingPole
1742692451637,10.3689,563,Eye Hit,Right,1027.7,813.3214,45.88387,SouthWalkingPole
1742692451637,10.3689,563,Eye Hit,Center,1028.241,813.3214,45.88387,SouthWalkingPole
1742692451656,10.39439,564,,Left,1031.656,814.5237,45.81464,
1742692451656,10.39439,564,,Right,1030.573,814.5237,45.81464,
1742692451656,10.39439,564,,Center,1031.115,814.5237,45.81464,
1742692451679,10.41286,565,,Left,1032.816,814.2692,45.78791,
1742692451679,10.41286,565,,Right,1031.731,814.2692,45.7879,
1742692451679,10.41286,565,,Center,1032.274,814.2692,45.7879,
1742692451698,10.43664,566,,Left,1032.384,815.7531,45.79529,
1742692451698,10.43664,566,,Right,1031.3,815.7531,45.79529,
1742692451698,10.43664,566,,Center,1031.842,815.7531,45.79529,
1742692451721,10.45418,567,,Left,1029.768,817.496,45.85317,
1742692451721,10.45418,567,,Right,1028.685,817.496,45.85317,
1742692451721,10.45418,567,,Center,1029.226,817.496,45.85317,
1742692451739,10.47773,568,Eye Hit,Left,1024.545,817.6465,45.97385,SouthWalkingPole
1742692451739,10.47773,568,Eye Hit,Right,1023.465,817.6465,45.97385,SouthWalkingPole
1742692451739,10.47773,568,Eye Hit,Center,1024.005,817.6465,45.97385,SouthWalkingPole
1742692451763,10.49459,569,Eye Hit,Left,1017.191,817.0502,46.14343,SouthWalkingPole
1742692451763,10.49459,569,Eye Hit,Right,1016.115,817.0502,46.14343,SouthWalkingPole
1742692451763,10.49459,569,Eye Hit,Center,1016.653,817.0502,46.14343,SouthWalkingPole
1742692451781,10.51957,570,Eye Hit,Left,1013.954,818.2377,46.21447,SouthWalkingPole
1742692451781,10.51957,570,Eye Hit,Right,1012.88,818.2377,46.21447,SouthWalkingPole
1742692451781,10.51957,570,Eye Hit,Center,1013.417,818.2376,46.21448,SouthWalkingPole
1742692451806,10.53756,571,Eye Hit,Left,1008.489,823.0772,46.32654,SouthWalkingPole
1742692451806,10.53756,571,Eye Hit,Right,1007.417,823.0772,46.32653,SouthWalkingPole
1742692451806,10.53756,571,Eye Hit,Center,1007.953,823.0772,46.32654,SouthWalkingPole
1742692451822,10.56238,572,,Left,1008.332,823.1949,46.32965,
1742692451822,10.56238,572,,Right,1007.26,823.1949,46.32965,
1742692451822,10.56238,572,,Center,1007.796,823.1949,46.32965,
1742692451864,10.60357,574,,Left,1001.84,824.1018,46.47151,
1742692451864,10.60357,574,,Right,1000.771,824.1018,46.47151,
1742692451864,10.60357,574,,Center,1001.306,824.1018,46.47151,
1742692451890,10.62035,575,,Left,995.1511,825.778,46.61346,
1742692451890,10.62035,575,,Right,994.0858,825.778,46.61346,
1742692451890,10.62035,575,,Center,994.6184,825.778,46.61346,
1742692451905,10.64639,576,Eye Hit,Left,996.1119,825.1537,46.59443,MicroBus1-Detailed
1742692451906,10.64639,576,Eye Hit,Right,995.0463,825.1537,46.59443,MicroBus1-Detailed
1742692451906,10.64639,576,Eye Hit,Center,995.5791,825.1537,46.59443,MicroBus1-Detailed
1742692451948,10.68645,578,Eye Hit,Left,989.9955,831.5707,46.70831,MicroBus1-Detailed
1742692451948,10.68645,578,Eye Hit,Right,988.9325,831.5707,46.70831,MicroBus1-Detailed
1742692451948,10.68645,578,Eye Hit,Center,989.4641,831.5707,46.70831,MicroBus1-Detailed
1742692451972,10.7038,579,Eye Hit,Left,991.5383,830.4338,46.67869,MicroBus1-Detailed
1742692451972,10.7038,579,Eye Hit,Right,990.4745,830.4338,46.6787,MicroBus1-Detailed
1742692451972,10.7038,579,Eye Hit,Center,991.0063,830.4338,46.67869,MicroBus1-Detailed
1742692451994,10.72801,580,Eye Hit,Left,996.1073,830.1469,46.5807,MicroBus1-Detailed
1742692451994,10.72801,580,Eye Hit,Right,995.0413,830.1469,46.5807,MicroBus1-Detailed
1742692451994,10.72801,580,Eye Hit,Center,995.5743,830.1469,46.5807,MicroBus1-Detailed
1742692452013,10.75044,581,Eye Hit,Left,992.1757,831.7639,46.66061,MicroBus1-Detailed
1742692452013,10.75044,581,Eye Hit,Right,991.1116,831.7639,46.66061,MicroBus1-Detailed
1742692452013,10.75044,581,Eye Hit,Center,991.6437,831.7639,46.66061,MicroBus1-Detailed
1742692452031,10.76882,582,Eye Hit,Left,995.6372,820.7118,46.61582,MicroBus1-Detailed
1742692452031,10.76882,582,Eye Hit,Right,994.572,820.7118,46.61582,MicroBus1-Detailed
1742692452031,10.76882,582,Eye Hit,Center,995.1046,820.7118,46.61582,MicroBus1-Detailed
1742692452055,10.78673,583,Eye Hit,Left,988.1059,821.5203,46.77612,MicroBus1-Detailed
1742692452055,10.78673,583,Eye Hit,Right,987.0443,821.5203,46.77612,MicroBus1-Detailed
1742692452055,10.78673,583,Eye Hit,Center,987.5751,821.5203,46.77612,MicroBus1-Detailed
1742692452074,10.81164,584,Eye Hit,Left,984.6578,827.8384,46.83324,MicroBus1-Detailed
1742692452074,10.81164,584,Eye Hit,Right,983.5975,827.8384,46.83324,MicroBus1-Detailed
1742692452074,10.81164,584,Eye Hit,Center,984.1276,827.8384,46.83324,MicroBus1-Detailed
1742692452097,10.83017,585,Eye Hit,Left,981.8993,822.8869,46.90484,MicroBus1-Detailed
1742692452097,10.83017,585,Eye Hit,Right,980.8408,822.8869,46.90484,MicroBus1-Detailed
1742692452097,10.83017,585,Eye Hit,Center,981.3701,822.8869,46.90484,MicroBus1-Detailed
1742692452115,10.85388,586,Eye Hit,Left,979.2499,824.6807,46.95567,MicroBus1-Detailed
1742692452115,10.85388,586,Eye Hit,Right,978.1924,824.6807,46.95567,MicroBus1-Detailed
1742692452115,10.85388,586,Eye Hit,Center,978.7212,824.6807,46.95567,MicroBus1-Detailed
1742692452139,10.87182,587,Eye Hit,Left,977.7655,829.352,46.97346,MicroBus1-Detailed
1742692452139,10.87182,587,Eye Hit,Right,976.7084,829.352,46.97346,MicroBus1-Detailed
1742692452139,10.87182,587,Eye Hit,Center,977.2368,829.352,46.97346,MicroBus1-Detailed
1742692452156,10.89532,588,Eye Hit,Left,968.1029,827.6002,47.17806,MicroBus1-Detailed
1742692452156,10.89532,588,Eye Hit,Right,967.0504,827.6002,47.17806,MicroBus1-Detailed
1742692452156,10.89532,588,Eye Hit,Center,967.5765,827.6002,47.17806,MicroBus1-Detailed
1742692452181,10.91335,589,Eye Hit,Left,966.7706,828.3295,47.20245,MicroBus1-Detailed
1742692452181,10.91335,589,Eye Hit,Right,965.7187,828.3295,47.20245,MicroBus1-Detailed
1742692452181,10.91335,589,Eye Hit,Center,966.2448,828.3295,47.20245,MicroBus1-Detailed
1742692452199,10.93795,590,Eye Hit,Left,972.7977,832.9708,47.06503,MicroBus1-Detailed
1742692452199,10.93795,590,Eye Hit,Right,971.7426,832.9708,47.06504,MicroBus1-Detailed
1742692452199,10.93795,590,Eye Hit,Center,972.2701,832.9708,47.06504,MicroBus1-Detailed
1742692452222,10.95551,591,Eye Hit,Left,971.8166,833.9514,47.08138,MicroBus1-Detailed
1742692452222,10.95551,591,Eye Hit,Right,970.762,833.9514,47.08138,MicroBus1-Detailed
1742692452222,10.95551,591,Eye Hit,Center,971.2894,833.9514,47.08138,MicroBus1-Detailed
1742692452242,10.97792,592,Eye Hit,Left,968.0877,833.776,47.15868,MicroBus1-Detailed
1742692452242,10.97792,592,Eye Hit,Right,967.0348,833.776,47.15868,MicroBus1-Detailed
1742692452242,10.97792,592,Eye Hit,Center,967.5612,833.776,47.15868,MicroBus1-Detailed
1742692452259,10.99751,593,Eye Hit,Left,971.3421,831.0983,47.10155,MicroBus1-Detailed
1742692452259,10.99751,593,Eye Hit,Right,970.288,831.0983,47.10155,MicroBus1-Detailed
1742692452259,10.99751,593,Eye Hit,Center,970.8151,831.0983,47.10155,MicroBus1-Detailed
1742692452280,11.01525,594,Eye Hit,Left,972.0681,831.9244,47.08363,MicroBus1-Detailed
1742692452280,11.01525,594,Eye Hit,Right,971.0135,831.9244,47.08362,MicroBus1-Detailed
1742692452280,11.01525,594,Eye Hit,Center,971.5408,831.9244,47.08362,MicroBus1-Detailed
1742692452298,11.0357,595,Eye Hit,Left,973.1194,828.8412,47.07207,MicroBus1-Detailed
1742692452298,11.0357,595,Eye Hit,Right,972.0646,828.8412,47.07207,MicroBus1-Detailed
1742692452298,11.0357,595,Eye Hit,Center,972.592,828.8412,47.07207,MicroBus1-Detailed
1742692452321,11.05435,596,Eye Hit,Left,973.8168,829.1172,47.05656,MicroBus1-Detailed
1742692452321,11.05435,596,Eye Hit,Right,972.7616,829.1172,47.05656,MicroBus1-Detailed
1742692452321,11.05435,596,Eye Hit,Center,973.2893,829.1172,47.05656,MicroBus1-Detailed
1742692452340,11.07705,597,Eye Hit,Left,969.857,827.8709,47.14201,MicroBus1-Detailed
1742692452340,11.07705,597,Eye Hit,Right,968.8037,827.871,47.14201,MicroBus1-Detailed
1742692452340,11.07705,597,Eye Hit,Center,969.3303,827.8709,47.14201,MicroBus1-Detailed
1742692452363,11.09519,598,Eye Hit,Left,969.7916,833.2448,47.12659,MicroBus1-Detailed
1742692452363,11.09519,598,Eye Hit,Right,968.7379,833.2448,47.12659,MicroBus1-Detailed
1742692452363,11.09519,598,Eye Hit,Center,969.2646,833.2448,47.12659,MicroBus1-Detailed
1742692452381,11.1195,599,Eye Hit,Left,970.1481,833.3944,47.11871,MicroBus1-Detailed
1742692452381,11.1195,599,Eye Hit,Right,969.0943,833.3944,47.11871,MicroBus1-Detailed
1742692452381,11.1195,599,Eye Hit,Center,969.6212,833.3945,47.11871,MicroBus1-Detailed
1742692452404,11.13674,600,Eye Hit,Left,970.9881,832.3708,47.10512,MicroBus1-Detailed
1742692452404,11.13674,600,Eye Hit,Right,969.934,832.3708,47.10512,MicroBus1-Detailed
1742692452404,11.13674,600,Eye Hit,Center,970.4611,832.3708,47.10512,MicroBus1-Detailed
1742692452423,11.15993,601,Eye Hit,Left,971.2115,830.9514,47.10542,MicroBus1-Detailed
1742692452423,11.15993,601,Eye Hit,Right,970.1575,830.9514,47.10542,MicroBus1-Detailed
1742692452423,11.15993,601,Eye Hit,Center,970.6845,830.9514,47.10543,MicroBus1-Detailed
1742692452447,11.17899,602,Eye Hit,Left,972.1749,831.3954,47.08414,MicroBus1-Detailed
1742692452447,11.17899,602,Eye Hit,Right,971.1204,831.3954,47.08414,MicroBus1-Detailed
1742692452447,11.17899,602,Eye Hit,Center,971.6477,831.3954,47.08414,MicroBus1-Detailed
1742692452466,11.20459,603,Eye Hit,Left,972.5151,825.7214,47.09436,MicroBus1-Detailed
1742692452466,11.20459,603,Eye Hit,Right,971.4606,825.7214,47.09436,MicroBus1-Detailed
1742692452466,11.20459,603,Eye Hit,Center,971.9879,825.7214,47.09436,MicroBus1-Detailed
1742692452488,11.22262,604,Eye Hit,Left,974.8699,825.714,47.04565,MicroBus1-Detailed
1742692452488,11.22262,604,Eye Hit,Right,973.8145,825.714,47.04566,MicroBus1-Detailed
1742692452488,11.22262,604,Eye Hit,Center,974.3421,825.7141,47.04566,MicroBus1-Detailed
1742692452504,11.24436,605,Eye Hit,Left,973.739,830.3438,47.05563,MicroBus1-Detailed
1742692452504,11.24436,605,Eye Hit,Right,972.6838,830.3438,47.05563,MicroBus1-Detailed
1742692452504,11.24436,605,Eye Hit,Center,973.2114,830.3438,47.05563,MicroBus1-Detailed
1742692452546,11.28504,607,Eye Hit,Left,973.5851,829.3315,47.06198,MicroBus1-Detailed
1742692452546,11.28504,607,Eye Hit,Right,972.53,829.3315,47.06199,MicroBus1-Detailed
1742692452546,11.28504,607,Eye Hit,Center,973.0574,829.3315,47.06198,MicroBus1-Detailed
1742692452570,11.30217,608,Eye Hit,Left,971.0363,828.8021,47.11597,MicroBus1-Detailed
1742692452570,11.30217,608,Eye Hit,Right,969.9824,828.8021,47.11597,MicroBus1-Detailed
1742692452570,11.30217,608,Eye Hit,Center,970.5094,828.8021,47.11597,MicroBus1-Detailed
1742692452589,11.32628,609,Eye Hit,Left,968.3181,829.2269,47.17019,MicroBus1-Detailed
1742692452589,11.32628,609,Eye Hit,Right,967.2653,829.2269,47.17019,MicroBus1-Detailed
1742692452589,11.32628,609,Eye Hit,Center,967.7917,829.2269,47.1702,MicroBus1-Detailed
1742692452612,11.34513,610,Eye Hit,Left,968.2366,829.152,47.17188,MicroBus1-Detailed
1742692452612,11.34513,610,Eye Hit,Right,967.184,829.152,47.17188,MicroBus1-Detailed
1742692452612,11.34513,610,Eye Hit,Center,967.7102,829.152,47.17188,MicroBus1-Detailed
1742692452631,11.36833,611,Eye Hit,Left,966.9456,826.5402,47.20589,MicroBus1-Detailed
1742692452631,11.36833,611,Eye Hit,Right,965.8937,826.5402,47.20589,MicroBus1-Detailed
1742692452631,11.36833,611,Eye Hit,Center,966.4196,826.5402,47.20589,MicroBus1-Detailed
1742692452654,11.38737,612,Eye Hit,Left,966.7857,826.9847,47.20768,MicroBus1-Detailed
1742692452654,11.38737,612,Eye Hit,Right,965.7339,826.9847,47.20768,MicroBus1-Detailed
1742692452654,11.38737,612,Eye Hit,Center,966.2598,826.9847,47.20769,MicroBus1-Detailed
1742692452672,11.41085,613,Eye Hit,Left,972.9638,833.1816,47.06223,MicroBus1-Detailed
1742692452672,11.41085,613,Eye Hit,Right,971.9088,833.1816,47.06223,MicroBus1-Detailed
1742692452672,11.41085,613,Eye Hit,Center,972.4361,833.1816,47.06224,MicroBus1-Detailed
1742692452696,11.42876,614,Eye Hit,Left,977.3026,828.2338,46.98793,MicroBus1-Detailed
1742692452696,11.42876,614,Eye Hit,Right,976.2458,828.2338,46.98794,MicroBus1-Detailed
1742692452696,11.42876,614,Eye Hit,Center,976.7742,828.2338,46.98793,MicroBus1-Detailed
1742692452713,11.4522,615,Eye Hit,Left,976.9765,828.6794,46.99334,MicroBus1-Detailed
1742692452713,11.4522,615,Eye Hit,Right,975.9198,828.6794,46.99334,MicroBus1-Detailed
1742692452713,11.4522,615,Eye Hit,Center,976.4482,828.6794,46.99334,MicroBus1-Detailed
1742692452752,11.48565,617,Eye Hit,Left,977.0659,834.1262,46.97403,MicroBus1-Detailed
1742692452752,11.48565,617,Eye Hit,Right,976.0089,834.1262,46.97402,MicroBus1-Detailed
1742692452752,11.48565,617,Eye Hit,Center,976.5374,834.1262,46.97402,MicroBus1-Detailed
1742692452768,11.5085,618,Eye Hit,Left,976.812,829.8387,46.99339,MicroBus1-Detailed
1742692452768,11.5085,618,Eye Hit,Right,975.7553,829.8387,46.99339,MicroBus1-Detailed
1742692452768,11.5085,618,Eye Hit,Center,976.2836,829.8387,46.99339,MicroBus1-Detailed
1742692452807,11.54188,620,Eye Hit,Left,978.5165,830.2595,46.95656,MicroBus1-Detailed
1742692452807,11.54188,620,Eye Hit,Right,977.459,830.2595,46.95656,MicroBus1-Detailed
1742692452807,11.54188,620,Eye Hit,Center,977.9877,830.2595,46.95655,MicroBus1-Detailed
1742692452824,11.56263,621,Eye Hit,Left,979.1808,829.2724,46.9458,MicroBus1-Detailed
1742692452824,11.56263,621,Eye Hit,Right,978.1232,829.2724,46.9458,MicroBus1-Detailed
1742692452824,11.56263,621,Eye Hit,Center,978.6519,829.2724,46.9458,MicroBus1-Detailed
1742692452841,11.57999,622,Eye Hit,Left,979.2261,829.3607,46.94458,MicroBus1-Detailed
1742692452841,11.57999,622,Eye Hit,Right,978.1684,829.3607,46.94458,MicroBus1-Detailed
1742692452841,11.57999,622,Eye Hit,Center,978.6973,829.3607,46.94459,MicroBus1-Detailed
1742692452866,11.60113,623,Eye Hit,Left,977.888,827.7997,46.97734,MicroBus1-Detailed
1742692452866,11.60113,623,Eye Hit,Right,976.831,827.7997,46.97734,MicroBus1-Detailed
1742692452866,11.60113,623,Eye Hit,Center,977.3596,827.7997,46.97734,MicroBus1-Detailed
1742692452882,11.6219,624,Eye Hit,Left,978.1874,827.431,46.97217,MicroBus1-Detailed
1742692452882,11.6219,624,Eye Hit,Right,977.1304,827.431,46.97217,MicroBus1-Detailed
1742692452882,11.6219,624,Eye Hit,Center,977.6588,827.431,46.97217,MicroBus1-Detailed
1742692452904,11.63882,625,Eye Hit,Left,978.3258,826.9618,46.97075,MicroBus1-Detailed
1742692452905,11.63882,625,Eye Hit,Right,977.2687,826.9618,46.97076,MicroBus1-Detailed
1742692452905,11.63882,625,Eye Hit,Center,977.7972,826.9618,46.97075,MicroBus1-Detailed
1742692452924,11.66089,626,Eye Hit,Left,978.5909,828.8705,46.9597,MicroBus1-Detailed
1742692452924,11.66089,626,Eye Hit,Right,977.5335,828.8705,46.95969,MicroBus1-Detailed
1742692452924,11.66089,626,Eye Hit,Center,978.0623,828.8705,46.9597,MicroBus1-Detailed
1742692452946,11.68017,627,Eye Hit,Left,979.24,828.2476,46.94792,MicroBus1-Detailed
1742692452946,11.68017,627,Eye Hit,Right,978.1823,828.2476,46.94792,MicroBus1-Detailed
1742692452946,11.68017,627,Eye Hit,Center,978.7111,828.2476,46.94792,MicroBus1-Detailed
1742692452966,11.70227,628,Eye Hit,Left,975.2332,828.6028,47.03037,MicroBus1-Detailed
1742692452966,11.70227,628,Eye Hit,Right,974.1774,828.6028,47.03037,MicroBus1-Detailed
1742692452966,11.70227,628,Eye Hit,Center,974.7053,828.6028,47.03037,MicroBus1-Detailed
1742692452988,11.72169,629,Eye Hit,Left,976.3085,829.1143,47.00649,MicroBus1-Detailed
1742692452988,11.72169,629,Eye Hit,Right,975.2521,829.1143,47.00649,MicroBus1-Detailed
1742692452988,11.72169,629,Eye Hit,Center,975.7803,829.1143,47.00649,MicroBus1-Detailed
1742692453008,11.74464,630,Eye Hit,Left,975.7307,827.3388,47.02374,MicroBus1-Detailed
1742692453008,11.74464,630,Eye Hit,Right,974.6747,827.3388,47.02373,MicroBus1-Detailed
1742692453008,11.74464,630,Eye Hit,Center,975.2025,827.3388,47.02373,MicroBus1-Detailed
1742692453031,11.7638,631,Eye Hit,Left,975.8395,823.9868,47.0307,MicroBus1-Detailed
1742692453031,11.7638,631,Eye Hit,Right,974.7838,823.9868,47.0307,MicroBus1-Detailed
1742692453031,11.7638,631,Eye Hit,Center,975.3117,823.9868,47.0307,MicroBus1-Detailed
1742692453049,11.78721,632,Eye Hit,Left,976.1589,824.3669,47.02308,MicroBus1-Detailed
1742692453049,11.78721,632,Eye Hit,Right,975.103,824.3669,47.02309,MicroBus1-Detailed
1742692453049,11.78721,632,Eye Hit,Center,975.631,824.3669,47.02309,MicroBus1-Detailed
1742692453074,11.80606,633,Eye Hit,Left,976.2673,824.3762,47.02087,MicroBus1-Detailed
1742692453074,11.80606,633,Eye Hit,Right,975.2112,824.3762,47.02087,MicroBus1-Detailed
1742692453074,11.80606,633,Eye Hit,Center,975.7393,824.3762,47.02087,MicroBus1-Detailed
1742692453091,11.83007,634,Eye Hit,Left,977.7202,830.1293,46.97416,MicroBus1-Detailed
1742692453091,11.83007,634,Eye Hit,Right,976.6631,830.1293,46.97416,MicroBus1-Detailed
1742692453091,11.83007,634,Eye Hit,Center,977.1917,830.1293,46.97416,MicroBus1-Detailed
1742692453147,11.87466,636,Eye Hit,Left,981.8718,830.8735,46.88492,MicroBus1-Detailed
1742692453147,11.87466,636,Eye Hit,Right,980.8127,830.8735,46.88493,MicroBus1-Detailed
1742692453147,11.87466,636,Eye Hit,Center,981.3423,830.8735,46.88492,MicroBus1-Detailed
1742692453175,11.90301,637,Eye Hit,Left,981.5093,827.5488,46.9026,MicroBus1-Detailed
1742692453175,11.90301,637,Eye Hit,Right,980.4506,827.5488,46.90261,MicroBus1-Detailed
1742692453175,11.90301,637,Eye Hit,Center,980.9797,827.5488,46.9026,MicroBus1-Detailed
1742692453202,11.93087,638,Eye Hit,Left,982.1882,827.229,46.88921,MicroBus1-Detailed
1742692453202,11.93087,638,Eye Hit,Right,981.1292,827.229,46.88921,MicroBus1-Detailed
1742692453202,11.93087,638,Eye Hit,Center,981.6587,827.229,46.88921,MicroBus1-Detailed
1742692453230,11.95789,639,Eye Hit,Left,982.668,826.9512,46.87988,MicroBus1-Detailed
1742692453231,11.95789,639,Eye Hit,Right,981.6088,826.9512,46.87987,MicroBus1-Detailed
1742692453231,11.95789,639,Eye Hit,Center,982.1384,826.9512,46.87988,MicroBus1-Detailed
1742692453258,11.98633,640,Eye Hit,Left,980.2281,829.3779,46.92415,MicroBus1-Detailed
1742692453258,11.98633,640,Eye Hit,Right,979.17,829.3779,46.92415,MicroBus1-Detailed
1742692453258,11.98633,640,Eye Hit,Center,979.6991,829.3779,46.92415,MicroBus1-Detailed
1742692453287,12.01388,641,Eye Hit,Left,978.0955,829.3208,46.96894,MicroBus1-Detailed
1742692453287,12.01388,641,Eye Hit,Right,977.0383,829.3208,46.96895,MicroBus1-Detailed
1742692453287,12.01388,641,Eye Hit,Center,977.5668,829.3208,46.96894,MicroBus1-Detailed
1742692453313,12.04314,642,Eye Hit,Left,975.9658,829.1251,47.01383,MicroBus1-Detailed
1742692453313,12.04314,642,Eye Hit,Right,974.9097,829.1251,47.01383,MicroBus1-Detailed
1742692453313,12.04314,642,Eye Hit,Center,975.4378,829.1251,47.01384,MicroBus1-Detailed
1742692453341,12.06956,643,Eye Hit,Left,972.8727,828.1224,47.08076,MicroBus1-Detailed
1742692453341,12.06956,643,Eye Hit,Right,971.8181,828.1224,47.08076,MicroBus1-Detailed
1742692453341,12.06956,643,Eye Hit,Center,972.3454,828.1224,47.08077,MicroBus1-Detailed
1742692453368,12.09666,644,Eye Hit,Left,648.9498,654.6929,48.84974,RoadEast
1742692453368,12.09666,644,Eye Hit,Right,647.9333,654.6929,48.84974,RoadEast
1742692453368,12.09666,644,Eye Hit,Center,648.4415,654.6929,48.84975,RoadEast
1742692453400,12.1245,645,Eye Hit,Left,649.2127,654.6343,48.85081,RoadEast
1742692453400,12.1245,645,Eye Hit,Right,648.1963,654.6343,48.85081,RoadEast
1742692453400,12.1245,645,Eye Hit,Center,648.7043,654.6343,48.8508,RoadEast
1742692453425,12.15625,646,Eye Hit,Left,649.7896,655.075,48.86013,RoadEast
1742692453425,12.15625,646,Eye Hit,Right,648.7734,655.075,48.86013,RoadEast
1742692453425,12.15625,646,Eye Hit,Center,649.2815,655.075,48.86014,RoadEast
1742692453452,12.1807,647,Eye Hit,Left,778.5871,707.3077,49.47438,RoadEast
1742692453452,12.1807,647,Eye Hit,Right,777.5835,707.3077,49.47437,RoadEast
1742692453452,12.1807,647,Eye Hit,Center,778.0853,707.3077,49.47438,RoadEast
1742692453481,12.20893,648,Eye Hit,Left,1026.465,839.0627,45.8706,SE_Tree_10
1742692453481,12.20893,648,Eye Hit,Right,1025.382,839.0627,45.87061,SE_Tree_10
1742692453481,12.20893,648,Eye Hit,Center,1025.924,839.0627,45.87061,SE_Tree_10
1742692453509,12.23687,649,Eye Hit,Left,1025.929,838.7502,45.884,SE_Tree_10
1742692453509,12.23687,649,Eye Hit,Right,1024.847,838.7502,45.884,SE_Tree_10
1742692453509,12.23687,649,Eye Hit,Center,1025.388,838.7502,45.884,SE_Tree_10
1742692453535,12.26502,650,Eye Hit,Left,1024.652,825.8279,45.95293,SE_Tree_10
1742692453535,12.26502,650,Eye Hit,Right,1023.571,825.8279,45.95293,SE_Tree_10
1742692453535,12.26502,650,Eye Hit,Center,1024.112,825.8279,45.95293,SE_Tree_10
1742692453564,12.29124,651,Eye Hit,Left,1024.331,825.9968,45.95989,SE_Tree_10
1742692453564,12.29124,651,Eye Hit,Right,1023.25,825.9968,45.95989,SE_Tree_10
1742692453564,12.29124,651,Eye Hit,Center,1023.79,825.9968,45.95988,SE_Tree_10
1742692453590,12.32025,652,Eye Hit,Left,1023.732,826.2933,45.97291,SE_Tree_10
1742692453590,12.32025,652,Eye Hit,Right,1022.652,826.2933,45.97291,SE_Tree_10
1742692453590,12.32025,652,Eye Hit,Center,1023.192,826.2933,45.97291,SE_Tree_10
1742692453618,12.3464,653,Eye Hit,Left,1019.032,826.5122,46.08018,Jeep3-Detailed
1742692453618,12.3464,653,Eye Hit,Right,1017.954,826.5122,46.08017,Jeep3-Detailed
1742692453618,12.3464,653,Eye Hit,Center,1018.493,826.5122,46.08017,Jeep3-Detailed
1742692453647,12.37544,654,Eye Hit,Left,1018.75,831.282,46.07305,Jeep3-Detailed
1742692453647,12.37544,654,Eye Hit,Right,1017.672,831.282,46.07306,Jeep3-Detailed
1742692453647,12.37544,654,Eye Hit,Center,1018.211,831.282,46.07305,Jeep3-Detailed
1742692453677,12.404,655,Eye Hit,Left,1019.382,838.1957,46.036,Jeep3-Detailed
1742692453677,12.404,655,Eye Hit,Right,1018.304,838.1957,46.036,Jeep3-Detailed
1742692453677,12.404,655,Eye Hit,Center,1018.843,838.1957,46.036,Jeep3-Detailed
1742692453703,12.43306,656,Eye Hit,Left,1019.786,837.0503,46.03077,Jeep3-Detailed
1742692453703,12.43306,656,Eye Hit,Right,1018.707,837.0503,46.03077,Jeep3-Detailed
1742692453703,12.43306,656,Eye Hit,Center,1019.246,837.0503,46.03076,Jeep3-Detailed
1742692453730,12.45901,657,Eye Hit,Left,1020.372,837.3281,46.01634,Jeep3-Detailed
1742692453730,12.45901,657,Eye Hit,Right,1019.293,837.3281,46.01634,Jeep3-Detailed
1742692453730,12.45901,657,Eye Hit,Center,1019.832,837.3281,46.01634,Jeep3-Detailed
1742692453758,12.48597,658,Eye Hit,Left,1012.485,839.5927,46.18718,Jeep3-Detailed
1742692453758,12.48597,658,Eye Hit,Right,1011.41,839.5927,46.18718,Jeep3-Detailed
1742692453758,12.48597,658,Eye Hit,Center,1011.947,839.5927,46.18718,Jeep3-Detailed
1742692453786,12.51462,659,Eye Hit,Left,1010.719,837.1753,46.23557,Jeep3-Detailed
1742692453786,12.51462,659,Eye Hit,Right,1009.645,837.1753,46.23557,Jeep3-Detailed
1742692453786,12.51462,659,Eye Hit,Center,1010.182,837.1753,46.23557,Jeep3-Detailed
1742692453813,12.5423,660,Eye Hit,Left,1010.197,838.6528,46.242,Jeep3-Detailed
1742692453813,12.5423,660,Eye Hit,Right,1009.123,838.6528,46.242,Jeep3-Detailed
1742692453813,12.5423,660,Eye Hit,Center,1009.66,838.6528,46.242,Jeep3-Detailed
1742692453841,12.56928,661,Eye Hit,Left,1009.95,838.8646,46.24679,Jeep3-Detailed
1742692453841,12.56928,661,Eye Hit,Right,1008.876,838.8646,46.24679,Jeep3-Detailed
1742692453841,12.56928,661,Eye Hit,Center,1009.413,838.8646,46.24678,Jeep3-Detailed
1742692453870,12.59667,662,Eye Hit,Left,1006.012,838.6097,46.33554,Jeep3-Detailed
1742692453870,12.59667,662,Eye Hit,Right,1004.94,838.6097,46.33554,Jeep3-Detailed
1742692453870,12.59667,662,Eye Hit,Center,1005.476,838.6097,46.33554,Jeep3-Detailed
1742692453897,12.62605,663,Eye Hit,Left,1007.219,839.267,46.30622,Jeep3-Detailed
1742692453897,12.62605,663,Eye Hit,Right,1006.147,839.267,46.30622,Jeep3-Detailed
1742692453897,12.62605,663,Eye Hit,Center,1006.683,839.267,46.30622,Jeep3-Detailed
1742692453926,12.65303,664,Eye Hit,Left,1007.63,840.2021,46.29361,Jeep3-Detailed
1742692453926,12.65303,664,Eye Hit,Right,1006.558,840.2021,46.29361,Jeep3-Detailed
1742692453926,12.65303,664,Eye Hit,Center,1007.094,840.2021,46.29361,Jeep3-Detailed
1742692453953,12.68243,665,Eye Hit,Left,1007.862,841.2744,46.2844,Jeep3-Detailed
1742692453953,12.68243,665,Eye Hit,Right,1006.789,841.2744,46.2844,Jeep3-Detailed
1742692453953,12.68243,665,Eye Hit,Center,1007.325,841.2744,46.2844,Jeep3-Detailed
1742692453981,12.70956,666,Eye Hit,Left,1007.323,843.1143,46.28922,Jeep3-Detailed
1742692453981,12.70956,666,Eye Hit,Right,1006.25,843.1143,46.28921,Jeep3-Detailed
1742692453981,12.70956,666,Eye Hit,Center,1006.787,843.1143,46.28922,Jeep3-Detailed
1742692454009,12.73732,667,Eye Hit,Left,1002.71,842.3569,46.39438,Jeep3-Detailed
1742692454009,12.73732,667,Eye Hit,Right,1001.64,842.3569,46.39439,Jeep3-Detailed
1742692454009,12.73732,667,Eye Hit,Center,1002.175,842.3569,46.39438,Jeep3-Detailed
1742692454036,12.76521,668,Eye Hit,Left,1001.97,842.7783,46.409,Jeep3-Detailed
1742692454036,12.76521,668,Eye Hit,Right,1000.9,842.7783,46.409,Jeep3-Detailed
1742692454036,12.76521,668,Eye Hit,Center,1001.435,842.7782,46.409,Jeep3-Detailed
1742692454064,12.7927,669,Eye Hit,Left,1002.169,843.219,46.40282,Jeep3-Detailed
1742692454064,12.7927,669,Eye Hit,Right,1001.099,843.219,46.40282,Jeep3-Detailed
1742692454064,12.7927,669,Eye Hit,Center,1001.634,843.219,46.40283,Jeep3-Detailed
1742692454091,12.81989,670,Eye Hit,Left,1002.271,839.5521,46.41478,Jeep3-Detailed
1742692454092,12.81989,670,Eye Hit,Right,1001.201,839.5521,46.41478,Jeep3-Detailed
1742692454092,12.81989,670,Eye Hit,Center,1001.736,839.5521,46.41478,Jeep3-Detailed
1742692454119,12.84737,671,Eye Hit,Left,1001.615,837.7659,46.43579,Jeep3-Detailed
1742692454119,12.84737,671,Eye Hit,Right,1000.545,837.7659,46.4358,Jeep3-Detailed
1742692454119,12.84737,671,Eye Hit,Center,1001.08,837.7659,46.43579,Jeep3-Detailed
1742692454147,12.8758,672,Eye Hit,Left,998.4983,835.8052,46.51105,Jeep3-Detailed
1742692454147,12.8758,672,Eye Hit,Right,997.4307,835.8052,46.51104,Jeep3-Detailed
1742692454147,12.8758,672,Eye Hit,Center,997.9645,835.8052,46.51105,Jeep3-Detailed
1742692454175,12.90291,673,Eye Hit,Left,993.1326,836.7988,46.62423,Jeep3-Detailed
1742692454175,12.90291,673,Eye Hit,Right,992.0677,836.7988,46.62422,Jeep3-Detailed
1742692454175,12.90291,673,Eye Hit,Center,992.6002,836.7988,46.62423,Jeep3-Detailed
1742692454204,12.93105,674,Eye Hit,Left,993.9028,838.011,46.6032,Jeep3-Detailed
1742692454204,12.93105,674,Eye Hit,Right,992.8373,838.011,46.6032,Jeep3-Detailed
1742692454204,12.93105,674,Eye Hit,Center,993.3701,838.011,46.6032,Jeep3-Detailed
1742692454231,12.95967,675,Eye Hit,Left,997.5235,836.9882,46.52798,Jeep3-Detailed
1742692454231,12.95967,675,Eye Hit,Right,996.4564,836.9882,46.52799,Jeep3-Detailed
1742692454231,12.95967,675,Eye Hit,Center,996.99,836.9882,46.52798,Jeep3-Detailed
1742692454259,12.98652,676,Eye Hit,Left,1002.238,838.0811,46.42075,Jeep3-Detailed
1742692454259,12.98652,676,Eye Hit,Right,1001.169,838.0811,46.42075,Jeep3-Detailed
1742692454259,12.98652,676,Eye Hit,Center,1001.704,838.0811,46.42075,Jeep3-Detailed
1742692454285,13.01541,677,Eye Hit,Left,1004.232,838.0701,46.3769,Jeep3-Detailed
1742692454285,13.01541,677,Eye Hit,Right,1003.161,838.0701,46.3769,Jeep3-Detailed
1742692454285,13.01541,677,Eye Hit,Center,1003.697,838.0701,46.3769,Jeep3-Detailed
1742692454313,13.04205,678,Eye Hit,Left,1004.318,839.0953,46.37138,Jeep3-Detailed
1742692454313,13.04205,678,Eye Hit,Right,1003.247,839.0953,46.37138,Jeep3-Detailed
1742692454313,13.04205,678,Eye Hit,Center,1003.783,839.0953,46.37138,Jeep3-Detailed
1742692454341,13.07011,679,Eye Hit,Left,1001.052,838.3819,46.44601,Jeep3-Detailed
1742692454341,13.07011,679,Eye Hit,Right,999.9833,838.3819,46.44601,Jeep3-Detailed
1742692454341,13.07011,679,Eye Hit,Center,1000.518,838.3819,46.44601,Jeep3-Detailed
1742692454373,13.09762,680,Eye Hit,Left,1000.877,840.4349,46.44217,Jeep3-Detailed
1742692454373,13.09762,680,Eye Hit,Right,999.8079,840.4349,46.44216,Jeep3-Detailed
1742692454373,13.09762,680,Eye Hit,Center,1000.343,840.4349,46.44217,Jeep3-Detailed
1742692454398,13.12895,681,Eye Hit,Left,1001.946,841.5466,46.41433,Jeep3-Detailed
1742692454398,13.12895,681,Eye Hit,Right,1000.877,841.5466,46.41433,Jeep3-Detailed
1742692454398,13.12895,681,Eye Hit,Center,1001.411,841.5466,46.41433,Jeep3-Detailed
1742692454427,13.15455,682,Eye Hit,Left,998.7377,846.0803,46.46629,Jeep3-Detailed
1742692454427,13.15455,682,Eye Hit,Right,997.6691,846.0803,46.46629,Jeep3-Detailed
1742692454427,13.15455,682,Eye Hit,Center,998.2036,846.0803,46.46629,Jeep3-Detailed
1742692454456,13.18345,683,Eye Hit,Left,937.5692,881.4063,47.48886,SouthWalkingPole
1742692454456,13.18345,683,Eye Hit,Right,936.5236,881.4063,47.48886,SouthWalkingPole
1742692454456,13.18345,683,Eye Hit,Center,937.0463,881.4063,47.48886,SouthWalkingPole
1742692454484,13.21231,684,Eye Hit,Left,936.867,881.2347,47.50293,SouthWalkingPole
1742692454484,13.21231,684,Eye Hit,Right,935.8217,881.2347,47.50293,SouthWalkingPole
1742692454484,13.21231,684,Eye Hit,Center,936.3443,881.2347,47.50293,SouthWalkingPole
1742692454509,13.24101,685,Eye Hit,Left,927.2037,882.3118,47.66709,MicroBus1-Detailed
1742692454509,13.24101,685,Eye Hit,Right,926.162,882.3118,47.6671,MicroBus1-Detailed
1742692454509,13.24101,685,Eye Hit,Center,926.6828,882.3118,47.66709,MicroBus1-Detailed
1742692454537,13.26538,686,Eye Hit,Left,924.0522,880.8911,47.73274,MicroBus1-Detailed
1742692454537,13.26538,686,Eye Hit,Right,923.0119,880.8911,47.73274,MicroBus1-Detailed
1742692454537,13.26538,686,Eye Hit,Center,923.532,880.8911,47.73274,MicroBus1-Detailed
1742692454564,13.29384,687,Eye Hit,Left,924.4218,880.8633,47.72645,MicroBus1-Detailed
1742692454564,13.29384,687,Eye Hit,Right,923.3814,880.8633,47.72645,MicroBus1-Detailed
1742692454564,13.29384,687,Eye Hit,Center,923.9016,880.8633,47.72646,MicroBus1-Detailed
1742692454593,13.32073,688,Eye Hit,Left,923.3056,880.871,47.74568,MicroBus1-Detailed
1742692454593,13.32073,688,Eye Hit,Right,922.2656,880.871,47.74568,MicroBus1-Detailed
1742692454593,13.32073,688,Eye Hit,Center,922.7856,880.871,47.74569,MicroBus1-Detailed
1742692454620,13.34962,689,Eye Hit,Left,919.3508,881.9185,47.8054,MicroBus1-Detailed
1742692454621,13.34962,689,Eye Hit,Right,918.3121,881.9185,47.80539,MicroBus1-Detailed
1742692454621,13.34962,689,Eye Hit,Center,918.8314,881.9185,47.80539,MicroBus1-Detailed
1742692454648,13.37707,690,Eye Hit,Left,916.0537,881.7769,47.86208,MicroBus1-Detailed
1742692454648,13.37707,690,Eye Hit,Right,915.0162,881.7769,47.86208,MicroBus1-Detailed
1742692454648,13.37707,690,Eye Hit,Center,915.535,881.7769,47.86208,MicroBus1-Detailed
1742692454676,13.40401,691,Eye Hit,Left,913.1967,881.202,47.91417,MicroBus1-Detailed
1742692454676,13.40401,691,Eye Hit,Right,912.1603,881.202,47.91417,MicroBus1-Detailed
1742692454676,13.40401,691,Eye Hit,Center,912.6785,881.202,47.91417,MicroBus1-Detailed
1742692454701,13.43235,692,Eye Hit,Left,911.8745,881.0746,47.93702,MicroBus1-Detailed
1742692454701,13.43235,692,Eye Hit,Right,910.8386,881.0746,47.93702,MicroBus1-Detailed
1742692454701,13.43235,692,Eye Hit,Center,911.3565,881.0746,47.93702,MicroBus1-Detailed
1742692454731,13.45724,693,Eye Hit,Left,912.0281,881.3042,47.93254,MicroBus1-Detailed
1742692454731,13.45724,693,Eye Hit,Right,910.9922,881.3042,47.93253,MicroBus1-Detailed
1742692454731,13.45724,693,Eye Hit,Center,911.5103,881.3042,47.93253,MicroBus1-Detailed
1742692454758,13.48746,694,Eye Hit,Left,908.7917,881.713,47.98244,MicroBus1-Detailed
1742692454758,13.48746,694,Eye Hit,Right,907.7568,881.713,47.98243,MicroBus1-Detailed
1742692454758,13.48746,694,Eye Hit,Center,908.2742,881.713,47.98243,MicroBus1-Detailed
1742692454785,13.51517,695,Eye Hit,Left,907.4843,885.3914,47.97456,MicroBus1-Detailed
1742692454785,13.51517,695,Eye Hit,Right,906.4492,885.3914,47.97455,MicroBus1-Detailed
1742692454785,13.51517,695,Eye Hit,Center,906.9667,885.3914,47.97456,MicroBus1-Detailed
1742692454812,13.54208,696,Eye Hit,Left,907.1904,883.8286,47.99189,MicroBus1-Detailed
1742692454812,13.54208,696,Eye Hit,Right,906.1557,883.8286,47.99189,MicroBus1-Detailed
1742692454812,13.54208,696,Eye Hit,Center,906.673,883.8286,47.99189,MicroBus1-Detailed
1742692454841,13.56939,697,Eye Hit,Left,917.8193,884.0767,47.81447,MicroBus1-Detailed
1742692454842,13.56939,697,Eye Hit,Right,916.7809,884.0767,47.81448,MicroBus1-Detailed
1742692454842,13.56939,697,Eye Hit,Center,917.3001,884.0767,47.81447,MicroBus1-Detailed
1742692454869,13.59885,698,Eye Hit,Left,935.4272,881.8253,47.52431,MicroBus1-Detailed
1742692454869,13.59885,698,Eye Hit,Right,934.3824,881.8253,47.52431,MicroBus1-Detailed
1742692454869,13.59885,698,Eye Hit,Center,934.9048,881.8253,47.52431,MicroBus1-Detailed
1742692454898,13.62556,699,Eye Hit,Left,935.0506,879.8236,47.54606,MicroBus1-Detailed
1742692454898,13.62556,699,Eye Hit,Right,934.0063,879.8236,47.54607,MicroBus1-Detailed
1742692454898,13.62556,699,Eye Hit,Center,934.5285,879.8236,47.54607,MicroBus1-Detailed
1742692454924,13.65462,700,Eye Hit,Left,935.6777,880.5417,47.52932,MicroBus1-Detailed
1742692454924,13.65462,700,Eye Hit,Right,934.6331,880.5417,47.52933,MicroBus1-Detailed
1742692454924,13.65462,700,Eye Hit,Center,935.1554,880.5417,47.52932,MicroBus1-Detailed
1742692454951,13.68096,701,Eye Hit,Left,935.8402,882.6714,47.51044,MicroBus1-Detailed
1742692454951,13.68096,701,Eye Hit,Right,934.795,882.6714,47.51044,MicroBus1-Detailed
1742692454951,13.68096,701,Eye Hit,Center,935.3176,882.6714,47.51044,MicroBus1-Detailed
1742692454981,13.70922,702,Eye Hit,Left,936.7262,882.8867,47.49281,Jeep3-Detailed
1742692454981,13.70922,702,Eye Hit,Right,935.6807,882.8867,47.49281,Jeep3-Detailed
1742692454981,13.70922,702,Eye Hit,Center,936.2034,882.8867,47.49281,Jeep3-Detailed
1742692455007,13.73836,703,Eye Hit,Left,936.8131,884.4755,47.47903,Jeep3-Detailed
1742692455007,13.73836,703,Eye Hit,Right,935.7673,884.4755,47.47903,Jeep3-Detailed
1742692455007,13.73836,703,Eye Hit,Center,936.2902,884.4755,47.47903,Jeep3-Detailed
1742692455034,13.76353,704,Eye Hit,Left,921.3663,889.0734,47.71405,MicroBus1-Detailed
1742692455034,13.76353,704,Eye Hit,Right,920.3256,889.0734,47.71405,MicroBus1-Detailed
1742692455034,13.76353,704,Eye Hit,Center,920.8459,889.0734,47.71405,MicroBus1-Detailed
1742692455065,13.79173,705,Eye Hit,Left,856.3397,898.6484,48.58467,MicroBus1-Detailed
1742692455065,13.79173,705,Eye Hit,Right,855.3177,898.6484,48.58467,MicroBus1-Detailed
1742692455065,13.79173,705,Eye Hit,Center,855.8288,898.6484,48.58468,MicroBus1-Detailed
1742692455090,13.82211,706,Eye Hit,Left,855.1818,899.1418,48.59393,MicroBus1-Detailed
1742692455090,13.82211,706,Eye Hit,Right,854.16,899.1418,48.59393,MicroBus1-Detailed
1742692455090,13.82211,706,Eye Hit,Center,854.6708,899.1418,48.59394,MicroBus1-Detailed
1742692455119,13.84722,707,Eye Hit,Left,763.4996,901.5562,49.31752,MicroBus5-Detailed
1742692455120,13.84722,707,Eye Hit,Right,762.4928,901.5562,49.31752,MicroBus5-Detailed
1742692455120,13.84722,707,Eye Hit,Center,762.9962,901.5562,49.31752,MicroBus5-Detailed
1742692455146,13.87744,708,Eye Hit,Left,763.2095,901.2258,49.32213,MicroBus5-Detailed
1742692455146,13.87744,708,Eye Hit,Right,762.2028,901.2258,49.32212,MicroBus5-Detailed
1742692455146,13.87744,708,Eye Hit,Center,762.7061,901.2258,49.32212,MicroBus5-Detailed
1742692455176,13.90499,709,Eye Hit,Left,767.3086,896.5767,49.35171,MicroBus5-Detailed
1742692455176,13.90499,709,Eye Hit,Right,766.3024,896.5767,49.35171,MicroBus5-Detailed
1742692455176,13.90499,709,Eye Hit,Center,766.8055,896.5767,49.35171,MicroBus5-Detailed
1742692455203,13.93279,710,Eye Hit,Left,775.4493,894.8869,49.32932,MicroBus5-Detailed
1742692455203,13.93279,710,Eye Hit,Right,774.4427,894.8869,49.32933,MicroBus5-Detailed
1742692455203,13.93279,710,Eye Hit,Center,774.946,894.8869,49.32932,MicroBus5-Detailed
1742692455229,13.96026,711,Eye Hit,Left,792.6475,895.4343,49.2218,MicroBus5-Detailed
1742692455230,13.96026,711,Eye Hit,Right,791.6387,895.4343,49.2218,MicroBus5-Detailed
1742692455230,13.96026,711,Eye Hit,Center,792.1431,895.4343,49.22179,MicroBus5-Detailed
1742692455260,13.99109,712,Eye Hit,Left,792.7101,895.2325,49.22337,MicroBus5-Detailed
1742692455260,13.99109,712,Eye Hit,Right,791.7014,895.2325,49.22337,MicroBus5-Detailed
1742692455260,13.99109,712,Eye Hit,Center,792.2057,895.2325,49.22336,MicroBus5-Detailed
1742692455287,14.01726,713,Eye Hit,Left,807.8552,894.499,49.11806,MicroBus5-Detailed
1742692455287,14.01726,713,Eye Hit,Right,806.8442,894.499,49.11806,MicroBus5-Detailed
1742692455287,14.01726,713,Eye Hit,Center,807.3497,894.499,49.11806,MicroBus5-Detailed
1742692455316,14.04445,714,Eye Hit,Left,822.2433,888.9639,49.04338,MicroBus5-Detailed
1742692455316,14.04445,714,Eye Hit,Right,821.2308,888.9639,49.04339,MicroBus5-Detailed
1742692455316,14.04445,714,Eye Hit,Center,821.7371,888.9639,49.04338,MicroBus5-Detailed
1742692455344,14.07378,715,Eye Hit,Left,823.6999,889.379,49.02593,MicroBus5-Detailed
1742692455344,14.07378,715,Eye Hit,Right,822.6871,889.379,49.02593,MicroBus5-Detailed
1742692455344,14.07378,715,Eye Hit,Center,823.1935,889.379,49.02593,MicroBus5-Detailed
1742692455372,14.10074,716,Eye Hit,Left,823.3152,892.4212,49.00188,MicroBus5-Detailed
1742692455372,14.10074,716,Eye Hit,Right,822.3019,892.4212,49.00188,MicroBus5-Detailed
1742692455372,14.10074,716,Eye Hit,Center,822.8085,892.4212,49.00188,MicroBus5-Detailed
1742692455399,14.12839,717,Eye Hit,Left,806.1119,897.2985,49.10517,MicroBus5-Detailed
1742692455399,14.12839,717,Eye Hit,Right,805.1007,897.2985,49.10516,MicroBus5-Detailed
1742692455399,14.12839,717,Eye Hit,Center,805.6063,897.2985,49.10516,MicroBus5-Detailed
1742692455428,14.15546,718,Eye Hit,Left,806.2042,897.078,49.10658,MicroBus5-Detailed
1742692455428,14.15546,718,Eye Hit,Right,805.193,897.078,49.10657,MicroBus5-Detailed
1742692455428,14.15546,718,Eye Hit,Center,805.6986,897.078,49.10658,MicroBus5-Detailed
1742692455455,14.18398,719,Eye Hit,Left,792.6898,908.8907,49.08387,MicroBus5-Detailed
1742692455455,14.18398,719,Eye Hit,Right,791.6782,908.8907,49.08387,MicroBus5-Detailed
1742692455455,14.18398,719,Eye Hit,Center,792.184,908.8907,49.08387,MicroBus5-Detailed
1742692455483,14.2115,720,Eye Hit,Left,792.6087,908.6681,49.08686,MicroBus5-Detailed
1742692455483,14.2115,720,Eye Hit,Right,791.5972,908.6681,49.08685,MicroBus5-Detailed
1742692455483,14.2115,720,Eye Hit,Center,792.1029,908.6681,49.08685,MicroBus5-Detailed
1742692455513,14.24013,721,Eye Hit,Left,802.6951,906.3143,49.04011,MicroBus5-Detailed
1742692455513,14.24013,721,Eye Hit,Right,801.6826,906.3143,49.0401,MicroBus5-Detailed
1742692455513,14.24013,721,Eye Hit,Center,802.1889,906.3143,49.0401,MicroBus5-Detailed
1742692455541,14.27013,722,Eye Hit,Left,818.1377,903.1463,48.94525,MicroBus5-Detailed
1742692455541,14.27013,722,Eye Hit,Right,817.1233,903.1463,48.94525,MicroBus5-Detailed
1742692455541,14.27013,722,Eye Hit,Center,817.6304,903.1463,48.94525,MicroBus5-Detailed
1742692455572,14.2976,723,Eye Hit,Left,824.345,904.2945,48.87622,MicroBus5-Detailed
1742692455572,14.2976,723,Eye Hit,Right,823.3292,904.2945,48.87622,MicroBus5-Detailed
1742692455572,14.2976,723,Eye Hit,Center,823.8371,904.2945,48.87622,MicroBus5-Detailed
1742692455597,14.32893,724,Eye Hit,Left,824.8144,904.6441,48.86816,MicroBus5-Detailed
1742692455597,14.32893,724,Eye Hit,Right,823.7983,904.6441,48.86816,MicroBus5-Detailed
1742692455597,14.32893,724,Eye Hit,Center,824.3063,904.6441,48.86816,MicroBus5-Detailed
1742692455623,14.35349,725,Eye Hit,Left,833.6658,902.4419,48.80284,MicroBus5-Detailed
1742692455623,14.35349,725,Eye Hit,Right,832.6484,902.4419,48.80284,MicroBus5-Detailed
1742692455623,14.35349,725,Eye Hit,Center,833.157,902.4419,48.80284,MicroBus5-Detailed
1742692455651,14.37927,726,Eye Hit,Left,838.6779,899.4658,48.77967,MicroBus5-Detailed
1742692455651,14.37927,726,Eye Hit,Right,837.66,899.4658,48.77967,MicroBus5-Detailed
1742692455651,14.37927,726,Eye Hit,Center,838.1689,899.4658,48.77967,MicroBus5-Detailed
1742692455679,14.40866,727,Eye Hit,Left,844.0354,897.0782,48.74399,MicroBus5-Detailed
1742692455679,14.40866,727,Eye Hit,Right,843.0167,897.0782,48.74399,MicroBus5-Detailed
1742692455679,14.40866,727,Eye Hit,Center,843.5261,897.0782,48.74399,MicroBus5-Detailed
1742692455708,14.43538,728,Eye Hit,Left,858.9922,894.7246,48.58937,MicroBus5-Detailed
1742692455708,14.43538,728,Eye Hit,Right,857.9703,894.7246,48.58937,MicroBus5-Detailed
1742692455708,14.43538,728,Eye Hit,Center,858.4812,894.7247,48.58938,MicroBus5-Detailed
1742692455734,14.46481,729,Eye Hit,Left,864.5826,894.9734,48.51634,MicroBus5-Detailed
1742692455734,14.46481,729,Eye Hit,Right,863.5592,894.9734,48.51635,MicroBus5-Detailed
1742692455734,14.46481,729,Eye Hit,Center,864.0709,894.9734,48.51635,MicroBus5-Detailed
1742692455761,14.49062,730,Eye Hit,Left,865.5908,895.6202,48.49737,MicroBus5-Detailed
1742692455761,14.49062,730,Eye Hit,Right,864.567,895.6202,48.49736,MicroBus5-Detailed
1742692455761,14.49062,730,Eye Hit,Center,865.0789,895.6202,48.49737,MicroBus5-Detailed
1742692455788,14.51717,731,Eye Hit,Left,873.4351,893.5218,48.41247,MicroBus5-Detailed
1742692455788,14.51717,731,Eye Hit,Right,872.4095,893.5218,48.41247,MicroBus5-Detailed
1742692455788,14.51717,731,Eye Hit,Center,872.9223,893.5218,48.41247,MicroBus5-Detailed
1742692455816,14.54535,732,Eye Hit,Left,881.402,894.415,48.29388,MicroBus5-Detailed
1742692455816,14.54535,732,Eye Hit,Right,880.3738,894.415,48.29388,MicroBus5-Detailed
1742692455816,14.54535,732,Eye Hit,Center,880.8878,894.415,48.29388,MicroBus5-Detailed
1742692455845,14.57357,733,Eye Hit,Left,892.3522,893.9071,48.13867,MicroBus5-Detailed
1742692455845,14.57357,733,Eye Hit,Right,891.3206,893.9071,48.13867,MicroBus5-Detailed
1742692455845,14.57357,733,Eye Hit,Center,891.8364,893.9071,48.13867,MicroBus5-Detailed
1742692455876,14.60172,734,Eye Hit,Left,897.1835,892.7204,48.07576,MicroBus5-Detailed
1742692455876,14.60172,734,Eye Hit,Right,896.1506,892.7204,48.07576,MicroBus5-Detailed
1742692455876,14.60172,734,Eye Hit,Center,896.667,892.7204,48.07576,MicroBus5-Detailed
1742692455903,14.6326,735,Eye Hit,Left,902.7739,890.7305,48.00594,MicroBus5-Detailed
1742692455903,14.6326,735,Eye Hit,Right,901.7395,890.7305,48.00594,MicroBus5-Detailed
1742692455903,14.6326,735,Eye Hit,Center,902.2568,890.7305,48.00594,MicroBus5-Detailed
1742692455928,14.65935,736,Eye Hit,Left,903.9454,890.6614,47.98803,MicroBus5-Detailed
1742692455928,14.65935,736,Eye Hit,Right,902.9107,890.6614,47.98803,MicroBus5-Detailed
1742692455928,14.65935,736,Eye Hit,Center,903.4281,890.6614,47.98802,MicroBus5-Detailed
1742692455955,14.68441,737,Eye Hit,Left,908.2965,889.5165,47.92803,MicroBus5-Detailed
1742692455955,14.68441,737,Eye Hit,Right,907.2605,889.5165,47.92802,MicroBus5-Detailed
1742692455955,14.68441,737,Eye Hit,Center,907.7785,889.5165,47.92803,MicroBus5-Detailed
1742692455982,14.71233,738,Eye Hit,Left,910.7197,884.2241,47.93187,MicroBus5-Detailed
1742692455982,14.71233,738,Eye Hit,Right,909.6838,884.2241,47.93187,MicroBus5-Detailed
1742692455982,14.71233,738,Eye Hit,Center,910.2018,884.2241,47.93187,MicroBus5-Detailed
1742692456011,14.7397,739,Eye Hit,Left,917.9571,884.3672,47.81038,MicroBus5-Detailed
1742692456011,14.7397,739,Eye Hit,Right,916.9185,884.3672,47.81038,MicroBus5-Detailed
1742692456011,14.7397,739,Eye Hit,Center,917.4378,884.3672,47.81038,MicroBus5-Detailed
1742692456039,14.76737,740,Eye Hit,Left,927.1147,884.3895,47.6528,MicroBus5-Detailed
1742692456039,14.76737,740,Eye Hit,Right,926.0727,884.3895,47.65279,MicroBus5-Detailed
1742692456039,14.76737,740,Eye Hit,Center,926.5937,884.3895,47.6528,MicroBus5-Detailed
1742692456067,14.79549,741,Eye Hit,Left,927.7897,878.1973,47.68788,MicroBus5-Detailed
1742692456067,14.79549,741,Eye Hit,Right,926.7485,878.1973,47.68788,MicroBus5-Detailed
1742692456067,14.79549,741,Eye Hit,Center,927.2691,878.1973,47.68787,MicroBus5-Detailed
1742692456095,14.82334,742,Eye Hit,Left,928.3766,877.3301,47.68391,MicroBus5-Detailed
1742692456095,14.82334,742,Eye Hit,Right,927.3352,877.3301,47.68391,MicroBus5-Detailed
1742692456095,14.82334,742,Eye Hit,Center,927.8559,877.3301,47.68392,MicroBus5-Detailed
1742692456123,14.85218,743,Eye Hit,Left,929.3514,872.2341,47.70254,MicroBus5-Detailed
1742692456123,14.85218,743,Eye Hit,Right,928.3105,872.2341,47.70254,MicroBus5-Detailed
1742692456123,14.85218,743,Eye Hit,Center,928.8309,872.2341,47.70254,MicroBus5-Detailed
1742692456150,14.87901,744,Eye Hit,Left,941.803,859.2637,47.55713,MicroBus5-Detailed
1742692456150,14.87901,744,Eye Hit,Right,940.759,859.2637,47.55713,MicroBus5-Detailed
1742692456150,14.87901,744,Eye Hit,Center,941.2811,859.2637,47.55712,MicroBus5-Detailed
1742692456180,14.90723,745,Eye Hit,Left,943.8373,854.4584,47.5454,MicroBus5-Detailed
1742692456180,14.90723,745,Eye Hit,Right,942.793,854.4584,47.5454,MicroBus5-Detailed
1742692456180,14.90723,745,Eye Hit,Center,943.3151,854.4584,47.5454,MicroBus5-Detailed
1742692456208,14.93851,746,Eye Hit,Left,944.577,851.5615,47.54656,MicroBus5-Detailed
1742692456208,14.93851,746,Eye Hit,Right,943.5327,851.5615,47.54657,MicroBus5-Detailed
1742692456208,14.93851,746,Eye Hit,Center,944.0547,851.5615,47.54657,MicroBus5-Detailed
1742692456234,14.96521,747,Eye Hit,Left,942.5481,896.7607,47.27435,MicroBus5-Detailed
1742692456234,14.96521,747,Eye Hit,Right,941.4977,896.7607,47.27435,MicroBus5-Detailed
1742692456234,14.96521,747,Eye Hit,Center,942.0229,896.7607,47.27435,MicroBus5-Detailed
1742692456267,14.99058,748,Eye Hit,Left,942.3452,891.5937,47.32203,MicroBus5-Detailed
1742692456267,14.99058,748,Eye Hit,Right,941.2959,891.5937,47.32203,MicroBus5-Detailed
1742692456267,14.99058,748,Eye Hit,Center,941.8205,891.5937,47.32202,MicroBus5-Detailed
1742692456291,15.02369,749,Eye Hit,Left,945.04,958.3331,46.55479,SE_Tree_10
1742692456291,15.02369,749,Eye Hit,Right,943.9734,958.3331,46.55479,SE_Tree_10
1742692456291,15.02369,749,Eye Hit,Center,944.5067,958.3331,46.5548,SE_Tree_10
1742692456318,15.04735,750,,Left,947.6154,982.5831,46.1719,
1742692456318,15.04735,750,,Right,946.54,982.5831,46.1719,
1742692456318,15.04735,750,,Center,947.0778,982.5831,46.1719,
1742692456347,15.075,751,,Left,943.0459,1030.572,45.47352,
1742692456347,15.075,751,,Right,941.954,1030.572,45.47352,
1742692456347,15.075,751,,Center,942.4999,1030.572,45.47352,
1742692456376,15.10396,752,,Left,928.4081,1036.479,45.60086,
1742692456376,15.10396,752,,Right,927.3192,1036.479,45.60086,
1742692456376,15.10396,752,,Center,927.8637,1036.479,45.60086,
1742692456403,15.13239,753,,Left,928.5902,1037.94,45.57154,
1742692456403,15.13239,753,,Right,927.5007,1037.94,45.57154,
1742692456403,15.13239,753,,Center,928.0453,1037.94,45.57154,
1742692456430,15.15951,754,,Left,929.4758,1039.438,45.53067,
1742692456430,15.15951,754,,Right,928.3853,1039.438,45.53066,
1742692456430,15.15951,754,,Center,928.9304,1039.438,45.53067,
1742692456458,15.18637,755,,Left,930.8802,1040.341,45.49237,
1742692456458,15.18637,755,,Right,929.7888,1040.341,45.49237,
1742692456458,15.18637,755,,Center,930.3346,1040.341,45.49237,
1742692456485,15.21423,756,,Left,928.2381,1040.563,45.5289,
1742692456485,15.21423,756,,Right,927.1476,1040.563,45.5289,
1742692456485,15.21423,756,,Center,927.6929,1040.563,45.5289,
1742692456514,15.24188,757,,Left,927.7931,1039.566,45.55386,
1742692456514,15.24188,757,,Right,926.7031,1039.566,45.55387,
1742692456514,15.24188,757,,Center,927.248,1039.566,45.55387,
1742692456543,15.27132,758,,Left,927.175,1039.341,45.56742,
1742692456543,15.27132,758,,Right,926.0853,1039.341,45.56742,
1742692456543,15.27132,758,,Center,926.6302,1039.341,45.56742,
1742692456569,15.30029,759,,Left,928.9431,1039.632,45.53491,
1742692456569,15.30029,759,,Right,927.8527,1039.632,45.53491,
1742692456569,15.30029,759,,Center,928.3979,1039.632,45.53491,
1742692456596,15.32582,760,,Left,929.361,1040.327,45.51587,
1742692456596,15.32582,760,,Right,928.2701,1040.327,45.51587,
1742692456596,15.32582,760,,Center,928.8155,1040.327,45.51587,
1742692456625,15.3531,761,,Left,927.3511,1040.789,45.53822,
1742692456625,15.3531,761,,Right,926.2607,1040.789,45.53822,
1742692456625,15.3531,761,,Center,926.806,1040.789,45.53822,
1742692456653,15.38206,762,,Left,930.5832,1038.552,45.52935,
1742692456653,15.38206,762,,Right,929.4926,1038.552,45.52935,
1742692456653,15.38206,762,,Center,930.0379,1038.552,45.52935,
1742692456679,15.40976,763,,Left,926.3397,1037.37,45.61619,
1742692456679,15.40976,763,,Right,925.2512,1037.37,45.61619,
1742692456679,15.40976,763,,Center,925.7954,1037.37,45.61619,
1742692456708,15.43618,764,,Left,925.712,1034.73,45.67371,
1742692456708,15.43618,764,,Right,924.6248,1034.73,45.67371,
1742692456708,15.43618,764,,Center,925.1685,1034.73,45.67371,
1742692456736,15.46478,765,,Left,924.7949,1041.108,45.57106,
1742692456736,15.46478,765,,Right,923.7053,1041.108,45.57106,
1742692456736,15.46478,765,,Center,924.2501,1041.108,45.57106,
1742692456764,15.49343,766,,Left,925.6606,1034.214,45.68394,
1742692456764,15.49343,766,,Right,924.5737,1034.214,45.68394,
1742692456764,15.49343,766,,Center,925.1171,1034.214,45.68394,
1742692456789,15.5208,767,,Left,927.2579,1016.51,45.97052,
1742692456789,15.5208,767,,Right,926.1777,1016.51,45.97052,
1742692456789,15.5208,767,,Center,926.7178,1016.51,45.97052,
1742692456819,15.54668,768,,Left,925.6194,1008.887,46.12494,
1742692456819,15.54668,768,,Right,924.543,1008.887,46.12494,
1742692456819,15.54668,768,,Center,925.0811,1008.887,46.12494,
1742692456846,15.57603,769,,Left,928.2708,1004.676,46.15258,
1742692456846,15.57603,769,,Right,927.1949,1004.676,46.15258,
1742692456846,15.57603,769,,Center,927.7328,1004.676,46.15258,
1742692456874,15.60317,770,,Left,928.4532,999.5764,46.23267,
1742692456874,15.60317,770,,Right,927.3792,999.5764,46.23267,
1742692456874,15.60317,770,,Center,927.9163,999.5764,46.23267,
1742692456903,15.63026,771,,Left,932.2586,1001.01,46.14816,
1742692456903,15.63026,771,,Right,931.1826,1001.01,46.14816,
1742692456903,15.63026,771,,Center,931.7206,1001.01,46.14816,
1742692456935,15.65999,772,,Left,931.9958,998.0841,46.19962,
1742692456935,15.65999,772,,Right,930.921,998.0841,46.19962,
1742692456935,15.65999,772,,Center,931.4584,998.0841,46.19962,
1742692456959,15.69178,773,,Left,930.4218,1002.786,46.14965,
1742692456959,15.69178,773,,Right,929.3458,1002.786,46.14965,
1742692456959,15.69178,773,,Center,929.8839,1002.786,46.14965,
1742692456987,15.71558,774,,Left,923.1998,997.8644,46.34428,
1742692456987,15.71558,774,,Right,922.1284,997.8644,46.34427,
1742692456987,15.71558,774,,Center,922.6641,997.8644,46.34428,
1742692457026,15.74323,775,,Left,920.828,992.1541,46.4722,
1742692457026,15.74323,775,,Right,919.7595,992.1541,46.4722,
1742692457026,15.74323,775,,Center,920.2938,992.1541,46.4722,
1742692457059,15.78263,776,,Left,922.542,993.8164,46.41904,
1742692457059,15.78263,776,,Right,921.4723,993.8164,46.41903,
1742692457059,15.78263,776,,Center,922.0071,993.8164,46.41904,
1742692457095,15.81624,777,,Left,924.8093,996.4596,46.3412,
1742692457095,15.81624,777,,Right,923.7378,996.4596,46.3412,
1742692457095,15.81624,777,,Center,924.2734,996.4595,46.3412,
1742692457129,15.85136,778,,Left,926.1711,998.0182,46.29451,
1742692457129,15.85136,778,,Right,925.0985,998.0182,46.29451,
1742692457129,15.85136,778,,Center,925.6348,998.0182,46.29451,
1742692457169,15.88483,779,,Left,924.7755,995.0449,46.36417,
1742692457169,15.88483,779,,Right,923.7045,995.0449,46.36417,
1742692457169,15.88483,779,,Center,924.2401,995.0449,46.36417,
1742692457210,15.92556,780,,Left,924.7186,999.3613,46.29613,
1742692457210,15.92556,780,,Right,923.646,999.3613,46.29613,
1742692457210,15.92556,780,,Center,924.1823,999.3613,46.29613,
1742692457235,15.96589,781,,Left,919.6185,993.4685,46.47049,
1742692457235,15.96589,781,,Right,918.55,993.4685,46.47049,
1742692457235,15.96589,781,,Center,919.0842,993.4685,46.47049,
1742692457260,15.99165,782,,Left,921.9832,987.1462,46.53186,
1742692457260,15.99165,782,,Right,920.916,987.1462,46.53186,
1742692457260,15.99165,782,,Center,921.4495,987.1462,46.53186,
1742692457285,16.01645,783,,Left,922.39,983.3854,46.58287,
1742692457285,16.01645,783,,Right,921.324,983.3854,46.58287,
1742692457285,16.01645,783,,Center,921.8569,983.3854,46.58287,
1742692457319,16.04259,784,,Left,923.9682,981.0313,46.59299,
1742692457319,16.04259,784,,Right,922.9025,981.0313,46.59299,
1742692457319,16.04259,784,,Center,923.4354,981.0313,46.59299,
1742692457348,16.07633,785,,Left,928.0654,973.293,46.63977,
1742692457348,16.07633,785,,Right,927.0007,973.293,46.63977,
1742692457348,16.07633,785,,Center,927.533,973.293,46.63978,
1742692457374,16.10506,786,,Left,927.4564,961.0329,46.82141,
1742692457375,16.10506,786,,Right,926.3959,961.0329,46.82141,
1742692457375,16.10506,786,,Center,926.9261,961.0329,46.82141,
1742692457404,16.13203,787,,Left,927.22,953.5444,46.92557,
1742692457404,16.13203,787,,Right,926.1619,953.5444,46.92558,
1742692457404,16.13203,787,,Center,926.6909,953.5444,46.92558,
1742692457431,16.16052,788,,Left,804.424,757.622,49.58767,
1742692457431,16.16052,788,,Right,803.4227,757.622,49.58768,
1742692457431,16.16052,788,,Center,803.9233,757.622,49.58768,
1742692457458,16.18826,789,,Left,803.2931,761.6652,49.609,
1742692457458,16.18826,789,,Right,802.2922,761.6652,49.60901,
1742692457458,16.18826,789,,Center,802.7926,761.6652,49.60901,
1742692457485,16.2144,790,,Left,921.233,905.9448,47.56765,
1742692457485,16.2144,790,,Right,920.1891,905.9448,47.56765,
1742692457485,16.2144,790,,Center,920.7109,905.9448,47.56765,
1742692457515,16.24281,791,,Left,921.4742,944.6336,47.13467,
1742692457515,16.24281,791,,Right,920.4208,944.6336,47.13467,
1742692457515,16.24281,791,,Center,920.9475,944.6336,47.13468,
1742692457545,16.27328,792,,Left,914.9282,951.8232,47.1484,
1742692457545,16.27328,792,,Right,913.8751,951.8232,47.1484,
1742692457545,16.27328,792,,Center,914.4016,951.8232,47.1484,
1742692457571,16.30218,793,,Left,906.9006,960.7722,47.1529,
1742692457571,16.30218,793,,Right,905.8475,960.7722,47.15291,
1742692457571,16.30218,793,,Center,906.3741,960.7722,47.15291,
1742692457601,16.32729,794,,Left,906.7791,959.4711,47.17294,
1742692457601,16.32729,794,,Right,905.7264,959.4711,47.17294,
1742692457601,16.32729,794,,Center,906.2527,959.4711,47.17294,
1742692457627,16.35834,795,Eye Hit,Left,901.423,963.0994,47.20309,SouthCarSignal
1742692457627,16.35834,795,Eye Hit,Right,900.3712,963.0994,47.20309,SouthCarSignal
1742692457627,16.35834,795,Eye Hit,Center,900.8969,963.0994,47.20309,SouthCarSignal
1742692457652,16.38329,796,Eye Hit,Left,896.4425,961.5555,47.29802,SouthCarSignal
1742692457652,16.38329,796,Eye Hit,Right,895.3927,961.5555,47.29802,SouthCarSignal
1742692457652,16.38329,796,Eye Hit,Center,895.9175,961.5555,47.29802,SouthCarSignal
1742692457681,16.4103,797,,Left,895.8396,953.2469,47.42094,
1742692457681,16.4103,797,,Right,894.7925,953.2469,47.42094,
1742692457681,16.4103,797,,Center,895.316,953.2469,47.42094,
1742692457709,16.43893,798,,Left,895.9811,952.5806,47.4277,
1742692457709,16.43893,798,,Right,894.9341,952.5806,47.42769,
1742692457709,16.43893,798,,Center,895.4576,952.5806,47.4277,
1742692457737,16.46589,799,,Left,898.4981,950.7686,47.41471,
1742692457737,16.46589,799,,Right,897.4509,950.7686,47.41471,
1742692457737,16.46589,799,,Center,897.9745,950.7686,47.41471,
1742692457764,16.49329,800,,Left,897.8212,951.1907,47.4193,
1742692457764,16.49329,800,,Right,896.774,951.1907,47.4193,
1742692457764,16.49329,800,,Center,897.2976,951.1907,47.4193,
1742692457793,16.52116,801,,Left,897.7632,951.9573,47.40984,
1742692457793,16.52116,801,,Right,896.7159,951.9573,47.40984,
1742692457793,16.52116,801,,Center,897.2396,951.9573,47.40984,
1742692457825,16.55066,802,,Left,897.9413,951.5079,47.41319,
1742692457825,16.55066,802,,Right,896.894,951.5079,47.41319,
1742692457825,16.55066,802,,Center,897.4176,951.5079,47.41319,
1742692457848,16.58205,803,,Left,896.1292,957.8553,47.35373,
1742692457848,16.58205,803,,Right,895.0806,957.8553,47.35373,
1742692457848,16.58205,803,,Center,895.6049,957.8553,47.35373,
1742692457874,16.60544,804,,Left,896.5599,957.2925,47.35509,
1742692457874,16.60544,804,,Right,895.5113,957.2925,47.35509,
1742692457874,16.60544,804,,Center,896.0356,957.2925,47.35509,
1742692457902,16.63074,805,,Left,899.7399,955.4348,47.33345,
1742692457902,16.63074,805,,Right,898.6909,955.4348,47.33345,
1742692457902,16.63074,805,,Center,899.2154,955.4348,47.33345,
1742692457931,16.65888,806,,Left,899.9491,954.7805,47.33927,
1742692457931,16.65888,806,,Right,898.9003,954.7805,47.33927,
1742692457931,16.65888,806,,Center,899.4247,954.7805,47.33927,
1742692457960,16.68796,807,,Left,900.6524,953.1105,47.35119,
1742692457960,16.68796,807,,Right,899.6038,953.1105,47.35119,
1742692457960,16.68796,807,,Center,900.1281,953.1105,47.35118,
1742692457987,16.71828,808,,Left,900.9026,953.6892,47.33965,
1742692457987,16.71828,808,,Right,899.8536,953.6892,47.33964,
1742692457987,16.71828,808,,Center,900.3782,953.6892,47.33964,
1742692458015,16.74475,809,,Left,903.7341,953.5204,47.29922,
1742692458015,16.74475,809,,Right,902.6843,953.5204,47.29922,
1742692458015,16.74475,809,,Center,903.2092,953.5204,47.29922,
1742692458043,16.7723,810,,Left,903.1381,958.6119,47.23902,
1742692458043,16.7723,810,,Right,902.087,958.6119,47.23901,
1742692458043,16.7723,810,,Center,902.6125,958.6119,47.23901,
1742692458071,16.79941,811,,Left,904.9462,954.7642,47.26384,
1742692458071,16.79941,811,,Right,903.8956,954.7642,47.26384,
1742692458071,16.79941,811,,Center,904.4209,954.7642,47.26384,
1742692458100,16.82704,812,Eye Hit,Left,901.4919,962.1174,47.21479,SouthCarSignal
1742692458100,16.82704,812,Eye Hit,Right,900.4402,962.1174,47.21479,SouthCarSignal
1742692458100,16.82704,812,Eye Hit,Center,900.9661,962.1174,47.21479,SouthCarSignal
1742692458127,16.85654,813,Eye Hit,Left,903.1874,963.0994,47.17559,SouthCarSignal
1742692458127,16.85654,813,Eye Hit,Right,902.1349,963.0994,47.17559,SouthCarSignal
1742692458127,16.85654,813,Eye Hit,Center,902.6613,963.0994,47.17559,SouthCarSignal
1742692458155,16.88359,814,Eye Hit,Left,903.2651,966.3679,47.12801,SouthCarSignal
1742692458155,16.88359,814,Eye Hit,Right,902.2115,966.3679,47.12801,SouthCarSignal
1742692458155,16.88359,814,Eye Hit,Center,902.7383,966.3679,47.128,SouthCarSignal
1742692458185,16.91217,815,Eye Hit,Left,903.2672,968.0238,47.10418,SouthCarSignal
1742692458185,16.91217,815,Eye Hit,Right,902.2131,968.0238,47.10418,SouthCarSignal
1742692458185,16.91217,815,Eye Hit,Center,902.7402,968.0238,47.10418,SouthCarSignal
1742692458210,16.94245,816,Eye Hit,Left,904.9133,965.9404,47.10937,SouthCarSignal
1742692458210,16.94245,816,Eye Hit,Right,903.8593,965.9404,47.10937,SouthCarSignal
1742692458210,16.94245,816,Eye Hit,Center,904.3863,965.9404,47.10937,SouthCarSignal
1742692458240,16.96662,817,,Left,907.1228,964.1002,47.10189,
1742692458240,16.96662,817,,Right,906.0687,964.1002,47.10189,
1742692458240,16.96662,817,,Center,906.5958,964.1002,47.10189,
1742692458267,16.99615,818,,Left,921.0805,960.521,46.93176,
1742692458267,16.99615,818,,Right,920.0225,960.521,46.93176,
1742692458267,16.99615,818,,Center,920.5515,960.521,46.93176,
1742692458294,17.02353,819,,Left,921.0959,960.2007,46.93579,
1742692458294,17.02353,819,,Right,920.038,960.2007,46.93579,
1742692458294,17.02353,819,,Center,920.5669,960.2007,46.93579,
1742692458322,17.05107,820,,Left,925.1882,960.2479,46.8682,
1742692458322,17.05107,820,,Right,924.1288,960.2479,46.8682,
1742692458322,17.05107,820,,Center,924.6584,960.2479,46.8682,
1742692458350,17.07981,821,,Left,920.9199,959.7379,46.94493,
1742692458350,17.07981,821,,Right,919.8622,959.7379,46.94493,
1742692458350,17.07981,821,,Center,920.391,959.7379,46.94493,
1742692458379,17.10855,822,,Left,923.1559,959.0649,46.91763,
1742692458379,17.10855,822,,Right,922.0977,959.0649,46.91763,
1742692458379,17.10855,822,,Center,922.6268,959.0649,46.91763,
1742692458406,17.13618,823,,Left,921.4963,959.0349,46.94518,
1742692458406,17.13618,823,,Right,920.4387,959.0349,46.94518,
1742692458406,17.13618,823,,Center,920.9675,959.0349,46.94518,
1742692458434,17.16281,824,,Left,921.3452,960.9677,46.92133,
1742692458434,17.16281,824,,Right,920.287,960.9677,46.92133,
1742692458434,17.16281,824,,Center,920.8161,960.9677,46.92133,
1742692458464,17.19142,825,,Left,921.3378,960.854,46.92299,
1742692458464,17.19142,825,,Right,920.2795,960.854,46.92299,
1742692458464,17.19142,825,,Center,920.8086,960.854,46.92299,
1742692458489,17.22073,826,,Left,921.4958,961.0872,46.91719,
1742692458489,17.22073,826,,Right,920.4376,961.0872,46.91719,
1742692458489,17.22073,826,,Center,920.9666,961.0871,46.9172,
1742692458517,17.24655,827,,Left,921.8412,960.0167,46.92614,
1742692458517,17.24655,827,,Right,920.783,960.0167,46.92614,
1742692458517,17.24655,827,,Center,921.3121,960.0167,46.92614,
1742692458546,17.2747,828,,Left,919.843,959.9498,46.95949,
1742692458546,17.2747,828,,Right,918.7856,959.9498,46.95949,
1742692458546,17.2747,828,,Center,919.3142,959.9498,46.95949,
1742692458573,17.30343,829,,Left,916.3032,954.881,47.08469,
1742692458573,17.30343,829,,Right,915.2487,954.881,47.08469,
1742692458573,17.30343,829,,Center,915.7759,954.881,47.08469,
1742692458600,17.32971,830,,Left,916.0259,960.5831,47.0121,
1742692458600,17.32971,830,,Right,914.9697,960.5831,47.01211,
1742692458600,17.32971,830,,Center,915.4979,960.5831,47.01211,
1742692458628,17.35697,831,,Left,916.7083,959.8721,47.01099,
1742692458628,17.35697,831,,Right,915.652,959.8721,47.011,
1742692458628,17.35697,831,,Center,916.1801,959.8721,47.01099,
1742692458654,17.38486,832,,Left,921.7419,959.0789,46.94073,
1742692458654,17.38486,832,,Right,920.6841,959.0789,46.94073,
1742692458654,17.38486,832,,Center,921.213,959.0789,46.94073,
1742692458683,17.41148,833,,Left,923.7411,959.5827,46.90128,
1742692458683,17.41148,833,,Right,922.6825,959.5827,46.90128,
1742692458683,17.41148,833,,Center,923.2118,959.5827,46.90128,
1742692458710,17.4409,834,,Left,937.1686,958.8764,46.6848,
1742692458710,17.4409,834,,Right,936.105,958.8764,46.6848,
1742692458710,17.4409,834,,Center,936.6368,958.8764,46.68481,
1742692458739,17.46645,835,,Left,938.1042,929.6859,47.02669,
1742692458739,17.46645,835,,Right,937.0484,929.6859,47.02669,
1742692458739,17.46645,835,,Center,937.5762,929.6859,47.02669,
1742692458766,17.49676,836,,Left,961.8928,928.6227,46.6006,
1742692458766,17.49676,836,,Right,960.8273,928.6227,46.6006,
1742692458766,17.49676,836,,Center,961.36,928.6226,46.6006,
1742692458794,17.52283,837,,Left,963.3782,925.7619,46.60305,
1742692458794,17.52283,837,,Right,962.3127,925.7619,46.60306,
1742692458794,17.52283,837,,Center,962.8455,925.7619,46.60305,
1742692458822,17.55136,838,Eye Hit,Left,925.4814,958.8999,46.88275,SouthCarSignal
1742692458822,17.55136,838,Eye Hit,Right,924.4222,958.8999,46.88275,SouthCarSignal
1742692458822,17.55136,838,Eye Hit,Center,924.9518,958.8999,46.88275,SouthCarSignal
1742692458849,17.5795,839,,Left,895.8614,1071.029,45.39349,
1742692458849,17.5795,839,,Right,894.7676,1071.029,45.39349,
1742692458849,17.5795,839,,Center,895.3145,1071.029,45.3935,
1742692458878,17.60808,840,Eye Hit,Left,881.8405,1077.35,45.43563,SouthWalkingSignal
1742692458878,17.60808,840,Eye Hit,Right,880.7476,1077.35,45.43564,SouthWalkingSignal
1742692458878,17.60808,840,Eye Hit,Center,881.2941,1077.35,45.43563,SouthWalkingSignal
1742692458905,17.63556,841,Eye Hit,Left,871.402,1079.189,45.51669,SouthWalkingSignal
1742692458905,17.63556,841,Eye Hit,Right,870.3111,1079.189,45.51669,SouthWalkingSignal
1742692458905,17.63556,841,Eye Hit,Center,870.8565,1079.189,45.51668,SouthWalkingSignal
1742692458932,17.66128,842,Eye Hit,Left,869.4939,1080.866,45.50219,SouthWalkingSignal
1742692458932,17.66128,842,Eye Hit,Right,868.4026,1080.866,45.50219,SouthWalkingSignal
1742692458932,17.66128,842,Eye Hit,Center,868.9482,1080.866,45.50218,SouthWalkingSignal
1742692458962,17.69022,843,Eye Hit,Left,870.1484,1080.524,45.50243,SouthWalkingSignal
1742692458962,17.69022,843,Eye Hit,Right,869.0572,1080.524,45.50242,SouthWalkingSignal
1742692458962,17.69022,843,Eye Hit,Center,869.6028,1080.524,45.50243,SouthWalkingSignal
1742692458988,17.71911,844,Eye Hit,Left,871.6452,1085.862,45.37169,SouthWalkingSignal
1742692458988,17.71911,844,Eye Hit,Right,870.5508,1085.862,45.37169,SouthWalkingSignal
1742692458988,17.71911,844,Eye Hit,Center,871.0981,1085.862,45.37169,SouthWalkingSignal
1742692459018,17.74495,845,Eye Hit,Left,869.7792,1078.542,45.54853,SouthWalkingSignal
1742692459018,17.74495,845,Eye Hit,Right,868.689,1078.542,45.54853,SouthWalkingSignal
1742692459018,17.74495,845,Eye Hit,Center,869.2341,1078.542,45.54853,SouthWalkingSignal
1742692459044,17.77649,846,Eye Hit,Left,867.5614,1081.883,45.50162,SouthWalkingSignal
1742692459044,17.77649,846,Eye Hit,Right,866.4701,1081.883,45.50162,SouthWalkingSignal
1742692459044,17.77649,846,Eye Hit,Center,867.0158,1081.883,45.50162,SouthWalkingSignal
1742692459072,17.80047,847,Eye Hit,Left,862.3282,1078.847,45.62231,SouthWalkingSignal
1742692459072,17.80047,847,Eye Hit,Right,861.2399,1078.847,45.62231,SouthWalkingSignal
1742692459072,17.80047,847,Eye Hit,Center,861.7841,1078.847,45.62231,SouthWalkingSignal
1742692459099,17.82938,848,Eye Hit,Left,862.4157,1080.289,45.59048,SouthWalkingSignal
1742692459099,17.82938,848,Eye Hit,Right,861.3266,1080.289,45.59048,SouthWalkingSignal
1742692459099,17.82938,848,Eye Hit,Center,861.8712,1080.289,45.59048,SouthWalkingSignal
1742692459128,17.85694,849,Eye Hit,Left,862.3566,1079.525,45.60761,SouthWalkingSignal
1742692459128,17.85694,849,Eye Hit,Right,861.2679,1079.525,45.60761,SouthWalkingSignal
1742692459128,17.85694,849,Eye Hit,Center,861.8123,1079.525,45.6076,SouthWalkingSignal
1742692459156,17.88685,850,Eye Hit,Left,862.3444,1077.228,45.65669,SouthWalkingSignal
1742692459156,17.88685,850,Eye Hit,Right,861.2569,1077.228,45.65669,SouthWalkingSignal
1742692459156,17.88685,850,Eye Hit,Center,861.8007,1077.228,45.65669,SouthWalkingSignal
1742692459182,17.91332,851,Eye Hit,Left,863.6304,1075.295,45.68404,SouthWalkingSignal
1742692459182,17.91332,851,Eye Hit,Right,862.5436,1075.295,45.68404,SouthWalkingSignal
1742692459182,17.91332,851,Eye Hit,Center,863.087,1075.295,45.68404,SouthWalkingSignal
1742692459211,17.9404,852,Eye Hit,Left,863.9126,1073.896,45.71049,SouthWalkingSignal
1742692459211,17.9404,852,Eye Hit,Right,862.8263,1073.896,45.71049,SouthWalkingSignal
1742692459211,17.9404,852,Eye Hit,Center,863.3694,1073.896,45.7105,SouthWalkingSignal
1742692459239,17.96849,853,Eye Hit,Left,864.9984,1073.636,45.70427,SouthWalkingSignal
1742692459239,17.96849,853,Eye Hit,Right,863.912,1073.636,45.70428,SouthWalkingSignal
1742692459239,17.96849,853,Eye Hit,Center,864.4551,1073.636,45.70428,SouthWalkingSignal
1742692459267,17.99753,854,Eye Hit,Left,862.4261,1068.432,45.84099,SouthWalkingSignal
1742692459267,17.99753,854,Eye Hit,Right,861.3429,1068.432,45.84099,SouthWalkingSignal
1742692459267,17.99753,854,Eye Hit,Center,861.8845,1068.432,45.841,SouthWalkingSignal
1742692459297,18.02359,855,Eye Hit,Left,862.4462,1067.294,45.86459,SouthWalkingSignal
1742692459297,18.02359,855,Eye Hit,Right,861.3635,1067.294,45.86459,SouthWalkingSignal
1742692459297,18.02359,855,Eye Hit,Center,861.9048,1067.294,45.86459,SouthWalkingSignal
1742692459322,18.05481,856,,Left,851.7533,1053.793,46.25349,
1742692459323,18.05481,856,,Right,850.6798,1053.793,46.25349,
1742692459323,18.05481,856,,Center,851.2166,1053.793,46.25349,
1742692459350,18.07962,857,,Left,840.7131,1034.079,46.75375,
1742692459350,18.07962,857,,Right,839.6511,1034.079,46.75375,
1742692459350,18.07962,857,,Center,840.1821,1034.079,46.75375,
1742692459377,18.10842,858,,Left,839.1448,1035.431,46.74241,
1742692459377,18.10842,858,,Right,838.0824,1035.431,46.74241,
1742692459377,18.10842,858,,Center,838.6136,1035.431,46.74241,
1742692459405,18.13466,859,,Left,834.3223,1030.363,46.88539,
1742692459405,18.13466,859,,Right,833.2633,1030.363,46.88539,
1742692459405,18.13466,859,,Center,833.7928,1030.363,46.88539,
1742692459435,18.16248,860,,Left,832.6317,1031.145,46.8856,
1742692459435,18.16248,860,,Right,831.5726,1031.145,46.88559,
1742692459435,18.16248,860,,Center,832.1021,1031.145,46.8856,
1742692459464,18.19299,861,,Left,832.4658,1031.377,46.88269,
1742692459464,18.19299,861,,Right,831.4067,1031.377,46.88269,
1742692459464,18.19299,861,,Center,831.9362,1031.377,46.88269,
1742692459488,18.2219,862,,Left,832.0885,1028.835,46.93488,
1742692459488,18.2219,862,,Right,831.0306,1028.835,46.93488,
1742692459488,18.2219,862,,Center,831.5594,1028.835,46.93488,
1742692459517,18.24591,863,,Left,837.8105,1028.006,46.89769,
1742692459517,18.24591,863,,Right,836.7517,1028.006,46.89768,
1742692459517,18.24591,863,,Center,837.2811,1028.006,46.89768,
1742692459547,18.2754,864,,Left,844.5232,1028.266,46.82749,
1742692459547,18.2754,864,,Right,843.4628,1028.266,46.8275,
1742692459547,18.2754,864,,Center,843.993,1028.266,46.82749,
1742692459573,18.30515,865,,Left,875.8421,1043.673,46.18719,
1742692459573,18.30515,865,,Right,874.767,1043.673,46.18719,
1742692459573,18.30515,865,,Center,875.3046,1043.673,46.18719,
1742692459601,18.33023,866,,Left,877.4712,1044.675,46.14815,
1742692459601,18.33023,866,,Right,876.3952,1044.675,46.14815,
1742692459601,18.33023,866,,Center,876.9332,1044.675,46.14815,
1742692459628,18.35868,867,,Left,877.2731,1045.457,46.13541,
1742692459628,18.35868,867,,Right,876.1968,1045.457,46.13541,
1742692459628,18.35868,867,,Center,876.735,1045.456,46.13541,
1742692459656,18.38533,868,,Left,876.3481,1043.968,46.1754,
1742692459656,18.38533,868,,Right,875.2729,1043.968,46.1754,
1742692459656,18.38533,868,,Center,875.8105,1043.968,46.1754,
1742692459685,18.41378,869,,Left,876.2613,1042.327,46.2081,
1742692459685,18.41378,869,,Right,875.1867,1042.327,46.2081,
1742692459685,18.41378,869,,Center,875.724,1042.327,46.2081,
1742692459713,18.44394,870,,Left,880.7409,1039.28,46.21198,
1742692459713,18.44394,870,,Right,879.6664,1039.28,46.21198,
1742692459713,18.44394,870,,Center,880.2037,1039.28,46.21198,
1742692459741,18.47102,871,,Left,883.3749,1030.609,46.34245,
1742692459741,18.47102,871,,Right,882.3035,1030.609,46.34245,
1742692459741,18.47102,871,,Center,882.8392,1030.609,46.34244,
1742692459768,18.49853,872,,Left,881.3785,928.1002,47.94358,
1742692459768,18.49853,872,,Right,880.3429,928.1002,47.94357,
1742692459768,18.49853,872,,Center,880.8607,928.1002,47.94357,
1742692459795,18.52523,873,,Left,882.4531,929.1914,47.91576,
1742692459795,18.52523,873,,Right,881.4168,929.1914,47.91576,
1742692459795,18.52523,873,,Center,881.9349,929.1914,47.91576,
1742692459825,18.55324,874,,Left,777.199,775.4756,49.81187,
1742692459825,18.55324,874,,Right,776.2022,775.4756,49.81187,
1742692459825,18.55324,874,,Center,776.7006,775.4756,49.81187,
1742692459851,18.58259,875,,Left,611.1877,777.2836,49.39722,
1742692459851,18.58259,875,,Right,610.1825,777.2836,49.39722,
1742692459851,18.58259,875,,Center,610.6851,777.2836,49.39722,
1742692459879,18.60894,876,Eye Hit,Left,634.9557,867.5926,49.35611,NE_Tree_10
1742692459879,18.60894,876,Eye Hit,Right,633.9496,867.5926,49.35611,NE_Tree_10
1742692459879,18.60894,876,Eye Hit,Center,634.4526,867.5926,49.35611,NE_Tree_10
1742692459905,18.63628,877,Eye Hit,Left,634.7074,867.2456,49.35641,NE_Tree_10
1742692459905,18.63628,877,Eye Hit,Right,633.7014,867.2456,49.35641,NE_Tree_10
1742692459905,18.63628,877,Eye Hit,Center,634.2043,867.2456,49.35641,NE_Tree_10
1742692459934,18.662,878,Eye Hit,Left,659.7248,844.9249,49.66651,NE_Tree_10
1742692459934,18.662,878,Eye Hit,Right,658.725,844.9249,49.66652,NE_Tree_10
1742692459934,18.662,878,Eye Hit,Center,659.2249,844.9249,49.66651,NE_Tree_10
1742692459960,18.69206,879,Eye Hit,Left,661.9116,846.908,49.66852,NE_Tree_10
1742692459960,18.69206,879,Eye Hit,Right,660.9119,846.908,49.66852,NE_Tree_10
1742692459960,18.69206,879,Eye Hit,Center,661.4117,846.908,49.66852,NE_Tree_10
1742692459987,18.71852,880,Eye Hit,Left,665.3931,842.2388,49.71112,NE_Tree_10
1742692459987,18.71852,880,Eye Hit,Right,664.3943,842.2388,49.71112,NE_Tree_10
1742692459987,18.71852,880,Eye Hit,Center,664.8937,842.2388,49.71112,NE_Tree_10
1742692460015,18.74509,881,Eye Hit,Left,664.9649,840.3697,49.71765,NE_Tree_10
1742692460015,18.74509,881,Eye Hit,Right,663.9662,840.3697,49.71765,NE_Tree_10
1742692460015,18.74509,881,Eye Hit,Center,664.4656,840.3697,49.71765,NE_Tree_10
1742692460040,18.77424,882,Eye Hit,Left,666.8594,842.8987,49.71515,NE_Tree_10
1742692460040,18.77424,882,Eye Hit,Right,665.8607,842.8987,49.71515,NE_Tree_10
1742692460040,18.77424,882,Eye Hit,Center,666.36,842.8987,49.71515,NE_Tree_10
1742692460066,18.79853,883,Eye Hit,Left,669.7233,848.5229,49.70081,NE_Tree_10
1742692460066,18.79853,883,Eye Hit,Right,668.7243,848.5229,49.70082,NE_Tree_10
1742692460066,18.79853,883,Eye Hit,Center,669.2239,848.5229,49.70082,NE_Tree_10
1742692460108,18.82598,884,Eye Hit,Left,681.0598,851.5552,49.7328,NE_Tree_10
1742692460108,18.82598,884,Eye Hit,Right,680.0613,851.5552,49.7328,NE_Tree_10
1742692460108,18.82598,884,Eye Hit,Center,680.5605,851.5552,49.7328,NE_Tree_10
1742692460146,18.86584,885,Eye Hit,Left,694.7631,852.077,49.77325,NE_Tree_10
1742692460146,18.86584,885,Eye Hit,Right,693.7654,852.077,49.77325,NE_Tree_10
1742692460146,18.86584,885,Eye Hit,Center,694.2643,852.077,49.77325,NE_Tree_10
1742692460189,18.90579,886,,Left,720.8846,855.2297,49.78658,
1742692460189,18.90579,886,,Right,719.8873,855.2297,49.78658,
1742692460189,18.90579,886,,Center,720.3859,855.2297,49.78658,
1742692460219,18.94805,887,,Left,742.8119,860.308,49.73102,
1742692460219,18.94805,887,,Right,741.8134,860.308,49.73103,
1742692460219,18.94805,887,,Center,742.3126,860.308,49.73102,
1742692460245,18.97901,888,Eye Hit,Left,772.9892,861.8706,49.61242,NE_Tree_10
1742692460245,18.97901,888,Eye Hit,Right,771.9884,861.8706,49.61242,NE_Tree_10
1742692460245,18.97901,888,Eye Hit,Center,772.4888,861.8706,49.61241,NE_Tree_10
1742692460283,19.0046,889,,Left,860.4675,871.1473,48.76429,
1742692460283,19.0046,889,,Right,859.4493,871.1475,48.76429,
1742692460283,19.0046,889,,Center,859.9584,871.1475,48.76429,
1742692460325,19.04245,890,,Left,970.795,885.5989,46.82166,
1742692460325,19.04245,890,,Right,969.7345,885.5989,46.82166,
1742692460325,19.04245,890,,Center,970.2648,885.5989,46.82166,
1742692460355,19.0854,891,,Left,941.7835,882.6398,47.40179,
1742692460355,19.0854,891,,Right,940.736,882.6398,47.40179,
1742692460355,19.0854,891,,Center,941.2598,882.6398,47.40179,
1742692460396,19.11382,892,,Left,948.382,861.5269,47.41642,
1742692460396,19.11382,892,,Right,947.3348,861.5269,47.41642,
1742692460396,19.11382,892,,Center,947.8584,861.5269,47.41641,
1742692460426,19.1539,893,,Left,963.7689,854.2952,47.15508,
1742692460426,19.1539,893,,Right,962.7159,854.2952,47.15508,
1742692460426,19.1539,893,,Center,963.2424,854.2952,47.15508,
1742692460457,19.18394,894,,Left,857.7191,932.2766,48.19025,
1742692460457,19.18394,894,,Right,856.6887,932.2766,48.19025,
1742692460457,19.18394,894,,Center,857.2039,932.2766,48.19025,
1742692460483,19.21564,895,,Left,778.3926,918.6251,49.04669,
1742692460483,19.21564,895,,Right,777.3802,918.6251,49.04669,
1742692460483,19.21564,895,,Center,777.8864,918.6251,49.04668,
1742692460511,19.24145,896,,Left,735.0051,884.2988,49.5457,
1742692460511,19.24145,896,,Right,734.0029,884.2988,49.5457,
1742692460511,19.24145,896,,Center,734.504,884.2988,49.5457,
1742692460544,19.26911,897,,Left,686.9191,836.1728,49.81734,
1742692460544,19.26911,897,,Right,685.9224,836.1728,49.81734,
1742692460544,19.26911,897,,Center,686.4207,836.1728,49.81734,
1742692460570,19.30372,898,,Left,651.9437,804.8013,49.73227,
1742692460570,19.30372,898,,Right,650.9453,804.8013,49.73227,
1742692460570,19.30372,898,,Center,651.4445,804.8013,49.73227,
1742692460598,19.32807,899,,Left,689.3536,808.3163,49.90602,
1742692460598,19.32807,899,,Right,688.3586,808.3163,49.90602,
1742692460598,19.32807,899,,Center,688.8561,808.3163,49.90602,
1742692460625,19.35722,900,Eye Hit,Left,639.4254,812.0697,49.63046,NW_Tree_10
1742692460625,19.35722,900,Eye Hit,Right,638.4249,812.0697,49.63047,NW_Tree_10
1742692460625,19.35722,900,Eye Hit,Center,638.9252,812.0697,49.63047,NW_Tree_10
1742692460654,19.38325,901,,Left,639.8708,804.4125,49.64825,
1742692460654,19.38325,901,,Right,638.8707,804.4125,49.64825,
1742692460654,19.38325,901,,Center,639.3707,804.4126,49.64825,
1742692460685,19.41263,902,,Left,676.4828,805.7055,49.86938,
1742692460685,19.41263,902,,Right,675.4871,805.7055,49.86938,
1742692460685,19.41263,902,,Center,675.9849,805.7055,49.86938,
1742692460714,19.44402,903,,Left,712.2424,811.1062,49.95373,
1742692460714,19.44402,903,,Right,711.2484,811.1062,49.95373,
1742692460714,19.44402,903,,Center,711.7454,811.1062,49.95373,
1742692460739,19.47357,904,,Left,742.9223,807.6507,49.93978,
1742692460739,19.47357,904,,Right,741.928,807.6507,49.93978,
1742692460739,19.47357,904,,Center,742.4252,807.6507,49.93978,
1742692460777,19.49737,905,,Left,742.53,801.7482,49.94784,
1742692460777,19.49737,905,,Right,741.5359,801.7482,49.94785,
1742692460777,19.49737,905,,Center,742.033,801.7482,49.94784,
1742692460815,19.53517,906,,Left,658.5294,803.7383,49.78248,
1742692460815,19.53517,906,,Right,657.532,803.7383,49.78248,
1742692460815,19.53517,906,,Center,658.0307,803.7383,49.78247,
1742692460859,19.57505,907,,Left,511.3506,805.4188,47.95871,
1742692460859,19.57505,907,,Right,510.3153,805.4188,47.95871,
1742692460859,19.57505,907,,Center,510.8329,805.4188,47.95871,
1742692460897,19.61912,908,Eye Hit,Left,427.6701,778.7176,46.24227,Car4-Detailed
1742692460897,19.61912,908,Eye Hit,Right,426.5964,778.7176,46.24226,Car4-Detailed
1742692460897,19.61912,908,Eye Hit,Center,427.1331,778.7176,46.24226,Car4-Detailed
1742692460932,19.65656,909,Eye Hit,Left,407.0681,776.0373,45.76424,Car4-Detailed
1742692460932,19.65656,909,Eye Hit,Right,405.9831,776.0373,45.76424,Car4-Detailed
1742692460932,19.65656,909,Eye Hit,Center,406.5255,776.0373,45.76424,Car4-Detailed
1742692460976,19.69154,910,Eye Hit,Left,410.9575,776.7466,45.85737,Car4-Detailed
1742692460976,19.69154,910,Eye Hit,Right,409.8747,776.7466,45.85736,Car4-Detailed
1742692460976,19.69154,910,Eye Hit,Center,410.4161,776.7466,45.85736,Car4-Detailed
1742692461006,19.7352,911,Eye Hit,Left,398.245,790.6493,45.56677,Car4-Detailed
1742692461006,19.7352,911,Eye Hit,Right,397.1552,790.6493,45.56676,Car4-Detailed
1742692461006,19.7352,911,Eye Hit,Center,397.7001,790.6493,45.56676,Car4-Detailed
1742692461048,19.76433,912,Eye Hit,Left,413.0753,784.7716,45.91502,Car4-Detailed
1742692461048,19.76433,912,Eye Hit,Right,411.9939,784.7716,45.91502,Car4-Detailed
1742692461048,19.76433,912,Eye Hit,Center,412.5345,784.7716,45.91501,Car4-Detailed
1742692461080,19.80817,913,Eye Hit,Left,410.1389,789.7954,45.8485,Car4-Detailed
1742692461080,19.80817,913,Eye Hit,Right,409.0559,789.7954,45.8485,Car4-Detailed
1742692461080,19.80817,913,Eye Hit,Center,409.5974,789.7954,45.84849,Car4-Detailed
1742692461120,19.83905,914,Eye Hit,Left,345.5575,811.1517,44.25213,Car4-Detailed
1742692461120,19.83905,914,Eye Hit,Right,344.4355,811.1517,44.25213,Car4-Detailed
1742692461120,19.83905,914,Eye Hit,Center,344.9965,811.1517,44.25213,Car4-Detailed
1742692461163,19.88096,915,Eye Hit,Left,326.3803,811.1818,43.75984,Car4-Detailed
1742692461163,19.88096,915,Eye Hit,Right,325.2456,811.1818,43.75984,Car4-Detailed
1742692461163,19.88096,915,Eye Hit,Center,325.813,811.1818,43.75984,Car4-Detailed
1742692461202,19.92198,916,Eye Hit,Left,327.5072,803.3994,43.7967,Car4-Detailed
1742692461202,19.92198,916,Eye Hit,Right,326.3734,803.3994,43.79669,Car4-Detailed
1742692461202,19.92198,916,Eye Hit,Center,326.9403,803.3994,43.7967,Car4-Detailed
1742692461244,19.96287,917,Eye Hit,Left,329.3211,801.5797,43.84529,Car4-Detailed
1742692461244,19.96287,917,Eye Hit,Right,328.1886,801.5797,43.84529,Car4-Detailed
1742692461244,19.96287,917,Eye Hit,Center,328.7549,801.5797,43.84529,Car4-Detailed
1742692461287,20.0033,918,Eye Hit,Left,337.119,801.2119,44.04617,Car4-Detailed
1742692461287,20.0033,918,Eye Hit,Right,335.9917,801.2119,44.04616,Car4-Detailed
1742692461287,20.0033,918,Eye Hit,Center,336.5554,801.2119,44.04617,Car4-Detailed
1742692461317,20.04742,919,Eye Hit,Left,338.7306,802.4741,44.08675,Car4-Detailed
1742692461317,20.04742,919,Eye Hit,Right,337.6043,802.4741,44.08675,Car4-Detailed
1742692461317,20.04742,919,Eye Hit,Center,338.1674,802.4741,44.08675,Car4-Detailed
1742692461357,20.07664,920,Eye Hit,Left,341.0452,804.1319,44.14465,Car4-Detailed
1742692461357,20.07664,920,Eye Hit,Right,339.9204,804.1319,44.14465,Car4-Detailed
1742692461357,20.07664,920,Eye Hit,Center,340.4828,804.1319,44.14465,Car4-Detailed
1742692461398,20.11723,921,Eye Hit,Left,354.8394,804.2668,44.49471,Car4-Detailed
1742692461398,20.11723,921,Eye Hit,Right,353.7235,804.2668,44.49471,Car4-Detailed
1742692461398,20.11723,921,Eye Hit,Center,354.2815,804.2668,44.49471,Car4-Detailed
1742692461442,20.15744,922,Eye Hit,Left,355.0853,813.7789,44.48971,Car4-Detailed
1742692461442,20.15744,922,Eye Hit,Right,353.9692,813.7789,44.48971,Car4-Detailed
1742692461442,20.15744,922,Eye Hit,Center,354.5272,813.7789,44.48972,Car4-Detailed
1742692461487,20.20058,923,Eye Hit,Left,365.7641,812.2172,44.75991,Car4-Detailed
1742692461488,20.20058,923,Eye Hit,Right,364.6548,812.2172,44.75991,Car4-Detailed
1742692461488,20.20058,923,Eye Hit,Center,365.2094,812.2172,44.75991,Car4-Detailed
1742692461531,20.2458,924,Eye Hit,Left,367.993,811.3987,44.81648,Car4-Detailed
1742692461531,20.2458,924,Eye Hit,Right,366.8851,811.3987,44.81647,Car4-Detailed
1742692461531,20.2458,924,Eye Hit,Center,367.439,811.3987,44.81647,Car4-Detailed
1742692461567,20.29012,925,Eye Hit,Left,368.4221,819.007,44.81468,Car4-Detailed
1742692461567,20.29012,925,Eye Hit,Right,367.3141,819.007,44.81468,Car4-Detailed
1742692461567,20.29012,925,Eye Hit,Center,367.8681,819.007,44.81468,Car4-Detailed
1742692461607,20.32494,926,Eye Hit,Left,368.0899,820.7,44.80314,Car4-Detailed
1742692461607,20.32494,926,Eye Hit,Right,366.9817,820.7,44.80314,Car4-Detailed
1742692461607,20.32494,926,Eye Hit,Center,367.5358,820.7,44.80314,Car4-Detailed
1742692461648,20.36507,927,Eye Hit,Left,356.9985,819.0717,44.52961,Car4-Detailed
1742692461648,20.36507,927,Eye Hit,Right,355.8834,819.0717,44.52961,Car4-Detailed
1742692461648,20.36507,927,Eye Hit,Center,356.441,819.0717,44.52961,Car4-Detailed
1742692461692,20.40836,928,Eye Hit,Left,355.9348,820.193,44.50097,Car4-Detailed
1742692461692,20.40836,928,Eye Hit,Right,354.819,820.193,44.50097,Car4-Detailed
1742692461692,20.40836,928,Eye Hit,Center,355.377,820.193,44.50097,Car4-Detailed
1742692461734,20.45147,929,Eye Hit,Left,358.5196,819.9765,44.56643,Car4-Detailed
1742692461734,20.45147,929,Eye Hit,Right,357.4055,819.9765,44.56643,Car4-Detailed
1742692461734,20.45147,929,Eye Hit,Center,357.9625,819.9765,44.56643,Car4-Detailed
1742692461777,20.49342,930,Eye Hit,Left,358.7102,823.7779,44.56363,Car4-Detailed
1742692461777,20.49342,930,Eye Hit,Right,357.5959,823.7779,44.56363,Car4-Detailed
1742692461777,20.49342,930,Eye Hit,Center,358.153,823.7779,44.56364,Car4-Detailed
1742692461820,20.53555,931,Eye Hit,Left,427.7147,823.544,46.21677,Car4-Detailed
1742692461820,20.53555,931,Eye Hit,Right,426.6403,823.544,46.21677,Car4-Detailed
1742692461820,20.53555,931,Eye Hit,Center,427.1775,823.544,46.21677,Car4-Detailed
1742692461862,20.57916,932,Eye Hit,Left,470.9814,828.2904,47.1386,Car4-Detailed
1742692461862,20.57916,932,Eye Hit,Right,469.928,828.2904,47.1386,Car4-Detailed
1742692461862,20.57916,932,Eye Hit,Center,470.4547,828.2904,47.1386,Car4-Detailed
1742692461899,20.62079,933,Eye Hit,Left,462.7986,828.1396,46.97037,Car4-Detailed
1742692461899,20.62079,933,Eye Hit,Right,461.7415,828.1396,46.97036,Car4-Detailed
1742692461899,20.62079,933,Eye Hit,Center,462.2701,828.1396,46.97036,Car4-Detailed
1742692461940,20.65714,934,Eye Hit,Left,451.8363,834.9527,46.71748,Car4-Detailed
1742692461940,20.65714,934,Eye Hit,Right,450.7735,834.9527,46.71748,Car4-Detailed
1742692461940,20.65714,934,Eye Hit,Center,451.3049,834.9527,46.71748,Car4-Detailed
1742692461980,20.69876,935,Eye Hit,Left,461.1228,842.0155,46.88778,Car4-Detailed
1742692461980,20.69876,935,Eye Hit,Right,460.0638,842.0155,46.88778,Car4-Detailed
1742692461980,20.69876,935,Eye Hit,Center,460.5933,842.0155,46.88778,Car4-Detailed
1742692462024,20.73938,936,Eye Hit,Left,495.3001,839.5945,47.58002,Car4-Detailed
1742692462024,20.73938,936,Eye Hit,Right,494.2566,839.5945,47.58002,Car4-Detailed
1742692462024,20.73938,936,Eye Hit,Center,494.7784,839.5945,47.58002,Car4-Detailed
1742692462052,20.78287,937,Eye Hit,Left,470.0497,841.4164,47.0743,Car4-Detailed
1742692462052,20.78287,937,Eye Hit,Right,468.9949,841.4164,47.0743,Car4-Detailed
1742692462052,20.78287,937,Eye Hit,Center,469.5223,841.4164,47.0743,Car4-Detailed
1742692462093,20.81069,938,Eye Hit,Left,473.9395,838.8632,47.16322,Car4-Detailed
1742692462093,20.81069,938,Eye Hit,Right,472.8867,838.8632,47.16322,Car4-Detailed
1742692462093,20.81069,938,Eye Hit,Center,473.4131,838.8632,47.16322,Car4-Detailed
1742692462136,20.85178,939,Eye Hit,Left,481.5021,834.8942,47.32915,Car4-Detailed
1742692462137,20.85178,939,Eye Hit,Right,480.453,834.8942,47.32914,Car4-Detailed
1742692462137,20.85178,939,Eye Hit,Center,480.9776,834.8942,47.32914,Car4-Detailed
1742692462180,20.89558,940,Eye Hit,Left,488.9007,835.59,47.47159,Car4-Detailed
1742692462180,20.89558,940,Eye Hit,Right,487.8547,835.59,47.47159,Car4-Detailed
1742692462180,20.89558,940,Eye Hit,Center,488.3777,835.59,47.47159,Car4-Detailed
1742692462221,20.93926,941,Eye Hit,Left,512.7519,837.0482,47.91031,Car4-Detailed
1742692462221,20.93926,941,Eye Hit,Right,511.7155,837.0482,47.91031,Car4-Detailed
1742692462221,20.93926,941,Eye Hit,Center,512.2337,837.0482,47.91031,Car4-Detailed
1742692462263,20.98084,942,Eye Hit,Left,521.5558,840.558,48.05042,Car4-Detailed
1742692462263,20.98084,942,Eye Hit,Right,520.5225,840.558,48.05042,Car4-Detailed
1742692462263,20.98084,942,Eye Hit,Center,521.0391,840.558,48.05042,Car4-Detailed
1742692462305,21.02181,943,Eye Hit,Left,531.6021,852.8935,48.16018,Car4-Detailed
1742692462305,21.02181,943,Eye Hit,Right,530.571,852.8935,48.16018,Car4-Detailed
1742692462305,21.02181,943,Eye Hit,Center,531.0865,852.8935,48.16019,Car4-Detailed
1742692462347,21.0645,944,Eye Hit,Left,559.5792,850.9934,48.60319,Car4-Detailed
1742692462347,21.0645,944,Eye Hit,Right,558.5576,850.9934,48.60319,Car4-Detailed
1742692462347,21.0645,944,Eye Hit,Center,559.0685,850.9934,48.60318,Car4-Detailed
1742692462387,21.10585,945,Eye Hit,Left,470.4917,773.1642,47.16387,NorthSidewalk
1742692462387,21.10585,945,Eye Hit,Right,469.4389,773.1642,47.16386,NorthSidewalk
1742692462387,21.10585,945,Eye Hit,Center,469.9653,773.1642,47.16386,NorthSidewalk
1742692462431,21.14557,946,Eye Hit,Left,317.3979,862.0603,43.3788,NW_Tree_50
1742692462431,21.14557,946,Eye Hit,Right,316.2532,862.0603,43.3788,NW_Tree_50
1742692462431,21.14557,946,Eye Hit,Center,316.8255,862.0603,43.3788,NW_Tree_50
1742692462474,21.18912,947,,Left,286.66,862.0726,42.57949,
1742692462474,21.18912,947,,Right,285.4939,862.0726,42.57949,
1742692462474,21.18912,947,,Center,286.0769,862.0726,42.57949,
1742692462518,21.23341,948,Eye Hit,Left,269.4111,819.6836,42.24792,SW_Tree_10
1742692462518,21.23341,948,Eye Hit,Right,268.2357,819.6836,42.24792,SW_Tree_10
1742692462518,21.23341,948,Eye Hit,Center,268.8234,819.6836,42.24792,SW_Tree_10
1742692462554,21.27835,949,Eye Hit,Left,262.6583,797.1262,42.09061,SW_Tree_10
1742692462554,21.27835,949,Eye Hit,Right,261.4786,797.1262,42.09061,SW_Tree_10
1742692462554,21.27835,949,Eye Hit,Center,262.0684,797.1262,42.09061,SW_Tree_10
1742692462596,21.31247,950,Eye Hit,Left,274.5016,799.4469,42.40613,MicroBus1-Detailed
1742692462596,21.31247,950,Eye Hit,Right,273.3307,799.4469,42.40613,MicroBus1-Detailed
1742692462596,21.31247,950,Eye Hit,Center,273.9162,799.4469,42.40614,MicroBus1-Detailed
1742692462639,21.35458,951,Eye Hit,Left,274.2495,795.1932,42.40082,SW_Tree_10
1742692462639,21.35458,951,Eye Hit,Right,273.0785,795.1932,42.40082,SW_Tree_10
1742692462639,21.35458,951,Eye Hit,Center,273.6639,795.1932,42.40082,SW_Tree_10
1742692462678,21.39779,952,Eye Hit,Left,279.2454,794.2289,42.53387,MicroBus1-Detailed
1742692462678,21.39779,952,Eye Hit,Right,278.0779,794.2289,42.53387,MicroBus1-Detailed
1742692462678,21.39779,952,Eye Hit,Center,278.6617,794.2289,42.53387,MicroBus1-Detailed
1742692462721,21.43583,953,Eye Hit,Left,276.9777,791.1457,42.47409,SW_Tree_10
1742692462721,21.43583,953,Eye Hit,Right,275.8087,791.1457,42.47409,SW_Tree_10
1742692462721,21.43583,953,Eye Hit,Center,276.3932,791.1457,42.47409,SW_Tree_10
1742692462764,21.4796,954,Eye Hit,Left,279.0378,792.0003,42.52908,Jeep3-Detailed
1742692462764,21.4796,954,Eye Hit,Right,277.8703,792.0003,42.52908,Jeep3-Detailed
1742692462764,21.4796,954,Eye Hit,Center,278.4541,792.0003,42.52908,Jeep3-Detailed
1742692462803,21.52237,955,Eye Hit,Left,278.7242,790.5925,42.52067,Sedan3-Detailed
1742692462803,21.52237,955,Eye Hit,Right,277.5565,790.5925,42.52066,Sedan3-Detailed
1742692462803,21.52237,955,Eye Hit,Center,278.1403,790.5925,42.52066,Sedan3-Detailed
1742692462844,21.56203,956,Eye Hit,Left,285.6018,793.2225,42.70317,Jeep3-Detailed
1742692462844,21.56203,956,Eye Hit,Right,284.439,793.2225,42.70317,Jeep3-Detailed
1742692462844,21.56203,956,Eye Hit,Center,285.0202,793.2225,42.70317,Jeep3-Detailed
1742692462873,21.60209,957,Eye Hit,Left,289.2119,808.6391,42.7906,Jeep3-Detailed
1742692462873,21.60209,957,Eye Hit,Right,288.0516,808.6391,42.7906,Jeep3-Detailed
1742692462873,21.60209,957,Eye Hit,Center,288.6318,808.6391,42.7906,Jeep3-Detailed
1742692462916,21.63069,958,Eye Hit,Left,291.1631,808.9381,42.84175,Jeep3-Detailed
1742692462916,21.63069,958,Eye Hit,Right,290.0041,808.9381,42.84175,Jeep3-Detailed
1742692462916,21.63069,958,Eye Hit,Center,290.5836,808.9381,42.84175,Jeep3-Detailed
1742692462944,21.67649,959,Eye Hit,Left,294.0497,811.5733,42.9151,Jeep3-Detailed
1742692462944,21.67649,959,Eye Hit,Right,292.8928,811.5733,42.9151,Jeep3-Detailed
1742692462944,21.67649,959,Eye Hit,Center,293.4713,811.5733,42.91511,Jeep3-Detailed
1742692462983,21.70163,960,Eye Hit,Left,293.2728,812.6342,42.89342,Jeep3-Detailed
1742692462983,21.70163,960,Eye Hit,Right,292.1152,812.6342,42.89342,Jeep3-Detailed
1742692462983,21.70163,960,Eye Hit,Center,292.694,812.6342,42.89343,Jeep3-Detailed
1742692463028,21.74241,961,Eye Hit,Left,292.1866,812.6399,42.86481,Jeep3-Detailed
1742692463028,21.74241,961,Eye Hit,Right,291.0283,812.6399,42.86481,Jeep3-Detailed
1742692463028,21.74241,961,Eye Hit,Center,291.6075,812.6399,42.86481,Jeep3-Detailed
1742692463056,21.78765,962,Eye Hit,Left,294.0664,811.031,42.91658,Jeep3-Detailed
1742692463056,21.78765,962,Eye Hit,Right,292.9094,811.031,42.91658,Jeep3-Detailed
1742692463056,21.78765,962,Eye Hit,Center,293.4879,811.031,42.91658,Jeep3-Detailed
1742692463096,21.81538,963,Eye Hit,Left,288.7322,808.1763,42.77886,Sedan3-Detailed
1742692463096,21.81538,963,Eye Hit,Right,287.5716,808.1763,42.77886,Sedan3-Detailed
1742692463096,21.81538,963,Eye Hit,Center,288.1519,808.1763,42.77885,Sedan3-Detailed
1742692463140,21.85395,964,Eye Hit,Left,287.8145,807.9136,42.75494,Sedan3-Detailed
1742692463140,21.85395,964,Eye Hit,Right,286.6531,807.9136,42.75494,Sedan3-Detailed
1742692463140,21.85395,964,Eye Hit,Center,287.2338,807.9136,42.75494,Sedan3-Detailed
1742692463169,21.89933,965,Eye Hit,Left,291.3697,812.5025,42.84406,Jeep3-Detailed
1742692463169,21.89933,965,Eye Hit,Right,290.2107,812.5025,42.84406,Jeep3-Detailed
1742692463169,21.89933,965,Eye Hit,Center,290.7902,812.5025,42.84406,Jeep3-Detailed
1742692463205,21.92603,966,Eye Hit,Left,290.6025,812.399,42.8239,Sedan3-Detailed
1742692463205,21.92603,966,Eye Hit,Right,289.443,812.399,42.8239,Sedan3-Detailed
1742692463205,21.92603,966,Eye Hit,Center,290.0228,812.399,42.8239,Sedan3-Detailed
1742692463249,21.96403,967,,Left,299.9913,824.2438,43.05206,
1742692463249,21.96403,967,,Right,298.838,824.2438,43.05207,
1742692463249,21.96403,967,,Center,299.4146,824.2438,43.05206,
1742692463279,22.00837,968,Eye Hit,Left,295.6784,821.7515,42.94339,Jeep3-Detailed
1742692463279,22.00837,968,Eye Hit,Right,294.5222,821.7515,42.94339,Jeep3-Detailed
1742692463279,22.00837,968,Eye Hit,Center,295.1004,821.7515,42.94339,Jeep3-Detailed
1742692463322,22.03857,969,Eye Hit,Left,296.9273,821.0551,42.97754,Jeep3-Detailed
1742692463322,22.03857,969,Eye Hit,Right,295.7719,821.0551,42.97755,Jeep3-Detailed
1742692463322,22.03857,969,Eye Hit,Center,296.3495,821.0551,42.97754,Jeep3-Detailed
1742692463347,22.08117,970,Eye Hit,Left,293.2903,816.6193,42.88906,Jeep3-Detailed
1742692463347,22.08117,970,Eye Hit,Right,292.1325,816.6193,42.88906,Jeep3-Detailed
1742692463347,22.08117,970,Eye Hit,Center,292.7114,816.6193,42.88906,Jeep3-Detailed
1742692463375,22.10668,971,Eye Hit,Left,292.7718,816.951,42.87487,Jeep3-Detailed
1742692463375,22.10668,971,Eye Hit,Right,291.6137,816.951,42.87487,Jeep3-Detailed
1742692463375,22.10668,971,Eye Hit,Center,292.1928,816.951,42.87487,Jeep3-Detailed
1742692463415,22.13228,972,Eye Hit,Left,299.0663,819.0726,43.03743,Jeep3-Detailed
1742692463415,22.13228,972,Eye Hit,Right,297.9126,819.0726,43.03743,Jeep3-Detailed
1742692463415,22.13228,972,Eye Hit,Center,298.4894,819.0726,43.03743,Jeep3-Detailed
1742692463460,22.17427,973,Eye Hit,Left,302.0214,822.2363,43.10946,Jeep3-Detailed
1742692463460,22.17427,973,Eye Hit,Right,300.8696,822.2363,43.10946,Jeep3-Detailed
1742692463460,22.17427,973,Eye Hit,Center,301.4455,822.2363,43.10946,Jeep3-Detailed
1742692463487,22.21916,974,Eye Hit,Left,305.5219,817.0157,43.21033,Jeep3-Detailed
1742692463487,22.21916,974,Eye Hit,Right,304.3728,817.0157,43.21033,Jeep3-Detailed
1742692463487,22.21916,974,Eye Hit,Center,304.9473,817.0157,43.21033,Jeep3-Detailed
1742692463527,22.24586,975,Eye Hit,Left,571.2869,690.3531,48.46147,RoadWest
1742692463527,22.24586,975,Eye Hit,Right,570.2623,690.3531,48.46147,RoadWest
1742692463527,22.24586,975,Eye Hit,Center,570.7747,690.3531,48.46147,RoadWest
1742692463569,22.28666,976,Eye Hit,Left,627.9783,669.9576,48.87386,RoadWest
1742692463569,22.28666,976,Eye Hit,Right,626.9623,669.9576,48.87386,RoadWest
1742692463569,22.28666,976,Eye Hit,Center,627.4703,669.9576,48.87386,RoadWest
1742692463611,22.32814,977,Eye Hit,Left,627.0177,671.1766,48.87925,RoadWest
1742692463611,22.32814,977,Eye Hit,Right,626.0019,671.1766,48.87925,RoadWest
1742692463611,22.32814,977,Eye Hit,Center,626.5098,671.1766,48.87925,RoadWest
1742692463654,22.37057,978,Eye Hit,Left,301.706,813.1481,43.11602,Sedan3-Detailed
1742692463654,22.37057,978,Eye Hit,Right,300.5544,813.1481,43.11602,Sedan3-Detailed
1742692463654,22.37057,978,Eye Hit,Center,301.1302,813.1481,43.11602,Sedan3-Detailed
1742692463694,22.41349,979,Eye Hit,Left,294.1457,822.2856,42.90229,Jeep3-Detailed
1742692463694,22.41349,979,Eye Hit,Right,292.9884,822.2856,42.90229,Jeep3-Detailed
1742692463694,22.41349,979,Eye Hit,Center,293.567,822.2856,42.90229,Jeep3-Detailed
1742692463735,22.45353,980,Eye Hit,Left,294.2248,820.8879,42.90685,Jeep3-Detailed
1742692463735,22.45353,980,Eye Hit,Right,293.0676,820.8879,42.90685,Jeep3-Detailed
1742692463735,22.45353,980,Eye Hit,Center,293.6462,820.8879,42.90685,Jeep3-Detailed
1742692463777,22.49389,981,Eye Hit,Left,294.45,822.2771,42.91018,Jeep3-Detailed
1742692463777,22.49389,981,Eye Hit,Right,293.2928,822.2771,42.91018,Jeep3-Detailed
1742692463777,22.49389,981,Eye Hit,Center,293.8714,822.2771,42.91018,Jeep3-Detailed
1742692463818,22.53625,982,Eye Hit,Left,295.4501,817.2487,42.94513,Sedan3-Detailed
1742692463818,22.53625,982,Eye Hit,Right,294.2939,817.2487,42.94513,Sedan3-Detailed
1742692463818,22.53625,982,Eye Hit,Center,294.872,817.2487,42.94513,Sedan3-Detailed
1742692463864,22.57755,983,Eye Hit,Left,295.3377,812.5798,42.94875,Sedan3-Detailed
1742692463864,22.57755,983,Eye Hit,Right,294.1815,812.5798,42.94875,Sedan3-Detailed
1742692463864,22.57755,983,Eye Hit,Center,294.7596,812.5798,42.94875,Sedan3-Detailed
1742692463903,22.62388,984,Eye Hit,Left,295.4246,812.6011,42.95094,Sedan3-Detailed
1742692463904,22.62388,984,Eye Hit,Right,294.2686,812.6011,42.95094,Sedan3-Detailed
1742692463904,22.62388,984,Eye Hit,Center,294.8465,812.6011,42.95094,Sedan3-Detailed
1742692463943,22.66237,985,Eye Hit,Left,284.5329,811.2023,42.66498,Sedan3-Detailed
1742692463943,22.66237,985,Eye Hit,Right,283.3691,811.2023,42.66498,Sedan3-Detailed
1742692463943,22.66237,985,Eye Hit,Center,283.951,811.2023,42.66498,Sedan3-Detailed
1742692463985,22.7026,986,Eye Hit,Left,257.759,808.2903,41.9563,Sedan3-Detailed
1742692463985,22.7026,986,Eye Hit,Right,256.5756,808.2903,41.95629,Sedan3-Detailed
1742692463985,22.7026,986,Eye Hit,Center,257.1673,808.2903,41.9563,Sedan3-Detailed
1742692464029,22.74552,987,Eye Hit,Left,229.9887,809.2043,41.2116,Sedan3-Detailed
1742692464030,22.74552,987,Eye Hit,Right,228.7838,809.2043,41.2116,Sedan3-Detailed
1742692464030,22.74552,987,Eye Hit,Center,229.3863,809.2043,41.2116,Sedan3-Detailed
1742692464071,22.78942,988,Eye Hit,Left,408.5259,889.1952,45.46343,NW_Tree_30
1742692464071,22.78942,988,Eye Hit,Right,407.4337,889.1952,45.46343,NW_Tree_30
1742692464071,22.78942,988,Eye Hit,Center,407.9798,889.1952,45.46343,NW_Tree_30
1742692464112,22.83089,989,Eye Hit,Left,759.9754,879.4493,49.53848,Jeep2-Detailed
1742692464112,22.83089,989,Eye Hit,Right,758.9731,879.4493,49.53848,Jeep2-Detailed
1742692464112,22.83089,989,Eye Hit,Center,759.4742,879.4493,49.53849,Jeep2-Detailed
1742692464152,22.8712,990,Eye Hit,Left,783.9787,879.459,49.42149,Jeep2-Detailed
1742692464152,22.8712,990,Eye Hit,Right,782.9741,879.459,49.42149,Jeep2-Detailed
1742692464152,22.8712,990,Eye Hit,Center,783.4764,879.459,49.42149,Jeep2-Detailed
1742692464195,22.91254,991,Eye Hit,Left,799.6362,874.5446,49.3555,Jeep2-Detailed
1742692464195,22.91254,991,Eye Hit,Right,798.6302,874.5446,49.3555,Jeep2-Detailed
1742692464195,22.91254,991,Eye Hit,Center,799.1332,874.5446,49.3555,Jeep2-Detailed
1742692464236,22.95394,992,Eye Hit,Left,793.0809,872.9399,49.4144,Jeep2-Detailed
1742692464236,22.95394,992,Eye Hit,Right,792.076,872.9399,49.41439,Jeep2-Detailed
1742692464236,22.95394,992,Eye Hit,Center,792.5784,872.9399,49.4144,Jeep2-Detailed
1742692464280,22.99524,993,Eye Hit,Left,769.5057,864.3218,49.61285,Jeep2-Detailed
1742692464280,22.99524,993,Eye Hit,Right,768.505,864.3218,49.61285,Jeep2-Detailed
1742692464280,22.99524,993,Eye Hit,Center,769.0054,864.3218,49.61285,Jeep2-Detailed
1742692464319,23.03961,994,Eye Hit,Left,762.2133,865.0199,49.63933,Jeep2-Detailed
1742692464319,23.03961,994,Eye Hit,Right,761.213,865.0199,49.63933,Jeep2-Detailed
1742692464319,23.03961,994,Eye Hit,Center,761.7131,865.0199,49.63933,Jeep2-Detailed
1742692464362,23.07834,995,Eye Hit,Left,760.3959,864.6353,49.64894,Jeep2-Detailed
1742692464362,23.07834,995,Eye Hit,Right,759.3959,864.6353,49.64894,Jeep2-Detailed
1742692464362,23.07834,995,Eye Hit,Center,759.8958,864.6353,49.64894,Jeep2-Detailed
1742692464404,23.11997,996,Eye Hit,Left,757.3668,860.3282,49.68922,Jeep2-Detailed
1742692464404,23.11997,996,Eye Hit,Right,756.3675,860.3282,49.68923,Jeep2-Detailed
1742692464404,23.11997,996,Eye Hit,Center,756.8672,860.3282,49.68922,Jeep2-Detailed
1742692464444,23.16494,997,Eye Hit,Left,747.4128,856.8445,49.74218,Jeep2-Detailed
1742692464444,23.16494,997,Eye Hit,Right,746.4146,856.8445,49.74218,Jeep2-Detailed
1742692464444,23.16494,997,Eye Hit,Center,746.9137,856.8445,49.74218,Jeep2-Detailed
1742692464486,23.20469,998,Eye Hit,Left,741.764,855.1009,49.76635,Jeep2-Detailed
1742692464486,23.20469,998,Eye Hit,Right,740.7663,855.1009,49.76635,Jeep2-Detailed
1742692464486,23.20469,998,Eye Hit,Center,741.2651,855.1009,49.76635,Jeep2-Detailed
1742692464514,23.2473,999,Eye Hit,Left,728.6792,856.8857,49.77399,Jeep2-Detailed
1742692464514,23.2473,999,Eye Hit,Right,727.6817,856.8857,49.774,Jeep2-Detailed
1742692464514,23.2473,999,Eye Hit,Center,728.1805,856.8857,49.77399,Jeep2-Detailed
1742692464556,23.2739,1000,Eye Hit,Left,727.1607,859.1245,49.76093,Jeep2-Detailed
1742692464556,23.2739,1000,Eye Hit,Right,726.1629,859.1245,49.76093,Jeep2-Detailed
1742692464556,23.2739,1000,Eye Hit,Center,726.6619,859.1245,49.76093,Jeep2-Detailed
1742692464598,23.31516,1001,Eye Hit,Left,722.8144,859.1667,49.76252,Jeep2-Detailed
1742692464598,23.31516,1001,Eye Hit,Right,721.8166,859.1667,49.76252,Jeep2-Detailed
1742692464598,23.31516,1001,Eye Hit,Center,722.3154,859.1667,49.76252,Jeep2-Detailed
1742692464640,23.35685,1002,Eye Hit,Left,718.5063,858.1536,49.76901,Jeep2-Detailed
1742692464641,23.35685,1002,Eye Hit,Right,717.5086,858.1536,49.769,Jeep2-Detailed
1742692464641,23.35685,1002,Eye Hit,Center,718.0075,858.1536,49.769,Jeep2-Detailed
1742692464684,23.3999,1003,Eye Hit,Left,694.7079,843.1408,49.82212,Jeep2-Detailed
1742692464684,23.3999,1003,Eye Hit,Right,693.7112,843.1408,49.82211,Jeep2-Detailed
1742692464684,23.3999,1003,Eye Hit,Center,694.2095,843.1408,49.82211,Jeep2-Detailed
1742692464727,23.44481,1004,,Left,686.385,837.3665,49.82513,
1742692464727,23.44481,1004,,Right,685.3884,837.3665,49.82513,
1742692464727,23.44481,1004,,Center,685.8867,837.3665,49.82513,
1742692464767,23.48615,1005,,Left,821.5673,929.6627,48.61473,
1742692464767,23.48615,1005,,Right,820.546,929.6627,48.61473,
1742692464767,23.48615,1005,,Center,821.0566,929.6627,48.61473,
1742692464808,23.52671,1006,,Left,945.2086,928.8204,46.90908,
1742692464808,23.52671,1006,,Right,944.1501,928.8204,46.90908,
1742692464808,23.52671,1006,,Center,944.6793,928.8204,46.90908,
1742692464850,23.56758,1007,,Left,1053.706,913.1243,44.78329,
1742692464850,23.56758,1007,,Right,1052.597,913.1243,44.78329,
1742692464850,23.56758,1007,,Center,1053.151,913.1243,44.78329,
1742692464891,23.61009,1008,,Left,1063.633,899.5235,44.65779,
1742692464891,23.61009,1008,,Right,1062.521,899.5235,44.65779,
1742692464891,23.61009,1008,,Center,1063.077,899.5235,44.65779,
1742692464933,23.65003,1009,,Left,1063.772,902.0933,44.63517,
1742692464933,23.65003,1009,,Right,1062.659,902.0933,44.63517,
1742692464933,23.65003,1009,,Center,1063.215,902.0933,44.63516,
1742692464963,23.69172,1010,,Left,1050.448,900.4324,44.96332,
1742692464963,23.69172,1010,,Right,1049.344,900.4324,44.96333,
1742692464963,23.69172,1010,,Center,1049.896,900.4324,44.96332,
1742692465003,23.72175,1011,,Left,1050.547,906.7451,44.91093,
1742692465003,23.72175,1011,,Right,1049.441,906.7451,44.91094,
1742692465003,23.72175,1011,,Center,1049.994,906.7451,44.91094,
1742692465032,23.76229,1012,Eye Hit,Left,1047.727,910.4309,44.94568,NorthWalkingPole
1742692465032,23.76229,1012,Eye Hit,Right,1046.622,910.4309,44.94568,NorthWalkingPole
1742692465032,23.76229,1012,Eye Hit,Center,1047.174,910.4309,44.94568,NorthWalkingPole
1742692465074,23.7913,1013,Eye Hit,Left,1054.468,911.5491,44.77919,NorthWalkingPole
1742692465074,23.7913,1013,Eye Hit,Right,1053.359,911.5491,44.77918,NorthWalkingPole
1742692465074,23.7913,1013,Eye Hit,Center,1053.913,911.5491,44.77919,NorthWalkingPole
1742692465116,23.83345,1014,Eye Hit,Left,1047.078,910.6702,44.95864,NorthWalkingPole
1742692465116,23.83345,1014,Eye Hit,Right,1045.974,910.6702,44.95864,NorthWalkingPole
1742692465116,23.83345,1014,Eye Hit,Center,1046.526,910.6702,44.95865,NorthWalkingPole
1742692465159,23.87595,1015,Eye Hit,Left,1041.525,905.8523,45.12716,NorthWalkingPole
1742692465159,23.87595,1015,Eye Hit,Right,1040.424,905.8523,45.12716,NorthWalkingPole
1742692465159,23.87595,1015,Eye Hit,Center,1040.974,905.8523,45.12716,NorthWalkingPole
1742692465200,23.91821,1016,Eye Hit,Left,1023.786,900.8032,45.5718,NorthWalkingPole
1742692465200,23.91821,1016,Eye Hit,Right,1022.697,900.8032,45.57181,NorthWalkingPole
1742692465200,23.91821,1016,Eye Hit,Center,1023.241,900.8032,45.5718,NorthWalkingPole
1742692465241,23.9586,1017,Eye Hit,Left,1002.328,888.8148,46.13834,NorthWalkingPole
1742692465241,23.9586,1017,Eye Hit,Right,1001.252,888.8148,46.13834,NorthWalkingPole
1742692465241,23.9586,1017,Eye Hit,Center,1001.79,888.8148,46.13834,NorthWalkingPole
1742692465283,24.00067,1018,,Left,975.7488,882.022,46.74736,
1742692465283,24.00067,1018,,Right,974.6866,882.022,46.74736,
1742692465283,24.00067,1018,,Center,975.2177,882.022,46.74736,
1742692465325,24.04178,1019,,Left,947.0239,875.9135,47.35526,
1742692465325,24.04178,1019,,Right,945.9753,875.9135,47.35526,
1742692465325,24.04178,1019,,Center,946.4996,875.9135,47.35526,
1742692465368,24.08385,1020,,Left,943.5615,871.9203,47.44843,
1742692465368,24.08385,1020,,Right,942.515,871.9203,47.44843,
1742692465368,24.08385,1020,,Center,943.0383,871.9203,47.44843,
1742692465408,24.12659,1021,,Left,962.8456,873.6911,47.06679,
1742692465409,24.12659,1021,,Right,961.7907,873.6911,47.06679,
1742692465409,24.12659,1021,,Center,962.3182,873.6911,47.06678,
1742692465450,24.1672,1022,Eye Hit,Left,989.0436,898.5435,46.34648,NorthWalkingSignal
1742692465450,24.1672,1022,Eye Hit,Right,987.9722,898.5435,46.34648,NorthWalkingSignal
1742692465450,24.1672,1022,Eye Hit,Center,988.5079,898.5435,46.34648,NorthWalkingSignal
1742692465490,24.20941,1023,Eye Hit,Left,980.9438,905.8536,46.45087,NorthWalkingSignal
1742692465490,24.20941,1023,Eye Hit,Right,979.8749,905.8536,46.45087,NorthWalkingSignal
1742692465490,24.20941,1023,Eye Hit,Center,980.4094,905.8536,46.45087,NorthWalkingSignal
1742692465532,24.24898,1024,Eye Hit,Left,986.5932,902.6453,46.36251,NorthWalkingSignal
1742692465532,24.24898,1024,Eye Hit,Right,985.5222,902.6453,46.36251,NorthWalkingSignal
1742692465532,24.24898,1024,Eye Hit,Center,986.0577,902.6453,46.3625,NorthWalkingSignal
1742692465560,24.29069,1025,Eye Hit,Left,986.0829,895.7482,46.43061,NorthWalkingSignal
1742692465560,24.29069,1025,Eye Hit,Right,985.0134,895.7482,46.43061,NorthWalkingSignal
1742692465560,24.29069,1025,Eye Hit,Center,985.5482,895.7484,46.43061,NorthWalkingSignal
1742692465602,24.31857,1026,Eye Hit,Left,996.5767,897.5707,46.19469,NorthWalkingSignal
1742692465602,24.31857,1026,Eye Hit,Right,995.5018,897.5707,46.19469,NorthWalkingSignal
1742692465602,24.31857,1026,Eye Hit,Center,996.0393,897.5706,46.19469,NorthWalkingSignal
1742692465645,24.36087,1027,Eye Hit,Left,992.901,907.8782,46.18374,NorthWalkingSignal
1742692465645,24.36087,1027,Eye Hit,Right,991.8259,907.8782,46.18374,NorthWalkingSignal
1742692465645,24.36087,1027,Eye Hit,Center,992.3634,907.8782,46.18374,NorthWalkingSignal
1742692465687,24.40553,1028,Eye Hit,Left,995.7799,909.8394,46.10547,NorthWalkingSignal
1742692465687,24.40553,1028,Eye Hit,Right,994.7029,909.8394,46.10547,NorthWalkingSignal
1742692465687,24.40553,1028,Eye Hit,Center,995.2414,909.8394,46.10547,NorthWalkingSignal
1742692465728,24.4479,1029,Eye Hit,Left,1001.372,910.5801,45.98005,NorthWalkingSignal
1742692465728,24.4479,1029,Eye Hit,Right,1000.292,910.5801,45.98005,NorthWalkingSignal
1742692465728,24.4479,1029,Eye Hit,Center,1000.832,910.5801,45.98005,NorthWalkingSignal
1742692465773,24.48764,1030,Eye Hit,Left,1004.225,905.5867,45.96304,NorthWalkingSignal
1742692465773,24.48764,1030,Eye Hit,Right,1003.144,905.5867,45.96304,NorthWalkingSignal
1742692465773,24.48764,1030,Eye Hit,Center,1003.684,905.5867,45.96304,NorthWalkingSignal
1742692465816,24.53242,1031,Eye Hit,Left,1002.174,902.4775,46.03372,NorthWalkingSignal
1742692465816,24.53242,1031,Eye Hit,Right,1001.095,902.4775,46.03372,NorthWalkingSignal
1742692465816,24.53242,1031,Eye Hit,Center,1001.635,902.4775,46.03372,NorthWalkingSignal
1742692465853,24.57647,1032,Eye Hit,Left,1001.502,908.4669,45.99601,NorthWalkingSignal
1742692465853,24.57647,1032,Eye Hit,Right,1000.422,908.4669,45.99601,NorthWalkingSignal
1742692465853,24.57647,1032,Eye Hit,Center,1000.962,908.4669,45.99601,NorthWalkingSignal
1742692465894,24.61233,1033,Eye Hit,Left,995.6698,914.8876,46.06084,NorthWalkingSignal
1742692465894,24.61233,1033,Eye Hit,Right,994.5918,914.8876,46.06084,NorthWalkingSignal
1742692465894,24.61233,1033,Eye Hit,Center,995.1308,914.8876,46.06084,NorthWalkingSignal
1742692465937,24.65306,1034,Eye Hit,Left,995.4259,910.5162,46.10625,NorthWalkingSignal
1742692465937,24.65306,1034,Eye Hit,Right,994.3489,910.5162,46.10625,NorthWalkingSignal
1742692465937,24.65306,1034,Eye Hit,Center,994.8874,910.5162,46.10625,NorthWalkingSignal
1742692465978,24.69659,1035,Eye Hit,Left,992.5169,912.1501,46.15208,NorthWalkingSignal
1742692465979,24.69659,1035,Eye Hit,Right,991.441,912.1501,46.15208,NorthWalkingSignal
1742692465979,24.69659,1035,Eye Hit,Center,991.9789,912.1501,46.15208,NorthWalkingSignal
1742692466018,24.7371,1036,Eye Hit,Left,991.551,914.3071,46.15179,NorthWalkingSignal
1742692466018,24.7371,1036,Eye Hit,Right,990.4751,914.3071,46.15179,NorthWalkingSignal
1742692466018,24.7371,1036,Eye Hit,Center,991.013,914.3071,46.15179,NorthWalkingSignal
1742692466061,24.77758,1037,Eye Hit,Left,992.3248,915.4406,46.12474,NorthWalkingSignal
1742692466061,24.77758,1037,Eye Hit,Right,991.2483,915.4406,46.12474,NorthWalkingSignal
1742692466061,24.77758,1037,Eye Hit,Center,991.7866,915.4406,46.12474,NorthWalkingSignal
1742692466100,24.82018,1038,Eye Hit,Left,993.8594,916.5346,46.0822,NorthWalkingSignal
1742692466100,24.82018,1038,Eye Hit,Right,992.7819,916.5346,46.0822,NorthWalkingSignal
1742692466100,24.82018,1038,Eye Hit,Center,993.3207,916.5346,46.0822,NorthWalkingSignal
1742692466139,24.85877,1039,Eye Hit,Left,994.2261,917.0771,46.06924,NorthWalkingSignal
1742692466139,24.85877,1039,Eye Hit,Right,993.1483,917.0771,46.06924,NorthWalkingSignal
1742692466140,24.85877,1039,Eye Hit,Center,993.6871,917.0771,46.06924,NorthWalkingSignal
1742692466185,24.89913,1040,Eye Hit,Left,994.8209,918.2656,46.04543,NorthWalkingSignal
1742692466185,24.89913,1040,Eye Hit,Right,993.7426,918.2656,46.04542,NorthWalkingSignal
1742692466185,24.89913,1040,Eye Hit,Center,994.2817,918.2656,46.04543,NorthWalkingSignal
1742692466228,24.94543,1041,Eye Hit,Left,993.119,919.4397,46.06946,NorthWalkingSignal
1742692466228,24.94543,1041,Eye Hit,Right,992.0411,919.4397,46.06946,NorthWalkingSignal
1742692466228,24.94543,1041,Eye Hit,Center,992.5801,919.4397,46.06946,NorthWalkingSignal
1742692466271,24.9869,1042,Eye Hit,Left,992.5339,918.576,46.09001,NorthWalkingSignal
1742692466271,24.9869,1042,Eye Hit,Right,991.4565,918.576,46.09001,NorthWalkingSignal
1742692466271,24.9869,1042,Eye Hit,Center,991.9952,918.576,46.09,NorthWalkingSignal
1742692466310,25.02993,1043,Eye Hit,Left,991.3267,912.7701,46.1703,NorthWalkingSignal
1742692466310,25.02993,1043,Eye Hit,Right,990.2512,912.7701,46.1703,NorthWalkingSignal
1742692466310,25.02993,1043,Eye Hit,Center,990.7891,912.7701,46.1703,NorthWalkingSignal
1742692466354,25.0693,1044,,Left,979.7406,913.7636,46.39932,
1742692466354,25.0693,1044,,Right,978.6704,913.7636,46.39932,
1742692466354,25.0693,1044,,Center,979.2055,913.7636,46.39932,
1742692466383,25.11367,1045,,Left,847.9954,966.9728,47.83681,
1742692466383,25.11367,1045,,Right,846.9574,966.9728,47.83681,
1742692466383,25.11367,1045,,Center,847.4764,966.9728,47.83681,
1742692466422,25.14167,1046,,Left,718.459,964.7607,48.58266,
1742692466422,25.14167,1046,,Right,717.437,964.7607,48.58266,
1742692466422,25.14167,1046,,Center,717.948,964.7607,48.58266,
1742692466463,25.18095,1047,,Left,578.8276,924.2219,48.24097,
1742692466463,25.18095,1047,,Right,577.7983,924.2219,48.24097,
1742692466464,25.18095,1047,,Center,578.3129,924.2219,48.24097,
1742692466506,25.22279,1048,,Left,504.5846,926.0449,47.09528,
1742692466506,25.22279,1048,,Right,503.5303,926.0449,47.09528,
1742692466506,25.22279,1048,,Center,504.0576,926.0449,47.09528,
1742692466548,25.26527,1049,,Left,440.6097,968.9307,45.35445,
1742692466548,25.26527,1049,,Right,439.5149,968.9307,45.35445,
1742692466548,25.26527,1049,,Center,440.0623,968.9307,45.35445,
1742692466590,25.30832,1050,,Left,395.0434,944.6541,44.65594,
1742692466590,25.30832,1050,,Right,393.9315,944.6541,44.65594,
1742692466590,25.30832,1050,,Center,394.4874,944.6541,44.65594,
1742692466632,25.34893,1051,,Left,380.4797,930.2401,44.46568,
1742692466632,25.34893,1051,,Right,379.3631,930.2401,44.46567,
1742692466632,25.34893,1051,,Center,379.9214,930.2401,44.46568,
1742692466675,25.39087,1052,,Left,380.0001,929.4368,44.46214,
1742692466675,25.39087,1052,,Right,378.8834,929.4368,44.46214,
1742692466675,25.39087,1052,,Center,379.4418,929.4368,44.46214,
1742692466715,25.43422,1053,,Left,378.2606,930.5002,44.41151,
1742692466715,25.43422,1053,,Right,377.1425,930.5002,44.4115,
1742692466715,25.43422,1053,,Center,377.7016,930.5002,44.4115,
1742692466756,25.47486,1054,,Left,376.1341,926.1793,44.40199,
1742692466756,25.47486,1054,,Right,375.0158,926.1793,44.40199,
1742692466756,25.47486,1054,,Center,375.5749,926.1793,44.40199,
1742692466802,25.51435,1055,,Left,375.8229,924.2184,44.41259,
1742692466802,25.51435,1055,,Right,374.7049,924.2184,44.41259,
1742692466802,25.51435,1055,,Center,375.2639,924.2184,44.41259,
1742692466843,25.56266,1056,,Left,377.1952,924.5166,44.4423,
1742692466843,25.56266,1056,,Right,376.0779,924.5166,44.4423,
1742692466843,25.56266,1056,,Center,376.6366,924.5166,44.4423,
1742692466883,25.60242,1057,,Left,390.5159,924.4567,44.7542,
1742692466883,25.60242,1057,,Right,389.4064,924.4567,44.7542,
1742692466883,25.60242,1057,,Center,389.9611,924.4567,44.7542,
1742692466924,25.64167,1058,,Left,392.6762,929.785,44.75335,
1742692466924,25.64167,1058,,Right,391.5667,929.785,44.75335,
1742692466924,25.64167,1058,,Center,392.1215,929.785,44.75335,
1742692466964,25.68305,1059,,Left,386.0135,928.6423,44.61013,
1742692466964,25.68305,1059,,Right,384.9004,928.6423,44.61013,
1742692466964,25.68305,1059,,Center,385.457,928.6423,44.61013,
1742692467004,25.72189,1060,,Left,377.0612,909.9566,44.56452,
1742692467004,25.72189,1060,,Right,375.947,909.9566,44.56452,
1742692467004,25.72189,1060,,Center,376.5041,909.9566,44.56452,
1742692467048,25.76307,1061,,Left,375.924,888.147,44.69949,
1742692467048,25.76307,1061,,Right,374.8132,888.147,44.69949,
1742692467048,25.76307,1061,,Center,375.3686,888.147,44.69949,
1742692467093,25.80823,1062,Eye Hit,Left,382.709,814.6576,45.17365,Sedan3-Detailed
1742692467093,25.80823,1062,Eye Hit,Right,381.6098,814.6576,45.17365,Sedan3-Detailed
1742692467093,25.80823,1062,Eye Hit,Center,382.1595,814.6576,45.17365,Sedan3-Detailed
1742692467134,25.85168,1063,Eye Hit,Left,381.4712,804.0313,45.15661,Sedan3-Detailed
1742692467134,25.85168,1063,Eye Hit,Right,380.3716,804.0313,45.15661,Sedan3-Detailed
1742692467134,25.85168,1063,Eye Hit,Center,380.9215,804.0313,45.15661,Sedan3-Detailed
1742692467174,25.89259,1064,Eye Hit,Left,381.7842,796.7042,45.16858,Sedan3-Detailed
1742692467174,25.89259,1064,Eye Hit,Right,380.6848,796.7042,45.16857,Sedan3-Detailed
1742692467174,25.89259,1064,Eye Hit,Center,381.2345,796.7042,45.16857,Sedan3-Detailed
1742692467214,25.932,1065,Eye Hit,Left,371.8699,797.3698,44.92464,Sedan3-Detailed
1742692467214,25.932,1065,Eye Hit,Right,370.7646,797.3698,44.92464,Sedan3-Detailed
1742692467214,25.932,1065,Eye Hit,Center,371.3173,797.3698,44.92464,Sedan3-Detailed
1742692467257,25.97327,1066,Eye Hit,Left,373.7579,807.8204,44.96424,Sedan3-Detailed
1742692467257,25.97327,1066,Eye Hit,Right,372.6536,807.8204,44.96423,Sedan3-Detailed
1742692467257,25.97327,1066,Eye Hit,Center,373.2058,807.8204,44.96424,Sedan3-Detailed
1742692467300,26.01649,1067,Eye Hit,Left,376.8372,805.9056,45.04217,Sedan3-Detailed
1742692467301,26.01649,1067,Eye Hit,Right,375.7347,805.9056,45.04217,Sedan3-Detailed
1742692467301,26.01649,1067,Eye Hit,Center,376.2859,805.9056,45.04217,Sedan3-Detailed
1742692467346,26.05976,1068,Eye Hit,Left,389.7569,803.758,45.35927,Sedan3-Detailed
1742692467346,26.05976,1068,Eye Hit,Right,388.6622,803.758,45.35927,Sedan3-Detailed
1742692467346,26.05976,1068,Eye Hit,Center,389.2096,803.758,45.35927,Sedan3-Detailed
1742692467385,26.10516,1069,Eye Hit,Left,399.4216,814.2522,45.57787,Sedan3-Detailed
1742692467385,26.10516,1069,Eye Hit,Right,398.3322,814.2522,45.57788,Sedan3-Detailed
1742692467385,26.10516,1069,Eye Hit,Center,398.8769,814.2522,45.57787,Sedan3-Detailed
1742692467424,26.14436,1070,Eye Hit,Left,400.5122,812.0634,45.6073,Sedan3-Detailed
1742692467425,26.14436,1070,Eye Hit,Right,399.4234,812.0634,45.6073,Sedan3-Detailed
1742692467425,26.14436,1070,Eye Hit,Center,399.9677,812.0634,45.6073,Sedan3-Detailed
1742692467467,26.18219,1071,Eye Hit,Left,392.4158,813.6892,45.41121,Sedan3-Detailed
1742692467468,26.18219,1071,Eye Hit,Right,391.3224,813.6892,45.41122,Sedan3-Detailed
1742692467468,26.18219,1071,Eye Hit,Center,391.869,813.6892,45.41121,Sedan3-Detailed
1742692467510,26.22619,1072,Eye Hit,Left,355.378,816.3037,44.4941,Sedan3-Detailed
1742692467510,26.22619,1072,Eye Hit,Right,354.2621,816.3037,44.4941,Sedan3-Detailed
1742692467510,26.22619,1072,Eye Hit,Center,354.82,816.3037,44.4941,Sedan3-Detailed
1742692467552,26.26842,1073,Eye Hit,Left,355.3067,817.0747,44.49096,Sedan3-Detailed
1742692467552,26.26842,1073,Eye Hit,Right,354.1906,817.0747,44.49096,Sedan3-Detailed
1742692467552,26.26842,1073,Eye Hit,Center,354.7487,817.0747,44.49096,Sedan3-Detailed
1742692467595,26.31118,1074,Eye Hit,Left,371.2249,816.7894,44.88881,Sedan3-Detailed
1742692467595,26.31118,1074,Eye Hit,Right,370.1187,816.7894,44.88882,Sedan3-Detailed
1742692467595,26.31118,1074,Eye Hit,Center,370.6718,816.7894,44.88882,Sedan3-Detailed
1742692467631,26.35384,1075,Eye Hit,Left,374.0321,820.1503,44.95169,Sedan3-Detailed
1742692467632,26.35384,1075,Eye Hit,Right,372.9275,820.1503,44.9517,Sedan3-Detailed
1742692467632,26.35384,1075,Eye Hit,Center,373.4798,820.1503,44.95169,Sedan3-Detailed
1742692467670,26.38903,1076,Eye Hit,Left,375.4723,820.515,44.98631,Sedan3-Detailed
1742692467670,26.38903,1076,Eye Hit,Right,374.3685,820.515,44.98631,Sedan3-Detailed
1742692467670,26.38903,1076,Eye Hit,Center,374.9204,820.515,44.98631,Sedan3-Detailed
1742692467716,26.42854,1077,Eye Hit,Left,377.2473,820.5038,45.02997,Sedan3-Detailed
1742692467716,26.42854,1077,Eye Hit,Right,376.1447,820.5038,45.02997,Sedan3-Detailed
1742692467716,26.42854,1077,Eye Hit,Center,376.696,820.5038,45.02997,Sedan3-Detailed
1742692467747,26.47523,1078,Eye Hit,Left,383.0377,817.2396,45.17804,Sedan3-Detailed
1742692467747,26.47523,1078,Eye Hit,Right,381.9387,817.2396,45.17805,Sedan3-Detailed
1742692467747,26.47523,1078,Eye Hit,Center,382.4883,817.2396,45.17805,Sedan3-Detailed
1742692467783,26.50542,1079,Eye Hit,Left,387.7002,812.8844,45.29846,Sedan3-Detailed
1742692467783,26.50542,1079,Eye Hit,Right,386.604,812.8844,45.29846,Sedan3-Detailed
1742692467783,26.50542,1079,Eye Hit,Center,387.1521,812.8844,45.29846,Sedan3-Detailed
1742692467826,26.54248,1080,Eye Hit,Left,407.3877,809.4323,45.77299,Sedan3-Detailed
1742692467826,26.54248,1080,Eye Hit,Right,406.3029,809.4323,45.773,Sedan3-Detailed
1742692467826,26.54248,1080,Eye Hit,Center,406.8454,809.4323,45.773,Sedan3-Detailed
1742692467870,26.58488,1081,Eye Hit,Left,426.0734,791.9058,46.21633,Sedan3-Detailed
1742692467870,26.58488,1081,Eye Hit,Right,424.999,791.9058,46.21633,Sedan3-Detailed
1742692467870,26.58488,1081,Eye Hit,Center,425.5362,791.9058,46.21633,Sedan3-Detailed
1742692467915,26.62886,1082,Eye Hit,Left,431.7511,792.5956,46.34468,Sedan3-Detailed
1742692467916,26.62886,1082,Eye Hit,Right,430.6797,792.5956,46.34468,Sedan3-Detailed
1742692467916,26.62886,1082,Eye Hit,Center,431.2155,792.5956,46.34468,Sedan3-Detailed
1742692467956,26.67528,1083,,Left,302.1075,826.1807,43.10218,
1742692467956,26.67528,1083,,Right,300.9555,826.1807,43.10218,
1742692467956,26.67528,1083,,Center,301.5314,826.1807,43.10218,
1742692467994,26.7165,1084,Eye Hit,Left,293.6665,819.9237,42.89238,Car3-Detailed
1742692467995,26.7165,1084,Eye Hit,Right,292.5089,819.9237,42.89237,Car3-Detailed
1742692467995,26.7165,1084,Eye Hit,Center,293.0877,819.9237,42.89237,Car3-Detailed
1742692468036,26.75168,1085,Eye Hit,Left,292.3036,818.7635,42.85881,Car3-Detailed
1742692468036,26.75168,1085,Eye Hit,Right,291.1451,818.7635,42.85881,Car3-Detailed
1742692468036,26.75168,1085,Eye Hit,Center,291.7243,818.7635,42.85881,Car3-Detailed
1742692468079,26.79453,1086,Eye Hit,Left,292.543,811.1573,42.87627,Car3-Detailed
1742692468079,26.79453,1086,Eye Hit,Right,291.385,811.1573,42.87627,Car3-Detailed
1742692468079,26.79453,1086,Eye Hit,Center,291.964,811.1573,42.87627,Car3-Detailed
1742692468122,26.83899,1087,Eye Hit,Left,295.9278,806.2894,42.97095,Car3-Detailed
1742692468122,26.83899,1087,Eye Hit,Right,294.7723,806.2894,42.97095,Car3-Detailed
1742692468122,26.83899,1087,Eye Hit,Center,295.35,806.2894,42.97095,Car3-Detailed
1742692468165,26.8814,1088,Eye Hit,Left,301.148,804.6549,43.10981,Car3-Detailed
1742692468165,26.8814,1088,Eye Hit,Right,299.9962,804.6549,43.1098,Car3-Detailed
1742692468165,26.8814,1088,Eye Hit,Center,300.5721,804.6549,43.1098,Car3-Detailed
1742692468206,26.92382,1089,Eye Hit,Left,308.2058,807.4174,43.29263,Car3-Detailed
1742692468206,26.92382,1089,Eye Hit,Right,307.0589,807.4174,43.29263,Car3-Detailed
1742692468206,26.92382,1089,Eye Hit,Center,307.6323,807.4174,43.29263,Car3-Detailed
1742692468246,26.96433,1090,Eye Hit,Left,309.7931,807.7795,43.33387,Car3-Detailed
1742692468246,26.96433,1090,Eye Hit,Right,308.6472,807.7795,43.33386,Car3-Detailed
1742692468246,26.96433,1090,Eye Hit,Center,309.2201,807.7795,43.33386,Car3-Detailed
1742692468286,27.00607,1091,Eye Hit,Left,315.3783,808.2974,43.47919,Car3-Detailed
1742692468286,27.00607,1091,Eye Hit,Right,314.2362,808.2974,43.47919,Car3-Detailed
1742692468286,27.00607,1091,Eye Hit,Center,314.8072,808.2974,43.47919,Car3-Detailed
1742692468333,27.04517,1092,Eye Hit,Left,317.6708,814.7098,43.53064,Car3-Detailed
1742692468333,27.04517,1092,Eye Hit,Right,316.5302,814.7098,43.53064,Car3-Detailed
1742692468333,27.04517,1092,Eye Hit,Center,317.1005,814.7098,43.53064,Car3-Detailed
1742692468377,27.09209,1093,Eye Hit,Left,287.7912,821.7043,42.73479,Car3-Detailed
1742692468377,27.09209,1093,Eye Hit,Right,286.6292,821.7043,42.73478,Car3-Detailed
1742692468377,27.09209,1093,Eye Hit,Center,287.2102,821.7043,42.73479,Car3-Detailed
1742692468413,27.1356,1094,Eye Hit,Left,288.4056,822.2469,42.74989,Car3-Detailed
1742692468413,27.1356,1094,Eye Hit,Right,287.2441,822.2469,42.74989,Car3-Detailed
1742692468413,27.1356,1094,Eye Hit,Center,287.8249,822.2469,42.74989,Car3-Detailed
1742692468456,27.17068,1095,Eye Hit,Left,283.8856,820.1539,42.63409,Car3-Detailed
1742692468456,27.17068,1095,Eye Hit,Right,282.721,820.1539,42.63409,Car3-Detailed
1742692468456,27.17068,1095,Eye Hit,Center,283.3033,820.1539,42.63409,Car3-Detailed
1742692468494,27.21524,1096,Eye Hit,Left,282.5334,821.9178,42.59529,Car3-Detailed
1742692468494,27.21524,1096,Eye Hit,Right,281.3676,821.9178,42.59529,Car3-Detailed
1742692468494,27.21524,1096,Eye Hit,Center,281.9505,821.9178,42.59529,Car3-Detailed
1742692468537,27.25252,1097,Eye Hit,Left,284.414,820.7576,42.64724,Car3-Detailed
1742692468537,27.25252,1097,Eye Hit,Right,283.2497,820.7576,42.64724,Car3-Detailed
1742692468537,27.25252,1097,Eye Hit,Center,283.8318,820.7576,42.64724,Car3-Detailed
1742692468579,27.29532,1098,Eye Hit,Left,291.4406,821.0944,42.83246,Car3-Detailed
1742692468579,27.29532,1098,Eye Hit,Right,290.2814,821.0944,42.83246,Car3-Detailed
1742692468579,27.29532,1098,Eye Hit,Center,290.861,821.0944,42.83246,Car3-Detailed
1742692468625,27.33869,1099,Eye Hit,Left,300.4486,821.8017,43.06854,Car3-Detailed
1742692468625,27.33869,1099,Eye Hit,Right,299.2957,821.8017,43.06853,Car3-Detailed
1742692468625,27.33869,1099,Eye Hit,Center,299.8721,821.8017,43.06853,Car3-Detailed
1742692468666,27.38305,1100,Eye Hit,Left,309.3695,821.0397,43.30345,Car3-Detailed
1742692468666,27.38305,1100,Eye Hit,Right,308.2228,821.0397,43.30345,Car3-Detailed
1742692468666,27.38305,1100,Eye Hit,Center,308.7961,821.0397,43.30345,Car3-Detailed
1742692468705,27.4248,1101,Eye Hit,Left,450.7578,793.2567,46.7634,Car3-Detailed
1742692468705,27.4248,1101,Eye Hit,Right,449.696,793.2567,46.76339,Car3-Detailed
1742692468705,27.4248,1101,Eye Hit,Center,450.2269,793.2567,46.7634,Car3-Detailed
1742692468744,27.4625,1102,Eye Hit,Left,736.3056,653.9955,49.06286,RoadWest
1742692468744,27.4625,1102,Eye Hit,Right,735.2936,653.9955,49.06286,RoadWest
1742692468744,27.4625,1102,Eye Hit,Center,735.7996,653.9955,49.06285,RoadWest
1742692468790,27.50314,1103,Eye Hit,Left,668.2792,701.1421,49.44965,RoadWest
1742692468790,27.50314,1103,Eye Hit,Right,667.275,701.1421,49.44965,RoadWest
1742692468790,27.50314,1103,Eye Hit,Center,667.7772,701.1421,49.44965,RoadWest
1742692468836,27.5485,1104,Eye Hit,Left,423.159,820.0247,46.1129,Car2-Detailed
1742692468836,27.5485,1104,Eye Hit,Right,422.0823,820.0247,46.1129,Car2-Detailed
1742692468836,27.5485,1104,Eye Hit,Center,422.6207,820.0247,46.1129,Car2-Detailed
1742692468883,27.59408,1105,Eye Hit,Left,430.2886,827.6284,46.25528,NW_Tree_50
1742692468883,27.59408,1105,Eye Hit,Right,429.2151,827.6284,46.25528,NW_Tree_50
1742692468883,27.59408,1105,Eye Hit,Center,429.7519,827.6284,46.25528,NW_Tree_50
1742692468919,27.64066,1106,Eye Hit,Left,424.8748,832.4813,46.1194,Truck1-Detailed
1742692468919,27.64066,1106,Eye Hit,Right,423.7982,832.4813,46.1194,Truck1-Detailed
1742692468919,27.64066,1106,Eye Hit,Center,424.3365,832.4813,46.1194,Truck1-Detailed
1742692468949,27.67606,1107,Eye Hit,Left,433.3809,821.138,46.34525,Car2-Detailed
1742692468949,27.67606,1107,Eye Hit,Right,432.3095,821.138,46.34525,Car2-Detailed
1742692468949,27.67606,1107,Eye Hit,Center,432.8452,821.138,46.34525,Car2-Detailed
1742692468975,27.70659,1108,Eye Hit,Left,441.6067,820.7306,46.52835,Car2-Detailed
1742692468975,27.70659,1108,Eye Hit,Right,440.5395,820.7306,46.52835,Car2-Detailed
1742692468975,27.70659,1108,Eye Hit,Center,441.0731,820.7306,46.52835,Car2-Detailed
1742692469003,27.73118,1109,Eye Hit,Left,439.5023,815.6558,46.49524,Car2-Detailed
1742692469003,27.73118,1109,Eye Hit,Right,438.4344,815.6558,46.49524,Car2-Detailed
1742692469003,27.73118,1109,Eye Hit,Center,438.9684,815.6558,46.49524,Car2-Detailed
1742692469035,27.7606,1110,Eye Hit,Left,442.5804,816.4041,46.56177,Car2-Detailed
1742692469035,27.7606,1110,Eye Hit,Right,441.514,816.4041,46.56177,Car2-Detailed
1742692469035,27.7606,1110,Eye Hit,Center,442.0472,816.4041,46.56177,Car2-Detailed
1742692469068,27.79143,1111,Eye Hit,Left,446.997,814.7911,46.66245,Car2-Detailed
1742692469068,27.79143,1111,Eye Hit,Right,445.9329,814.7911,46.66244,Car2-Detailed
1742692469068,27.79143,1111,Eye Hit,Center,446.4648,814.7911,46.66245,Car2-Detailed
1742692469105,27.82439,1112,Eye Hit,Left,450.2375,814.2681,46.73449,Car2-Detailed
1742692469105,27.82439,1112,Eye Hit,Right,449.175,814.2681,46.73449,Car2-Detailed
1742692469105,27.82439,1112,Eye Hit,Center,449.7062,814.2681,46.73449,Car2-Detailed
1742692469134,27.86124,1113,Eye Hit,Left,448.3143,816.2796,46.69009,Car2-Detailed
1742692469134,27.86124,1113,Eye Hit,Right,447.2509,816.2796,46.69009,Car2-Detailed
1742692469134,27.86124,1113,Eye Hit,Center,447.7826,816.2796,46.69009,Car2-Detailed
1742692469161,27.89056,1114,Eye Hit,Left,453.8518,818.3922,46.80588,Car2-Detailed
1742692469161,27.89056,1114,Eye Hit,Right,452.791,818.3922,46.80587,Car2-Detailed
1742692469161,27.89056,1114,Eye Hit,Center,453.3214,818.3922,46.80588,Car2-Detailed
1742692469188,27.91767,1115,Eye Hit,Left,445.2244,814.1066,46.62858,Car2-Detailed
1742692469188,27.91767,1115,Eye Hit,Right,444.1595,814.1066,46.62858,Car2-Detailed
1742692469188,27.91767,1115,Eye Hit,Center,444.6919,814.1066,46.62858,Car2-Detailed
1742692469217,27.9448,1116,Eye Hit,Left,444.8462,816.3055,46.61654,Car2-Detailed
1742692469217,27.9448,1116,Eye Hit,Right,443.781,816.3055,46.61653,Car2-Detailed
1742692469217,27.9448,1116,Eye Hit,Center,444.3136,816.3055,46.61654,Car2-Detailed
1742692469247,27.9748,1117,Eye Hit,Left,445.6829,811.2341,46.64334,Car2-Detailed
1742692469248,27.9748,1117,Eye Hit,Right,444.6183,811.2341,46.64334,Car2-Detailed
1742692469248,27.9748,1117,Eye Hit,Center,445.1506,811.2341,46.64334,Car2-Detailed
1742692469278,28.00436,1118,Eye Hit,Left,446.7762,811.3854,46.6665,Car2-Detailed
1742692469278,28.00436,1118,Eye Hit,Right,445.7122,811.3854,46.6665,Car2-Detailed
1742692469278,28.00436,1118,Eye Hit,Center,446.2442,811.3854,46.6665,Car2-Detailed
1742692469303,28.03461,1119,Eye Hit,Left,451.1396,813.1257,46.75768,Car2-Detailed
1742692469303,28.03461,1119,Eye Hit,Right,450.0777,813.1257,46.75768,Car2-Detailed
1742692469303,28.03461,1119,Eye Hit,Center,450.6086,813.1257,46.75768,Car2-Detailed
1742692469331,28.05918,1120,Eye Hit,Left,449.7374,812.7794,46.72816,Car2-Detailed
1742692469331,28.05918,1120,Eye Hit,Right,448.6748,812.7794,46.72815,Car2-Detailed
1742692469331,28.05918,1120,Eye Hit,Center,449.2061,812.7794,46.72816,Car2-Detailed
1742692469360,28.08725,1121,Eye Hit,Left,447.992,814.7969,46.68644,Car2-Detailed
1742692469360,28.08725,1121,Eye Hit,Right,446.9285,814.7969,46.68644,Car2-Detailed
1742692469360,28.08725,1121,Eye Hit,Center,447.4603,814.7969,46.68644,Car2-Detailed
1742692469387,28.11689,1122,Eye Hit,Left,451.9578,816.344,46.76864,Car2-Detailed
1742692469387,28.11689,1122,Eye Hit,Right,450.8961,816.344,46.76864,Car2-Detailed
1742692469387,28.11689,1122,Eye Hit,Center,451.427,816.344,46.76863,Car2-Detailed
1742692469415,28.1442,1123,Eye Hit,Left,455.5733,817.4226,46.84329,Car2-Detailed
1742692469415,28.1442,1123,Eye Hit,Right,454.5133,817.4226,46.84329,Car2-Detailed
1742692469415,28.1442,1123,Eye Hit,Center,455.0434,817.4226,46.84329,Car2-Detailed
1742692469443,28.17183,1124,Eye Hit,Left,458.4088,815.8524,46.90612,Car2-Detailed
1742692469443,28.17183,1124,Eye Hit,Right,457.3502,815.8524,46.90612,Car2-Detailed
1742692469443,28.17183,1124,Eye Hit,Center,457.8794,815.8524,46.90612,Car2-Detailed
1742692469471,28.20015,1125,Eye Hit,Left,476.536,818.2145,47.27586,Car2-Detailed
1742692469471,28.20015,1125,Eye Hit,Right,475.4857,818.2145,47.27587,Car2-Detailed
1742692469471,28.20015,1125,Eye Hit,Center,476.0108,818.2145,47.27587,Car2-Detailed
1742692469503,28.22857,1126,Eye Hit,Left,478.1912,820.7889,47.30309,Car2-Detailed
1742692469503,28.22857,1126,Eye Hit,Right,477.1415,820.7889,47.30309,Car2-Detailed
1742692469503,28.22857,1126,Eye Hit,Center,477.6663,820.7889,47.30309,Car2-Detailed
1742692469530,28.2608,1127,Eye Hit,Left,478.1332,821.5886,47.29965,Car2-Detailed
1742692469530,28.2608,1127,Eye Hit,Right,477.0834,821.5886,47.29965,Car2-Detailed
1742692469530,28.2608,1127,Eye Hit,Center,477.6084,821.5886,47.29965,Car2-Detailed
1742692469554,28.28689,1128,Eye Hit,Left,480.519,821.2461,47.34822,Car2-Detailed
1742692469554,28.28689,1128,Eye Hit,Right,479.4703,821.2461,47.34822,Car2-Detailed
1742692469554,28.28689,1128,Eye Hit,Center,479.9947,821.2461,47.34822,Car2-Detailed
1742692469581,28.31084,1129,Eye Hit,Left,480.3321,819.7452,47.34818,Car2-Detailed
1742692469581,28.31084,1129,Eye Hit,Right,479.2834,819.7452,47.34818,Car2-Detailed
1742692469581,28.31084,1129,Eye Hit,Center,479.8077,819.7452,47.34818,Car2-Detailed
1742692469609,28.33851,1130,Eye Hit,Left,490.4374,818.8581,47.54898,Car2-Detailed
1742692469609,28.33851,1130,Eye Hit,Right,489.3931,818.8581,47.54898,Car2-Detailed
1742692469609,28.33851,1130,Eye Hit,Center,489.9151,818.8581,47.54897,Car2-Detailed
1742692469638,28.36567,1131,Eye Hit,Left,498.8678,823.0234,47.69991,Car2-Detailed
1742692469638,28.36567,1131,Eye Hit,Right,497.8268,823.0234,47.69991,Car2-Detailed
1742692469638,28.36567,1131,Eye Hit,Center,498.3473,823.0234,47.69991,Car2-Detailed
1742692469667,28.39483,1132,Eye Hit,Left,497.2981,823.679,47.66843,Car2-Detailed
1742692469667,28.39483,1132,Eye Hit,Right,496.2565,823.679,47.66844,Car2-Detailed
1742692469667,28.39483,1132,Eye Hit,Center,496.7773,823.679,47.66843,Car2-Detailed
1742692469694,28.42385,1133,Eye Hit,Left,497.4777,823.376,47.67284,Car2-Detailed
1742692469694,28.42385,1133,Eye Hit,Right,496.4361,823.376,47.67284,Car2-Detailed
1742692469694,28.42385,1133,Eye Hit,Center,496.9569,823.376,47.67284,Car2-Detailed
1742692469720,28.45066,1134,Eye Hit,Left,503.057,823.947,47.77603,Car2-Detailed
1742692469720,28.45066,1134,Eye Hit,Right,502.0177,823.947,47.77603,Car2-Detailed
1742692469720,28.45066,1134,Eye Hit,Center,502.5374,823.947,47.77603,Car2-Detailed
1742692469749,28.47791,1135,Eye Hit,Left,503.5379,823.6942,47.78578,Car2-Detailed
1742692469749,28.47791,1135,Eye Hit,Right,502.4988,823.6942,47.78578,Car2-Detailed
1742692469749,28.47791,1135,Eye Hit,Center,503.0184,823.6942,47.78578,Car2-Detailed
1742692469776,28.50652,1136,Eye Hit,Left,505.5156,822.4482,47.82569,Car2-Detailed
1742692469776,28.50652,1136,Eye Hit,Right,504.4773,822.4482,47.82568,Car2-Detailed
1742692469776,28.50652,1136,Eye Hit,Center,504.9965,822.4482,47.82569,Car2-Detailed
1742692469806,28.53241,1137,Eye Hit,Left,509.15,822.3699,47.89238,Car2-Detailed
1742692469806,28.53241,1137,Eye Hit,Right,508.1132,822.3699,47.89238,Car2-Detailed
1742692469806,28.53241,1137,Eye Hit,Center,508.6315,822.3699,47.89238,Car2-Detailed
1742692469833,28.56286,1138,Eye Hit,Left,508.9658,821.0576,47.89234,Car2-Detailed
1742692469833,28.56286,1138,Eye Hit,Right,507.929,821.0576,47.89234,Car2-Detailed
1742692469833,28.56286,1138,Eye Hit,Center,508.4474,821.0576,47.89234,Car2-Detailed
1742692469862,28.58942,1139,Eye Hit,Left,512.0273,820.4363,47.9493,Car2-Detailed
1742692469862,28.58942,1139,Eye Hit,Right,510.9917,820.4363,47.9493,Car2-Detailed
1742692469862,28.58942,1139,Eye Hit,Center,511.5095,820.4363,47.94929,Car2-Detailed
1742692469890,28.61932,1140,Eye Hit,Left,513.8202,818.4612,47.98616,Car2-Detailed
1742692469890,28.61932,1140,Eye Hit,Right,512.7854,818.4612,47.98616,Car2-Detailed
1742692469890,28.61932,1140,Eye Hit,Center,513.3028,818.4612,47.98616,Car2-Detailed
1742692469914,28.647,1141,Eye Hit,Left,516.4762,814.7088,48.04146,Car2-Detailed
1742692469914,28.647,1141,Eye Hit,Right,515.4426,814.7088,48.04146,Car2-Detailed
1742692469914,28.647,1141,Eye Hit,Center,515.9594,814.7088,48.04145,Car2-Detailed
1742692469942,28.67133,1142,Eye Hit,Left,520.2573,813.7396,48.10986,Car2-Detailed
1742692469942,28.67133,1142,Eye Hit,Right,519.2252,813.7396,48.10987,Car2-Detailed
1742692469942,28.67133,1142,Eye Hit,Center,519.7413,813.7396,48.10986,Car2-Detailed
1742692469970,28.69933,1143,Eye Hit,Left,527.3076,808.235,48.24039,Car2-Detailed
1742692469970,28.69933,1143,Eye Hit,Right,526.2783,808.235,48.24039,Car2-Detailed
1742692469970,28.69933,1143,Eye Hit,Center,526.7929,808.235,48.24039,Car2-Detailed
1742692469998,28.72743,1144,Eye Hit,Left,528.8303,807.1718,48.26757,Car2-Detailed
1742692469998,28.72743,1144,Eye Hit,Right,527.8015,807.1718,48.26757,Car2-Detailed
1742692469998,28.72743,1144,Eye Hit,Center,528.3159,807.1718,48.26757,Car2-Detailed
1742692470024,28.75412,1145,Eye Hit,Left,539.2641,806.02,48.44123,Car2-Detailed
1742692470024,28.75412,1145,Eye Hit,Right,538.2391,806.02,48.44122,Car2-Detailed
1742692470024,28.75412,1145,Eye Hit,Center,538.7515,806.02,48.44123,Car2-Detailed
1742692470054,28.78137,1146,Eye Hit,Left,546.5418,807.2531,48.55516,Car2-Detailed
1742692470054,28.78137,1146,Eye Hit,Right,545.5192,807.2531,48.55516,Car2-Detailed
1742692470054,28.78137,1146,Eye Hit,Center,546.0305,807.2531,48.55516,Car2-Detailed
1742692470082,28.81167,1147,Eye Hit,Left,548.6776,810.1519,48.58405,Car2-Detailed
1742692470082,28.81167,1147,Eye Hit,Right,547.6555,810.1519,48.58405,Car2-Detailed
1742692470082,28.81167,1147,Eye Hit,Center,548.1666,810.1519,48.58405,Car2-Detailed
1742692470109,28.83993,1148,Eye Hit,Left,550.9564,809.3165,48.62035,Car2-Detailed
1742692470109,28.83993,1148,Eye Hit,Right,549.9351,809.3165,48.62035,Car2-Detailed
1742692470109,28.83993,1148,Eye Hit,Center,550.4458,809.3165,48.62034,Car2-Detailed
1742692470136,28.86619,1149,Eye Hit,Left,551.1901,809.4975,48.62364,Car2-Detailed
1742692470136,28.86619,1149,Eye Hit,Right,550.1689,809.4975,48.62364,Car2-Detailed
1742692470136,28.86619,1149,Eye Hit,Center,550.6796,809.4975,48.62364,Car2-Detailed
1742692470165,28.89322,1150,Eye Hit,Left,552.2559,809.1788,48.64045,Car2-Detailed
1742692470165,28.89322,1150,Eye Hit,Right,551.235,809.1788,48.64045,Car2-Detailed
1742692470165,28.89322,1150,Eye Hit,Center,551.7454,809.1788,48.64045,Car2-Detailed
1742692470192,28.92213,1151,Eye Hit,Left,500.3824,823.3306,47.72866,Car2-Detailed
1742692470192,28.92213,1151,Eye Hit,Right,499.3421,823.3306,47.72867,Car2-Detailed
1742692470192,28.92213,1151,Eye Hit,Center,499.8623,823.3306,47.72867,Car2-Detailed
1742692470219,28.9489,1152,Eye Hit,Left,435.5756,831.0516,46.37297,Truck1-Detailed
1742692470219,28.9489,1152,Eye Hit,Right,434.5048,831.0516,46.37297,Truck1-Detailed
1742692470219,28.9489,1152,Eye Hit,Center,435.0401,831.0516,46.37297,Truck1-Detailed
1742692470247,28.977,1153,Eye Hit,Left,431.8764,831.8476,46.2882,Truck1-Detailed
1742692470247,28.977,1153,Eye Hit,Right,430.8037,831.8476,46.2882,Truck1-Detailed
1742692470247,28.977,1153,Eye Hit,Center,431.34,831.8476,46.2882,Truck1-Detailed
1742692470278,29.00542,1154,Eye Hit,Left,429.7622,832.2017,46.23986,Truck1-Detailed
1742692470278,29.00542,1154,Eye Hit,Right,428.6884,832.2017,46.23986,Truck1-Detailed
1742692470278,29.00542,1154,Eye Hit,Center,429.2254,832.2017,46.23985,Truck1-Detailed
1742692470303,29.03474,1155,Eye Hit,Left,436.3967,835.3215,46.37801,Truck1-Detailed
1742692470303,29.03474,1155,Eye Hit,Right,435.3261,835.3215,46.37802,Truck1-Detailed
1742692470303,29.03474,1155,Eye Hit,Center,435.8615,835.3215,46.37802,Truck1-Detailed
1742692470332,29.05986,1156,Eye Hit,Left,436.3869,833.7917,46.38313,Truck1-Detailed
1742692470333,29.05986,1156,Eye Hit,Right,435.3163,833.7917,46.38313,Truck1-Detailed
1742692470333,29.05986,1156,Eye Hit,Center,435.8516,833.7917,46.38313,Truck1-Detailed
1742692470360,29.08947,1157,Eye Hit,Left,438.4888,833.8689,46.42941,Truck1-Detailed
1742692470360,29.08947,1157,Eye Hit,Right,437.4194,833.8689,46.42941,Truck1-Detailed
1742692470360,29.08947,1157,Eye Hit,Center,437.9543,833.8689,46.42941,Truck1-Detailed
1742692470387,29.11697,1158,Eye Hit,Left,445.0236,831.0814,46.58169,Truck1-Detailed
1742692470387,29.11697,1158,Eye Hit,Right,443.9576,831.0814,46.58169,Truck1-Detailed
1742692470387,29.11697,1158,Eye Hit,Center,444.4906,831.0814,46.58168,Truck1-Detailed
1742692470416,29.14465,1159,Eye Hit,Left,445.0544,832.587,46.57752,Truck1-Detailed
1742692470416,29.14465,1159,Eye Hit,Right,443.9883,832.587,46.57752,Truck1-Detailed
1742692470416,29.14465,1159,Eye Hit,Center,444.5214,832.587,46.57752,Truck1-Detailed
1742692470444,29.17459,1160,Eye Hit,Left,445.1409,832.3488,46.58004,Truck1-Detailed
1742692470444,29.17459,1160,Eye Hit,Right,444.0749,832.3488,46.58004,Truck1-Detailed
1742692470444,29.17459,1160,Eye Hit,Center,444.6078,832.3488,46.58004,Truck1-Detailed
1742692470472,29.20057,1161,Eye Hit,Left,446.2213,832.8591,46.60176,Truck1-Detailed
1742692470472,29.20057,1161,Eye Hit,Right,445.1558,832.8591,46.60176,Truck1-Detailed
1742692470472,29.20057,1161,Eye Hit,Center,445.6885,832.8591,46.60176,Truck1-Detailed
1742692470501,29.22933,1162,Eye Hit,Left,451.1351,829.5789,46.71801,Truck1-Detailed
1742692470501,29.22933,1162,Eye Hit,Right,450.0723,829.5789,46.71801,Truck1-Detailed
1742692470501,29.22933,1162,Eye Hit,Center,450.6038,829.5787,46.71802,Truck1-Detailed
1742692470531,29.2582,1163,Eye Hit,Left,450.6525,830.0323,46.70636,Truck1-Detailed
1742692470531,29.2582,1163,Eye Hit,Right,449.5894,830.0323,46.70636,Truck1-Detailed
1742692470531,29.2582,1163,Eye Hit,Center,450.1209,830.0323,46.70636,Truck1-Detailed
1742692470558,29.28888,1164,Eye Hit,Left,450.2617,823.7725,46.71518,Truck1-Detailed
1742692470558,29.28888,1164,Eye Hit,Right,449.1988,823.7725,46.71518,Truck1-Detailed
1742692470558,29.28888,1164,Eye Hit,Center,449.7303,823.7725,46.71518,Truck1-Detailed
1742692470584,29.31587,1165,Eye Hit,Left,450.5427,824.1429,46.72013,Truck1-Detailed
1742692470584,29.31587,1165,Eye Hit,Right,449.4799,824.1429,46.72013,Truck1-Detailed
1742692470584,29.31587,1165,Eye Hit,Center,450.0114,824.1429,46.72013,Truck1-Detailed
1742692470612,29.3413,1166,Eye Hit,Left,449.4131,824.6068,46.6944,Truck1-Detailed
1742692470612,29.3413,1166,Eye Hit,Right,448.3497,824.6068,46.69441,Truck1-Detailed
1742692470612,29.3413,1166,Eye Hit,Center,448.8815,824.6068,46.6944,Truck1-Detailed
1742692470640,29.36903,1167,Eye Hit,Left,454.3494,830.0068,46.78503,Truck1-Detailed
1742692470640,29.36903,1167,Eye Hit,Right,453.2881,830.0068,46.78502,Truck1-Detailed
1742692470640,29.36903,1167,Eye Hit,Center,453.8187,830.0068,46.78503,Truck1-Detailed
1742692470670,29.39675,1168,Eye Hit,Left,453.8713,830.0842,46.77452,Truck1-Detailed
1742692470670,29.39675,1168,Eye Hit,Right,452.8098,830.0842,46.77452,Truck1-Detailed
1742692470670,29.39675,1168,Eye Hit,Center,453.3405,830.0842,46.77452,Truck1-Detailed
1742692470697,29.42709,1169,Eye Hit,Left,453.6569,829.7476,46.77097,Truck1-Detailed
1742692470697,29.42709,1169,Eye Hit,Right,452.5953,829.7476,46.77097,Truck1-Detailed
1742692470697,29.42709,1169,Eye Hit,Center,453.1262,829.7476,46.77097,Truck1-Detailed
1742692470724,29.45345,1170,Eye Hit,Left,456.3358,822.1547,46.84869,Truck1-Detailed
1742692470724,29.45345,1170,Eye Hit,Right,455.2759,822.1547,46.84869,Truck1-Detailed
1742692470724,29.45345,1170,Eye Hit,Center,455.8058,822.1547,46.84869,Truck1-Detailed
1742692470752,29.48128,1171,Eye Hit,Left,458.173,821.8547,46.88835,Truck1-Detailed
1742692470752,29.48128,1171,Eye Hit,Right,457.114,821.8547,46.88834,Truck1-Detailed
1742692470752,29.48128,1171,Eye Hit,Center,457.6435,821.8547,46.88835,Truck1-Detailed
1742692470779,29.50953,1172,Eye Hit,Left,458.5687,833.1202,46.8644,Truck1-Detailed
1742692470779,29.50953,1172,Eye Hit,Right,457.5091,833.1202,46.86441,Truck1-Detailed
1742692470779,29.50953,1172,Eye Hit,Center,458.0389,833.1202,46.86441,Truck1-Detailed
1742692470809,29.53578,1173,Eye Hit,Left,461.2294,833.0431,46.92056,Truck1-Detailed
1742692470809,29.53578,1173,Eye Hit,Right,460.1711,833.0431,46.92056,Truck1-Detailed
1742692470809,29.53578,1173,Eye Hit,Center,460.7003,833.0431,46.92057,Truck1-Detailed
1742692470838,29.56545,1174,Eye Hit,Left,461.0261,827.5286,46.93331,Truck1-Detailed
1742692470838,29.56545,1174,Eye Hit,Right,459.9681,827.5286,46.93331,Truck1-Detailed
1742692470838,29.56545,1174,Eye Hit,Center,460.4971,827.5286,46.93331,Truck1-Detailed
1742692470863,29.59551,1175,Eye Hit,Left,459.4739,828.0234,46.89917,Truck1-Detailed
1742692470863,29.59551,1175,Eye Hit,Right,458.4152,828.0235,46.89917,Truck1-Detailed
1742692470863,29.59551,1175,Eye Hit,Center,458.9445,828.0235,46.89917,Truck1-Detailed
1742692470890,29.61944,1176,Eye Hit,Left,460.9722,828.9078,46.92812,Truck1-Detailed
1742692470890,29.61944,1176,Eye Hit,Right,459.914,828.9078,46.92812,Truck1-Detailed
1742692470890,29.61944,1176,Eye Hit,Center,460.4431,828.9078,46.92812,Truck1-Detailed
1742692470918,29.64741,1177,Eye Hit,Left,454.2336,831.5219,46.77757,Truck1-Detailed
1742692470918,29.64741,1177,Eye Hit,Right,453.1721,831.5219,46.77757,Truck1-Detailed
1742692470918,29.64741,1177,Eye Hit,Center,453.7029,831.5219,46.77757,Truck1-Detailed
1742692470945,29.67554,1178,Eye Hit,Left,449.4989,831.4783,46.67639,Truck1-Detailed
1742692470945,29.67554,1178,Eye Hit,Right,448.4351,831.4783,46.67639,Truck1-Detailed
1742692470945,29.67554,1178,Eye Hit,Center,448.9669,831.4783,46.67639,Truck1-Detailed
1742692470973,29.70276,1179,Eye Hit,Left,439.8471,830.18,46.47057,Truck1-Detailed
1742692470973,29.70276,1179,Eye Hit,Right,438.7786,830.18,46.47057,Truck1-Detailed
1742692470973,29.70276,1179,Eye Hit,Center,439.3128,830.18,46.47057,Truck1-Detailed
1742692471002,29.73144,1180,Eye Hit,Left,422.1352,828.6173,46.07814,Truck1-Detailed
1742692471002,29.73144,1180,Eye Hit,Right,421.0576,828.6173,46.07814,Truck1-Detailed
1742692471002,29.73144,1180,Eye Hit,Center,421.5964,828.6173,46.07814,Truck1-Detailed
1742692471030,29.76065,1181,Eye Hit,Left,464.0284,843.7987,46.94085,Truck1-Detailed
1742692471030,29.76065,1181,Eye Hit,Right,462.9706,843.7987,46.94085,Truck1-Detailed
1742692471030,29.76065,1181,Eye Hit,Center,463.4995,843.7987,46.94084,Truck1-Detailed
1742692471058,29.78822,1182,,Left,598.8259,874.182,48.96232,
1742692471058,29.78822,1182,,Right,597.8118,874.182,48.96231,
1742692471058,29.78822,1182,,Center,598.3188,874.182,48.96231,
1742692471082,29.81607,1183,Eye Hit,Left,694.8979,872.9121,49.63469,Car2-Detailed
1742692471082,29.81607,1183,Eye Hit,Right,693.8976,872.9121,49.63469,Car2-Detailed
1742692471082,29.81607,1183,Eye Hit,Center,694.3978,872.9121,49.63469,Car2-Detailed
1742692471120,29.8407,1184,Eye Hit,Left,681.399,827.1011,49.8495,Car2-Detailed
1742692471120,29.8407,1184,Eye Hit,Right,680.403,827.1011,49.8495,Car2-Detailed
1742692471120,29.8407,1184,Eye Hit,Center,680.901,827.1011,49.8495,Car2-Detailed
1742692471161,29.87918,1185,Eye Hit,Left,793.5077,824.4502,49.67087,Car2-Detailed
1742692471161,29.87918,1185,Eye Hit,Right,792.5081,824.4502,49.67087,Car2-Detailed
1742692471161,29.87918,1185,Eye Hit,Center,793.0079,824.4502,49.67086,Car2-Detailed
1742692471198,29.91967,1186,Eye Hit,Left,711.3216,818.1602,49.94184,Car2-Detailed
1742692471198,29.91967,1186,Eye Hit,Right,710.3273,818.1602,49.94184,Car2-Detailed
1742692471199,29.91967,1186,Eye Hit,Center,710.8245,818.1602,49.94184,Car2-Detailed
1742692471242,29.95705,1187,Eye Hit,Left,676.3129,837.7021,49.78117,Car2-Detailed
1742692471242,29.95705,1187,Eye Hit,Right,675.3154,837.7021,49.78118,Car2-Detailed
1742692471242,29.95705,1187,Eye Hit,Center,675.8141,837.7021,49.78117,Car2-Detailed
1742692471271,30.00191,1188,Eye Hit,Left,694.8376,829.597,49.87353,Car2-Detailed
1742692471271,30.00191,1188,Eye Hit,Right,693.842,829.597,49.87353,Car2-Detailed
1742692471271,30.00191,1188,Eye Hit,Center,694.3398,829.597,49.87353,Car2-Detailed
1742692471308,30.02877,1189,Eye Hit,Left,668.7057,835.5751,49.75049,Car2-Detailed
1742692471308,30.02877,1189,Eye Hit,Right,667.7076,835.5751,49.75049,Car2-Detailed
1742692471308,30.02877,1189,Eye Hit,Center,668.2067,835.5751,49.75049,Car2-Detailed
1742692471339,30.06612,1190,,Left,781.6987,837.4971,49.68891,
1742692471339,30.06612,1190,,Right,780.6995,837.4971,49.68891,
1742692471339,30.06612,1190,,Center,781.1991,837.4971,49.68891,
1742692471369,30.09745,1191,,Left,799.1457,845.7017,49.53363,
1742692471369,30.09745,1191,,Right,798.1432,845.7017,49.53363,
1742692471369,30.09745,1191,,Center,798.6445,845.7017,49.53363,
1742692471397,30.12792,1192,,Left,729.0563,853.8611,49.78115,
1742692471397,30.12792,1192,,Right,728.0589,853.8611,49.78115,
1742692471397,30.12792,1192,,Center,728.5576,853.8611,49.78115,
1742692471423,30.15596,1193,,Left,751.5544,845.8944,49.78221,
1742692471423,30.15596,1193,,Right,750.557,845.8944,49.78221,
1742692471423,30.15596,1193,,Center,751.0558,845.8944,49.78221,
1742692471450,30.18126,1194,,Left,736.9415,849.0178,49.80035,
1742692471450,30.18126,1194,,Right,735.9444,849.0178,49.80035,
1742692471450,30.18126,1194,,Center,736.443,849.0178,49.80036,
1742692471480,30.20928,1195,,Left,702.9916,849.5892,49.79755,
1742692471480,30.20928,1195,,Right,701.9945,849.5892,49.79755,
1742692471480,30.20928,1195,,Center,702.493,849.5892,49.79755,
1742692471508,30.23966,1196,,Left,661.504,853.7341,49.62353,
1742692471508,30.23966,1196,,Right,660.5034,853.7341,49.62353,
1742692471508,30.23966,1196,,Center,661.0037,853.7341,49.62353,
1742692471536,30.26602,1197,Eye Hit,Left,688.5955,861.7661,49.6916,NE_Tree_10
1742692471536,30.26602,1197,Eye Hit,Right,687.5963,861.7661,49.69159,NE_Tree_10
1742692471536,30.26602,1197,Eye Hit,Center,688.0959,861.7661,49.69159,NE_Tree_10
1742692471576,30.29609,1198,Eye Hit,Left,668.6014,871.9196,49.53881,NE_Tree_10
1742692471576,30.29609,1198,Eye Hit,Right,667.5991,871.9196,49.5388,NE_Tree_10
1742692471576,30.29609,1198,Eye Hit,Center,668.1002,871.9196,49.5388,NE_Tree_10
1742692471617,30.3343,1199,Eye Hit,Left,786.4295,860.602,49.54101,Car3-Detailed
1742692471617,30.3343,1199,Eye Hit,Right,785.4272,860.602,49.54102,Car3-Detailed
1742692471617,30.3343,1199,Eye Hit,Center,785.9285,860.602,49.54102,Car3-Detailed
1742692471659,30.37581,1200,,Left,755.6255,869.79,49.62724,
1742692471659,30.37581,1200,,Right,754.6249,869.79,49.62724,
1742692471659,30.37581,1200,,Center,755.1252,869.79,49.62725,
1742692471708,30.4174,1201,,Left,747.249,866.4765,49.67774,
1742692471708,30.4174,1201,,Right,746.2495,866.4765,49.67774,
1742692471708,30.4174,1201,,Center,746.7493,866.4765,49.67774,
1742692471745,30.46653,1202,,Left,755.6405,867.5901,49.64595,
1742692471745,30.46653,1202,,Right,754.6403,867.5901,49.64595,
1742692471745,30.46653,1202,,Center,755.1404,867.5901,49.64595,
1742692471785,30.50351,1203,,Left,759.4851,868.936,49.62294,
1742692471785,30.50351,1203,,Right,758.4845,868.936,49.62294,
1742692471785,30.50351,1203,,Center,758.9848,868.936,49.62294,
1742692471825,30.54483,1204,Eye Hit,Left,767.1931,870.8259,49.57794,Car2-Detailed
1742692471825,30.54483,1204,Eye Hit,Right,766.1916,870.8259,49.57793,Car2-Detailed
1742692471825,30.54483,1204,Eye Hit,Center,766.6923,870.8259,49.57793,Car2-Detailed
1742692471864,30.58349,1205,Eye Hit,Left,787.9929,868.7974,49.48005,Car2-Detailed
1742692471864,30.58349,1205,Eye Hit,Right,786.9895,868.7974,49.48005,Car2-Detailed
1742692471864,30.58349,1205,Eye Hit,Center,787.4911,868.7974,49.48005,Car2-Detailed
1742692471905,30.62223,1206,Eye Hit,Left,792.2699,864.287,49.48338,Car2-Detailed
1742692471906,30.62223,1206,Eye Hit,Right,791.2664,864.287,49.48338,Car2-Detailed
1742692471906,30.62223,1206,Eye Hit,Center,791.7682,864.287,49.48338,Car2-Detailed
1742692471946,30.66394,1207,Eye Hit,Left,790.3578,863.5421,49.50143,Car2-Detailed
1742692471946,30.66394,1207,Eye Hit,Right,789.3548,863.5421,49.50143,Car2-Detailed
1742692471946,30.66394,1207,Eye Hit,Center,789.8563,863.5421,49.50143,Car2-Detailed
1742692471989,30.70573,1208,Eye Hit,Left,808.6404,866.3522,49.34505,Car2-Detailed
1742692471989,30.70573,1208,Eye Hit,Right,807.6341,866.3522,49.34505,Car2-Detailed
1742692471989,30.70573,1208,Eye Hit,Center,808.1373,866.3522,49.34504,Car2-Detailed
1742692472038,30.74728,1209,Eye Hit,Left,796.5181,864.5869,49.45115,Car2-Detailed
1742692472038,30.74728,1209,Eye Hit,Right,795.514,864.5869,49.45115,Car2-Detailed
1742692472038,30.74728,1209,Eye Hit,Center,796.0161,864.5869,49.45115,Car2-Detailed
1742692472081,30.79667,1210,Eye Hit,Left,802.4409,863.1421,49.41639,Car2-Detailed
1742692472081,30.79667,1210,Eye Hit,Right,801.4361,863.1421,49.4164,Car2-Detailed
1742692472081,30.79667,1210,Eye Hit,Center,801.9385,863.1421,49.41639,Car2-Detailed
1742692472115,30.83927,1211,Eye Hit,Left,809.7263,867.614,49.32612,Car2-Detailed
1742692472115,30.83927,1211,Eye Hit,Right,808.7197,867.614,49.32613,Car2-Detailed
1742692472115,30.83927,1211,Eye Hit,Center,809.2229,867.614,49.32613,Car2-Detailed
1742692472157,30.87371,1212,Eye Hit,Left,827.1047,868.5157,49.15997,Car2-Detailed
1742692472157,30.87371,1212,Eye Hit,Right,826.0946,868.5157,49.15997,Car2-Detailed
1742692472157,30.87371,1212,Eye Hit,Center,826.5997,868.5157,49.15997,Car2-Detailed
1742692472203,30.91496,1213,Eye Hit,Left,832.142,871.5719,49.08625,Car2-Detailed
1742692472203,30.91496,1213,Eye Hit,Right,831.1304,871.5719,49.08625,Car2-Detailed
1742692472203,30.91496,1213,Eye Hit,Center,831.6362,871.5719,49.08626,Car2-Detailed
1742692472243,30.9618,1214,Eye Hit,Left,776.4274,886.8631,49.39645,Car2-Detailed
1742692472243,30.9618,1214,Eye Hit,Right,775.4222,886.8631,49.39645,Car2-Detailed
1742692472243,30.9618,1214,Eye Hit,Center,775.9249,886.8631,49.39645,Car2-Detailed
1742692472282,31.00137,1215,Eye Hit,Left,772.7808,893.7103,49.34991,Car2-Detailed
1742692472282,31.00137,1215,Eye Hit,Right,771.7746,893.7103,49.34991,Car2-Detailed
1742692472282,31.00137,1215,Eye Hit,Center,772.2778,893.7103,49.34991,Car2-Detailed
1742692472321,31.04199,1216,Eye Hit,Left,824.3848,911.1041,48.80001,Car2-Detailed
1742692472321,31.04199,1216,Eye Hit,Right,823.3674,911.1041,48.8,Car2-Detailed
1742692472321,31.04199,1216,Eye Hit,Center,823.8761,911.1041,48.8,Car2-Detailed
1742692472362,31.07958,1217,Eye Hit,Left,831.3708,905.734,48.78856,Car2-Detailed
1742692472362,31.07958,1217,Eye Hit,Right,830.3531,905.734,48.78856,Car2-Detailed
1742692472362,31.07958,1217,Eye Hit,Center,830.862,905.734,48.78856,Car2-Detailed
1742692472406,31.12118,1218,Eye Hit,Left,807.8988,799.7855,49.60725,Car2-Detailed
1742692472406,31.12118,1218,Eye Hit,Right,806.8978,799.7855,49.60725,Car2-Detailed
1742692472406,31.12118,1218,Eye Hit,Center,807.3983,799.7855,49.60725,Car2-Detailed
1742692472450,31.16576,1219,Eye Hit,Left,696.3022,710.0203,49.62915,RoadEast
1742692472450,31.16576,1219,Eye Hit,Right,695.3017,710.0203,49.62915,RoadEast
1742692472450,31.16576,1219,Eye Hit,Center,695.8019,710.0203,49.62915,RoadEast
1742692472478,31.20975,1220,Eye Hit,Left,678.8248,523.9734,46.73965,RoadCrosswalk
1742692472478,31.20975,1220,Eye Hit,Right,677.7625,523.9734,46.73965,RoadCrosswalk
1742692472478,31.20975,1220,Eye Hit,Center,678.2936,523.9734,46.73965,RoadCrosswalk
1742692472517,31.23634,1221,Eye Hit,Left,690.9567,427.2402,44.50404,SouthSidewalk
1742692472517,31.23634,1221,Eye Hit,Right,689.8409,427.2402,44.50404,SouthSidewalk
1742692472517,31.23634,1221,Eye Hit,Center,690.3988,427.2402,44.50404,SouthSidewalk
1742692472616,31.33026,1222,Eye Hit,Left,755.2902,342.7744,42.30041,SouthSidewalk
1742692472616,31.33026,1222,Eye Hit,Right,754.1164,342.7744,42.30041,SouthSidewalk
1742692472616,31.33026,1222,Eye Hit,Center,754.7033,342.7744,42.30041,SouthSidewalk
1742692472663,31.37503,1223,Eye Hit,Left,921.3411,316.3123,40.53362,SouthSidewalk
1742692472663,31.37503,1223,Eye Hit,Right,920.1161,316.3123,40.53362,SouthSidewalk
1742692472663,31.37503,1223,Eye Hit,Center,920.7286,316.3123,40.53362,SouthSidewalk
1742692472708,31.42191,1224,Eye Hit,Left,924.647,315.3942,40.47107,SouthSidewalk
1742692472708,31.42191,1224,Eye Hit,Right,923.4201,315.3942,40.47107,SouthSidewalk
1742692472708,31.42191,1224,Eye Hit,Center,924.0335,315.3942,40.47107,SouthSidewalk
1742692472742,31.46567,1225,Eye Hit,Left,925.4951,320.9745,40.59791,SouthSidewalk
1742692472742,31.46567,1225,Eye Hit,Right,924.272,320.9745,40.59791,SouthSidewalk
1742692472742,31.46567,1225,Eye Hit,Center,924.8836,320.9744,40.59792,SouthSidewalk
1742692472773,31.50005,1226,Eye Hit,Left,954.3331,321.9679,40.2936,SouthSidewalk
1742692472773,31.50005,1226,Eye Hit,Right,953.1007,321.9679,40.2936,SouthSidewalk
1742692472773,31.50005,1226,Eye Hit,Center,953.7169,321.9678,40.2936,SouthSidewalk
1742692472799,31.53015,1227,Eye Hit,Left,969.396,345.6786,40.66768,SouthSidewalk
1742692472799,31.53015,1227,Eye Hit,Right,968.175,345.6786,40.66768,SouthSidewalk
1742692472799,31.53015,1227,Eye Hit,Center,968.7856,345.6786,40.66768,SouthSidewalk
1742692472826,31.55684,1228,Eye Hit,Left,954.9885,362.1206,41.24053,SouthSidewalk
1742692472826,31.55684,1228,Eye Hit,Right,953.7846,362.1207,41.24053,SouthSidewalk
1742692472826,31.55684,1228,Eye Hit,Center,954.3866,362.1207,41.24053,SouthSidewalk
1742692472854,31.58318,1229,Eye Hit,Left,967.8304,371.2203,41.28235,SouthSidewalk
1742692472854,31.58318,1229,Eye Hit,Right,966.6277,371.2202,41.28235,SouthSidewalk
1742692472854,31.58318,1229,Eye Hit,Center,967.2291,371.2203,41.28235,SouthSidewalk
1742692472885,31.61262,1230,Eye Hit,Left,950.5726,358.0525,41.19848,SouthSidewalk
1742692472885,31.61262,1230,Eye Hit,Right,949.3674,358.0525,41.19848,SouthSidewalk
1742692472885,31.61262,1230,Eye Hit,Center,949.97,358.0525,41.19848,SouthSidewalk
1742692472913,31.64294,1231,Eye Hit,Left,946.8702,357.5232,41.23159,SouthSidewalk
1742692472913,31.64294,1231,Eye Hit,Right,945.6659,357.5232,41.23159,SouthSidewalk
1742692472913,31.64294,1231,Eye Hit,Center,946.268,357.5232,41.23159,SouthSidewalk
1742692472944,31.67075,1232,Eye Hit,Left,955.4518,380.1271,41.65436,SouthSidewalk
1742692472944,31.67075,1232,Eye Hit,Right,954.2598,380.1271,41.65436,SouthSidewalk
1742692472944,31.67075,1232,Eye Hit,Center,954.8558,380.127,41.65436,SouthSidewalk
1742692472970,31.70196,1233,Eye Hit,Left,958.6199,389.6764,41.83287,SouthSidewalk
1742692472970,31.70196,1233,Eye Hit,Right,957.4329,389.6764,41.83287,SouthSidewalk
1742692472970,31.70196,1233,Eye Hit,Center,958.0264,389.6764,41.83287,SouthSidewalk
1742692473006,31.72794,1234,Eye Hit,Left,962.7349,402.0239,42.05929,SouthSidewalk
1742692473006,31.72794,1234,Eye Hit,Right,961.5543,402.0239,42.05929,SouthSidewalk
1742692473006,31.72794,1234,Eye Hit,Center,962.1446,402.0239,42.05929,SouthSidewalk
1742692473039,31.76366,1235,Eye Hit,Left,972.5206,397.71,41.82269,SouthSidewalk
1742692473039,31.76366,1235,Eye Hit,Right,971.3334,397.71,41.82268,SouthSidewalk
1742692473039,31.76366,1235,Eye Hit,Center,971.927,397.71,41.82269,SouthSidewalk
1742692473082,31.79684,1236,Eye Hit,Left,988.3268,391.7574,41.45826,SouthSidewalk
1742692473082,31.79684,1236,Eye Hit,Right,987.1292,391.7574,41.45826,SouthSidewalk
1742692473082,31.79684,1236,Eye Hit,Center,987.7279,391.7574,41.45826,SouthSidewalk
1742692473125,31.84164,1237,Eye Hit,Left,966.4547,416.7626,42.34035,SouthSidewalk
1742692473125,31.84164,1237,Eye Hit,Right,965.282,416.7626,42.34035,SouthSidewalk
1742692473125,31.84164,1237,Eye Hit,Center,965.8683,416.7626,42.34035,SouthSidewalk
1742692473167,31.88324,1238,Eye Hit,Left,958.5377,420.5221,42.53899,RoadCrosswalk
1742692473167,31.88324,1238,Eye Hit,Right,957.3704,420.5221,42.53899,RoadCrosswalk
1742692473167,31.88324,1238,Eye Hit,Center,957.954,420.5221,42.53899,RoadCrosswalk
1742692473210,31.93187,1239,Eye Hit,Left,967.4144,424.2776,42.4928,SouthSidewalk
1742692473210,31.93187,1239,Eye Hit,Right,966.2458,424.2776,42.4928,SouthSidewalk
1742692473210,31.93187,1239,Eye Hit,Center,966.8302,424.2776,42.4928,SouthSidewalk
1742692473245,31.96746,1240,Eye Hit,Left,1000.763,422.7951,41.94316,SouthSidewalk
1742692473245,31.96746,1240,Eye Hit,Right,999.5796,422.7951,41.94315,SouthSidewalk
1742692473245,31.96746,1240,Eye Hit,Center,1000.172,422.7951,41.94316,SouthSidewalk
1742692473271,32.00325,1241,Eye Hit,Left,1025.814,429.0303,41.65478,RoadCrosswalk
1742692473271,32.00325,1241,Eye Hit,Right,1024.622,429.0303,41.65478,RoadCrosswalk
1742692473271,32.00325,1241,Eye Hit,Center,1025.218,429.0303,41.65478,RoadCrosswalk
1742692473300,32.0283,1242,Eye Hit,Left,1033.582,423.6757,41.41047,RoadCrosswalk
1742692473300,32.0283,1242,Eye Hit,Right,1032.383,423.6757,41.41047,RoadCrosswalk
1742692473300,32.0283,1242,Eye Hit,Center,1032.983,423.6757,41.41047,RoadCrosswalk
1742692473328,32.05664,1243,Eye Hit,Left,1021.507,420.7133,41.55599,SouthSidewalk
1742692473328,32.05664,1243,Eye Hit,Right,1020.312,420.7133,41.55599,SouthSidewalk
1742692473328,32.05664,1243,Eye Hit,Center,1020.91,420.7133,41.55599,SouthSidewalk
1742692473358,32.08585,1244,Eye Hit,Left,1018.948,428.283,41.75668,RoadCrosswalk
1742692473358,32.08585,1244,Eye Hit,Right,1017.759,428.283,41.75668,RoadCrosswalk
1742692473358,32.08585,1244,Eye Hit,Center,1018.354,428.283,41.75668,RoadCrosswalk
1742692473384,32.11639,1245,Eye Hit,Left,1016.99,434.1553,41.91111,RoadCrosswalk
1742692473384,32.11639,1245,Eye Hit,Right,1015.805,434.1553,41.91111,RoadCrosswalk
1742692473384,32.11639,1245,Eye Hit,Center,1016.397,434.1553,41.91111,RoadCrosswalk
1742692473414,32.14277,1246,Eye Hit,Left,1061.452,463.4082,41.67531,Truck1-Detailed
1742692473414,32.14277,1246,Eye Hit,Right,1060.261,463.4082,41.67531,Truck1-Detailed
1742692473414,32.14277,1246,Eye Hit,Center,1060.857,463.4082,41.67531,Truck1-Detailed
1742692473440,32.17212,1247,Eye Hit,Left,1064.893,466.6545,41.66797,Truck1-Detailed
1742692473440,32.17212,1247,Eye Hit,Right,1063.701,466.6545,41.66797,Truck1-Detailed
1742692473440,32.17212,1247,Eye Hit,Center,1064.297,466.6545,41.66797,Truck1-Detailed
1742692473468,32.19823,1248,Eye Hit,Left,1024.136,465.2084,42.40767,Truck1-Detailed
1742692473468,32.19823,1248,Eye Hit,Right,1022.965,465.2084,42.40767,Truck1-Detailed
1742692473468,32.19823,1248,Eye Hit,Center,1023.551,465.2084,42.40767,Truck1-Detailed
1742692473496,32.22622,1249,Eye Hit,Left,1025.433,467.0529,42.41994,Truck1-Detailed
1742692473496,32.22622,1249,Eye Hit,Right,1024.262,467.0529,42.41994,Truck1-Detailed
1742692473496,32.22622,1249,Eye Hit,Center,1024.848,467.0529,42.41994,Truck1-Detailed
1742692473525,32.25392,1250,Eye Hit,Left,999.3071,470.2443,42.9468,Truck1-Detailed
1742692473525,32.25392,1250,Eye Hit,Right,998.151,470.2443,42.9468,Truck1-Detailed
1742692473525,32.25392,1250,Eye Hit,Center,998.729,470.2443,42.9468,Truck1-Detailed
1742692473553,32.28321,1251,Eye Hit,Left,898.7974,532.5305,45.74386,Truck1-Detailed
1742692473553,32.28321,1251,Eye Hit,Right,897.7119,532.5305,45.74385,Truck1-Detailed
1742692473553,32.28321,1251,Eye Hit,Center,898.2546,532.5305,45.74386,Truck1-Detailed
1742692473583,32.31195,1252,Eye Hit,Left,712.1855,626.7656,48.69386,Truck1-Detailed
1742692473583,32.31195,1252,Eye Hit,Right,711.1658,626.7656,48.69386,Truck1-Detailed
1742692473583,32.31195,1252,Eye Hit,Center,711.6757,626.7656,48.69385,Truck1-Detailed
1742692473613,32.34237,1253,Eye Hit,Left,704.1597,632.8166,48.77477,Truck1-Detailed
1742692473613,32.34237,1253,Eye Hit,Right,703.1417,632.8165,48.77477,Truck1-Detailed
1742692473613,32.34237,1253,Eye Hit,Center,703.6507,632.8165,48.77477,Truck1-Detailed
1742692473642,32.37155,1254,Eye Hit,Left,813.7573,678.7814,48.96249,Truck1-Detailed
1742692473642,32.37155,1254,Eye Hit,Right,812.7432,678.7814,48.96249,Truck1-Detailed
1742692473642,32.37155,1254,Eye Hit,Center,813.2502,678.7814,48.96249,Truck1-Detailed
1742692473671,32.40076,1255,Eye Hit,Left,812.0966,677.8268,48.96676,Truck1-Detailed
1742692473671,32.40076,1255,Eye Hit,Right,811.0825,677.8268,48.96676,Truck1-Detailed
1742692473671,32.40076,1255,Eye Hit,Center,811.5896,677.8268,48.96677,Truck1-Detailed
1742692473707,32.42881,1256,Eye Hit,Left,809.0941,737.3435,49.46132,Truck1-Detailed
1742692473707,32.42881,1256,Eye Hit,Right,808.0901,737.3435,49.46132,Truck1-Detailed
1742692473707,32.42881,1256,Eye Hit,Center,808.592,737.3435,49.46132,Truck1-Detailed
1742692473749,32.46466,1257,Eye Hit,Left,665.6809,796.3885,49.83641,Truck1-Detailed
1742692473749,32.46466,1257,Eye Hit,Right,664.6846,796.3885,49.83641,Truck1-Detailed
1742692473750,32.46466,1257,Eye Hit,Center,665.1827,796.3885,49.83641,Truck1-Detailed
1742692473780,32.50903,1258,Eye Hit,Left,649.6323,831.2316,49.6658,Truck1-Detailed
1742692473780,32.50903,1258,Eye Hit,Right,648.6326,831.2316,49.6658,Truck1-Detailed
1742692473780,32.50903,1258,Eye Hit,Center,649.1324,831.2316,49.6658,Truck1-Detailed
1742692473819,32.53916,1259,Eye Hit,Left,650.202,831.9059,49.66782,Truck1-Detailed
1742692473819,32.53916,1259,Eye Hit,Right,649.2023,831.9059,49.66782,Truck1-Detailed
1742692473819,32.53916,1259,Eye Hit,Center,649.7021,831.9059,49.66782,Truck1-Detailed
1742692473859,32.57824,1260,Eye Hit,Left,654.5925,824.499,49.72211,Truck1-Detailed
1742692473859,32.57824,1260,Eye Hit,Right,653.5938,824.499,49.72211,Truck1-Detailed
1742692473859,32.57824,1260,Eye Hit,Center,654.0931,824.499,49.72211,Truck1-Detailed
1742692473889,32.6172,1261,Eye Hit,Left,652.1147,826.8829,49.69836,Truck1-Detailed
1742692473889,32.6172,1261,Eye Hit,Right,651.1155,826.8829,49.69835,Truck1-Detailed
1742692473889,32.6172,1261,Eye Hit,Center,651.6151,826.8829,49.69836,Truck1-Detailed
1742692473912,32.64711,1262,Eye Hit,Left,652.4125,837.285,49.6603,Truck1-Detailed
1742692473912,32.64711,1262,Eye Hit,Right,651.4126,837.285,49.66029,Truck1-Detailed
1742692473912,32.64711,1262,Eye Hit,Center,651.9126,837.285,49.6603,Truck1-Detailed
1742692473940,32.67094,1263,Eye Hit,Left,653.4004,838.1791,49.66267,Truck1-Detailed
1742692473940,32.67094,1263,Eye Hit,Right,652.4006,838.1791,49.66267,Truck1-Detailed
1742692473940,32.67094,1263,Eye Hit,Center,652.9005,838.1791,49.66267,Truck1-Detailed
1742692473968,32.69715,1264,,Left,653.0128,839.2836,49.65519,
1742692473968,32.69715,1264,,Right,652.0128,839.2836,49.65519,
1742692473968,32.69715,1264,,Center,652.5128,839.2836,49.65519,
1742692474008,32.7254,1265,,Left,652.565,838.799,49.65523,
1742692474008,32.7254,1265,,Right,651.5649,838.799,49.65522,
1742692474008,32.7254,1265,,Center,652.0649,838.799,49.65522,
1742692474055,32.7648,1266,,Left,654.9808,831.5699,49.69975,
1742692474055,32.7648,1266,,Right,653.9818,831.5699,49.69975,
1742692474055,32.7648,1266,,Center,654.4813,831.5699,49.69975,
1742692474083,32.81357,1267,,Left,657.8242,834.0622,49.70707,
1742692474083,32.81357,1267,,Right,656.8253,834.0622,49.70707,
1742692474083,32.81357,1267,,Center,657.3248,834.0622,49.70707,
1742692474107,32.84183,1268,,Left,658.1822,836.7305,49.69802,
1742692474107,32.84183,1268,,Right,657.1831,836.7305,49.69802,
1742692474107,32.84183,1268,,Center,657.6827,836.7305,49.69802,
1742692474135,32.86542,1269,,Left,656.4429,837.5833,49.68365,
1742692474135,32.86542,1269,,Right,655.4435,837.5833,49.68365,
1742692474135,32.86542,1269,,Center,655.9432,837.5833,49.68365,
1742692474163,32.89278,1270,,Left,660.3337,836.8633,49.7101,
1742692474163,32.89278,1270,,Right,659.3348,836.8633,49.7101,
1742692474163,32.89278,1270,,Center,659.8343,836.8633,49.7101,
1742692474192,32.92124,1271,,Left,661.4326,830.6348,49.7411,
1742692474192,32.92124,1271,,Right,660.4344,830.6348,49.7411,
1742692474192,32.92124,1271,,Center,660.9335,830.6348,49.7411,
1742692474223,32.95051,1272,,Left,659.9656,829.4136,49.73686,
1742692474223,32.95051,1272,,Right,658.9672,829.4136,49.73685,
1742692474223,32.95051,1272,,Center,659.4664,829.4136,49.73685,
1742692474248,32.98141,1273,,Left,657.855,832.7338,49.7117,
1742692474248,32.98141,1273,,Right,656.8561,832.7338,49.7117,
1742692474248,32.98141,1273,,Center,657.3555,832.7338,49.7117,
1742692474278,33.00816,1274,,Left,661.4434,834.5192,49.72549,
1742692474278,33.00816,1274,,Right,660.4448,834.5192,49.72549,
1742692474278,33.00816,1274,,Center,660.9441,834.5192,49.72549,
1742692474306,33.03914,1275,,Left,659.5636,835.297,49.71137,
1742692474307,33.03914,1275,,Right,658.5648,835.297,49.71137,
1742692474307,33.03914,1275,,Center,659.0642,835.297,49.71138,
1742692474340,33.06656,1276,,Left,660.048,834.7669,49.71629,
1742692474340,33.06656,1276,,Right,659.0492,834.7669,49.71629,
1742692474340,33.06656,1276,,Center,659.5486,834.7669,49.71629,
1742692474375,33.10146,1277,,Left,665.5755,836.5966,49.73859,
1742692474375,33.10146,1277,,Right,664.5772,836.5966,49.73859,
1742692474375,33.10146,1277,,Center,665.0764,836.5966,49.73859,
1742692474413,33.13514,1278,,Left,667.187,837.0139,49.74435,
1742692474413,33.13514,1278,,Right,666.1887,837.0139,49.74436,
1742692474413,33.13514,1278,,Center,666.6879,837.0139,49.74435,
1742692474457,33.17276,1279,,Left,666.6774,836.4448,49.74372,
1742692474458,33.17276,1279,,Right,665.6792,836.4448,49.74372,
1742692474458,33.17276,1279,,Center,666.1783,836.4448,49.74372,
1742692474499,33.21635,1280,,Left,671.188,832.4611,49.78218,
1742692474499,33.21635,1280,,Right,670.1906,832.4611,49.78218,
1742692474499,33.21635,1280,,Center,670.6893,832.4611,49.78218,
1742692474533,33.25719,1281,,Left,670.2491,831.3985,49.78197,
1742692474533,33.25719,1281,,Right,669.2516,831.3985,49.78197,
1742692474533,33.25719,1281,,Center,669.7504,831.3985,49.78196,
1742692474568,33.29037,1282,Eye Hit,Left,671.9335,831.5609,49.78966,MicroBus4-Detailed
1742692474568,33.29037,1282,Eye Hit,Right,670.9363,831.5608,49.78966,MicroBus4-Detailed
1742692474568,33.29037,1282,Eye Hit,Center,671.4349,831.5608,49.78967,MicroBus4-Detailed
1742692474611,33.32574,1283,Eye Hit,Left,673.3433,833.1387,49.79015,MicroBus4-Detailed
1742692474612,33.32574,1283,Eye Hit,Right,672.346,833.1387,49.79015,MicroBus4-Detailed
1742692474612,33.32574,1283,Eye Hit,Center,672.8446,833.1387,49.79015,MicroBus4-Detailed
1742692474640,33.36926,1284,Eye Hit,Left,676.1058,834.5316,49.79682,MicroBus4-Detailed
1742692474640,33.36926,1284,Eye Hit,Right,675.1086,834.5316,49.79682,MicroBus4-Detailed
1742692474640,33.36926,1284,Eye Hit,Center,675.6072,834.5316,49.79682,MicroBus4-Detailed
1742692474677,33.39735,1285,Eye Hit,Left,680.6287,832.8428,49.82195,MicroBus4-Detailed
1742692474677,33.39735,1285,Eye Hit,Right,679.6321,832.8428,49.82195,MicroBus4-Detailed
1742692474677,33.39735,1285,Eye Hit,Center,680.1304,832.8428,49.82195,MicroBus4-Detailed
1742692474708,33.43518,1286,Eye Hit,Left,680.4361,831.3207,49.82714,MicroBus4-Detailed
1742692474708,33.43518,1286,Eye Hit,Right,679.4396,831.3207,49.82713,MicroBus4-Detailed
1742692474708,33.43518,1286,Eye Hit,Center,679.9379,831.3207,49.82713,MicroBus4-Detailed
1742692474734,33.46522,1287,Eye Hit,Left,684.4713,831.5594,49.84106,MicroBus4-Detailed
1742692474734,33.46522,1287,Eye Hit,Right,683.4751,831.5594,49.84106,MicroBus4-Detailed
1742692474734,33.46522,1287,Eye Hit,Center,683.9732,831.5594,49.84105,MicroBus4-Detailed
1742692474798,33.50033,1288,Eye Hit,Left,682.9297,832.551,49.83137,MicroBus4-Detailed
1742692474798,33.50033,1288,Eye Hit,Right,681.9333,832.551,49.83137,MicroBus4-Detailed
1742692474798,33.50033,1288,Eye Hit,Center,682.4316,832.551,49.83137,MicroBus4-Detailed
1742692474839,33.55823,1289,Eye Hit,Left,694.5148,832.9905,49.86498,MicroBus4-Detailed
1742692474839,33.55823,1289,Eye Hit,Right,693.519,832.9905,49.86498,MicroBus4-Detailed
1742692474839,33.55823,1289,Eye Hit,Center,694.0168,832.9905,49.86498,MicroBus4-Detailed
1742692474872,33.60002,1290,Eye Hit,Left,696.3162,842.0664,49.8289,MicroBus4-Detailed
1742692474872,33.60002,1290,Eye Hit,Right,695.3196,842.0664,49.8289,MicroBus4-Detailed
1742692474872,33.60002,1290,Eye Hit,Center,695.8179,842.0664,49.8289,MicroBus4-Detailed
1742692474904,33.63573,1291,Eye Hit,Left,698.7875,844.4366,49.8223,MicroBus4-Detailed
1742692474904,33.63573,1291,Eye Hit,Right,697.7909,844.4366,49.8223,MicroBus4-Detailed
1742692474904,33.63573,1291,Eye Hit,Center,698.2892,844.4366,49.8223,MicroBus4-Detailed
1742692474945,33.66637,1292,Eye Hit,Left,701.5401,845.4392,49.82207,MicroBus4-Detailed
1742692474945,33.66637,1292,Eye Hit,Right,700.5435,845.4392,49.82207,MicroBus4-Detailed
1742692474945,33.66637,1292,Eye Hit,Center,701.0418,845.4392,49.82207,MicroBus4-Detailed
1742692474986,33.70707,1293,Eye Hit,Left,705.7532,846.1033,49.82504,MicroBus4-Detailed
1742692474986,33.70707,1293,Eye Hit,Right,704.7567,846.1033,49.82504,MicroBus4-Detailed
1742692474986,33.70707,1293,Eye Hit,Center,705.255,846.1033,49.82504,MicroBus4-Detailed
1742692475022,33.75089,1294,Eye Hit,Left,711.9026,846.349,49.83045,MicroBus4-Detailed
1742692475022,33.75089,1294,Eye Hit,Right,710.9061,846.349,49.83045,MicroBus4-Detailed
1742692475022,33.75089,1294,Eye Hit,Center,711.4043,846.349,49.83045,MicroBus4-Detailed
1742692475063,33.78172,1295,Eye Hit,Left,725.55,846.2426,49.8328,MicroBus4-Detailed
1742692475063,33.78172,1295,Eye Hit,Right,724.5536,846.2426,49.8328,MicroBus4-Detailed
1742692475063,33.78172,1295,Eye Hit,Center,725.0518,846.2426,49.8328,MicroBus4-Detailed
1742692475104,33.82146,1296,Eye Hit,Left,739.1871,846.9444,49.8129,MicroBus4-Detailed
1742692475104,33.82146,1296,Eye Hit,Right,738.1902,846.9444,49.8129,MicroBus4-Detailed
1742692475104,33.82146,1296,Eye Hit,Center,738.6887,846.9444,49.8129,MicroBus4-Detailed
1742692475147,33.86191,1297,Eye Hit,Left,752.0322,847.2697,49.77964,MicroBus4-Detailed
1742692475147,33.86191,1297,Eye Hit,Right,751.0347,847.2697,49.77964,MicroBus4-Detailed
1742692475147,33.86191,1297,Eye Hit,Center,751.5334,847.2697,49.77964,MicroBus4-Detailed
1742692475186,33.90548,1298,Eye Hit,Left,753.7,848.7803,49.76597,MicroBus4-Detailed
1742692475186,33.90548,1298,Eye Hit,Right,752.7023,848.7803,49.76596,MicroBus4-Detailed
1742692475186,33.90548,1298,Eye Hit,Center,753.2011,848.7803,49.76596,MicroBus4-Detailed
1742692475224,33.94519,1299,Eye Hit,Left,755.83,848.6174,49.75949,MicroBus4-Detailed
1742692475224,33.94519,1299,Eye Hit,Right,754.8321,848.6174,49.75949,MicroBus4-Detailed
1742692475224,33.94519,1299,Eye Hit,Center,755.331,848.6174,49.75949,MicroBus4-Detailed
1742692475262,33.9831,1300,Eye Hit,Left,755.8602,850.2991,49.74977,MicroBus4-Detailed
1742692475262,33.9831,1300,Eye Hit,Right,754.8621,850.2991,49.74977,MicroBus4-Detailed
1742692475262,33.9831,1300,Eye Hit,Center,755.3611,850.2991,49.74977,MicroBus4-Detailed
1742692475304,34.02346,1301,Eye Hit,Left,751.8289,853.0502,49.74661,MicroBus4-Detailed
1742692475304,34.02346,1301,Eye Hit,Right,750.8307,853.0502,49.74661,MicroBus4-Detailed
1742692475304,34.02346,1301,Eye Hit,Center,751.3298,853.0502,49.74661,MicroBus4-Detailed
1742692475355,34.0624,1302,Eye Hit,Left,750.9901,854.3335,49.74131,MicroBus4-Detailed
1742692475355,34.0624,1302,Eye Hit,Right,749.9919,854.3335,49.74131,MicroBus4-Detailed
1742692475355,34.0624,1302,Eye Hit,Center,750.491,854.3335,49.7413,MicroBus4-Detailed
1742692475396,34.11807,1303,,Left,747.7363,855.1443,49.74541,
1742692475396,34.11807,1303,,Right,746.7382,855.1443,49.74542,
1742692475396,34.11807,1303,,Center,747.2374,855.1443,49.74541,
1742692475433,34.15563,1304,,Left,748.2024,856.0032,49.73888,
1742692475433,34.15563,1304,,Right,747.2042,856.0032,49.73888,
1742692475433,34.15563,1304,,Center,747.7033,856.0032,49.73888,
1742692475471,34.19024,1305,,Left,747.6919,855.7548,49.74168,
1742692475471,34.19024,1305,,Right,746.6936,855.7548,49.74168,
1742692475471,34.19024,1305,,Center,747.1927,855.7548,49.74168,
1742692475523,34.22908,1306,,Left,745.1819,857.0283,49.74001,
1742692475523,34.22908,1306,,Right,744.1836,857.0283,49.74001,
1742692475523,34.22908,1306,,Center,744.6827,857.0283,49.74001,
1742692475573,34.27958,1307,,Left,744.92,857.7033,49.7363,
1742692475573,34.27958,1307,,Right,743.9216,857.7033,49.7363,
1742692475573,34.27958,1307,,Center,744.4208,857.7033,49.7363,
1742692475621,34.33016,1308,,Left,745.0786,859.2919,49.72567,
1742692475621,34.33016,1308,,Right,744.08,859.2919,49.72567,
1742692475621,34.33016,1308,,Center,744.5792,859.2919,49.72568,
1742692475665,34.37843,1309,,Left,745.3711,860.126,49.71964,
17