TimeStamp,Delta_TP9,Delta_AF7,Delta_AF8,Delta_TP10,Theta_TP9,Theta_AF7,Theta_AF8,Theta_TP10,Alpha_TP9,Alpha_AF7,Alpha_AF8,Alpha_TP10,Beta_TP9,Beta_AF7,Beta_AF8,Beta_TP10,Gamma_TP9,Gamma_AF7,Gamma_AF8,Gamma_TP10,RAW_TP9,RAW_AF7,RAW_AF8,RAW_TP10,AUX_RIGHT,AUX_LEFT,Accelerometer_X,Accelerometer_Y,Accelerometer_Z,Gyro_X,Gyro_Y,Gyro_Z,HeadBandOn,HSI_TP9,HSI_AF7,HSI_AF8,HSI_TP10,Battery,Elements
2025-03-24 15:34:46.252,,,,,,,,,,,,,,,,,,,,,,,,,,,,,,,,,,,,,,,/muse/event/connected MuseS-9CF6
2025-03-24 15:34:46.434,,,,,,,,,,,,,,,,,,,,,,,,,,,,,,,,,,,,,,,/muse/elements/blink
2025-03-24 15:34:46.752,1.589181884575693,1.116940071159859,0.8729609879148283,1.578772672339574,1.528324243293552,0.4882161555417156,0.06934077065008351,1.222478647422557,0.8601836746366498,0.6646425120212368,0.331662667113169,1.317982468442792,0.6417330472863043,0.114717270255883,-0.09565026116501181,0.5743108593693812,0.1656301724919712,-0.4071302720233965,-0.3954400485493499,-0.03682570286586873,875.9706959706959,814.3223443223443,778.0586080586081,775.6410256410256,655.1648351648352,499.6336996336996,-0.522949,0.068298,0.847656,-0.388794,1.286011,-1.697235,1,1,1,1,1,94.000000
2025-03-24 15:34:47.253,1.589181884575693,0.9058819724350968,0.8857628383983632,1.488707939021058,1.528324243293552,0.2075116825128842,-0.07666500719506478,1.13214965932961,0.8601836746366498,0.1094916264350522,0.1140957426292308,1.187731519783038,0.6417330472863043,0.0656900708337198,-0.06341780812696068,0.4765189789028885,0.1656301724919712,-0.3449222208730894,-0.3998168681378906,-0.1456019155322119,594.7252747252747,783.6996336996338,810.6959706959707,795.7875457875458,726.0805860805862,488.7545787545787,-0.536072,0.044189,0.832947,0.007477,-2.706604,-0.807495,1,1,1,1,1,94.000000
2025-03-24 15:34:47.753,1.589181884575693,0.9175208541231956,1.036155741922333,1.488707939021058,1.528324243293552,0.0694201335662981,0.007956259083635132,1.13214965932961,0.8601836746366498,-0.05134144158646042,0.1140957426292308,1.187731519783038,0.6417330472863043,0.06604712779156957,-0.02675646471846912,0.4765189789028885,0.1656301724919712,-0.3026579116554706,-0.3815710401390976,-0.1456019155322119,772.4175824175825,802.2344322344322,801.025641025641,808.2783882783883,796.996336996337,750.6593406593407,-0.535400,0.073914,0.835449,0.186920,-0.052338,-2.048645,1,1,1,1,1,94.000000
2025-03-24 15:34:48.262,1.589181884575693,1.136710940064027,1.140469575658436,1.488707939021058,1.528324243293552,0.3300799676669669,0.3297425739811623,1.13214965932961,0.8601836746366498,0.3049783468133429,0.379568273415769,1.187731519783038,0.6417330472863043,0.05436732411333113,0.01529187780729522,0.4765189789028885,0.1656301724919712,-0.3354499257298818,-0.292509551618244,-0.1456019155322119,767.1794871794872,799.8168498168499,805.8608058608058,786.1172161172161,828.4249084249085,689.0109890109891,-0.532471,0.057007,0.823364,2.370148,-2.983246,5.158997,1,1,1,1,1,94.000000
2025-03-24 15:34:48.753,1.589181884575693,1.098662813001328,0.9748746324563914,1.488707939021058,1.528324243293552,0.3719290006076322,0.3929480873738562,1.13214965932961,0.8601836746366498,0.2914474395452672,0.3417985980180252,1.187731519783038,0.6417330472863043,0.01719346055031245,0.0311918514397016,0.4765189789028885,0.1656301724919712,-0.4221759881548863,-0.3643932409842248,-0.1456019155322119,784.9084249084249,799.0109890109891,794.5787545787546,797.3992673992674,789.7435897435897,618.4981684981685,-0.544800,0.048889,0.811035,4.216919,-2.878571,-7.222595,1,2,1,1,2,94.000000
2025-03-24 15:34:49.253,1.589181884575693,0.9528787569733583,0.7517202657113717,0.9431028010808175,1.528324243293552,0.2463556616564521,0.2966783141464711,0.2746785439605149,0.8601836746366498,0.2845898975421197,0.3954639861600688,0.4892079509639637,0.6417330472863043,-0.01881929038501509,0.03798372095521296,0.2351511169415735,0.1656301724919712,-0.4947929904684951,-0.3716838196972642,-0.3330230919529428,701.5018315018315,794.1758241758242,797.3992673992674,783.2967032967033,821.1721611721612,816.7399267399268,-0.522461,0.064392,0.831177,0.523376,-0.755157,1.188812,1,1,1,1,1,94.000000
2025-03-24 15:34:49.753,1.589181884575693,0.5804248414865855,0.3326827567287654,0.9889790554836746,1.528324243293552,-0.08987011275008208,-0.002970236238808904,0.2064736004764897,0.8601836746366498,0.2016915902401114,0.2600105218133424,0.5746017837052181,0.6417330472863043,-0.05640323911887418,-0.03031679346023247,0.1656280187515661,0.1656301724919712,-0.5757613960866637,-0.4101844262956144,-0.2678066846491377,1109.67032967033,813.5164835164835,807.0695970695971,812.7106227106227,794.1758241758242,745.8241758241759,-0.518799,0.078735,0.837830,1.958923,-3.910370,-4.418793,1,1,1,1,1,94.000000
2025-03-24 15:34:50.256,1.589181884575693,0.2227408623590376,0.2843898792247722,1.02822248634613,1.528324243293552,-0.3994381121406195,-0.2705114594639856,0.5428319809992095,0.8601836746366498,0.04873285755211051,0.3063044274671062,0.89273708170379,0.6417330472863043,-0.01385180647952434,-0.09732945513585392,0.2333218297212789,0.1656301724919712,-0.539025380173813,-0.2854812020457748,-0.2323222625617048,1055.274725274725,803.4432234432235,801.025641025641,782.4908424908425,996.4468864468864,1218.058608058608,-0.519592,0.039795,0.835815,7.723541,-2.534637,-18.243408,1,1,1,1,1,94.000000
2025-03-24 15:34:50.753,1.589181884575693,0.4523633451630434,0.2264285459709238,1.112080887333881,1.528324243293552,-0.1163132528404133,-0.1467969455565125,0.7632203735418034,0.8601836746366498,0.08869278602888557,0.391648476604511,0.8919175374396641,0.6417330472863043,0.02378773385003752,-0.1709470917437704,0.2562251011262828,0.1656301724919712,-0.4781556118390152,-0.3247119608848693,-0.166075636389847,763.956043956044,798.6080586080586,804.2490842490843,757.5091575091575,799.4139194139194,678.9377289377289,-0.379089,-0.032104,0.935425,-13.959198,-12.082520,24.351959,1,1,1,1,1,94.000000
2025-03-24 15:34:51.259,1.589181884575693,0.6218925521274885,0.586883362683666,1.470321750803979,1.528324243293552,0.1263916667551059,0.06109535688554846,0.9137752126478487,0.8601836746366498,0.1714447604638798,0.3571803254698219,0.8919175374396641,0.6417330472863043,0.05483173652870636,-0.1319943890386179,0.3422060222377774,0.1656301724919712,-0.3984395642363983,-0.3873331196182193,-0.1382454831276214,796.996336996337,806.2637362637363,796.996336996337,792.967032967033,759.5238095238095,627.3626373626374,-0.361084,0.037964,0.928406,-1.839294,0.949554,6.534729,1,1,1,1,1,94.000000
2025-03-24 15:34:51.753,1.589181884575693,0.6203829419847715,0.6250491270404447,1.693889320412201,1.528324243293552,0.1140920948922935,0.1778960393207908,1.005764042732038,0.8601836746366498,0.1660370463777427,0.3365404824377801,0.8482982342114693,0.6417330472863043,-0.02006579519933372,-0.1524572467179594,0.3233724545708609,0.1656301724919712,-0.3842380367617934,-0.6111043231189506,-0.1060609925747873,814.3223443223443,802.2344322344322,799.4139194139194,759.1208791208792,755.4945054945055,667.2527472527473,-0.386230,0.049866,0.935242,1.368256,-2.250519,-1.211243,1,1,1,1,1,94.000000
2025-03-24 15:34:52.253,1.589181884575693,0.5089549287872883,0.6423433001955091,1.808530644053638,1.528324243293552,0.09270055333984727,0.1319812565837801,0.9316411401963131,0.8601836746366498,0.2691908912787898,0.01581040065389652,0.3037585452106916,0.6417330472863043,-0.07265107649997753,-0.1733384216357733,0.3044250224216867,0.1656301724919712,-0.2987701707352732,-0.6215988435741434,-0.1283720100795883,951.3186813186813,801.4285714285714,804.6520146520147,799.8168498168499,866.7032967032967,870.7326007326008,-0.384766,0.060181,0.915649,1.532745,0.276642,-0.538330,1,1,1,1,1,94.000000
2025-03-24 15:34:52.664,,,,,,,,,,,,,,,,,,,,,,,,,,,,,,,,,,,,,,,/muse/elements/blink
2025-03-24 15:34:52.753,1.589181884575693,0.3296493367781785,0.5151662480907364,1.851977635290682,1.528324243293552,-0.1147529543348762,0.2506371142243837,1.334448010809328,0.8601836746366498,0.2734189494649734,0.08659538665610327,0.781447711362671,0.6417330472863043,-0.01965818034675148,-0.237839319460513,0.3860664601760897,0.1656301724919712,-0.2349755627151554,-0.590800355566856,0.1080633724405321,798.6080586080586,796.5934065934066,800.2197802197802,797.3992673992674,903.3699633699634,858.2417582417582,-0.448975,0.044800,0.879944,5.734711,12.239532,-12.762909,1,1,1,1,1,94.000000
2025-03-24 15:34:53.266,1.589181884575693,0.3339643224318664,0.6442047202013683,1.839316268097218,1.528324243293552,-0.00772886900020721,0.3874637723199302,1.610356974773981,0.8601836746366498,0.3623791851611635,0.2953299375251998,1.174121183011069,0.6417330472863043,0.01213775690663524,-0.2056123308387796,0.5812517295127791,0.1656301724919712,-0.2550467448297565,-0.5262551796701394,0.1620870671485106,792.1611721611722,800.2197802197802,809.4871794871796,794.981684981685,748.6446886446887,588.6813186813187,-0.524353,0.023682,0.838013,-0.463562,-0.500946,-0.710297,1,1,1,1,1,94.000000
2025-03-24 15:34:53.761,1.589181884575693,0.2494489732063775,0.6931740902284693,1.71723503067848,1.528324243293552,-0.1130299210785708,0.4016057721257524,1.512304174115641,0.8601836746366498,0.3798455578569273,0.3189805342450035,1.174121183011069,0.6417330472863043,0.02102965507882859,-0.141805018369961,0.5706598837220306,0.1656301724919712,-0.2962056874047234,-0.4393694434848611,0.1090763953313281,765.5677655677656,795.7875457875458,800.2197802197802,799.8168498168499,874.7619047619048,770.8058608058608,-0.528687,0.003601,0.834595,0.418701,-2.041168,-1.525269,1,1,1,1,1,94.000000
2025-03-24 15:34:54.261,1.589181884575693,0.1851789720097095,0.6319845258239379,1.362550879630704,1.528324243293552,-0.01009756683020636,0.2547043586853188,1.250046462113653,0.8601836746366498,0.3581366777533689,0.3189805342450035,1.162386290527327,0.6417330472863043,-0.002367816197067413,-0.07662046941696715,0.4217212571419446,0.1656301724919712,-0.326325019408377,-0.3724764462524465,0.04657765458437887,749.8534798534798,792.5641025641025,800.2197802197802,794.5787545787546,836.8864468864469,684.5787545787546,-0.500244,0.021057,0.858765,1.076660,-3.506622,3.342133,1,1,1,1,1,94.000000
2025-03-24 15:34:54.761,1.589181884575693,0.249056403196857,0.3295385682557687,0.7522524112865504,1.528324243293552,-0.07584495633151163,-0.3401964136854891,0.60051058788194,0.8601836746366498,0.1536950030554645,0.1428618112442546,0.7025304233102146,0.6417330472863043,-0.01880707654690434,-0.0642095785198136,0.2693648732122004,0.1656301724919712,-0.2791627462417593,-0.2812936014338215,-0.03047426809712674,940.0366300366301,807.4725274725275,799.8168498168499,818.7545787545788,857.4358974358975,773.2234432234433,-0.492920,0.031006,0.861755,0.164490,-3.529053,0.770111,1,1,1,1,1,94.000000
2025-03-24 15:34:55.259,1.589181884575693,0.3110981893759504,0.2994847264567314,0.8205828500156486,1.528324243293552,-0.004824163977107621,-0.4558793706350752,0.4015684592724697,0.8601836746366498,0.1172172207831099,0.06617870674725924,0.7456634261921193,0.6417330472863043,-0.04630358547758901,-0.0109188965700522,0.3201876775100631,0.1656301724919712,-0.3040162928248851,-0.292056335524764,-0.0503192612027533,714.7985347985348,806.6666666666667,811.0989010989011,775.2380952380953,788.9377289377289,687.3992673992674,-0.513855,0.031555,0.834900,1.233673,0.044861,0.605621,1,1,1,1,1,94.000000
2025-03-24 15:34:55.752,1.589181884575693,0.2340412676431206,0.1483409706033371,1.252089130536163,1.528324243293552,0.05761169247642741,-0.5212916487741242,0.5608727286038133,0.8601836746366498,0.1750198195841469,0.02358950248199589,0.713918945078684,0.6417330472863043,-0.1387888105062013,-0.05567654128506825,0.4119438391732526,0.1656301724919712,-0.3320737197594853,-0.3364846866715666,-0.119671202033324,782.4908424908425,793.7728937728938,796.996336996337,789.7435897435897,880.4029304029305,753.0769230769231,-0.492493,0.045898,0.862915,0.643005,-0.635529,-0.575714,1,1,1,1,1,94.000000
2025-03-24 15:34:56.262,1.589181884575693,0.04605209163032028,0.1031856493294856,1.191604146112434,1.528324243293552,0.06271374660645718,-0.3372195532256952,0.5730817497154637,0.8601836746366498,0.2046811591792751,0.1721135954132216,0.713918945078684,0.6417330472863043,-0.07139989608313288,-0.06868058319247078,0.3974464401369004,0.1656301724919712,-0.284771907613049,-0.3868532627775442,-0.1161908799265678,772.8205128205128,784.9084249084249,804.2490842490843,774.4322344322345,728.901098901099,694.2490842490843,-0.500427,0.029236,0.863281,-1.173859,-1.428070,5.248718,1,1,1,1,1,94.000000
2025-03-24 15:34:56.759,1.589181884575693,0.1414017541542797,0.01271895096039588,1.121888990060868,1.528324243293552,0.1564339011794972,-0.09506925484938804,0.489647616041658,0.8601836746366498,0.223645039290556,0.1578747254247552,0.7587347915838484,0.6417330472863043,0.02675938078757803,-0.2037491428448377,0.3181566056860198,0.1656301724919712,-0.2449670588279096,-0.3454081018876912,-0.1787800378198001,794.981684981685,803.8461538461539,801.8315018315019,801.8315018315019,830.0366300366301,731.7216117216118,-0.496704,0.050720,0.857300,0.672913,-0.246735,0.209351,1,1,1,1,1,94.000000
2025-03-24 15:34:57.253,0.7137418382423838,0.5059673352190937,0.3641623049095776,0.6508463214497381,0.3726829477455114,0.1689496978712692,0.2044394929928556,0.3537464769944857,0.4828601558288942,0.2656863782239582,0.399653472904272,0.5525288084225589,0.436443067644774,0.08308625303570311,-0.1470828879144218,0.319701716989238,-0.003520512840740034,-0.2616712402353239,-0.2635550967434705,-0.192137503519727,813.5164835164835,801.8315018315019,803.040293040293,794.5787545787546,840.5128205128206,760.7326007326008,-0.486450,0.056213,0.858643,0.620575,-1.884155,0.089722,1,1,1,1,1,94.000000
2025-03-24 15:34:57.753,0.76369617105012,0.5452681965395606,0.4642865031400344,0.7557762680764921,0.4884812407754123,0.1575022711591717,0.2294234985520607,0.3488164428547099,0.7299852255795901,0.2334043451355163,0.351130023379531,0.5474704702642023,0.5237034718156295,-0.001676533140352194,-0.08103111953958726,0.3534158379371196,0.03865601315286971,-0.2999251409819124,-0.2341417960276194,-0.1648663372075228,806.6666666666667,801.4285714285714,807.8754578754579,788.9377289377289,786.9230769230769,696.2637362637363,-0.476379,0.050537,0.876099,-1.091614,-3.244934,-2.213135,1,1,1,1,1,94.000000
2025-03-24 15:34:58.253,0.8399625632692471,0.5474383442664065,0.5758672724135429,0.8026702228200335,0.503561115189458,0.1053675786128794,0.178941387907045,0.3897468218163063,0.7299852255795901,0.2202449614909031,0.3744289119266674,0.5043165206740213,0.5330175755654559,-0.01610189629551721,-0.01907795005856126,0.361263164289732,0.04811250972227456,-0.3655499550603091,-0.3044126273547417,-0.1225394495711025,828.4249084249085,793.3699633699634,802.2344322344322,828.021978021978,792.5641025641025,672.0879120879121,-0.446838,0.075562,0.862366,1.973877,-6.856232,-5.256195,1,1,1,1,1,94.000000
2025-03-24 15:34:58.259,,,,,,,,,,,,,,,,,,,,,,,,,,,,,,,,,,,,,,,/muse/elements/blink
2025-03-24 15:34:58.756,0.8667686862369257,0.6931562108752786,0.6050290321856922,0.8311204039718757,0.5850226244067643,0.4576858618252082,-0.1576991234753663,0.3863325797593685,0.7231223238106441,0.06487037817558604,0.3060159669923819,0.11278270085763,0.5973296263705183,0.007318598320528121,-0.02832563229989664,0.3626141544762053,0.1109729411254404,-0.3589445974521404,-0.2710978981160794,-0.09868125237536625,865.4945054945056,803.8461538461539,797.3992673992674,818.7545787545788,830.4395604395604,772.8205128205128,-0.470337,-0.010986,0.855957,-8.822632,-1.472931,10.056305,1,1,1,1,1,94.000000
2025-03-24 15:34:59.004,,,,,,,,,,,,,,,,,,,,,,,,,,,,,,,,,,,,,,,/muse/elements/blink
2025-03-24 15:34:59.253,0.8723516103666469,0.7614984221175568,0.6160220318326899,0.81036853816286,0.5447608384764567,0.4889535654587002,-0.2722614990729224,0.4129439908687532,0.6062117537468055,0.1814902644979641,0.07202737958420623,0.08316758966826626,0.5984995640908234,0.0619898894744021,-0.05150427566727194,0.3405791387419452,0.1504571000611072,-0.3664131948777997,-0.2738807117687064,-0.09171688828146961,785.3113553113553,798.6080586080586,807.0695970695971,805.4578754578755,762.3443223443223,633.4065934065934,-0.434082,-0.068420,0.855652,15.596619,2.706604,0.157013,1,1,1,1,1,94.000000
2025-03-24 15:34:59.528,,,,,,,,,,,,,,,,,,,,,,,,,,,,,,,,,,,,,,,/muse/elements/blink
2025-03-24 15:34:59.752,0.8723516103666469,0.9523166263563118,0.7088112161461732,0.81036853816286,0.5447608384764567,0.6122530568005676,0.09308636217264479,0.4129439908687532,0.6062117537468055,0.2204721996010388,0.1086727366718688,0.08316758966826626,0.5984995640908234,0.008210826083520929,-0.07220287050101483,0.3405791387419452,0.1504571000611072,-0.3453980756112472,-0.2427580627540933,-0.09171688828146961,952.5274725274726,797.8021978021978,814.7252747252747,826.4102564102565,911.8315018315019,934.3956043956044,-0.388855,0.226990,0.958374,19.641571,-8.478699,-7.985229,1,1,1,1,1,94.000000
2025-03-24 15:35:00.252,0.8723516103666469,0.8871937452936047,0.6386270452587278,0.81036853816286,0.5447608384764567,0.5553827621787275,0.3484466336383949,0.4129439908687532,0.6062117537468055,0.5391062718999925,0.07876767026540218,0.08316758966826626,0.5984995640908234,-0.1430798704576965,-0.05375997916548066,0.3405791387419452,0.1504571000611072,-0.2868577231717923,-0.453850765021099,-0.09171688828146961,807.4725274725275,805.0549450549451,798.2051282051282,785.7142857142858,772.8205128205128,633.0036630036631,-0.433411,0.121216,0.951111,-11.880646,-2.429962,-2.407532,1,1,1,1,1,94.000000
2025-03-24 15:35:00.752,0.8723516103666469,0.8572839198003616,0.8441159741423445,0.81036853816286,0.5447608384764567,0.5470938848983673,0.3864540046232564,0.4129439908687532,0.6062117537468055,0.524130759789519,0.3324094862333623,0.08316758966826626,0.5984995640908234,-0.1879233936062542,-0.04382529114001888,0.3405791387419452,0.1504571000611072,-0.3255027912353529,-0.4559260918538315,-0.09171688828146961,819.1575091575091,800.2197802197802,797.8021978021978,791.7582417582418,792.1611721611722,763.1501831501831,-0.469971,-0.075439,0.858582,-10.714264,-0.164490,-3.641205,1,2,1,1,2,94.000000
2025-03-24 15:35:01.253,0.8723516103666469,0.5987438300255569,0.7598047827298463,0.81036853816286,0.5447608384764567,0.3871083904277198,0.3577854608670159,0.4129439908687532,0.6062117537468055,0.5575413000315772,0.3376299836588449,0.08316758966826626,0.5984995640908234,-0.08044908677424009,-0.05550708450936397,0.3405791387419452,0.1504571000611072,-0.3104421087239699,-0.3671634007068206,-0.09171688828146961,797.3992673992674,784.5054945054945,802.2344322344322,792.5641025641025,875.5677655677656,829.6336996336996,-0.424622,0.062500,0.851257,18.340607,-28.434296,-7.574005,1,2,1,1,2,94.000000
2025-03-24 15:35:01.372,,,,,,,,,,,,,,,,,,,,,,,,,,,,,,,,,,,,,,,/muse/elements/blink
2025-03-24 15:35:01.757,0.8723516103666469,0.6154019363175373,0.7690395898765148,0.81036853816286,0.5447608384764567,0.5521707436532929,0.3446214069095896,0.4129439908687532,0.6062117537468055,0.3227525519438612,0.7268879018116601,0.08316758966826626,0.5984995640908234,0.0136540848778299,-0.08017840547975524,0.3405791387419452,0.1504571000611072,-0.3298446175152617,-0.3108952898019299,-0.09171688828146961,835.2747252747253,803.8461538461539,810.2930402930403,837.2893772893773,844.9450549450549,745.0183150183151,0.007629,0.096130,1.026550,-0.284119,-11.499329,-0.044861,1,2,1,1,2,94.000000
2025-03-24 15:35:02.253,0.8723516103666469,0.7886519290262154,0.6867031463124895,0.81036853816286,0.5447608384764567,0.7895923300157563,0.5456532395725548,0.4129439908687532,0.6062117537468055,0.1920125547457631,0.7815910116097088,0.08316758966826626,0.5984995640908234,0.006798334343459811,-0.08279223198444553,0.3405791387419452,0.1504571000611072,-0.287100958237033,-0.2905618663165033,-0.09171688828146961,792.1611721611722,798.6080586080586,798.6080586080586,790.5494505494506,746.6300366300367,686.996336996337,-0.087708,0.081543,1.008667,-0.523376,23.335114,12.269440,1,2,1,1,2,94.000000
2025-03-24 15:35:02.579,,,,,,,,,,,,,,,,,,,,,,,,,,,,,,,,,,,,,,,/muse/elements/jaw_clench
2025-03-24 15:35:02.753,0.8723516103666469,0.8169763051765202,0.6132982244470889,0.81036853816286,0.5447608384764567,0.7903047870241597,0.4706433305668057,0.4129439908687532,0.6062117537468055,0.2210549394392319,0.7186288594690067,0.08316758966826626,0.5984995640908234,0.05011647787081831,0.1218562349149429,0.3405791387419452,0.1504571000611072,-0.1470957542613441,-0.2507714022551026,-0.09171688828146961,682.967032967033,819.1575091575091,817.948717948718,740.5860805860806,878.7912087912089,1037.142857142857,-0.287903,0.075684,0.933960,1.921539,20.037842,-4.366455,1,2,1,1,2,94.000000
2025-03-24 15:35:02.860,,,,,,,,,,,,,,,,,,,,,,,,,,,,,,,,,,,,,,,/muse/elements/jaw_clench
2025-03-24 15:35:02.915,,,,,,,,,,,,,,,,,,,,,,,,,,,,,,,,,,,,,,,/muse/elements/blink
2025-03-24 15:35:03.261,0.8723516103666469,0.8130061533397958,0.7167437935572324,0.81036853816286,0.5447608384764567,0.7158788565487164,0.3737666461827016,0.4129439908687532,0.6062117537468055,0.2100703288458315,0.7225452262170439,0.08316758966826626,0.5984995640908234,0.1825490365044553,0.1716312701052758,0.3405791387419452,0.1504571000611072,-0.01046422476960525,-0.08529576531593673,-0.09171688828146961,759.5238095238095,796.1904761904763,800.6227106227107,813.1135531135532,782.0879120879121,717.2161172161173,-0.523071,0.022766,0.826965,-5.592651,-6.699219,5.114136,1,2,1,1,2,94.000000
2025-03-24 15:35:03.753,0.8723516103666469,0.7995921815594692,0.6741206785144751,0.81036853816286,0.5447608384764567,0.5499927740775666,0.03406648455712054,0.4129439908687532,0.6062117537468055,0.1879706029370855,0.1356028153881884,0.08316758966826626,0.5984995640908234,0.1973748341866128,0.1408006876251873,0.3405791387419452,0.1504571000611072,-0.01239955291839096,-0.1283954850002901,-0.09171688828146961,703.1135531135532,796.1904761904763,803.4432234432235,794.5787545787546,672.0879120879121,504.4688644688645,-0.419006,0.074463,0.914185,1.158905,-6.773987,-1.173859,1,2,1,1,2,94.000000
2025-03-24 15:35:04.263,0.8723516103666469,0.8273295299216502,0.6637229871912576,0.81036853816286,0.5447608384764567,0.5366019485063948,0.0754415468387518,0.4129439908687532,0.6062117537468055,0.04118504419381824,0.2107765529096436,0.08316758966826626,0.5984995640908234,0.122109603677721,-0.08946259973800211,0.3405791387419452,0.1504571000611072,-0.1374920093569348,-0.2335045013936611,-0.09171688828146961,829.2307692307693,805.8608058608058,798.6080586080586,795.7875457875458,834.4688644688645,750.2564102564103,-0.388000,0.105591,0.853333,6.938477,-12.755432,-11.297455,1,2,1,1,2,94.000000
2025-03-24 15:35:04.653,,,,,,,,,,,,,,,,,,,,,,,,,,,,,,,,,,,,,,,/muse/elements/blink
2025-03-24 15:35:04.760,0.8723516103666469,0.653385002305352,0.5454034358311812,0.81036853816286,0.5447608384764567,0.2745698292893938,0.1914357368008831,0.4129439908687532,0.6062117537468055,-0.005416282579590676,0.2557974485361666,0.08316758966826626,0.5984995640908234,-0.08766888806463961,-0.1645592477742733,0.3405791387419452,0.1504571000611072,-0.3619735989517379,-0.4541929748171045,-0.09171688828146961,907.3992673992674,802.2344322344322,804.6520146520147,790.5494505494506,781.2820512820513,763.956043956044,-0.315002,0.062378,0.973022,3.902893,-0.441132,-13.129272,1,2,1,1,2,94.000000
2025-03-24 15:35:05.135,,,,,,,,,,,,,,,,,,,,,,,,,,,,,,,,,,,,,,,/muse/elements/blink
2025-03-24 15:35:05.252,0.8723516103666469,0.3806050325091727,0.6243114741610782,0.81036853816286,0.5447608384764567,-0.04943376769280856,0.37626692234423,0.4129439908687532,0.6062117537468055,-0.04380426499643528,0.341293505820275,0.08316758966826626,0.5984995640908234,-0.01592729005272277,-0.10048402038453,0.3405791387419452,0.1504571000611072,-0.3212239298349591,-0.4489505365745449,-0.09171688828146961,732.1245421245421,790.952380952381,797.3992673992674,805.4578754578755,812.3076923076924,675.7142857142858,-0.487915,0.068359,0.853699,32.494202,9.256287,-54.633026,1,2,1,1,2,94.000000
2025-03-24 15:35:05.752,0.8723516103666469,0.2455502973246362,0.6811683749318449,1.40290893247961,0.5447608384764567,0.2826430977428045,0.5619179092822949,1.337447110566446,0.6062117537468055,0.49516974436434,0.5595768441116569,1.091768448199652,0.5984995640908234,0.0160346108951956,-0.02165700181352215,0.5004329752062414,0.1504571000611072,-0.298808962085564,-0.5722548328655648,0.03671198705724796,765.5677655677656,805.4578754578755,806.6666666666667,805.8608058608058,787.3260073260074,661.6117216117216,-0.535828,0.050842,0.835999,16.404114,-1.854248,-28.673553,1,1,1,1,1,94.000000
2025-03-24 15:35:06.254,0.8723516103666469,0.3265822993997354,0.6526387289031967,1.23612911594957,0.5447608384764567,0.4064708927023093,0.5711171140390798,1.180451476738224,0.6062117537468055,0.5475829799861958,0.5812170564723462,1.091768448199652,0.5984995640908234,0.0213557471109685,-0.02370285292636467,0.4905146542772402,0.1504571000611072,-0.2735498964119812,-0.6767360594419327,-0.03376251296000438,761.941391941392,795.3846153846154,796.996336996337,812.7106227106227,837.2893772893773,660.4029304029305,-0.520569,0.078430,0.838440,-0.381317,-2.856140,-0.291595,1,1,1,1,1,94.000000
2025-03-24 15:35:06.753,0.8723516103666469,0.352644259830244,0.4384927694231456,1.045153122566191,0.5447608384764567,0.4165904431045297,0.451804186589304,0.9411604371628081,0.6062117537468055,0.5580369804408365,0.5047979991358326,1.091768448199652,0.5984995640908234,0.07121836367967546,-0.06199706136297944,0.4805690951769372,0.1504571000611072,-0.2582248205885601,-0.7031322154699404,0.07541745963284006,823.5897435897436,806.6666666666667,778.4615384615385,840.5128205128206,739.7802197802198,632.6007326007326,-0.509216,0.047485,0.858337,-30.714722,-3.947754,45.638428,1,1,1,1,1,94.000000
2025-03-24 15:35:06.788,,,,,,,,,,,,,,,,,,,,,,,,,,,,,,,,,,,,,,,/muse/elements/blink
2025-03-24 15:35:07.221,,,,,,,,,,,,,,,,,,,,,,,,,,,,,,,,,,,,,,,/muse/elements/blink
2025-03-24 15:35:07.252,0.8723516103666469,0.6741437753729744,0.609959677219806,0.7461932769533283,0.5447608384764567,0.4961589204637536,0.4412395440950332,0.2243471564078766,0.6062117537468055,0.5354212562764992,0.6314221686527207,0.1691486740160112,0.5984995640908234,0.1325706908910713,-0.0787061476407817,0.4511918596523679,0.1504571000611072,-0.2005375130299842,-0.6292210007989163,0.07204742566662486,808.6813186813187,811.5018315018315,786.9230769230769,794.1758241758242,811.0989010989011,723.2600732600732,-0.457031,0.006042,0.899963,-44.090729,1.495361,67.657623,1,1,1,1,1,94.000000
2025-03-24 15:35:07.752,0.8723516103666469,1.139401236477978,0.7244140834993886,0.6218298065632961,0.5447608384764567,0.7481413746553398,0.3831968337119084,0.1131034501929935,0.6062117537468055,0.3979630983022177,0.5007927566744422,-0.2331177934105882,0.5984995640908234,0.1408414261608243,-0.1280225426035818,0.4554759903186205,0.1504571000611072,-0.2124560384395777,-0.6058013509707145,0.1585166364037695,807.0695970695971,807.4725274725275,794.1758241758242,788.5347985347986,830.0366300366301,742.6007326007326,-0.497864,0.043762,0.855896,-33.137207,5.383301,54.640503,1,1,1,1,1,94.000000
2025-03-24 15:35:08.253,0.8723516103666469,1.207336553275608,0.8843461912324089,0.6218298065632961,0.5447608384764567,0.8312681310805999,0.5174346397900687,0.1131034501929935,0.6062117537468055,0.6102373157376924,0.3825869627187767,-0.2331177934105882,0.5984995640908234,0.0519557507823817,-0.1275981716145528,0.4554759903186205,0.1504571000611072,-0.286189474447462,-0.5808185786284044,0.1585166364037695,784.5054945054945,801.025641025641,801.025641025641,799.0109890109891,777.6556776556777,911.4285714285714,-0.519409,0.070251,0.847168,-20.127563,0.037384,45.825348,1,1,1,1,1,94.000000
2025-03-24 15:35:08.753,1.375000285208077,1.134925950617268,0.04211874891235649,0.5360167222178993,0.8557148845382966,0.8779881049409066,0.4317527777338909,0.3851823699172378,0.8517356007597686,0.615084985253634,0.1238377894707826,-0.05685190445598949,0.7089499848282148,0.04488807649986288,0.08013128346808415,0.602488783212387,0.1772338020560099,-0.3737127958112385,-0.5074285064561633,0.1005304774204881,776.4468864468864,801.025641025641,802.6373626373627,792.5641025641025,801.8315018315019,724.4688644688645,-0.485046,0.079163,0.865967,-13.622742,-2.467346,31.372681,1,1,1,1,1,94.000000
2025-03-24 15:35:09.257,1.346671848965543,0.6342315318273325,0.2857881670414298,0.7773318647159634,0.9769615616165814,0.6544163009667958,0.2723197739965709,0.7454071219484144,0.8883285788561303,0.5852749257800756,0.2178182367501094,0.1956833626278348,0.6544511323827427,0.1056824361938208,0.04870974614680265,0.5275805389296716,0.2290404935564886,-0.3599424167123341,-0.4806968628376722,0.2178096152754866,805.0549450549451,798.6080586080586,802.2344322344322,800.2197802197802,885.6410256410256,779.6703296703297,-0.482178,0.107056,0.866943,10.893707,0.216827,-16.097565,1,1,1,1,1,94.000000
2025-03-24 15:35:09.753,1.346671848965543,0.1770093128826655,0.4492518950622709,0.7773318647159634,0.9769615616165814,0.5195397242990433,0.1819664581484064,0.7454071219484144,0.8883285788561303,0.3970709642696946,0.2573096665003371,0.1956833626278348,0.6544511323827427,0.1671389710052036,0.02438590751889423,0.5275805389296716,0.2290404935564886,-0.3153939094610659,-0.5009277197606833,0.2178096152754866,777.2527472527473,798.2051282051282,800.6227106227107,789.3406593406594,860.6593406593407,789.3406593406594,-0.473938,0.105469,0.871948,21.181793,-5.704803,-38.385925,1,1,1,1,1,94.000000
2025-03-24 15:35:10.257,1.366735542353644,0.07373093267235402,0.5514629851104839,0.9315427438581515,1.07467450397612,0.1225715620125966,-0.0566333490325328,0.9395633384892599,0.8612989453199437,0.2494620342748712,0.2771326290184744,0.1517162491945479,0.5821465498684131,0.1725286625682535,0.1375334368934045,0.4370022194993589,0.2608365434211033,-0.2263451760709347,-0.3645031923725644,0.3100581749553932,680.1465201465202,792.967032967033,798.6080586080586,773.2234432234433,757.5091575091575,636.6300366300367,-0.461365,0.039734,0.865295,9.323578,-4.665527,-16.912537,1,1,1,1,1,94.000000
2025-03-24 15:35:10.753,1.366735542353644,0.01319310842073838,0.4989093687990918,0.8764551456263299,1.07467450397612,-0.06003396638641361,-0.05322285407954169,0.1607634291952128,0.8612989453199437,0.0392316007889714,0.3426964406474144,0.09733298345396175,0.5821465498684131,0.1311757177475956,0.1845454888189576,0.3069961299019066,0.2608365434211033,-0.2770330375820661,-0.1638372986930282,0.1456639330191244,792.1611721611722,808.6813186813187,800.6227106227107,794.5787545787546,799.8168498168499,1009.340659340659,-0.495972,0.152039,0.846436,-4.807587,3.319702,11.349792,1,1,1,1,1,94.000000
2025-03-24 15:35:11.254,1.366735542353644,0.3747786050185409,0.318782770956503,0.9205377852168811,1.07467450397612,0.0233554746299254,0.02198341514799734,0.1665642573635508,0.8612989453199437,0.1074157744319592,0.3197505294886658,0.1579349135623316,0.5821465498684131,0.03436065481924878,0.1714368470038458,0.2724958440563164,0.2608365434211033,-0.3243789930018269,-0.1479421003773626,-0.008486467834042808,703.5164835164835,808.2783882783883,789.3406593406594,799.8168498168499,737.7655677655678,545.1648351648352,-0.475281,0.081848,0.875549,28.688507,-4.770203,-48.098297,1,1,1,1,1,94.000000
2025-03-24 15:35:11.765,1.366735542353644,0.5328622599255106,0.2005193711496998,0.775117362431696,1.07467450397612,0.1888254925697913,0.03225201071338261,0.1388813445141029,0.8612989453199437,0.157233502991027,0.3175718100791294,0.1715503939304069,0.5821465498684131,-0.0401281816094462,0.09094798619724183,0.3033933057969659,0.2608365434211033,-0.4202333374655108,-0.1968871733202897,-0.0150424075271599,896.9230769230769,799.4139194139194,806.6666666666667,797.3992673992674,867.5091575091575,856.2271062271062,-0.504333,0.079102,0.864380,19.910736,-5.405731,-36.172791,1,1,1,1,1,94.000000
2025-03-24 15:35:12.256,1.366735542353644,0.6497490153193354,0.5293980297978701,0.6862216878823091,1.07467450397612,0.4343996898667911,0.2284605412595398,0.3191293697097004,0.8612989453199437,0.4590142596417128,0.2449969211621092,0.2622845222646134,0.5821465498684131,-0.028415991938267,0.006427240816700047,0.4803606229866895,0.2608365434211033,-0.4216475724024599,-0.4464855500686875,0.08001764402495853,763.5531135531136,805.8608058608058,794.5787545787546,804.6520146520147,753.8827838827839,655.1648351648352,-0.510376,0.025818,0.856506,54.827423,-0.725250,-76.158752,1,1,1,1,1,94.000000
2025-03-24 15:35:12.752,1.366735542353644,0.5309867414514149,0.6594452511357457,0.2858804977210988,1.07467450397612,0.5940176850319511,0.5993149883069897,0.661506574004989,0.8612989453199437,0.4973678363038963,0.4870034933401188,0.8131504264252403,0.5821465498684131,0.04828611262468366,0.05567278103501915,0.6012739347738028,0.2608365434211033,-0.3426765259829973,-0.4616757089312435,0.1290280603957778,762.7472527472528,801.025641025641,799.0109890109891,781.6849816849817,742.6007326007326,656.3736263736264,-0.531311,0.021790,0.864258,-12.187195,-2.586975,18.781738,1,1,1,1,1,94.000000
2025-03-24 15:35:13.199,,,,,,,,,,,,,,,,,,,,,,,,,,,,,,,,,,,,,,,/muse/elements/blink
2025-03-24 15:35:13.258,1.366735542353644,0.4019282105873438,0.6926021197230139,0.4824426269271862,1.07467450397612,0.587023085900623,0.71441604183941,0.8641308814385255,0.8612989453199437,0.4973678363038963,0.4808910982626223,0.8131504264252403,0.5821465498684131,0.2252775484573453,0.1062483029147431,0.6990538496044938,0.2608365434211033,-0.2775190440838288,-0.2554013354171212,0.1862289932286158,747.032967032967,815.934065934066,797.3992673992674,813.5164835164835,763.1501831501831,972.2710622710623,-0.315002,0.215942,1.005981,-111.927795,-3.588867,155.248413,1,1,1,1,1,94.000000
2025-03-24 15:35:13.753,1.366735542353644,0.6809805016894742,0.5677855547915983,0.5206021978708403,1.07467450397612,0.6533325220212428,0.7838076676823623,0.9711780288086965,0.8612989453199437,0.7487529155426728,0.4432441496405614,0.8131504264252403,0.5821465498684131,0.4024256012673937,0.131625173281891,0.6923190845764317,0.2608365434211033,-0.1199035927512932,-0.1741295543715299,0.09382221458158899,836.0805860805862,809.8901098901099,795.7875457875458,805.0549450549451,902.1611721611722,843.7362637362637,-0.456604,-0.033020,0.864746,-18.684540,-0.800018,40.928040,1,1,1,1,1,94.000000
2025-03-24 15:35:14.253,1.366735542353644,0.8387981621809524,0.4802730996194775,0.6089318978869909,1.07467450397612,0.8078911099190078,0.6533244496130114,1.052565653774397,0.8612989453199437,0.7682839686238271,0.4285524357014791,0.7635885312793969,0.5821465498684131,0.4841781972447823,0.4071422268215459,0.7330830609951037,0.2608365434211033,-0.02389026008921037,0.2054583119976574,0.133498903806844,784.5054945054945,803.040293040293,793.7728937728938,801.4285714285714,791.7582417582418,655.1648351648352,-0.484680,-0.036621,0.834839,3.992615,3.386993,-0.157013,1,1,1,1,1,94.000000
2025-03-24 15:35:14.641,,,,,,,,,,,,,,,,,,,,,,,,,,,,,,,,,,,,,,,/muse/elements/blink
2025-03-24 15:35:14.753,1.366735542353644,0.8647038301441199,0.3332874761375441,0.6089318978869909,1.07467450397612,0.7749463227443192,0.4195296901700859,1.052565653774397,0.8612989453199437,0.7682839686238271,0.4345470142865953,0.7635885312793969,0.5821465498684131,0.4504892406684628,0.4144484922799635,0.7330830609951037,0.2608365434211033,0.06270613760665475,0.2433894609399989,0.133498903806844,731.3186813186813,810.6959706959707,811.5018315018315,843.7362637362637,763.5531135531136,621.3186813186813,-0.590088,-0.108154,0.864319,90.319824,27.783813,-104.383698,1,1,1,1,1,94.000000
2025-03-24 15:35:15.253,1.366735542353644,0.7638080294245773,0.445686363040263,0.6089318978869909,1.07467450397612,0.7623444728455341,0.8046267628786441,1.052565653774397,0.8612989453199437,0.7276525730726394,0.8838899904595232,0.7635885312793969,0.5821465498684131,0.4506988616829742,0.7636205978341978,0.7330830609951037,0.2608365434211033,0.4135504196899907,0.6095563666069997,0.133498903806844,655.5677655677656,794.981684981685,809.8901098901099,744.2124542124542,748.2417582417582,644.2857142857143,-0.639526,0.201355,0.904114,23.282776,-48.502045,-49.160004,1,1,1,1,1,94.000000
2025-03-24 15:35:15.769,1.366735542353644,0.5888718678360365,0.3941199540882838,0.6089318978869909,1.07467450397612,0.6114845877745027,0.8613982536305976,1.052565653774397,0.8612989453199437,0.7939934656931186,0.9527481421496223,0.7635885312793969,0.5821465498684131,0.51673976450768,0.9143616131688819,0.7330830609951037,0.2608365434211033,0.6155633555282349,0.8121098357713563,0.133498903806844,877.985347985348,799.0109890109891,805.0549450549451,772.8205128205128,860.6593406593407,819.1575091575091,-0.558167,-0.008789,0.983215,29.772644,9.869385,-52.225494,1,2,1,1,2,94.000000
2025-03-24 15:35:16.258,1.366735542353644,0.6452730835688517,0.6715496170490062,0.6089318978869909,1.07467450397612,0.7654133971452817,1.054874917583571,1.052565653774397,0.8612989453199437,0.8085448840366761,0.9590467828295317,0.7635885312793969,0.5821465498684131,0.6057702570446393,1.009127645996266,0.7330830609951037,0.2608365434211033,0.6461168028676468,0.9236118768189802,0.133498903806844,1172.527472527473,821.5750915750916,835.2747252747253,815.1282051282052,1016.593406593407,1410.659340659341,-0.301392,-0.154114,1.184570,-141.520996,-9.106750,198.202667,1,2,1,1,2,94.000000
2025-03-24 15:35:16.753,1.366735542353644,0.5403487273522676,0.8171643875745611,0.6089318978869909,1.07467450397612,0.7655490957567692,0.9364089662124594,1.052565653774397,0.8612989453199437,0.8122743760318477,0.925431052647868,0.7635885312793969,0.5821465498684131,0.5712507494497499,0.8302327745705501,0.7330830609951037,0.2608365434211033,0.5708224228456561,0.8189420217837019,0.133498903806844,1096.373626373626,808.6813186813187,819.96336996337,774.4322344322345,828.8278388278388,837.6923076923077,-0.439819,0.101135,0.997498,-8.396454,7.716064,41.585999,1,2,1,1,2,94.000000
2025-03-24 15:35:17.253,1.366735542353644,0.6893449087374137,0.9129179763346006,0.6089318978869909,1.07467450397612,0.7726200904945713,0.8862676608515966,1.052565653774397,0.8612989453199437,0.7583646286415267,0.8094926157620359,0.7635885312793969,0.5821465498684131,0.5213028325552731,0.1755704704425274,0.7330830609951037,0.2608365434211033,0.3169562899402619,0.2538720094927344,0.133498903806844,427.9120879120879,778.4615384615385,804.2490842490843,766.7765567765568,738.974358974359,430.3296703296704,-0.450989,0.143433,0.591431,31.611938,-3.760834,-30.998840,1,4,1,1,2,94.000000
2025-03-24 15:35:17.516,,,,,,,,,,,,,,,,,,,,,,,,,,,,,,,,,,,,,,,/muse/elements/blink
2025-03-24 15:35:17.764,1.366735542353644,0.7506855427006465,0.7900386304701661,0.6089318978869909,1.07467450397612,0.7536595472845635,0.7400789980236347,1.052565653774397,0.8612989453199437,0.671707270598357,0.7026462404678864,0.7635885312793969,0.5821465498684131,0.5399833537253583,0.2298893815183421,0.7330830609951037,0.2608365434211033,0.3835551433551686,0.2627150697019117,0.133498903806844,884.4322344322345,810.2930402930403,803.8461538461539,819.5604395604396,794.981684981685,722.4542124542124,-0.113464,0.115356,0.721619,21.136932,-11.215210,-45.638428,1,4,1,1,2,94.000000
2025-03-24 15:35:18.253,1.366735542353644,0.7506855427006465,0.6545497426356565,0.6089318978869909,1.07467450397612,0.7536595472845635,0.8162347415206703,1.052565653774397,0.8612989453199437,0.671707270598357,0.4703673562535846,0.7635885312793969,0.5821465498684131,0.5399833537253583,0.3718785402229777,0.7330830609951037,0.2608365434211033,0.3835551433551686,0.1437494424041188,0.133498903806844,910.2197802197802,810.6959706959707,792.1611721611722,803.8461538461539,798.6080586080586,697.8754578754579,-0.120544,-0.017395,0.902588,10.841370,9.989014,-0.411224,1,4,1,1,2,94.000000
2025-03-24 15:35:18.753,1.366735542353644,0.9488074061541699,0.6689962701256991,0.6089318978869909,1.07467450397612,0.8607724104262977,0.7080806263056777,1.052565653774397,0.8612989453199437,0.6445663353014076,0.6781904867993985,0.7635885312793969,0.5821465498684131,0.1699145440084061,0.3029573395622097,0.7330830609951037,0.2608365434211033,-0.1292062918409664,0.005406001397964276,0.133498903806844,684.1758241758242,799.4139194139194,792.1611721611722,786.1172161172161,742.6007326007326,621.7216117216118,-0.246277,0.229004,0.969177,8.942261,-32.359619,4.598236,1,2,1,1,2,94.000000
2025-03-24 15:35:19.252,1.366735542353644,0.7701777482278149,0.5470941078534681,0.6089318978869909,1.07467450397612,0.6549324916046743,0.5915823816245619,1.052565653774397,0.8612989453199437,0.6445663353014076,0.6695056970383511,0.7635885312793969,0.5821465498684131,0.1434338762548128,0.2494780134594936,0.7330830609951037,0.2608365434211033,-0.2827552151368252,-0.230165476005796,0.133498903806844,824.7985347985348,816.7399267399268,774.4322344322345,816.3369963369963,778.4615384615385,1002.490842490843,-0.191589,-0.067749,0.941223,-25.069733,40.060730,38.625183,1,4,1,1,2,94.000000
2025-03-24 15:35:19.753,1.366735542353644,0.546723190726875,0.998911488714104,0.6089318978869909,1.07467450397612,0.5545267382870726,0.5693524986389278,1.052565653774397,0.8612989453199437,0.8036106455640016,0.6372464929318475,0.7635885312793969,0.5821465498684131,0.04371214652710931,0.09767084508356139,0.7330830609951037,0.2608365434211033,-0.5326606325746932,-0.129977706432481,0.133498903806844,689.0109890109891,789.3406593406594,803.8461538461539,790.5494505494506,879.5970695970697,776.0439560439561,0.058899,0.182068,1.211182,23.178101,-59.141541,-22.026672,1,4,1,1,2,94.000000
2025-03-24 15:35:20.264,1.366735542353644,0.7819547123000621,1.135029465992858,0.6089318978869909,1.07467450397612,0.7456659676839635,0.7895819293593584,1.052565653774397,0.8612989453199437,0.8232546401444776,0.9618782780448287,0.7635885312793969,0.5821465498684131,0.02524640944534649,0.1041968912379642,0.7330830609951037,0.2608365434211033,-0.6478653487979359,-0.08169465012324363,0.133498903806844,793.3699633699634,795.7875457875458,790.952380952381,806.6666666666667,790.5494505494506,657.985347985348,-0.053955,0.071289,1.128540,4.119720,65.392151,-2.542114,1,4,1,1,2,94.000000
2025-03-24 15:35:20.753,1.366735542353644,0.8417060051478857,1.264815093698467,0.6089318978869909,1.07467450397612,0.7767918463626251,1.003581467385983,1.052565653774397,0.8612989453199437,0.8232546401444776,1.001925472301811,0.7635885312793969,0.5821465498684131,-0.002299464357235043,0.1494498074319598,0.7330830609951037,0.2608365434211033,-0.5191811352052282,0.001561006474897983,0.133498903806844,1012.564102564103,802.6373626373627,788.5347985347986,755.8974358974359,1039.157509157509,1155.604395604396,-0.408020,0.014526,1.052002,4.867401,6.265564,-0.269165,1,2,1,1,2,94.000000
2025-03-24 15:35:21.253,1.366735542353644,0.783754249102512,1.249744968885639,1.620018556965022,1.07467450397612,0.6756221651689608,1.018172515193859,1.500783991381338,0.8612989453199437,0.822913706355931,0.9984741932787212,1.379776953527025,0.5821465498684131,0.000596793326121311,0.1814998923822481,0.819350543219025,0.2608365434211033,-0.3871267932238546,-0.1182519149601054,0.2916507144732389,688.2051282051282,802.6373626373627,802.2344322344322,784.1025641025641,723.2600732600732,502.4542124542125,-0.255798,0.189514,0.848633,6.302948,9.906769,-39.268188,1,4,1,1,1,94.000000
2025-03-24 15:35:21.753,1.366735542353644,0.6802855429587157,1.105916704141003,1.542857738799018,1.07467450397612,0.2192022823122544,0.8807359246644137,1.424260037958304,0.8612989453199437,0.2427463185275745,0.9769251294153777,1.379776953527025,0.5821465498684131,-0.03444337842502627,0.1335103612435907,0.7506067257950686,0.2608365434211033,-0.2773209877057086,-0.2962171447450618,0.2647695929617261,715.2014652014652,797.3992673992674,814.7252747252747,774.0293040293041,691.025641025641,799.8168498168499,-0.462952,0.114807,1.051086,62.304230,0.179443,-109.325867,1,4,1,1,1,94.000000
2025-03-24 15:35:22.253,1.366735542353644,0.54493145879059,1.004700136498047,1.514173577816699,1.07467450397612,0.3931379228549348,0.6645785299391269,1.439538670659141,0.8612989453199437,0.3774462411779768,0.7155567109450963,1.319791747177267,0.5821465498684131,-0.04172782766648343,0.09822888320266548,0.7120236433435281,0.2608365434211033,-0.2504893286603459,-0.4331812809857182,0.391918746064042,826.4102564102565,826.007326007326,780.4761904761905,784.1025641025641,937.6190476190476,905.3846153846154,-0.425171,0.222229,0.858582,29.780121,8.067474,-67.186584,1,4,1,1,1,94.000000
2025-03-24 15:35:22.752,1.366735542353644,0.6362821484965512,0.9303757200055917,1.338749947894323,1.07467450397612,0.5260850679313354,0.9931516525817361,1.380759097761427,0.8612989453199437,0.5679629725488444,0.8074679148353453,1.140597874792097,0.5821465498684131,-0.03957379954794084,0.1263321916223874,0.6492133330622251,0.2608365434211033,-0.2601532003037543,-0.2620730024354335,0.4517243543926697,794.981684981685,803.4432234432235,805.4578754578755,814.3223443223443,797.8021978021978,726.0805860805862,-0.534119,-0.072083,0.882996,36.269989,0.912170,-54.199371,1,2,1,1,1,94.000000
2025-03-24 15:35:23.261,1.366735542353644,0.5117666225299334,0.8071020032445195,1.02314320059319,1.07467450397612,0.6528994332182813,1.066084459596819,1.176435417171567,0.8612989453199437,0.6529574862905498,0.7466794652043347,1.132101654797824,0.5821465498684131,-0.05308358530140128,0.1141249772808531,0.5705334920344509,0.2608365434211033,-0.327137616277197,-0.2648799403715207,0.4846925264840052,890.8791208791209,800.6227106227107,803.4432234432235,793.3699633699634,956.959706959707,974.6886446886447,-0.491760,0.110046,0.839722,34.019470,1.315918,-48.202972,1,2,1,1,1,94.000000
2025-03-24 15:35:23.752,1.366735542353644,0.5537202988248217,0.702741269108916,0.7221905938668732,1.07467450397612,0.7587424223373672,1.047795543112615,0.6788321819233381,0.8612989453199437,0.7668025242964358,0.6719787012092601,1.095475904867447,0.5821465498684131,-0.01689786966213187,0.07465736765231061,0.4284995627376583,0.2608365434211033,-0.3149896341280788,-0.2797773562209275,0.3364901096913814,788.1318681318681,803.4432234432235,811.9047619047619,808.2783882783883,839.3040293040293,691.025641025641,-0.447937,0.118530,0.829956,47.006683,-17.219086,-91.523590,1,2,1,1,1,94.000000
2025-03-24 15:35:24.253,1.366735542353644,0.4472460458077632,0.5897678796029207,0.7285799527059368,1.07467450397612,0.8455464762723506,0.8612717519816857,0.709241501607386,0.8612989453199437,0.7667382023103131,0.6672369081199103,1.163605724822501,0.5821465498684131,0.00389536638707068,0.07891155566913892,0.4656758733614835,0.2608365434211033,-0.3300746173796596,-0.4043703486035012,0.3138879332758888,757.9120879120879,796.5934065934066,807.4725274725275,797.3992673992674,782.0879120879121,708.3516483516484,-0.486816,0.033630,0.864685,2.863617,0.366364,-8.740387,1,1,1,1,1,94.000000
2025-03-24 15:35:24.753,1.366735542353644,0.6820157965951886,0.7546388426636583,0.8432971572481633,1.07467450397612,0.8641325253689223,0.8000183989211508,0.7890129719026817,0.8612989453199437,0.7641118053249967,0.6297611564340084,1.150963524450677,0.5821465498684131,0.04095021611144111,0.06195959547059202,0.3920806553727544,0.2608365434211033,-0.2735448206460132,-0.3839560826687837,0.2521256497441162,750.6593406593407,793.7728937728938,803.8461538461539,788.1318681318681,826.4102564102565,716.4102564102565,-0.300354,0.021973,0.974060,-87.867432,-2.228088,162.456055,1,1,1,1,1,94.000000
2025-03-24 15:35:25.254,1.366735542353644,0.9994354514258167,0.6857276138135171,0.9788953040505645,1.07467450397612,0.9437801005026477,0.8797939310271777,0.9190333907904844,0.8612989453199437,0.5446280246696491,0.6210289271640835,1.063659968364283,0.5821465498684131,0.07893947137110657,0.1360236250379609,0.4339507723578531,0.2608365434211033,-0.3846437510916336,-0.2131056974917535,0.2531708619160822,902.967032967033,802.6373626373627,811.9047619047619,819.96336996337,811.5018315018315,786.9230769230769,-0.473450,0.036743,0.853821,-42.296295,-0.471039,72.779236,1,1,1,1,1,94.000000
2025-03-24 15:35:25.753,1.366735542353644,1.041574521176412,0.6179764995108511,1.090357099481106,1.07467450397612,1.002081293257212,0.9250643435525273,0.8830143189102074,0.8612989453199437,0.801253307089583,0.6937649288468964,0.7025102552353888,0.5821465498684131,0.1332791703838407,0.2174986514955066,0.4685555019233081,0.2608365434211033,-0.3619330659547904,-0.04632900097274202,0.4144556975039514,777.6556776556777,804.6520146520147,799.8168498168499,785.3113553113553,783.2967032967033,666.4468864468864,-0.517273,0.044617,0.853760,-1.704712,0.897217,5.278625,1,1,1,1,1,94.000000
2025-03-24 15:35:26.258,1.366735542353644,0.9334685597970706,0.3535933057753796,1.158795960132525,1.07467450397612,0.9710772513188698,0.8457778725589762,0.7917985311840356,0.8612989453199437,0.801253307089583,0.6877554408853543,0.170294586585432,0.5821465498684131,0.1576042363593823,0.3130754632582775,0.5801025288076,0.2608365434211033,-0.3419504052395855,0.01937089618007412,0.4849998033887066,822.7838827838829,808.6813186813187,781.6849816849817,802.2344322344322,758.3150183150184,616.080586080586,-0.434143,0.044922,0.889282,86.125336,-6.078644,-136.145172,1,1,1,1,1,94.000000
2025-03-24 15:35:26.340,,,,,,,,,,,,,,,,,,,,,,,,,,,,,,,,,,,,,,,/muse/elements/blink
2025-03-24 15:35:26.607,,,,,,,,,,,,,,,,,,,,,,,,,,,,,,,,,,,,,,,/muse/elements/blink
2025-03-24 15:35:26.763,1.366735542353644,0.6379973430342346,0.2849264052296126,1.109644250082974,1.07467450397612,0.7951227928977465,0.7438510463581449,0.6593333009852967,0.8612989453199437,0.801253307089583,0.6792043171222389,0.170294586585432,0.5821465498684131,0.1441675606730566,0.3398825283840042,0.6003179702746112,0.2608365434211033,-0.2509310201649054,0.04208887546725,0.5469511013348288,809.4871794871796,815.1282051282052,786.5201465201466,794.5787545787546,767.985347985348,919.0842490842491,-0.450378,-0.026489,0.874207,64.472504,-6.243134,-94.633942,1,1,1,1,1,94.000000
2025-03-24 15:35:27.258,1.366735542353644,0.5199735735647047,0.251192911761617,1.109644250082974,1.07467450397612,0.4527572827399414,0.2270494138639651,0.6593333009852967,0.8612989453199437,0.6972487437499421,0.5866062373499924,0.170294586585432,0.5821465498684131,0.1025471545154675,0.3114564335876434,0.6003179702746112,0.2608365434211033,-0.2415110619552859,-0.0262979850993991,0.5469511013348288,804.6520146520147,796.1904761904763,801.8315018315019,808.2783882783883,859.8534798534798,719.6336996336996,-0.456604,0.044006,0.886841,4.867401,-1.607513,-7.469330,1,1,1,1,1,94.000000
2025-03-24 15:35:27.762,1.366735542353644,0.5738329855925178,0.2057281006267914,1.109644250082974,1.07467450397612,0.4579661921272326,0.5501059067223206,0.6593333009852967,0.8612989453199437,0.4605353120723212,0.5101271067550017,0.170294586585432,0.5821465498684131,0.2019819645503127,0.03268042086844881,0.6003179702746112,0.2608365434211033,-0.1467602726381647,-0.1545375550662697,0.5469511013348288,749.4505494505495,806.6666666666667,817.948717948718,829.6336996336996,776.4468864468864,650.3296703296703,-0.284729,-0.068481,0.978210,-96.548004,9.106750,178.800354,1,1,1,1,1,94.000000
2025-03-24 15:35:28.253,1.366735542353644,0.6342444267662539,0.5721065632781641,0.683700772542699,1.07467450397612,0.5796914154578244,0.5630975067601315,0.6643493235969166,0.8612989453199437,0.4220724889686838,0.5313595123540829,0.5090038039400404,0.5821465498684131,0.2143859614648864,0.05722136383138286,0.8533050481168278,0.2608365434211033,-0.02390763052905936,0.03598840862646674,0.5676364700022288,841.3186813186813,787.3260073260074,813.919413919414,808.2783882783883,781.2820512820513,758.7179487179487,-0.437012,0.072449,0.902283,-23.133240,4.209442,54.999390,1,1,1,1,1,94.000000
2025-03-24 15:35:28.753,1.366735542353644,1.023514915962344,0.5458553349506479,0.683700772542699,1.07467450397612,0.820495982498169,0.6592198889870614,0.6643493235969166,0.8612989453199437,0.8903655497136697,0.90334452166517,0.5090038039400404,0.5821465498684131,0.213369251438574,0.1274900801795949,0.8533050481168278,0.2608365434211033,-0.07756710413642279,0.192935493313887,0.5676364700022288,807.8754578754579,799.4139194139194,804.2490842490843,782.893772893773,808.2783882783883,703.919413919414,-0.465576,0.065918,0.880249,-2.893524,-1.046753,13.989105,1,1,1,1,1,94.000000
2025-03-24 15:35:29.252,1.366735542353644,0.9526502343734874,0.5246383319617,0.6999089261615998,1.07467450397612,0.826379675087405,0.5730814600612343,0.6930141835936882,0.8612989453199437,0.8946729190483009,0.9031207150943791,0.4874391249334565,0.5821465498684131,0.2261191585422684,0.2152415732968812,0.9035330670875253,0.2608365434211033,-0.07839917768390449,0.2566887550594762,0.6044341734971403,826.007326007326,814.7252747252747,795.7875457875458,779.6703296703297,779.6703296703297,691.8315018315019,-0.464478,0.070129,0.868896,3.446808,-1.502838,-2.145844,1,1,1,1,1,94.000000
2025-03-24 15:35:29.519,,,,,,,,,,,,,,,,,,,,,,,,,,,,,,,,,,,,,,,/muse/elements/blink
2025-03-24 15:35:29.753,1.366735542353644,0.8805429516306965,0.4799915544499236,0.7269621488099295,1.07467450397612,0.749983481704387,0.5724194545286756,0.715253867909489,0.8612989453199437,0.8932795714114098,0.9031207150943791,0.5050418015882869,0.5821465498684131,0.1603369913016068,0.278705087128809,0.9646640864445502,0.2608365434211033,-0.1167277414973222,0.2213751178390641,0.7683000115149142,800.6227106227107,802.2344322344322,796.5934065934066,778.4615384615385,735.3479853479854,979.5238095238095,-0.471191,0.090027,0.876221,-0.074768,0.717773,8.740387,1,1,1,1,1,94.000000
2025-03-24 15:35:30.253,1.366735542353644,0.2168211853605712,0.4727137954382669,0.7269621488099295,1.07467450397612,0.4591985890306845,0.3992416628949183,0.715253867909489,0.8612989453199437,0.6995556104422551,0.720750590229511,0.5050418015882869,0.5821465498684131,0.1178035618194604,0.300761659843015,0.9646640864445502,0.2608365434211033,-0.1330754701354042,0.1112567252753269,0.7683000115149142,805.8608058608058,798.6080586080586,799.4139194139194,789.3406593406594,846.1538461538462,734.9450549450549,-0.491699,0.130676,0.852234,2.594452,1.308441,-1.562653,1,1,1,1,1,94.000000
2025-03-24 15:35:30.752,1.366735542353644,-0.0158038235172909,0.5246853799107714,0.7269621488099295,1.07467450397612,0.1073237484410311,0.3768262201300983,0.715253867909489,0.8612989453199437,0.02854955361303569,0.466241589096839,0.5050418015882869,0.5821465498684131,0.080789708565074,0.2098025187395059,0.9646640864445502,0.2608365434211033,-0.20046200812787,-0.1101197595690092,0.7683000115149142,798.6080586080586,800.6227106227107,806.6666666666667,800.2197802197802,755.8974358974359,641.8681318681319,-0.476135,0.154541,0.860657,2.504730,-3.035583,-0.373840,1,1,1,1,1,94.000000
2025-03-24 15:35:31.257,0.3811622750585466,-0.1700609999099703,-0.1877480213944608,0.7289698058765443,0.6715849958126849,0.07871135827916759,-0.2669592446022638,0.3257928904923636,0.4425323864389763,-0.04965816108206472,0.1400560608105401,0.3379770185506449,0.4180208906432749,0.03009032109930761,0.1731003655915847,0.4963942508739906,0.4037250322526205,-0.1758622337713816,0.02635935586123593,0.4169720530774544,785.7142857142858,795.7875457875458,799.8168498168499,777.6556776556777,794.981684981685,677.7289377289377,-0.477722,0.126831,0.863708,-1.525269,-1.031799,-2.609406,1,1,1,1,1,94.000000
2025-03-24 15:35:31.753,0.4782489466630324,-0.2978081882531246,-0.2311348552120449,0.6803743618064564,0.6273060064625373,-0.01052934011250532,-0.382401333949532,0.3585054318830727,0.5216197622148965,0.2148815422923562,0.1416446135385915,0.4906268984937717,0.3778760301586527,-0.02494011161518964,0.1742722454991278,0.4701301372634089,0.3569872367471991,-0.2058587558100963,0.120178270296613,0.3099484854182152,808.6813186813187,797.3992673992674,801.025641025641,805.8608058608058,771.2087912087912,610.0366300366301,-0.474548,0.151611,0.848206,8.329163,1.076660,-44.232788,1,1,1,1,1,94.000000
2025-03-24 15:35:32.151,,,,,,,,,,,,,,,,,,,,,,,,,,,,,,,,,,,,,,,/muse/elements/blink
2025-03-24 15:35:32.253,0.5022370182034985,-0.02487724002636128,0.07322712827450671,0.6703178276228955,0.6346930919722915,0.08341156228362655,-0.2125048230482494,0.4038518420380193,0.5216197622148965,0.2232317393153598,0.192753957777184,0.5100488343229771,0.3731824060503656,-0.1631313462478453,0.245120001855975,0.4622960665659123,0.3362796818555399,-0.1954162778663796,0.1792261858474073,0.2944676077538351,799.0109890109891,807.8754578754579,774.0293040293041,794.5787545787546,815.934065934066,694.6520146520147,-0.364319,-0.020691,0.920227,120.070038,-2.250519,-183.548126,1,1,1,1,1,94.000000
2025-03-24 15:35:32.754,0.554026867143867,0.1173385599769909,0.505856727064335,0.6186411109689633,0.5666681360296754,0.1564528404253468,0.112523334126646,0.4365495301098835,0.402783154246518,0.2160142902505041,0.1084229830265978,0.4758735564578745,0.2886164065047169,-0.1397087788799087,0.2944581801213491,0.4357506904633807,0.2794313861973301,-0.2939551154358999,0.2136719788571181,0.139606705101412,815.934065934066,795.7875457875458,805.8608058608058,782.0879120879121,875.1648351648352,784.9084249084249,-0.473938,0.094666,0.874939,1.592560,-1.966400,-6.474915,1,1,1,1,1,94.000000
2025-03-24 15:35:33.253,0.6087658407959052,0.2622156503090592,0.6862639668469316,0.3588402357914333,0.5369496977865983,0.08571359748950906,0.3671646346056484,0.4727557959657849,0.3879352404454733,0.2449328832473131,0.4487702566468427,0.3860405112694403,0.2972277020819537,-0.03617982454140739,0.3228060652380602,0.5281818892905168,0.2607073235318915,-0.2517708243790811,0.1421692365630447,0.08166915942157134,576.1904761904763,824.7985347985348,786.1172161172161,800.2197802197802,696.2637362637363,567.3260073260074,-0.134033,0.009827,1.069336,-133.842316,-6.026306,244.970093,1,1,1,1,1,94.000000
2025-03-24 15:35:33.303,,,,,,,,,,,,,,,,,,,,,,,,,,,,,,,,,,,,,,,/muse/elements/blink
2025-03-24 15:35:33.753,0.6087658407959052,0.3207688086402748,0.9325998715472018,0.3588402357914333,0.5369496977865983,0.06223173186912401,0.6167156464254541,0.4727557959657849,0.3879352404454733,0.1788586654221963,0.4847942690834565,0.3860405112694403,0.2972277020819537,-0.007156010204417649,0.2285019316180927,0.5281818892905168,0.2607073235318915,-0.2352417267644846,-0.09633179816285387,0.08166915942157134,805.0549450549451,794.981684981685,793.3699633699634,797.8021978021978,731.7216117216118,693.4432234432235,-0.484314,0.112061,0.823547,-19.305115,-1.143951,28.815613,1,1,1,1,1,94.000000
2025-03-24 15:35:34.253,0.6087658407959052,0.3207688086402748,0.6828603681672983,0.3588402357914333,0.5369496977865983,0.06223173186912401,0.7699400727186597,0.4727557959657849,0.3879352404454733,0.1788586654221963,0.9726992007890615,0.3860405112694403,0.2972277020819537,-0.007156010204417649,0.5814663454287105,0.5281818892905168,0.2607073235318915,-0.2352417267644846,0.285504741291557,0.08166915942157134,864.2857142857143,819.5604395604396,770.4029304029305,834.8717948717949,728.0952380952381,680.1465201465202,-0.562927,-0.055481,0.939636,69.661407,9.375916,-103.037872,1,1,1,1,1,94.000000
2025-03-24 15:35:34.361,,,,,,,,,,,,,,,,,,,,,,,,,,,,,,,,,,,,,,,/muse/elements/blink
2025-03-24 15:35:34.753,0.6087658407959052,0.3207688086402748,0.8976372810785496,0.3588402357914333,0.5369496977865983,0.06223173186912401,0.9964971431784707,0.4727557959657849,0.3879352404454733,0.1788586654221963,0.9758397384264915,0.3860405112694403,0.2972277020819537,-0.007156010204417649,0.6205909863201421,0.5281818892905168,0.2607073235318915,-0.2352417267644846,0.3926030127003757,0.08166915942157134,734.9450549450549,790.1465201465202,809.0842490842491,801.025641025641,671.2820512820513,425.8974358974359,-0.405151,0.156616,0.764465,5.114136,-15.237732,-13.921814,1,2,1,1,2,94.000000
2025-03-24 15:35:35.252,0.6087658407959052,0.3207688086402748,0.9048563314641709,0.3588402357914333,0.5369496977865983,0.06223173186912401,1.030240394111578,0.4727557959657849,0.3879352404454733,0.1788586654221963,0.9758397384264915,0.3860405112694403,0.2972277020819537,-0.007156010204417649,0.6552640041725836,0.5281818892905168,0.2607073235318915,-0.2352417267644846,0.4306220604843436,0.08166915942157134,652.3443223443223,798.2051282051282,805.0549450549451,809.4871794871796,787.7289377289378,647.9120879120879,-0.226013,0.001709,0.734558,10.916138,2.557068,1.764526,1,2,1,1,2,94.000000
2025-03-24 15:35:35.752,0.6087658407959052,0.6689851194600251,1.000334432101376,0.3588402357914333,0.5369496977865983,0.613558642676912,0.8222589561156975,0.4727557959657849,0.3879352404454733,0.7093244499098831,0.688753703658201,0.3860405112694403,0.2972277020819537,0.0502721020334944,0.3334477558097121,0.5281818892905168,0.2607073235318915,-0.464094610642611,0.1745458828220458,0.08166915942157134,1099.59706959707,807.8754578754579,787.7289377289378,800.2197802197802,933.5897435897436,925.5311355311355,-0.345093,0.072632,0.675415,-9.488068,11.641388,-17.742462,1,2,1,1,2,94.000000
2025-03-24 15:35:36.257,0.6087658407959052,0.8948508128292435,1.010751972928612,0.3588402357914333,0.5369496977865983,0.6309110733188283,0.3349881687278273,0.4727557959657849,0.3879352404454733,0.7119716153737068,0.4317352857826728,0.3860405112694403,0.2972277020819537,0.09461259100077121,0.1482970829046563,0.5281818892905168,0.2607073235318915,-0.4595525239498636,-0.2591437552391805,0.08166915942157134,386.8131868131868,788.1318681318681,794.5787545787546,765.9706959706959,616.080586080586,311.8681318681319,-0.273621,-0.061768,0.650085,2.467346,-4.740295,25.660400,1,2,1,1,2,94.000000
2025-03-24 15:35:36.431,,,,,,,,,,,,,,,,,,,,,,,,,,,,,,,,,,,,,,,/muse/elements/blink
2025-03-24 15:35:36.755,0.6087658407959052,0.8021943714093629,0.9806203600017463,1.086711368372123,0.5369496977865983,0.6199475825353037,0.3997962525368793,1.204357607022698,0.3879352404454733,0.7119716153737068,0.4654795741676871,1.001791619597886,0.2972277020819537,0.09303407802827364,0.09524970593986133,0.639835203908373,0.2607073235318915,-0.4506473539934601,-0.3565218356018588,0.0003860136221379807,533.0769230769231,799.4139194139194,807.8754578754579,784.1025641025641,740.1831501831502,645.4945054945055,-0.072510,0.170227,1.021912,-3.558960,-21.652832,-1.734619,1,4,1,1,1,94.000000
2025-03-24 15:35:37.131,,,,,,,,,,,,,,,,,,,,,,,,,,,,,,,,,,,,,,,/muse/elements/blink
2025-03-24 15:35:37.253,0.6087658407959052,0.8146637428005019,1.048900678550797,1.424828075594736,0.5369496977865983,0.5669833832552268,0.5607507313943864,1.385429120640226,0.3879352404454733,0.3246892400199861,0.63474424138248,1.066791164334128,0.2972277020819537,0.08375983154997575,0.04718748915819367,0.6317231368125502,0.2607073235318915,-0.4345143618433677,-0.5618272038330484,-0.03034605600744297,627.3626373626374,803.040293040293,792.967032967033,782.4908424908425,687.3992673992674,611.6483516483516,-0.293274,-0.128662,1.155396,-8.254395,26.953888,-5.271149,1,4,1,1,1,94.000000
2025-03-24 15:35:37.580,,,,,,,,,,,,,,,,,,,,,,,,,,,,,,,,,,,,,,,/muse/elements/blink
2025-03-24 15:35:37.760,0.6087658407959052,0.5524916345144359,1.08687815750241,1.439687770341996,0.5369496977865983,0.5048499309688488,0.6235451832462063,1.404174706957482,0.3879352404454733,0.5398325807256759,0.67522866077406,1.084728725968389,0.2972277020819537,0.0721047786570215,0.007123644448106875,0.6271040231298025,0.2607073235318915,-0.3707177689567951,-0.6823082148576122,-0.02793672446291364,580.6227106227107,792.967032967033,803.040293040293,778.4615384615385,768.7912087912088,1004.505494505495,-0.740662,0.156311,0.921509,23.918304,-13.054504,-38.767242,1,4,1,1,1,94.000000
2025-03-24 15:35:38.253,0.6087658407959052,0.807409616053306,1.148438889343391,1.631357834122949,0.5369496977865983,0.6094792804718071,0.8195549796987281,1.530532405458923,0.3879352404454733,0.7284365344930945,0.8550914904721754,1.077118782555816,0.2972277020819537,0.1350742707154444,0.2608353402504501,0.6221642958356655,0.2607073235318915,-0.1878127184536256,-0.3430965639578208,-0.08741209655420201,832.8571428571429,810.2930402930403,812.7106227106227,797.8021978021978,747.8388278388279,609.2307692307693,-0.214539,0.048889,1.294312,-11.940460,6.781464,16.149902,1,4,1,1,1,94.000000
2025-03-24 15:35:38.753,0.6087658407959052,1.004536488155754,1.18070659940267,1.631357834122949,0.5369496977865983,0.6896685260572203,1.062156794758023,1.530532405458923,0.3879352404454733,0.7374645511405615,1.02749349625423,1.077118782555816,0.2972277020819537,0.1869812228540836,0.3307010353127795,0.6221642958356655,0.2607073235318915,-0.1389760194517567,-0.2667534576459968,-0.08741209655420201,1212.820512820513,802.2344322344322,806.2637362637363,785.7142857142858,1046.813186813187,1315.567765567766,-0.332275,-0.015381,1.059082,5.547791,6.729126,3.170166,1,4,1,1,1,94.000000
2025-03-24 15:35:38.968,,,,,,,,,,,,,,,,,,,,,,,,,,,,,,,,,,,,,,,/muse/elements/blink
2025-03-24 15:35:39.268,0.6087658407959052,1.00468175225245,1.203923499610242,1.102076448640537,0.5369496977865983,0.6268014723609082,1.168894285795308,1.444241226181434,0.3879352404454733,0.7505819109825296,1.02461911293517,1.565455897557771,0.2972277020819537,0.1202068124424373,0.3888693008454304,0.656294257859143,0.2607073235318915,-0.1695412788497256,-0.1768167063909865,0.1311807279501071,984.7619047619048,807.4725274725275,809.0842490842491,814.7252747252747,714.3956043956044,576.5934065934066,-0.233765,0.147156,0.942017,19.761200,8.635712,-71.052094,1,4,1,1,1,94.000000
2025-03-24 15:35:39.370,,,,,,,,,,,,,,,,,,,,,,,,,,,,,,,,,,,,,,,/muse/elements/blink
2025-03-24 15:35:39.753,0.6087658407959052,0.9986739745808149,1.068710482007427,1.119176672357481,0.5369496977865983,0.4834035274107374,1.130637413779279,1.576230587550948,0.3879352404454733,0.4498682463387389,1.000799574734959,1.625887528861458,0.2972277020819537,0.03047644645335762,0.1278440572669155,0.6947837943932315,0.2607073235318915,-0.2967730707685206,-0.3997367855057145,0.1584710177956248,807.8754578754579,811.9047619047619,788.5347985347986,790.5494505494506,597.948717948718,235.7142857142857,-0.420044,0.017151,0.900696,52.599335,4.620667,-85.385132,1,4,1,1,1,94.000000
2025-03-24 15:35:39.867,,,,,,,,,,,,,,,,,,,,,,,,,,,,,,,,,,,,,,,/muse/elements/blink
2025-03-24 15:35:40.253,0.6087658407959052,0.8921472888021853,0.6319662680502729,1.301285819032428,0.5369496977865983,0.3896883677453131,1.07264375340664,1.654390989355185,0.3879352404454733,0.7639919157977317,0.8115727068067299,1.616609303110715,0.2972277020819537,0.009206399131681264,0.02504006584675535,0.7345554992864034,0.2607073235318915,-0.2340402980165102,-0.4245605444922987,0.1858783372065298,913.040293040293,836.8864468864469,799.8168498168499,783.6996336996338,763.5531135531136,763.1501831501831,-0.437622,0.229675,0.968750,46.902008,-3.342133,-73.452148,1,4,1,1,1,94.000000
2025-03-24 15:35:40.459,,,,,,,,,,,,,,,,,,,,,,,,,,,,,,,,,,,,,,,/muse/elements/blink
2025-03-24 15:35:40.753,0.6087658407959052,1.023098620512915,0.9006706439055686,1.509390028819018,0.5369496977865983,0.5190675009853942,1.08589587279728,1.847911049633919,0.3879352404454733,0.7718640182420868,0.8115727068067299,1.566007401893091,0.2972277020819537,0.04945730636944976,0.05310374128559078,0.8355003671163982,0.2607073235318915,-0.1512688265059353,-0.3885543147094772,0.2260544741346147,696.6666666666667,791.7582417582418,790.5494505494506,809.4871794871796,786.1172161172161,573.3699633699634,-0.566589,0.071594,0.749146,35.111084,10.796509,-64.076233,1,4,1,1,1,94.000000
2025-03-24 15:35:41.253,0.6087658407959052,0.9870232026375333,0.9256210431386506,1.509390028819018,0.5369496977865983,0.6022944737727414,1.04922011054709,1.847911049633919,0.3879352404454733,0.7838702230169657,0.8616178841675034,1.566007401893091,0.2972277020819537,0.0986022486847776,0.05792596918477731,0.8355003671163982,0.2607073235318915,-0.1055916404723383,-0.3440798284476319,0.2260544741346147,671.2820512820513,805.4578754578755,784.1025641025641,751.0622710622711,529.8534798534798,125.7142857142857,-0.625122,0.006958,0.872070,11.858215,12.658234,-23.776245,1,2,1,1,1,94.000000
2025-03-24 15:35:41.466,,,,,,,,,,,,,,,,,,,,,,,,,,,,,,,,,,,,,,,/muse/elements/blink
2025-03-24 15:35:41.757,0.6087658407959052,0.9244682423646138,1.006968184203957,1.509390028819018,0.5369496977865983,0.5689308033237096,0.9210748767293737,1.847911049633919,0.3879352404454733,0.7053741107474329,0.7533387588520367,1.566007401893091,0.2972277020819537,0.03581558873771627,0.04551665945393688,0.8355003671163982,0.2607073235318915,-0.2633041614542317,-0.2789490461078211,0.2260544741346147,782.4908424908425,792.5641025641025,813.919413919414,776.0439560439561,837.6923076923077,804.6520146520147,-0.695374,-0.046448,0.690674,21.181793,-3.506622,-27.940826,1,4,1,1,1,94.000000
2025-03-24 15:35:42.253,0.6087658407959052,0.848349294182395,0.9449062523395964,1.509390028819018,0.5369496977865983,0.5180427778028808,0.7412613584455719,1.847911049633919,0.3879352404454733,0.6855404348966435,0.7539133994578067,1.566007401893091,0.2972277020819537,0.08101037999854313,0.01502028628146008,0.8355003671163982,0.2607073235318915,-0.221203426320402,-0.2856664411185648,0.2260544741346147,766.3736263736264,795.3846153846154,813.1135531135532,776.8498168498169,800.6227106227107,661.2087912087912,-0.576721,-0.054260,0.803467,-1.637421,-4.800110,8.015137,1,2,1,1,1,94.000000
2025-03-24 15:35:42.753,0.6087658407959052,0.8321784131369185,0.9365514194328453,1.509390028819018,0.5369496977865983,0.4090723726923258,0.628830740592575,1.847911049633919,0.3879352404454733,0.6806531584282799,0.7236104240189954,1.566007401893091,0.2972277020819537,0.06519433718443944,0.05121182584342109,0.8355003671163982,0.2607073235318915,-0.1764607660303971,-0.2958436456807425,0.2260544741346147,812.3076923076924,799.0109890109891,804.2490842490843,798.2051282051282,839.3040293040293,757.9120879120879,-0.555664,-0.009583,0.817139,-7.274933,-2.915955,17.234039,1,2,1,1,2,94.000000
2025-03-24 15:35:43.259,0.6087658407959052,0.676320498061176,0.7869267022359892,1.014294085793,0.5369496977865983,0.3108928499711416,0.3864500919778528,0.2199195692113879,0.3879352404454733,0.5079439561823881,0.5548393128827791,0.3505869752745195,0.2972277020819537,0.004970282084295193,-0.02531677378849553,0.324757055955975,0.2607073235318915,-0.2269353138722686,-0.4008688167342214,-0.1653545435124535,795.7875457875458,807.0695970695971,790.1465201465202,783.2967032967033,837.2893772893773,989.1941391941392,-0.530151,0.056885,0.830811,-32.262421,-1.472931,48.479614,1,1,1,1,1,94.000000
2025-03-24 15:35:43.753,1.666884012165946,0.5571310817901469,0.6300687799427889,1.105446494978692,1.540831502554706,0.1960011655177762,0.1959805870160879,0.258216948171452,0.8786329968581121,0.4057285679396054,0.262288761456813,0.3505869752745195,0.4660666465414812,-0.09751448990825774,-0.07274720266161221,0.324382882974891,0.2083786935406317,-0.3152591903567803,-0.4506736385034147,-0.05461251274026769,795.3846153846154,809.0842490842491,792.1611721611722,792.1611721611722,784.5054945054945,672.893772893773,-0.507751,0.091797,0.858154,-39.552307,2.751465,68.397827,1,1,1,1,1,94.000000
2025-03-24 15:35:44.256,1.605373015351261,0.6013858810985159,0.6699154536501116,1.068599079308052,1.52594095946736,0.5755940009572961,0.4830402773187566,0.4056415886737679,1.137116130019402,0.737083871046997,0.5537518629482084,0.5513464272302239,0.5933681406283373,-0.1167426633278519,-0.1754994695159705,0.3294683005879296,0.2839843918803855,-0.4840489305361853,-0.4289851207065048,-0.02251358795609956,765.9706959706959,798.2051282051282,800.2197802197802,799.8168498168499,769.1941391941392,730.1098901098901,-0.526794,0.076660,0.819519,-7.850647,0.904694,15.499420,1,1,1,1,1,94.000000
2025-03-24 15:35:44.753,1.605373015351261,0.6607079603765604,0.6854008818625779,1.088783530717118,1.52594095946736,0.6509705889213355,0.5568480425912943,0.4682832313721765,1.137116130019402,0.737083871046997,0.5547294479092513,0.5317990809321029,0.5933681406283373,-0.06365771883565394,-0.09303731735028115,0.3699004996360016,0.2839843918803855,-0.3259079794925855,-0.3524912816233753,0.06517339626361243,823.5897435897436,793.3699633699634,819.5604395604396,814.7252747252747,866.3003663003664,762.7472527472528,-0.495544,0.013550,0.871643,-17.226562,-2.056122,25.466003,1,1,1,1,1,94.000000
2025-03-24 15:35:45.253,1.523139929138293,0.773549733926873,0.7848691570905394,0.9813905652136633,1.545516168861869,0.7294140359260742,0.6464226585485373,0.5353933672095325,1.137116130019402,0.737083871046997,0.56151912855821,0.5317990809321029,0.6630140216551816,0.02696754815991484,-0.03668936735921423,0.3942362706919631,0.3559440985675647,-0.235710317575709,-0.2744568045697718,0.05056330700772542,792.967032967033,805.4578754578755,800.6227106227107,765.5677655677656,818.7545787545788,722.4542124542124,-0.480652,0.064026,0.839478,-13.772278,3.087921,21.518250,1,1,1,1,1,94.000000
2025-03-24 15:35:45.644,,,,,,,,,,,,,,,,,,,,,,,,,,,,,,,,,,,,,,,/muse/elements/blink
2025-03-24 15:35:45.753,1.523139929138293,0.6030261790104103,0.8312429210091925,1.033368026168306,1.545516168861869,0.5406034331974423,0.4301754258469802,0.5747361557693571,1.137116130019402,0.3536278972266828,0.3416815365111656,0.4859371526179437,0.6630140216551816,0.03557904727396425,0.04646024842860869,0.3969928058991337,0.3559440985675647,-0.190940817038345,-0.2469206105962038,0.0563033360750914,763.956043956044,806.6666666666667,803.040293040293,815.934065934066,789.3406593406594,979.5238095238095,-0.610046,0.059814,0.734497,3.633728,5.308533,4.254303,1,1,1,1,1,94.000000
2025-03-24 15:35:45.881,,,,,,,,,,,,,,,,,,,,,,,,,,,,,,,,,,,,,,,/muse/elements/blink
2025-03-24 15:35:46.253,1.312908521453203,0.5786731981709965,0.8735356908182825,1.033368026168306,1.876719764936418,0.5021780089734847,0.4590242935713014,0.5747361557693571,1.365384177151689,0.3285078756373338,0.5215242773798765,0.4859371526179437,0.9277466759647466,0.167666216951869,0.3636030388411811,0.3969928058991337,0.5543512863749456,0.02585524487701381,0.04107811387175268,0.0563033360750914,853.0036630036631,805.8608058608058,809.8901098901099,854.2124542124542,813.919413919414,732.5274725274726,-0.630920,0.073059,0.798218,6.788940,-11.574097,-12.493744,1,1,1,1,1,94.000000
2025-03-24 15:35:46.753,1.312908521453203,0.4102915167647271,0.8778250589244492,1.033368026168306,1.876719764936418,0.388210806971093,0.3395359361822084,0.5747361557693571,1.365384177151689,0.5009585399794682,0.6592467735780538,0.4859371526179437,0.9277466759647466,0.2065565461955279,0.520503966989796,0.3969928058991337,0.5543512863749456,0.06991207105960066,0.2989172202125953,0.0563033360750914,769.5970695970697,813.919413919414,813.1135531135532,787.3260073260074,893.6996336996338,828.021978021978,-0.605896,0.035339,0.772034,19.604187,-2.018738,-24.793091,1,1,1,1,1,94.000000
2025-03-24 15:35:47.253,1.312908521453203,0.5443733766234519,0.8887336704877662,1.033368026168306,1.876719764936418,0.4471872595379727,0.4941180790323346,0.5747361557693571,1.365384177151689,0.5340705957422963,0.6933455201847861,0.4859371526179437,0.9277466759647466,0.2251764741488677,0.5488227428376855,0.3969928058991337,0.5543512863749456,0.07717166380515306,0.3576074119752484,0.0563033360750914,801.4285714285714,807.8754578754579,806.2637362637363,815.934065934066,804.2490842490843,764.3589743589744,-0.515198,0.044617,0.838318,79.164429,-5.659943,-110.970764,1,1,1,1,1,94.000000
2025-03-24 15:35:47.753,1.343412766458977,0.7354926198708008,0.9673628193499729,1.251013754997077,1.93416227067639,0.7223238898884977,0.8707557186504408,1.096379484778691,1.34443570123166,0.689146614560001,0.6805107360225499,0.7928171945068471,0.9557055566196115,0.3597669187605622,0.4754215977908072,0.572485395703439,0.609162152617182,0.195795791210361,0.2512956563906913,0.475731596063081,792.1611721611722,777.6556776556777,804.2490842490843,793.3699633699634,790.5494505494506,707.5457875457876,-0.577515,0.047852,0.788696,36.015778,-0.179443,-51.036682,1,1,1,1,1,94.000000
2025-03-24 15:35:48.253,1.054690424766567,0.7144515636151068,0.9198619273667377,1.120128169001263,0.6927975910317935,0.9000238786855097,1.058217768122035,0.9264248046337762,1.05371771748519,0.7362823797763741,0.7312551185655758,0.9441610885734057,0.953409637697209,0.4288948394199013,0.3881981557075193,0.5487521371703615,0.5785693814611992,0.2850570843841368,-0.0009861420114477255,0.4806338889081697,786.1172161172161,794.981684981685,799.8168498168499,798.6080586080586,797.3992673992674,702.3076923076924,-0.551025,0.062683,0.829895,-1.345825,-2.848663,6.235657,1,1,1,1,1,94.000000
2025-03-24 15:35:48.753,1.054690424766567,0.6221944322789511,0.8478952912263213,1.08928549914006,0.6927975910317935,0.8925469898890558,1.070299963998678,0.8386893089762296,1.05371771748519,0.7367386478376763,0.7099035767883715,0.945993497545034,0.953409637697209,0.4517443601012849,0.3743708172439167,0.5691141855134223,0.5785693814611992,0.3225668957726457,-0.1103299536632733,0.4402454414997299,774.0293040293041,806.2637362637363,772.8205128205128,786.1172161172161,745.8241758241759,886.4468864468864,-0.382080,0.011719,0.945496,-107.523956,-6.923523,164.377594,1,1,1,1,1,94.000000
2025-03-24 15:35:49.275,1.06433549155729,0.7674238193552103,0.7569331885349622,0.9782499194405508,0.6608991547109717,0.8847770128067407,0.9971129415542404,0.6131886289936329,1.041400863334925,0.8734874228455464,0.5492646420239438,0.7528645584442437,0.9729038230245827,0.2811773165701918,0.3036621471854867,0.5674187159815731,0.6036646792995288,0.1596862291762014,-0.1071942120225073,0.4213522565163679,895.3113553113553,807.8754578754579,795.3846153846154,809.0842490842491,861.4652014652015,787.7289377289378,-0.497742,0.029663,0.863037,-35.709229,1.420593,61.302338,1,1,1,1,1,94.000000
2025-03-24 15:35:49.752,1.06433549155729,0.9272912295654934,0.8001797864309501,1.00656285916466,0.6608991547109717,0.8670254288425582,0.7865896535666326,0.4002904236268778,1.041400863334925,1.090241899652081,0.9288081688561552,0.6834104730408338,0.9729038230245827,0.2431928068633269,0.2476762627508172,0.60764225891951,0.6036646792995288,0.07379903442541355,-0.07605842509054085,0.3613997187562983,800.6227106227107,809.4871794871796,804.2490842490843,808.2783882783883,860.6593406593407,782.0879120879121,-0.506348,0.054871,0.879395,-8.134766,1.211243,12.785339,1,1,1,1,1,94.000000
2025-03-24 15:35:50.034,,,,,,,,,,,,,,,,,,,,,,,,,,,,,,,,,,,,,,,/muse/elements/blink
2025-03-24 15:35:50.256,1.06433549155729,0.9157317850852273,0.1472165493097163,1.00656285916466,0.6608991547109717,0.7970852272354126,0.3368504288621926,0.4002904236268778,1.041400863334925,1.056981388907104,0.8906335852150694,0.6834104730408338,0.9729038230245827,0.2007745998659471,0.208865728520512,0.60764225891951,0.6036646792995288,-0.006563680978923494,0.08460558118815184,0.3613997187562983,834.0659340659341,800.2197802197802,813.5164835164835,852.1978021978023,867.9120879120879,751.0622710622711,-0.645142,0.024963,0.752930,4.074860,-9.009552,-10.923615,1,1,1,1,1,94.000000
2025-03-24 15:35:50.753,1.06433549155729,0.6786319171054016,0.2864435831244411,1.00656285916466,0.6608991547109717,0.5352216512742745,0.2219109395710932,0.4002904236268778,1.041400863334925,1.055290856500414,0.8906335852150694,0.6834104730408338,0.9729038230245827,0.215805404301901,0.2912927521402335,0.60764225891951,0.6036646792995288,0.04534304413657062,0.172241153827328,0.3613997187562983,794.5787545787546,794.1758241758242,801.025641025641,786.9230769230769,760.3296703296703,641.8681318681319,-0.567444,0.059143,0.795898,14.572296,-11.985321,-28.456726,1,1,1,1,1,94.000000
2025-03-24 15:35:51.053,,,,,,,,,,,,,,,,,,,,,,,,,,,,,,,,,,,,,,,/muse/elements/blink
2025-03-24 15:35:51.253,1.06433549155729,0.3818794921750135,0.3458010495161005,1.00656285916466,0.6608991547109717,0.009468735613465928,0.1509620030017931,0.4002904236268778,1.041400863334925,0.3101027900679809,0.5610030056528537,0.6834104730408338,0.9729038230245827,0.09299909376502641,0.3418887454931694,0.60764225891951,0.6036646792995288,0.001273145343964155,0.1845299336040516,0.3613997187562983,783.2967032967033,800.6227106227107,786.9230769230769,803.8461538461539,762.3443223443223,938.021978021978,-0.363464,0.059692,0.947571,67.508087,-7.626343,-107.090302,1,2,1,1,2,94.000000
2025-03-24 15:35:51.753,1.06433549155729,0.5002833609248459,0.4945692691694787,1.00656285916466,0.6608991547109717,-0.003104491108713934,0.04289488025726777,0.4002904236268778,1.041400863334925,-0.2355113660157881,0.1342142361379356,0.6834104730408338,0.9729038230245827,0.09548753194044367,0.4297639932889606,0.60764225891951,0.6036646792995288,0.0784114197649126,0.25359886486452,0.3613997187562983,805.8608058608058,798.2051282051282,799.8168498168499,834.8717948717949,876.3736263736264,771.2087912087912,-0.440186,0.048035,0.889160,18.849030,3.304749,-51.320801,1,2,1,1,2,94.000000
2025-03-24 15:35:52.253,1.06433549155729,0.4842252363223158,0.4721064885911436,1.00656285916466,0.6608991547109717,0.5286100703128338,0.6170747766807441,0.4002904236268778,1.041400863334925,0.2937853249382943,0.6610427096323238,0.6834104730408338,0.9729038230245827,0.1108512902741389,0.3856876434338917,0.60764225891951,0.6036646792995288,-0.02643628806989533,0.08267329346555845,0.3613997187562983,771.2087912087912,799.0109890109891,804.2490842490843,819.96336996337,857.032967032967,734.5421245421246,-0.483765,0.014709,0.860168,-0.755157,2.056122,-2.736511,1,2,1,1,2,94.000000
2025-03-24 15:35:52.753,1.06433549155729,0.1416805857107642,0.450667734118026,1.00656285916466,0.6608991547109717,0.5534689351451597,0.6629978501829281,0.4002904236268778,1.041400863334925,0.4651371738116387,0.6404038327246117,0.6834104730408338,0.9729038230245827,0.1589651985105335,0.12439150865501,0.60764225891951,0.6036646792995288,-0.1019033006630218,-0.2894981202713275,0.3613997187562983,800.2197802197802,794.981684981685,807.4725274725275,826.4102564102565,738.5714285714286,653.1501831501831,-0.537292,0.032410,0.847534,1.570129,-6.983337,5.465546,1,2,1,1,2,94.000000
2025-03-24 15:35:53.253,1.261979095109945,0.03409862480587473,0.3316124962353375,1.00656285916466,0.736766467341578,0.4150933304125762,0.5280684127590684,0.4002904236268778,1.135372631071337,0.5316196769393665,0.7237821665333716,0.6834104730408338,0.6659767970660393,0.08180812578544404,0.1205529997922902,0.60764225891951,0.5765483549921834,-0.1403346777931514,-0.1915765028720496,0.3613997187562983,807.0695970695971,798.2051282051282,790.1465201465202,814.3223443223443,871.5384615384615,737.3626373626374,-0.539490,0.035217,0.826355,1.039276,-1.517792,-3.125305,1,1,1,1,1,94.000000
2025-03-24 15:35:53.753,1.334439960364015,-0.01247142661658654,0.2857280325816791,0.8235239594039035,0.5944788462267835,0.09206299554070586,0.2587678565625808,0.009637675992329993,1.10443169768709,0.4899271998543606,0.6021835164425344,0.3626519245384403,0.538095953088046,0.03988872421452308,0.0339421556296531,0.2879055545258157,0.4236865490931756,-0.2297635593550451,-0.2623991801922638,-0.1429085743797166,797.3992673992674,798.2051282051282,801.025641025641,792.967032967033,816.3369963369963,653.1501831501831,-0.525391,0.004089,0.840088,2.743988,-2.407532,-1.031799,1,1,1,1,1,94.000000
2025-03-24 15:35:54.256,1.356998146853378,0.05685269660715288,-0.03913240359863265,0.7191575265095881,0.6237847083742137,-0.005121028933942212,-0.03192656656453452,0.06960123922818585,0.8886918234778682,0.5014030205595689,0.3527419242107384,0.4315404726808099,0.4583189992691422,-0.02658795219680013,-0.05458873550196617,0.3153885412096389,0.3045065065535021,-0.3022770257200688,-0.3346357937230852,-0.1309152310529384,794.1758241758242,805.4578754578755,805.4578754578755,772.8205128205128,838.4981684981685,760.3296703296703,-0.528137,0.017822,0.838867,-0.471039,-1.435547,0.029907,1,1,1,1,1,94.000000
2025-03-24 15:35:54.753,1.237166320109084,0.1076894551566553,-0.07329378913964174,0.6993589591693784,0.5571859115987323,0.01754047218072782,-0.1619834881424067,0.1762762960318284,0.5965386390771268,0.3588178390423314,0.0006657591130693444,0.464687585694912,0.4402403416963855,0.03616323744770918,-0.09452546084571531,0.367290603515841,0.2551875060596327,-0.3520985848530002,-0.5072029769156038,-0.1459486331424591,809.4871794871796,799.8168498168499,798.2051282051282,782.4908424908425,761.1355311355312,711.978021978022,-0.514099,0.007019,0.840820,-5.151520,-1.786957,7.282410,1,1,1,1,1,94.000000
2025-03-24 15:35:55.253,1.108564851016643,0.2413947384460741,0.02057193324001236,0.6479366840372343,0.6733313113234816,0.04051556556541266,-0.1151928696740739,0.1763974623729878,0.5891683145378408,0.3480162761665942,0.1680270023775746,0.7076538900977949,0.4578468930080638,-0.01076058166803216,-0.07179296346432959,0.3354511443136449,0.2689338569124496,-0.2815492933982298,-0.4066183476695351,-0.2112984701605546,790.1465201465202,798.2051282051282,801.4285714285714,783.2967032967033,807.4725274725275,773.2234432234433,-0.504761,-0.008789,0.838806,0.067291,-2.452393,-2.422485,1,1,1,1,1,94.000000
2025-03-24 15:35:55.753,1.253308780729266,0.2931608665649049,0.1868553976413841,0.9029761580602936,0.746807746648142,-0.01773714566575123,0.08249500810266544,0.3134057861319719,0.6481846239534155,0.3338699566443381,0.3206101406849343,0.7377624776025722,0.5747342066897324,-0.04417436768409599,-0.05142570127349023,0.3349567216945054,0.2792379382452712,-0.2952372238988291,-0.3125970285712839,-0.1722068946684814,825.6043956043957,805.4578754578755,803.040293040293,791.7582417582418,821.978021978022,792.5641025641025,-0.498657,-0.001770,0.847046,-3.454285,-0.261688,6.459961,1,1,1,1,1,94.000000
2025-03-24 15:35:56.111,,,,,,,,,,,,,,,,,,,,,,,,,,,,,,,,,,,,,,,/muse/elements/blink
2025-03-24 15:35:56.264,1.412594540661727,0.3191376931926745,0.2058389369047709,0.9482792001869825,0.8053886778865801,-0.1223086875535448,0.02574714916961942,0.2921829926603779,0.4714579398184924,0.1194933454024317,0.3153627438398292,0.7309233239815391,0.6276765240729226,-0.1718048789835415,-0.08906277312685455,0.2814309970401973,0.2422105154245535,-0.3563740492873185,-0.3053730217652544,-0.1580439146908144,778.0586080586081,800.6227106227107,802.6373626373627,794.1758241758242,739.3772893772893,601.1721611721612,-0.543518,-0.005859,0.815979,-18.295746,24.247284,26.288452,1,1,1,1,1,94.000000
2025-03-24 15:35:56.759,1.485567757157961,0.3336452432772914,0.3419059788177557,1.06999521089455,0.8662251684300223,0.1233553813641022,0.03621287995037668,0.4377391559170681,0.4030496767431531,0.1413622866884041,0.3198210537366944,0.6087259076537471,0.6983568179615128,-0.123610370017519,0.02698677968400021,0.340392614929903,0.291793545457713,-0.2393375940960877,-0.1278956774625711,-0.06680091537963399,751.0622710622711,813.919413919414,792.1611721611722,759.92673992674,778.4615384615385,990,-0.627625,0.125610,0.763489,-34.049377,4.119720,52.546997,1,1,1,1,1,94.000000
2025-03-24 15:35:57.253,1.510201214171041,0.5404583804548428,0.5052021843843317,1.112164276112049,0.8856641101099427,0.3854198233015967,0.1223818440323494,0.5189153193780791,0.3993413871326433,0.1415617562201196,0.08477691030096345,0.5290164313703889,0.7102895136669873,-0.01368089646377308,0.1287099443519855,0.3665385515516987,0.2938852449126331,-0.107720428267217,0.02920597904308651,-0.04955606276711019,766.7765567765568,788.1318681318681,807.0695970695971,788.5347985347986,782.893772893773,734.9450549450549,-0.651611,0.013855,0.731689,-57.691040,-17.884521,51.836700,1,1,1,1,1,94.000000
2025-03-24 15:35:57.752,1.510201214171041,0.6303748811371184,0.5718321238533401,1.112164276112049,0.8856641101099427,0.5090771275240543,0.3909412054863074,0.5189153193780791,0.3993413871326433,0.4285869005426824,0.1770833881365441,0.5290164313703889,0.7102895136669873,0.03547374490543165,0.1803362838015926,0.3665385515516987,0.2938852449126331,-0.06599328498528124,0.05391706301671212,-0.04955606276711019,806.2637362637363,788.9377289377289,807.4725274725275,807.0695970695971,737.7655677655678,653.1501831501831,-0.490479,0.066589,0.906006,-39.073792,-13.151703,67.388458,1,1,1,1,1,94.000000
2025-03-24 15:35:58.253,1.510201214171041,0.7374834396492562,0.4993613675613826,0.9839697110824959,0.8856641101099427,0.7187948220093361,0.5573515423162737,0.7480352875596208,0.3993413871326433,1.030913773794477,0.7795820933314326,0.635433481284679,0.7102895136669873,0.1109998811995107,0.190030305372444,0.5497327903561448,0.2938852449126331,-0.09318669718386333,-0.01910282165385463,0.01238742600484109,808.2783882783883,800.2197802197802,798.2051282051282,803.040293040293,799.4139194139194,721.2454212454213,-0.511963,0.003235,0.851257,8.972168,-0.613098,-10.841370,1,1,1,1,1,94.000000
2025-03-24 15:35:58.754,1.253182797870117,0.6200040565258818,0.2552442149897725,0.9023965365767779,0.8780854315902999,0.6628526796632414,0.5115787232078105,0.5843916317104555,0.9424144655262573,1.030944676835969,0.785508979985978,0.6710355549949789,0.6595388643272982,0.1101563712638246,0.1249979243780732,0.5281946066847983,0.3837248733936405,-0.2483880839754947,-0.2625536279664691,-0.06303490974270201,788.9377289377289,800.6227106227107,813.919413919414,799.8168498168499,836.0805860805862,779.6703296703297,-0.553589,0.066162,0.817383,5.674896,7.476807,2.534637,1,1,1,1,1,94.000000
2025-03-24 15:35:59.092,,,,,,,,,,,,,,,,,,,,,,,,,,,,,,,,,,,,,,,/muse/elements/blink
2025-03-24 15:35:59.254,1.253182797870117,0.5499472312691215,0.1326203050503455,0.8588967897074711,0.8780854315902999,0.5980088985341395,0.3773566368905102,0.4958188749588139,0.9424144655262573,1.030944676835969,0.7856477189575866,0.6518052437317033,0.6595388643272982,0.09349591749825957,0.135823042942051,0.5334840789612226,0.3837248733936405,-0.2055542106510633,-0.1516190028771637,-0.06325334961804228,794.981684981685,801.4285714285714,805.4578754578755,808.2783882783883,813.919413919414,675.3113553113553,-0.599365,0.103210,0.776245,-0.837402,-4.897308,1.921539,1,1,1,1,1,94.000000
2025-03-24 15:35:59.777,1.074078878656707,0.3322198883083303,0.1647636979922742,0.8018737470788249,0.6110523251933196,0.1618576243572248,0.104167134259795,0.318697079633997,0.866557409984289,0.7415450854506016,0.6422598447874355,0.3894720703973725,0.5884704484944904,0.04620839131258479,0.08970604488161073,0.505532276318846,0.256352497002094,-0.212353710910156,-0.08958082341422596,-0.1543668637072259,840.5128205128206,810.6959706959707,779.6703296703297,833.2600732600733,757.5091575091575,630.5860805860806,-0.472351,0.058960,0.906128,64.046326,-16.082611,-99.359283,1,1,1,1,1,94.000000
2025-03-24 15:35:59.884,,,,,,,,,,,,,,,,,,,,,,,,,,,,,,,,,,,,,,,/muse/elements/blink
2025-03-24 15:36:00.253,1.039779290131325,0.4288571677802663,0.6032669873637349,0.8664409356706435,0.3992282635018169,0.02646380896720156,0.4931739053135596,0.1935024545687417,0.4913540339283526,0.2462186257013268,0.1820250044789998,0.2372624234264141,0.4700460010728964,-0.06965637420434351,0.05798603297233757,0.5121298972893432,0.1906734742751204,-0.2384809647019328,-0.1723913844077447,-0.1479198448909695,781.6849816849817,797.3992673992674,797.8021978021978,798.6080586080586,844.5421245421246,767.1794871794872,-0.524231,0.139160,0.846191,39.619598,14.684448,-43.888855,1,1,1,1,1,94.000000
2025-03-24 15:36:00.360,,,,,,,,,,,,,,,,,,,,,,,,,,,,,,,,,,,,,,,/muse/elements/blink
2025-03-24 15:36:00.753,1.039779290131325,0.568923278443793,0.8577465655503187,0.8664409356706435,0.3992282635018169,0.2052725309087901,0.8845786752613228,0.1935024545687417,0.4913540339283526,0.2462186257013268,0.5713654016523234,0.2372624234264141,0.4700460010728964,-0.04501955935384103,0.1464833642685138,0.5121298972893432,0.1906734742751204,-0.2710927145040392,-0.3074332361785975,-0.1479198448909695,785.7142857142858,813.919413919414,790.5494505494506,851.7948717948718,824.7985347985348,817.5457875457876,-0.646973,0.100464,0.749207,38.236389,0.485992,-58.401337,1,1,1,1,1,94.000000
2025-03-24 15:36:01.253,1.039779290131325,0.7862308995140616,1.008764031799277,0.8664409356706435,0.3992282635018169,0.6690763450198475,1.021601019494358,0.1935024545687417,0.4913540339283526,0.4901543849718516,0.5974958449162819,0.2372624234264141,0.4700460010728964,0.418054955452722,0.1511888056179798,0.5121298972893432,0.1906734742751204,0.1506898961123524,-0.2510532402064179,-0.1479198448909695,786.5201465201466,798.2051282051282,798.6080586080586,813.1135531135532,776.8498168498169,635.0183150183151,-0.700439,0.062866,0.695984,8.321686,-1.540222,-8.486176,1,1,1,1,1,94.000000
2025-03-24 15:36:01.758,1.039779290131325,0.5893568921427021,0.875587257851263,0.8664409356706435,0.3992282635018169,0.5220135853356271,0.9355836841319712,0.1935024545687417,0.4913540339283526,0.472797053257719,0.5974958449162819,0.2372624234264141,0.4700460010728964,0.5566063598370047,0.2458390053805135,0.5121298972893432,0.1906734742751204,0.2469768461482101,-0.09729046524548504,-0.1479198448909695,805.8608058608058,809.4871794871796,800.6227106227107,804.6520146520147,801.025641025641,701.0989010989011,-0.676758,0.088623,0.732666,21.921997,-8.059998,-28.770752,1,2,1,1,2,94.000000
2025-03-24 15:36:02.254,1.039779290131325,0.6614940518959719,0.8481329910529534,0.8664409356706435,0.3992282635018169,0.5399436888829084,0.7133250855002642,0.1935024545687417,0.4913540339283526,0.472797053257719,0.6018183312808226,0.2372624234264141,0.4700460010728964,0.5075439639890419,0.2934659576195506,0.5121298972893432,0.1906734742751204,0.201429528679374,0.068441856222973,-0.1479198448909695,805.4578754578755,803.8461538461539,800.6227106227107,787.3260073260074,796.5934065934066,737.3626373626374,-0.604553,0.023010,0.808960,-5.166473,-10.968475,6.564636,1,2,1,1,2,94.000000
2025-03-24 15:36:02.759,1.039779290131325,0.6441242778529147,0.7049754385529494,0.8664409356706435,0.3992282635018169,0.3471776051911603,0.460986123919896,0.1935024545687417,0.4913540339283526,0.3368415504468822,0.5399101363475167,0.2372624234264141,0.4700460010728964,0.3746611181143884,0.3170504670648454,0.5121298972893432,0.1906734742751204,0.1144003333166059,-0.03333145677773119,-0.1479198448909695,759.5238095238095,774.8351648351648,768.3882783882784,764.3589743589744,749.8534798534798,612.8571428571429,-0.377869,0.045898,0.950867,-104.712677,-14.430237,170.388947,1,2,1,1,2,94.000000
2025-03-24 15:36:03.253,1.039779290131325,0.7634210677266899,0.8319550208774524,0.8664409356706435,0.3992282635018169,0.3832042983494246,0.5346321721308767,0.1935024545687417,0.4913540339283526,0.2342964861452911,0.5447257427135168,0.2372624234264141,0.4700460010728964,0.1917537158425243,0.3068967363266142,0.5121298972893432,0.1906734742751204,0.02669373837625858,-0.05066828683654161,-0.1479198448909695,864.6886446886447,795.3846153846154,807.0695970695971,776.0439560439561,854.2124542124542,799.8168498168499,-0.456543,0.066345,0.881165,-58.079834,1.121521,91.635742,1,2,1,1,2,94.000000
2025-03-24 15:36:03.752,1.039779290131325,0.8018294081106846,0.8203365468231681,0.8664409356706435,0.3992282635018169,0.2445658672003534,0.6750593167502112,0.1935024545687417,0.4913540339283526,0.2040865273152858,0.7289847134817687,0.2372624234264141,0.4700460010728964,-0.04828103519789538,0.2704951140831241,0.5121298972893432,0.1906734742751204,-0.02105323234748897,-0.06187290039547593,-0.1479198448909695,819.5604395604396,809.0842490842491,804.6520146520147,798.2051282051282,904.1758241758242,882.014652014652,-0.491394,0.095093,0.850708,-8.545990,-0.000000,-7.387085,1,2,1,1,2,94.000000
2025-03-24 15:36:04.040,,,,,,,,,,,,,,,,,,,,,,,,,,,,,,,,,,,,,,,/muse/elements/blink
2025-03-24 15:36:04.252,1.039779290131325,0.6060505509393361,0.5656169542721414,0.8664409356706435,0.3992282635018169,0.4384320759144024,0.6391910416314542,0.1935024545687417,0.4913540339283526,0.657140568410911,0.7972219561876416,0.2372624234264141,0.4700460010728964,0.2991712179168279,0.4150812256583775,0.5121298972893432,0.1906734742751204,0.04840944141799234,0.1654976102133294,-0.1479198448909695,801.8315018315019,802.2344322344322,804.6520146520147,790.1465201465202,793.3699633699634,696.6666666666667,-0.595337,0.025330,0.783752,3.207550,-9.398346,1.345825,1,2,1,1,2,94.000000
2025-03-24 15:36:04.754,1.039779290131325,0.5260501318096763,0.617496125182263,0.8664409356706435,0.3992282635018169,0.5004658412272139,0.5853980427331086,0.1935024545687417,0.4913540339283526,0.6679981474189024,1.005538945143631,0.2372624234264141,0.4700460010728964,0.3540131625511408,0.6634502251925282,0.5121298972893432,0.1906734742751204,0.3532928028263322,0.340058661242623,-0.1479198448909695,814.7252747252747,804.6520146520147,797.8021978021978,806.6666666666667,759.5238095238095,634.2124542124542,-0.559937,0.048645,0.813171,-2.011261,-4.044952,8.508606,1,2,1,1,2,94.000000
2025-03-24 15:36:05.262,0.9148416180451818,0.399710770579655,0.3716974904669905,0.8664409356706435,0.9093782824367085,0.3970120338753051,0.1392113626299762,0.1935024545687417,0.09957135699634535,0.6683974786560356,0.941298289108394,0.2372624234264141,0.5102488764052895,0.2623177893563133,0.6532675037571412,0.5121298972893432,0.2203803864941931,0.27581731040325,0.3263819265287183,-0.1479198448909695,793.7728937728938,801.4285714285714,806.2637362637363,800.6227106227107,844.5421245421246,763.5531135531136,-0.543579,0.077515,0.822815,3.828125,-1.218719,-2.026215,1,2,1,1,2,94.000000
2025-03-24 15:36:05.759,0.7840274870436196,0.2475278843393627,0.3191794031644787,1.096388805860824,0.7480936528402419,0.2731857527707558,-0.08553857719453425,0.9930347401537266,0.3014794352725071,0.6138932806882299,0.9164812461897098,1.333709267913476,0.4727104057974235,0.1644387796986365,0.6114778819963831,0.4201060968670003,0.2182912738254069,0.2359892736148925,0.325906977125013,0.2465515883548296,805.8608058608058,809.4871794871796,803.8461538461539,796.5934065934066,823.1868131868132,755.8974358974359,-0.559448,0.105225,0.808350,-0.493469,-0.657959,2.729034,1,1,1,1,1,94.000000
2025-03-24 15:36:06.253,0.6370099256255453,-0.2016402013346102,-0.007846867874633236,0.3031517038070848,0.6394617326786106,-0.10355961468393,-0.1499744660426236,0.4832303484103757,0.5165027867735669,0.202297975204623,0.3941464257087616,0.5114431632642695,0.482061217296026,0.0121291129408153,0.2935950162733995,0.2658069832127046,0.252073278778425,-0.006345087706783612,0.1392866944429041,0.2104069159096891,784.9084249084249,796.996336996337,808.2783882783883,798.6080586080586,744.2124542124542,680.952380952381,-0.549255,0.115417,0.820557,2.586975,-2.893524,-0.964508,1,1,1,1,1,94.000000
2025-03-24 15:36:06.753,0.4326403400162755,-0.5937262984615007,-0.004166664213573247,0.3260275171237055,0.4730502407610356,-0.4388198760333416,-0.2383293855764264,0.3854497373374214,0.5330122857411305,-0.01034967761000112,0.03415647949744371,0.5114431632642695,0.4191296427106591,-0.04701349611293369,0.1073288027979677,0.2314786120145128,0.2770474108655415,-0.1301461971854862,-0.06228677434613839,0.1685967024844614,805.8608058608058,802.2344322344322,812.7106227106227,803.8461538461539,764.3589743589744,619.7069597069598,-0.565002,0.129089,0.803284,15.222778,0.456085,-17.787323,1,1,1,1,1,94.000000
2025-03-24 15:36:07.076,,,,,,,,,,,,,,,,,,,,,,,,,,,,,,,,,,,,,,,/muse/elements/blink
2025-03-24 15:36:07.253,0.2637160494391282,-0.02926538642802289,0.3159643290009166,0.3208355200724411,0.3812770139386317,-0.3885843414029417,0.01854647669372407,0.3145533622276201,0.5383236232662876,-0.2221120933542999,0.2228906500381127,0.4714753421184248,0.3864293854534639,-0.04444272367604716,0.1681231592706957,0.2127732380984327,0.2997665126025227,-0.04121113981573851,-0.1111258251276098,0.1089499624493227,771.6117216117216,794.5787545787546,800.6227106227107,789.3406593406594,740.989010989011,626.1538461538462,-0.624817,-0.026123,0.739746,45.414124,13.592834,-68.995972,1,1,1,1,1,94.000000
2025-03-24 15:36:07.753,0.3182336378659907,0.1259291797512362,0.6604765694169039,0.3462586697605055,0.3855575006374576,-0.2594373426933231,0.3960851644838734,0.1075137082156468,0.2330186331753489,-0.4317078761175973,0.5464333765664632,0.3164728440911999,0.2668603675353702,-0.06044055383541344,0.255511842228298,0.1599310953080661,0.2985762745911268,-0.07515026283372676,-0.07523540993503804,0.0713052996804982,784.9084249084249,821.5750915750916,782.0879120879121,738.5714285714286,784.1025641025641,921.5018315018315,-0.648560,0.084167,0.752075,30.393219,3.461761,-30.460510,1,1,1,1,1,94.000000
2025-03-24 15:36:08.253,0.3718492972541142,0.3103548487128369,0.8801353027235004,0.3185531694825218,0.2856354324031626,0.5409477335021502,0.7674147125608201,-0.123449482269626,0.1843978545085654,0.1777230838591848,0.5809460490934412,0.003534040157851453,0.2555422368954387,0.1560337265613647,0.2906806883492273,0.1371797950389859,0.3151682896302058,-0.008970322372853714,-0.1759434006415368,-0.01619036263904264,777.2527472527473,795.7875457875458,798.6080586080586,794.1758241758242,789.3406593406594,674.9084249084249,-0.713135,-0.038757,0.672119,11.192780,-3.229980,-16.905060,1,1,1,1,1,94.000000
2025-03-24 15:36:08.753,1.368769533059815,-0.01218672139283451,0.9288155164755618,0.3185531694825218,1.434326309072789,0.6397818963651852,0.9056323038096997,-0.123449482269626,1.038144600309441,0.3004927809246518,0.6967587076994468,0.003534040157851453,0.7229283391815995,0.4035089150892049,0.4249064519527068,0.1371797950389859,0.1659049075677778,-0.005502395833793416,-0.1923009471713884,-0.01619036263904264,786.5201465201466,804.6520146520147,777.6556776556777,790.1465201465202,816.7399267399268,643.4798534798535,-0.667480,0.057312,0.666199,18.871460,-23.716431,-30.699768,1,1,1,1,1,94.000000
2025-03-24 15:36:09.253,1.349785870199278,0.4188628676975669,0.94258804040345,0.3185531694825218,1.205763653053193,0.4758552909869915,0.7802314428319543,-0.123449482269626,1.331411953699501,0.3870784954387919,0.6960303594536019,0.003534040157851453,0.6666151480891999,0.3660411916667675,0.3469838319045824,0.1371797950389859,0.2411344669708074,-0.0665089625783135,-0.2004915911727513,-0.01619036263904264,799.4139194139194,797.8021978021978,795.3846153846154,788.5347985347986,832.8571428571429,732.1245421245421,-0.535095,-0.015076,0.837524,-4.680481,0.725250,1.876678,1,1,1,1,1,94.000000
2025-03-24 15:36:09.690,,,,,,,,,,,,,,,,,,,,,,,,,,,,,,,,,,,,,,,/muse/elements/blink
2025-03-24 15:36:09.753,1.342128890611087,0.5945871741048958,0.948545611536917,0.8460488995906249,1.169490998806891,0.2191799182297383,0.6097010210707318,0.5901316576040073,1.316183851613168,0.3439452323034722,0.5603980348040214,0.8483744718805966,0.6511730126485884,0.349696921705435,0.323889621279509,0.4288322102362319,0.2758949399322168,-0.08246447085664982,-0.01762258035527286,0.04273418965590613,844.5421245421246,791.3553113553114,823.992673992674,855.4212454212454,811.5018315018315,708.3516483516484,-0.679199,0.018372,0.686951,-9.181519,3.200073,10.475006,1,1,1,1,1,94.000000
2025-03-24 15:36:10.255,1.368678839737218,0.7454882884811548,0.998922626510762,0.8460488995906249,0.7880364592177581,0.01282174157252227,0.470974155597613,0.5901316576040073,1.261928091145102,0.3276028410190571,0.4989970178724633,0.8483744718805966,0.6751935663603443,0.2415958199749536,0.642978686097077,0.4288322102362319,0.370288556298064,-0.1066102151618629,0.505540541772952,0.04273418965590613,831.2454212454213,805.0549450549451,801.8315018315019,795.3846153846154,831.2454212454213,725.6776556776557,-0.594055,0.008545,0.796143,-6.953430,-0.710297,9.787140,1,1,1,1,1,94.000000
2025-03-24 15:36:10.648,,,,,,,,,,,,,,,,,,,,,,,,,,,,,,,,,,,,,,,/muse/elements/blink
2025-03-24 15:36:10.757,1.417262078999855,0.7416216174494705,0.8897375294873645,0.9241032653132273,0.8098789072740468,0.09298267869047284,0.4678736875470046,0.652728264751558,1.243613571847138,0.5271033928549604,0.3405931142133899,0.8271414258452212,0.7394437245044017,0.3258833387321078,0.8004455424462125,0.4220337340266674,0.445471733308048,-0.01631511096237248,0.6725736683537712,0.004117051176435633,818.3516483516484,812.3076923076924,782.4908424908425,780.4761904761905,794.1758241758242,691.8315018315019,-0.658813,-0.042908,0.708313,-34.183960,-0.291595,41.458893,1,1,1,1,1,94.000000
2025-03-24 15:36:11.261,1.417262078999855,0.7599469466332034,0.766827125845564,0.9241032653132273,0.8098789072740468,0.5790349557299335,0.5429278180466386,0.652728264751558,1.243613571847138,0.619421635584981,0.6319331067504645,0.8271414258452212,0.7394437245044017,0.4683026343540301,0.882142693845384,0.4220337340266674,0.445471733308048,0.1491532753689216,0.8016454420300135,0.004117051176435633,786.5201465201466,793.3699633699634,806.2637362637363,799.4139194139194,789.3406593406594,754.2857142857143,-0.517029,-0.030151,0.838257,-92.802124,-20.583649,120.638275,1,1,1,1,1,94.000000
2025-03-24 15:36:11.753,1.417262078999855,0.8274092282033436,1.043772443737022,0.9618630786971664,0.8098789072740468,0.8100981737145937,0.963792640701008,0.937922183797134,1.243613571847138,0.676456160189757,0.6641098642639228,0.9755070478703679,0.7394437245044017,0.3240397350361073,0.4344864089699354,0.8288386450453573,0.445471733308048,0.1224548342203529,0.4686329524330254,0.5673993316388933,801.8315018315019,805.4578754578755,801.4285714285714,794.981684981685,799.8168498168499,743.8095238095239,-0.459351,-0.114929,0.820496,-8.583374,-7.073059,-1.966400,1,1,1,1,1,94.000000
2025-03-24 15:36:12.257,1.417262078999855,0.8702551698600304,0.912376778191694,0.7462067203324496,0.8098789072740468,0.8764525847062179,0.9322302092909915,0.8662973551490856,1.243613571847138,0.7109599009291234,0.7407865076383851,0.9855061057399787,0.7394437245044017,0.2335907255089224,0.3932562423202428,0.9086125324766746,0.445471733308048,0.09228581181795829,0.3468242108237889,0.6296149575157876,810.6959706959707,791.3553113553114,822.3809523809524,805.8608058608058,826.4102564102565,746.2271062271062,-0.608887,0.002869,0.731384,38.356018,24.553833,-38.871918,1,1,1,1,1,94.000000
2025-03-24 15:36:12.362,,,,,,,,,,,,,,,,,,,,,,,,,,,,,,,,,,,,,,,/muse/elements/blink
2025-03-24 15:36:12.553,,,,,,,,,,,,,,,,,,,,,,,,,,,,,,,,,,,,,,,/muse/elements/blink
2025-03-24 15:36:12.754,1.417262078999855,0.8767367411166144,0.9036757726136559,0.6878916713184351,0.8098789072740468,0.9242002175187631,0.9747494213047441,0.8773367207941065,1.243613571847138,0.6113884108612548,0.6796105925303589,0.9727276483009551,0.7394437245044017,0.07299260129418886,0.5542522227367533,0.933672902006292,0.445471733308048,0.1376227713250516,0.5297330291784732,0.6553629850188434,589.0842490842491,796.1904761904763,810.2930402930403,821.978021978022,607.2161172161173,323.1501831501832,-0.516113,0.105591,0.740784,89.848785,5.181427,-109.819336,1,1,1,1,1,94.000000
2025-03-24 15:36:13.263,1.417262078999855,0.8423124055318975,0.6694775420750562,0.03881964859873713,0.8098789072740468,0.7501838322645712,0.8284879789720254,0.756088106360614,1.243613571847138,0.5055247837890614,1.07792891248599,0.4967297997914703,0.7394437245044017,0.1527891213246396,0.6517221926311362,0.9913095381180951,0.445471733308048,0.1802565557815424,0.6416243051906155,0.6966246197403249,784.9084249084249,777.6556776556777,821.978021978022,782.893772893773,747.8388278388279,517.3626373626374,-0.373596,-0.071594,0.743958,-5.570221,-5.502930,25.608063,1,1,1,1,1,94.000000
2025-03-24 15:36:13.753,1.417262078999855,0.8404835321948844,0.76701451415143,0.03881964859873713,0.8098789072740468,0.7162905656509817,0.9312196860796133,0.756088106360614,1.243613571847138,0.8023505591165829,1.162055760037349,0.4967297997914703,0.7394437245044017,0.520937189392633,0.6593312993748872,0.9913095381180951,0.445471733308048,0.3867807774957901,0.6702870217972932,0.6966246197403249,1229.74358974359,812.7106227106227,801.4285714285714,800.2197802197802,1130.622710622711,1504.542124542125,-0.491028,0.230591,1.021362,-54.079742,-23.163147,101.445312,1,4,1,1,1,94.000000
2025-03-24 15:36:14.253,1.417262078999855,1.255829368533692,1.012873040735506,0.03881964859873713,0.8098789072740468,0.8657090910324682,1.066663207507032,0.756088106360614,1.243613571847138,0.8196432717294952,1.162055760037349,0.4967297997914703,0.7394437245044017,0.5023125005309977,0.4238370855806343,0.9913095381180951,0.445471733308048,0.3523611120473895,0.3803221719940204,0.6966246197403249,323.1501831501832,798.2051282051282,768.7912087912088,771.2087912087912,286.8864468864469,0,-0.293396,-0.128662,1.017273,-9.951630,3.155212,19.925690,1,4,1,1,1,94.000000
2025-03-24 15:36:14.753,1.417262078999855,1.202734053099169,1.027740844447944,0.03881964859873713,0.8098789072740468,0.8115212326865824,1.02836573878767,0.756088106360614,1.243613571847138,0.8196432717294952,1.162055760037349,0.4967297997914703,0.7394437245044017,0.4155320749735834,0.2706059886633776,0.9913095381180951,0.445471733308048,0.248926987292768,0.1721897067625543,0.6966246197403249,1146.739926739927,794.5787545787546,811.9047619047619,815.5311355311355,950.5128205128206,1166.886446886447,-0.398560,-0.001404,1.007935,9.727325,0.605621,9.622650,1,4,1,1,1,94.000000
2025-03-24 15:36:15.253,1.417262078999855,1.115148936385095,1.169947460047607,1.782086789928254,0.8098789072740468,0.7441460126029473,0.8941482725307763,1.384106344435944,1.243613571847138,0.5540479698924585,0.7364696087050953,0.8154423570660121,0.7394437245044017,0.1690669747630552,0.112530108751779,0.7198073151127725,0.445471733308048,-0.006231113880376701,-0.1350296226688749,-0.07486368876004447,940.8424908424909,802.2344322344322,808.2783882783883,792.967032967033,857.032967032967,802.2344322344322,-0.393127,0.097656,0.996216,-19.701385,-13.241425,-3.947754,1,2,1,1,1,94.000000
2025-03-24 15:36:15.756,1.417262078999855,0.7107562579985539,1.143865632430108,1.782086789928254,0.8098789072740468,0.5428973952160092,0.7521127741466256,1.384106344435944,1.243613571847138,0.498075477440685,0.414281215999321,0.8154423570660121,0.7394437245044017,-0.01198923082548715,0.003936970164287472,0.7198073151127725,0.445471733308048,-0.3403040956055278,-0.4904070926372163,-0.07486368876004447,824.7985347985348,790.5494505494506,805.4578754578755,789.7435897435897,700.6959706959707,503.2600732600733,-0.084290,-0.042114,0.872925,10.931091,-3.887939,8.082428,1,4,1,1,1,94.000000
2025-03-24 15:36:16.253,1.417262078999855,0.2826006800606849,1.052451600308143,1.650243510830678,0.8098789072740468,0.5128700091100985,0.4817399552224297,1.110780496334055,1.243613571847138,0.2878030998543488,0.4276676198615275,0.7622349998870551,0.7394437245044017,-0.01944089846565191,-0.03610908865643045,0.7519055623617369,0.445471733308048,-0.4371259841885211,-0.5298527036057752,0.02752258912319199,616.4835164835165,803.4432234432235,791.7582417582418,782.893772893773,734.9450549450549,512.5274725274726,-0.092590,0.143677,0.787292,0.785065,19.723816,-13.316193,1,2,1,1,1,94.000000
2025-03-24 15:36:16.561,,,,,,,,,,,,,,,,,,,,,,,,,,,,,,,,,,,,,,,/muse/elements/blink
2025-03-24 15:36:16.753,1.417262078999855,0.2068216943444502,1.024422630367146,1.650243510830678,0.8098789072740468,0.4243989338540071,0.3929426279637347,1.110780496334055,1.243613571847138,0.2880247543042966,0.2627876827349236,0.7622349998870551,0.7394437245044017,-0.04565235697021422,-0.01434163862681427,0.7519055623617369,0.445471733308048,-0.4668297931424674,-0.5557730924252756,0.02752258912319199,953.7362637362637,812.3076923076924,801.025641025641,817.1428571428571,767.5824175824176,727.6923076923077,-0.160522,-0.174500,0.914795,-1.809387,8.059998,-3.185120,1,4,1,1,1,94.000000
2025-03-24 15:36:17.253,1.417262078999855,0.1906170380958056,0.9393670513678759,1.503340456968816,0.8098789072740468,0.4004321259938873,0.3284141441771031,1.434057639320333,1.243613571847138,0.5006547124740756,0.2281555096535303,1.287070806862286,0.7394437245044017,-0.09652180477583885,-0.08208481751367053,0.7191051677534189,0.445471733308048,-0.4407695085767865,-0.5356021683262338,0.001642115142443715,725.2747252747253,800.2197802197802,818.3516483516484,807.8754578754579,958.1684981684982,970.2564102564103,-0.227173,0.291138,1.030945,4.441223,-2.915955,-14.729309,1,4,1,1,1,94.000000
2025-03-24 15:36:17.753,1.417262078999855,0.4732568715101908,0.9073428804761424,1.339715187548725,0.8098789072740468,0.1797875520297588,0.4206837913963467,1.433918003108796,1.243613571847138,0.466252341241806,0.3865826248601371,1.287408976168931,0.7394437245044017,-0.1702985094463682,-0.1307693416056076,0.6877202097695851,0.445471733308048,-0.4366239479268737,-0.5223007468763351,0.04502974967149447,745.4212454212454,807.0695970695971,801.025641025641,799.8168498168499,733.3333333333334,518.974358974359,-0.380005,-0.029541,1.145874,-12.725525,15.484467,-2.856140,1,4,1,1,1,94.000000
2025-03-24 15:36:18.258,1.417262078999855,0.5946488052264493,0.8503939208156895,1.197932084473495,0.8098789072740468,0.09705280595164291,0.5035671616843556,1.256928362991645,1.243613571847138,0.4836805996538498,0.4046639713361725,1.303895717928385,0.7394437245044017,-0.1314894155186267,-0.06103781535080294,0.7989380331219417,0.445471733308048,-0.4035774371231532,-0.3251954646977183,0.02403725519478547,876.3736263736264,797.8021978021978,806.2637362637363,797.8021978021978,979.92673992674,1271.245421245421,-0.555420,0.085144,1.114502,29.967041,-10.347900,-52.733917,1,2,1,1,1,94.000000
2025-03-24 15:36:18.753,1.417262078999855,0.6161943633627039,0.8257715623776347,1.133086419868582,0.8098789072740468,0.2003990405975055,0.5456621266714914,1.162306066743495,1.243613571847138,0.7433150622976579,0.4389810440669842,1.196755450392677,0.7394437245044017,-0.02596588768016779,-0.01994278641681166,0.8305621688763869,0.445471733308048,-0.3888471826910788,-0.2752771549113431,0.0579193818620772,572.967032967033,777.2527472527473,815.5311355311355,805.0549450549451,584.2490842490843,225.6410256410256,-0.356506,0.333862,0.823975,54.348907,5.674896,-84.233704,1,2,1,1,1,94.000000
2025-03-24 15:36:19.253,1.417262078999855,0.6359974110183308,0.7790237282552702,1.263123583686937,0.8098789072740468,0.7424298139399114,0.8024954426917289,1.032327051549025,1.243613571847138,0.8511795185124322,0.7077864230724352,1.179782712591434,0.7394437245044017,0.08957827106606892,0.1029358380755457,0.8814662293161225,0.445471733308048,-0.310307726692223,-0.2483295466848367,0.1379565807370027,550,818.3516483516484,784.5054945054945,713.992673992674,419.8534798534799,2.820512820512821,-0.444092,0.054565,0.873718,85.729065,-3.633728,-114.043732,1,2,1,1,1,94.000000
2025-03-24 15:36:19.753,1.417262078999855,0.761644774224166,0.8169096222497435,1.350867291633998,0.8098789072740468,0.9289712882436508,0.9726278051406905,1.08837167900413,1.243613571847138,0.8532405072114261,0.9589797767018623,1.163804387895806,0.7394437245044017,0.149039677080813,0.1872181386822991,0.8974507132303892,0.445471733308048,-0.2255048077745447,-0.2539758008711068,0.2388741882897773,709.1575091575091,799.0109890109891,804.2490842490843,795.3846153846154,882.014652014652,725.6776556776557,-0.683777,0.274475,0.657043,63.874359,22.168732,-67.904358,1,2,1,1,1,94.000000
2025-03-24 15:36:19.871,,,,,,,,,,,,,,,,,,,,,,,,,,,,,,,,,,,,,,,/muse/elements/blink
2025-03-24 15:36:20.224,,,,,,,,,,,,,,,,,,,,,,,,,,,,,,,,,,,,,,,/muse/elements/blink
2025-03-24 15:36:20.258,1.417262078999855,0.8462782157548446,1.045162443387418,1.50006798916141,0.8098789072740468,1.079587888679824,1.107734471799725,1.169026057030393,1.243613571847138,0.8392577947813357,1.06993299296812,1.128425497102459,0.7394437245044017,0.2567001545459201,0.4057655979799718,0.8255305534976867,0.445471733308048,-0.1255068778283693,0.02842336541039781,0.3855781217788825,830.0366300366301,803.8461538461539,805.0549450549451,806.6666666666667,880.8058608058608,886.0439560439561,-0.632263,0.028381,0.752014,17.787323,-15.850830,-20.314484,1,2,1,1,1,94.000000
2025-03-24 15:36:20.753,1.417262078999855,0.8966410330593857,1.074845377944283,1.50006798916141,0.8098789072740468,0.9950627635141213,1.043794331533471,1.169026057030393,1.243613571847138,0.7338579280106831,1.106143238818212,1.128425497102459,0.7394437245044017,0.3376193282027448,0.4389777890043196,0.8255305534976867,0.445471733308048,-0.02889337888811795,0.149239478984984,0.3855781217788825,793.3699633699634,795.7875457875458,809.0842490842491,796.996336996337,853.0036630036631,1011.355311355311,-0.518372,0.058716,0.844360,7.005768,-12.194672,-5.114136,1,1,1,1,1,94.000000
2025-03-24 15:36:21.253,1.417262078999855,0.7221377601484399,0.9781497580329089,1.296396255710179,0.8098789072740468,0.8236709340486954,0.9710256453929558,1.259750185294615,1.243613571847138,0.7338579280106831,1.079295328917252,1.148729065003987,0.7394437245044017,0.2871933898566918,0.3976334722122823,0.5039511435210383,0.445471733308048,-0.061959363320484,0.1306816046414682,0.2988765776441711,753.4798534798535,796.1904761904763,791.3553113553114,790.5494505494506,787.7289377289378,664.0293040293041,-0.575256,-0.029480,0.789062,-25.593109,15.148010,28.411865,1,1,1,1,1,94.000000
2025-03-24 15:36:21.278,,,,,,,,,,,,,,,,,,,,,,,,,,,,,,,,,,,,,,,/muse/elements/blink
2025-03-24 15:36:21.767,1.417262078999855,0.6121253992993282,0.7506932195188586,1.296396255710179,0.8098789072740468,0.4909153358976795,0.8010479929072277,1.259750185294615,1.243613571847138,0.6124639172275556,0.7745699076920989,1.148729065003987,0.7394437245044017,0.1809391105184865,0.2048613096765576,0.5039511435210383,0.445471733308048,-0.1029482462234117,0.04008081535094599,0.2988765776441711,826.8131868131868,791.7582417582418,812.7106227106227,816.7399267399268,776.0439560439561,611.6483516483516,-0.500183,-0.003723,0.851990,-27.611847,-3.917847,45.391693,1,1,1,1,1,94.000000
2025-03-24 15:36:22.253,1.417262078999855,0.2027995236601806,0.6371660029643366,1.322300387416245,0.8098789072740468,0.5186912051447865,0.7547190727903094,0.9794146319550913,1.243613571847138,0.4332810247606408,0.6292212819442917,0.7221498353162201,0.7394437245044017,-0.07733374158705851,0.04941741639665963,0.3419342473565453,0.445471733308048,-0.2353542212107265,-0.06036341624203669,0.1887170226967879,800.2197802197802,786.1172161172161,818.3516483516484,797.8021978021978,745.0183150183151,788.9377289377289,-0.389404,-0.040833,0.919189,-63.777161,-8.276825,100.196686,1,1,1,1,1,94.000000
2025-03-24 15:36:22.757,1.417262078999855,0.2661071075557384,0.4415609454089426,1.435938524321793,0.8098789072740468,0.828933005339837,0.8018114247786374,1.027925062624968,1.243613571847138,0.7077958222803512,1.02687961890531,0.6587827120675178,0.7394437245044017,0.01397759781664461,0.007193506568408745,0.3378352589901395,0.445471733308048,-0.1377329289102943,0.05105786569842866,0.166214551451108,832.8571428571429,793.7728937728938,801.8315018315019,800.6227106227107,776.0439560439561,650.7326007326008,-0.476379,-0.025146,0.874695,0.381317,2.160797,3.551483,1,1,1,1,1,94.000000
2025-03-24 15:36:23.102,,,,,,,,,,,,,,,,,,,,,,,,,,,,,,,,,,,,,,,/muse/elements/blink
2025-03-24 15:36:23.255,1.417262078999855,0.2236630630322033,0.2528331137642915,1.4472855240061,0.8098789072740468,0.7997421088870612,0.732765251263352,1.008792200641158,1.243613571847138,0.7051597160333519,1.024766845541101,0.7290910471478997,0.7394437245044017,0.2238017380990553,0.1316749615226281,0.5796409502377603,0.445471733308048,0.1251753023060343,0.05971761275091188,0.353126178743727,841.7216117216118,793.7728937728938,826.4102564102565,852.6007326007326,869.1208791208792,783.6996336996338,-0.661926,0.068481,0.702271,8.366547,-3.783264,-8.231964,1,1,1,1,1,94.000000
2025-03-24 15:36:23.716,,,,,,,,,,,,,,,,,,,,,,,,,,,,,,,,,,,,,,,/muse/elements/blink
2025-03-24 15:36:23.755,1.417262078999855,0.3254447726934739,0.3659831427547674,1.338674127879757,0.8098789072740468,0.7162878066480026,0.6419285823131736,0.8693475859982297,1.243613571847138,0.7015673351937338,1.016823919115782,0.6968505054380346,0.7394437245044017,0.5454349729905872,0.4259364021254503,0.6104905354299948,0.445471733308048,0.2538179894298728,0.2953038610425117,0.3965350167412421,835.6776556776557,788.1318681318681,764.3589743589744,832.0512820512821,811.5018315018315,982.7472527472528,-0.292969,-0.136597,1.029968,153.581085,17.727509,-214.008636,1,1,1,1,1,94.000000
2025-03-24 15:36:24.253,1.417262078999855,0.3307077817487934,0.5059433374457631,1.338674127879757,0.8098789072740468,-0.0332318331026262,0.09001481957192405,0.8693475859982297,1.243613571847138,0.5399015022637533,0.911553467478546,0.6968505054380346,0.7394437245044017,0.6989121604922401,0.5907315531610423,0.6104905354299948,0.445471733308048,0.3798281532621291,0.3940723805298303,0.3965350167412421,829.6336996336996,802.2344322344322,788.5347985347986,783.2967032967033,818.7545787545788,758.7179487179487,-0.587524,-0.134888,0.813843,-3.955231,0.441132,8.747864,1,1,1,1,1,94.000000
2025-03-24 15:36:24.753,1.417262078999855,0.2826252058831556,0.6934113809280151,1.338674127879757,0.8098789072740468,-0.1011463572756923,-0.3909685780504508,0.8693475859982297,1.243613571847138,0.05143063461969252,0.2000647865804867,0.6968505054380346,0.7394437245044017,0.8441602318816455,0.7576711763468075,0.6104905354299948,0.445471733308048,0.3257182429357464,0.5462200220451089,0.3965350167412421,689.4139194139194,786.5201465201466,810.2930402930403,785.7142857142858,968.2417582417582,1115.714285714286,-0.501648,0.323425,0.949341,-6.086121,-7.267456,8.882446,1,1,1,1,1,94.000000
2025-03-24 15:36:25.253,1.417262078999855,0.158929961092371,0.6934113809280151,1.338674127879757,0.8098789072740468,0.3307373172299079,-0.3909685780504508,0.8693475859982297,1.243613571847138,0.3800202381047425,0.2000647865804867,0.6968505054380346,0.7394437245044017,0.3174114404602333,0.7576711763468075,0.6104905354299948,0.445471733308048,0.08536438663245427,0.5462200220451089,0.3965350167412421,916.6666666666667,803.4432234432235,793.3699633699634,788.1318681318681,807.8754578754579,809.4871794871796,-0.455383,0.018311,1.017029,-5.787048,-5.981445,5.532837,1,1,1,1,1,94.000000
2025-03-24 15:36:25.753,1.417262078999855,0.3506501095996992,1.061318357146626,1.657793243042035,0.8098789072740468,0.4585202891628763,0.3412370133723804,1.222260027966222,1.243613571847138,0.6399401187594048,0.261795908909171,0.9906382191906705,0.7394437245044017,0.2419095083975528,-0.1376028293165268,0.5606645774734588,0.445471733308048,0.03129363975099297,-0.2480369138573538,0.1513235371920676,813.5164835164835,802.6373626373627,798.6080586080586,796.5934065934066,761.5384615384615,560.0732600732601,-0.501038,-0.083923,0.808411,12.030182,-6.639404,3.887939,1,1,1,1,1,94.000000
2025-03-24 15:36:26.253,1.417262078999855,0.3867822826616527,0.8640026283501542,1.657793243042035,0.8098789072740468,0.3450645691387312,0.181992858767638,1.222260027966222,1.243613571847138,0.6399401187594048,0.2741358261760912,0.9906382191906705,0.7394437245044017,0.2412855470174073,-0.06646619549364995,0.5606645774734588,0.445471733308048,-0.01638472239286818,-0.1476430364504709,0.1513235371920676,1062.124542124542,811.9047619047619,806.2637362637363,809.4871794871796,834.8717948717949,1091.941391941392,-0.513733,0.120239,0.831543,0.343933,-5.831909,3.207550,1,1,1,1,1,94.000000
2025-03-24 15:36:26.753,1.417262078999855,0.376913890836118,0.6846238472712003,1.453666358361543,0.8098789072740468,0.2374815343269386,0.08125737988086193,1.007618458607213,1.243613571847138,0.6282810182582164,0.2222746026441821,0.9583959884169766,0.7394437245044017,0.1758691834332399,-0.114020834677351,0.3878042534760594,0.445471733308048,0.005315101079675626,-0.2135377852423994,0.07358389396560318,874.7619047619048,801.8315018315019,801.4285714285714,805.8608058608058,767.5824175824176,730.5128205128206,-0.493591,0.049683,0.847046,-1.009369,1.114044,-6.684265,1,1,1,1,1,94.000000
2025-03-24 15:36:27.253,1.417262078999855,0.3032990846183427,0.4468620273310944,1.232323476217515,0.8098789072740468,-0.0006270093368132184,0.05880257978351541,0.8757167052440363,1.243613571847138,0.3181049096735179,0.00506400936300043,0.4903746374045731,0.7394437245044017,0.1649761681962418,-0.02387800044552016,0.3168358788952446,0.445471733308048,0.01802040264696937,-0.258461883209285,0.08767748414771935,744.6153846153846,795.7875457875458,796.1904761904763,811.5018315018315,772.014652014652,634.6153846153846,-0.627808,0.029724,0.745361,-11.132965,24.022980,18.505096,1,1,1,1,1,94.000000
2025-03-24 15:36:27.753,1.417262078999855,0.2828413364258165,0.5690199703569043,1.232323476217515,0.8098789072740468,0.1729271177460191,0.1696562731551198,0.8757167052440363,1.243613571847138,0.222387211059505,0.2327405714077324,0.4903746374045731,0.7394437245044017,0.1610008570279074,0.2001877334510312,0.3168358788952446,0.445471733308048,0.08474617994815076,0.0919582347096759,0.08767748414771935,801.025641025641,814.3223443223443,797.3992673992674,805.8608058608058,796.1904761904763,700.6959706959707,-0.708008,0.034607,0.695068,-0.934601,-0.680389,4.912262,1,1,1,1,1,94.000000
2025-03-24 15:36:28.253,1.417262078999855,0.2446629117731548,0.4930137624843721,1.288895093443186,0.8098789072740468,0.1875858358878348,0.1279142978594384,0.9905013351696762,1.243613571847138,0.2104092604064588,0.2461528182070987,0.3896505110444575,0.7394437245044017,0.2133947301273185,0.3342702249385396,0.3717180813501914,0.445471733308048,0.05925772003826505,0.187930427418148,0.1626960905751645,746.6300366300367,775.2380952380953,823.5897435897436,807.4725274725275,811.0989010989011,796.5934065934066,-0.689514,0.128357,0.706909,-89.774017,-3.783264,78.715820,1,1,1,1,1,94.000000
2025-03-24 15:36:28.764,1.417262078999855,0.47111824199501,0.459612767732711,0.96477991179723,0.8098789072740468,0.6190383290002267,0.5373106983633676,0.3844018850342547,1.243613571847138,0.7402255320205586,0.6465299583214391,0.8857957870292579,0.7394437245044017,0.3596374734895909,0.3549060448637588,0.7601690820617133,0.445471733308048,0.07259744605538913,0.2721651625425419,0.6736009622639479,816.3369963369963,797.3992673992674,802.6373626373627,804.2490842490843,709.1575091575091,631.7948717948718,-0.596130,0.038208,0.785645,-20.553741,-9.308624,33.802643,1,1,1,1,1,94.000000
2025-03-24 15:36:29.253,1.417262078999855,0.5371440567464431,0.3832005811148491,0.9940856914730755,0.8098789072740468,0.7916290313617083,0.7006908284196116,0.5539245789333127,1.243613571847138,0.7937930461029675,0.6875788600392195,0.9960307670765105,0.7394437245044017,0.3899742688978839,0.2654633530622777,0.7736970420078267,0.445471733308048,0.02959364791392637,0.03404479411562115,0.5146037738687653,805.0549450549451,807.4725274725275,803.4432234432235,793.7728937728938,851.7948717948718,988.7912087912089,-0.546509,0.053650,0.821350,11.708679,-1.300964,-16.688232,1,1,1,1,1,94.000000
2025-03-24 15:36:29.761,1.417262078999855,0.6924760968967382,0.4713192301051622,0.9558191159649083,0.8098789072740468,0.8332463202807457,0.7388838423918003,0.5950150407395313,1.243613571847138,0.7937930461029675,0.6875788600392195,0.9960307670765105,0.7394437245044017,0.3535521241388488,0.1680758464494711,0.7223349635378737,0.445471733308048,-0.057872257942503,-0.02009192748009681,0.4505509729354582,819.5604395604396,826.4102564102565,778.4615384615385,806.6666666666667,767.1794871794872,637.8388278388279,-0.329041,-0.022949,0.944397,112.466125,-2.160797,-185.566864,1,1,1,1,1,94.000000
2025-03-24 15:36:30.253,1.417262078999855,0.675063517739283,1.039732854436811,0.95126841759502,0.8098789072740468,0.749813428982923,1.012879883859734,0.6713413754528874,1.243613571847138,0.5697369825854286,0.6547053402112423,0.8723934653560759,0.7394437245044017,0.2670194907254551,0.1764766213321425,0.7021055423697821,0.445471733308048,-0.1297978351963373,-0.1000396074508507,0.272953476734777,826.007326007326,802.6373626373627,803.4432234432235,802.6373626373627,858.6446886446887,845.3479853479854,-0.487671,0.001099,0.871033,7.551575,-1.405640,-20.075226,1,1,1,1,1,94.000000
2025-03-24 15:36:30.755,1.417262078999855,0.6714176299981542,1.048716671882174,0.779805542035399,0.8098789072740468,0.319619272741173,1.165564483453988,0.7548656064615208,1.243613571847138,0.253608552927212,0.6578265681255481,0.7278545984996579,0.7394437245044017,0.2110031695306996,0.1399072960764044,0.573533503918104,0.445471733308048,-0.2777304341550745,-0.1230884493198989,0.1378591311714044,795.7875457875458,799.8168498168499,809.4871794871796,793.7728937728938,863.4798534798535,590.2930402930403,-0.489563,0.037537,0.876038,-2.609406,-0.934601,6.452484,1,1,1,1,1,94.000000
2025-03-24 15:36:31.253,1.417262078999855,-0.07125989862773455,1.042199378401411,0.4349666064756291,0.8098789072740468,0.03611100219553987,1.154118733392516,0.7219965013281935,1.243613571847138,0.2666750974687131,0.6504385914338221,0.7592940775166529,0.7394437245044017,0.2572872417955108,0.135864434006727,0.4423740585453684,0.445471733308048,-0.102169119572383,-0.2012216054392443,-0.09371635929729996,795.3846153846154,811.0989010989011,780.0732600732601,744.6153846153846,836.8864468864469,668.8644688644689,-0.490906,0.026306,0.864563,-1.084137,-0.785065,0.381317,1,1,1,1,1,94.000000
2025-03-24 15:36:31.753,1.417262078999855,0.09759587484534947,0.5450921965146028,0.7217497223476997,0.8098789072740468,-0.06614882160031986,0.9795725004046107,0.8749327298633081,1.243613571847138,0.3209797327901601,0.6230722214803723,1.027628899836688,0.7394437245044017,0.1959749076733232,0.05347995580788314,0.4629869460712882,0.445471733308048,-0.1265917577571822,-0.3303176405140173,-0.04080041996022037,792.1611721611722,798.6080586080586,792.5641025641025,789.3406593406594,852.1978021978023,832.4542124542124,-0.513916,0.009216,0.845093,-0.485992,0.299072,-2.444916,1,1,1,1,1,94.000000
2025-03-24 15:36:32.253,1.362756015952015,0.06185137480582632,0.2862645746939144,0.8682635837677785,0.9591568669876631,-0.1379689772351209,0.1268173568134314,0.9174092482934164,0.7422130642368586,0.3209797327901601,0.5757857594984083,1.0655725840726,0.5955361466947119,0.1381545883567369,-0.01206895880816329,0.4608498476921138,0.09800036866790116,-0.1575030186461972,-0.354410681754199,-0.07528435430181746,883.6263736263736,809.0842490842491,788.1318681318681,803.8461538461539,740.989010989011,522.1978021978022,-0.504578,-0.150696,0.824158,-28.374481,-6.587067,55.290985,1,1,1,1,1,94.000000
2025-03-24 15:36:32.595,,,,,,,,,,,,,,,,,,,,,,,,,,,,,,,,,,,,,,,/muse/elements/blink
2025-03-24 15:36:32.753,1.324170398370734,0.2262876859813941,0.6033066606706793,0.9611202665323533,0.9623135230931827,-0.08324597576423931,0.3763841525960382,0.9629813608410749,0.7411822924768409,0.3236982451019736,0.5405615360320801,1.063459571854448,0.6138815027714404,0.05322452515368062,0.0195155508950356,0.4643898166618366,0.03480902684541922,-0.2118742773590594,-0.209113082497964,-0.07097567565267697,828.8278388278388,786.1172161172161,813.5164835164835,790.952380952381,800.6227106227107,599.9633699633699,-0.405457,0.060547,0.943787,-74.461517,-3.170166,114.948425,1,1,1,1,1,94.000000
2025-03-24 15:36:33.253,1.335254426807385,0.2308595136956507,0.661098834221755,1.010724954438492,0.8889683353088251,-0.02349311624056083,0.4725196005291795,0.9411446005777897,0.7226879064339381,0.2742301875157609,0.4996004975298705,1.047666955934177,0.6020178936423056,0.001845635305668796,0.07100014732049909,0.4485495631794101,0.06765966835340266,-0.2536030021733526,-0.102980770628102,-0.1479557107806242,855.0183150183151,799.0109890109891,801.4285714285714,801.4285714285714,821.5750915750916,732.1245421245421,-0.520020,-0.066467,0.828918,-2.512207,-0.904694,-1.697235,1,1,1,1,1,94.000000
2025-03-24 15:36:33.753,1.361436864544845,0.3527747182138652,0.7090742690717795,0.7564687396095677,0.8113570612913559,0.1523625481046395,0.5419129840398443,0.6402607589516381,0.6743770460960676,0.1649240938074047,0.1787090713610577,0.6195104923673791,0.5793209584852901,0.01555271328526583,0.2029904364928464,0.3195993967877802,0.1034393721409559,-0.3081521533768509,0.2292371729669261,-0.220545512289645,893.6996336996338,819.1575091575091,785.3113553113553,807.8754578754579,865.4945054945056,921.9047619047619,-0.311157,-0.096741,0.956299,129.356232,27.641754,-200.580292,1,1,1,1,1,94.000000
2025-03-24 15:36:33.808,,,,,,,,,,,,,,,,,,,,,,,,,,,,,,,,,,,,,,,/muse/elements/blink
2025-03-24 15:36:34.268,1.361436864544845,0.3527747182138652,0.4884019080863608,0.7564687396095677,0.8113570612913559,0.1523625481046395,0.1845732096472102,0.6402607589516381,0.6743770460960676,0.1649240938074047,0.1433008292411609,0.6195104923673791,0.5793209584852901,0.01555271328526583,0.2728125304713098,0.3195993967877802,0.1034393721409559,-0.3081521533768509,0.3367805285672087,-0.220545512289645,803.8461538461539,814.7252747252747,786.9230769230769,776.8498168498169,740.989010989011,652.3443223443223,-0.498169,-0.056885,0.863403,47.432861,3.177643,-73.040924,1,1,1,1,1,94.000000
2025-03-24 15:36:34.759,1.361436864544845,0.3527747182138652,0.5343430346761008,0.7564687396095677,0.8113570612913559,0.1523625481046395,0.5697146400402648,0.6402607589516381,0.6743770460960676,0.1649240938074047,0.7017424847213795,0.6195104923673791,0.5793209584852901,0.01555271328526583,0.3209568142629698,0.3195993967877802,0.1034393721409559,-0.3081521533768509,0.318408799593791,-0.220545512289645,802.6373626373627,800.6227106227107,802.6373626373627,779.6703296703297,840.1098901098901,867.1062271062272,-0.540955,-0.009644,0.843262,-4.306641,2.370148,11.058197,1,1,1,1,1,94.000000
2025-03-24 15:36:35.119,,,,,,,,,,,,,,,,,,,,,,,,,,,,,,,,,,,,,,,/muse/elements/blink
2025-03-24 15:36:35.253,1.361436864544845,0.5136306268011869,0.5504426033390056,0.7564687396095677,0.8113570612913559,0.605888833109709,0.7220550076982095,0.6402607589516381,0.6743770460960676,0.2362184159677957,0.719689469522974,0.6195104923673791,0.5793209584852901,0.1202401864014385,0.2371994532197194,0.3195993967877802,0.1034393721409559,-0.06221602587362593,0.1561167054511462,-0.220545512289645,815.1282051282052,793.3699633699634,791.7582417582418,804.2490842490843,759.92673992674,678.9377289377289,-0.675964,0.035339,0.690674,-16.546173,5.173950,23.671570,1,2,1,1,2,94.000000
2025-03-24 15:36:35.753,1.361436864544845,0.9083813711446211,0.5819517170574873,0.7564687396095677,0.8113570612913559,0.744690491935576,0.7436100491655606,0.6402607589516381,0.6743770460960676,0.4034367448131331,0.719689469522974,0.6195104923673791,0.5793209584852901,0.2591401694454857,0.2838500074785831,0.3195993967877802,0.1034393721409559,0.04757846318152808,0.2044751463717468,-0.220545512289645,754.6886446886447,813.919413919414,794.1758241758242,777.6556776556777,756.7032967032967,657.5824175824176,-0.584595,-0.012024,0.771179,-87.104797,-18.564911,105.587463,1,2,1,1,2,94.000000
2025-03-24 15:36:36.057,,,,,,,,,,,,,,,,,,,,,,,,,,,,,,,,,,,,,,,/muse/elements/blink
2025-03-24 15:36:36.255,1.361436864544845,0.8669393562635512,0.7869071550054645,0.7564687396095677,0.8113570612913559,0.9420065936273638,0.7394650216154051,0.6402607589516381,0.6743770460960676,0.4478603105425216,0.6173314083591995,0.6195104923673791,0.5793209584852901,0.2434936271617947,0.2514707649887812,0.3195993967877802,0.1034393721409559,0.09756362162285143,0.1062432937958271,-0.220545512289645,809.0842490842491,800.2197802197802,802.2344322344322,790.5494505494506,823.5897435897436,803.4432234432235,-0.498047,0.051086,0.858826,-23.626709,-0.590668,45.750580,1,2,1,1,2,94.000000
2025-03-24 15:36:36.759,1.361436864544845,0.8877563707142003,0.9474699634006772,0.7564687396095677,0.8113570612913559,1.07845923500321,0.95075868817005,0.6402607589516381,0.6743770460960676,0.6163889819856042,0.4168279447715574,0.6195104923673791,0.5793209584852901,0.2991770273046033,0.3827043697129734,0.3195993967877802,0.1034393721409559,0.08464848716844035,0.09559963817817965,-0.220545512289645,814.3223443223443,807.4725274725275,799.8168498168499,803.8461538461539,763.5531135531136,663.6263736263736,-0.531494,0.035767,0.837585,3.386993,-2.063599,-5.383301,1,2,1,1,2,94.000000
2025-03-24 15:36:37.256,1.361436864544845,0.6672905349496595,0.8888368297126279,0.7564687396095677,0.8113570612913559,1.024633399999636,0.9052639307687862,0.6402607589516381,0.6743770460960676,0.6163071327888171,0.4037089130700072,0.6195104923673791,0.5793209584852901,0.2768238067520603,0.4094731399348226,0.3195993967877802,0.1034393721409559,-0.002787123422781672,-0.01615208640594722,-0.220545512289645,790.5494505494506,800.2197802197802,807.8754578754579,794.1758241758242,766.3736263736264,777.2527472527473,-0.522766,0.099426,0.834412,-5.256195,-3.349609,10.721741,1,2,1,1,2,94.000000
2025-03-24 15:36:37.753,1.361436864544845,0.4764498143467872,0.7352932163642688,0.440009089877811,0.8113570612913559,0.8498076472010562,0.812551055623325,0.2077047743664985,0.6743770460960676,0.5493899851612207,0.4037089130700072,0.5838806415596659,0.5793209584852901,0.2216336468996875,0.4162339056412043,0.3086106320058405,0.1034393721409559,-0.1994869381840231,-0.02497083948399213,0.1695032168049735,820.3663003663004,800.2197802197802,801.4285714285714,788.5347985347986,874.7619047619048,862.2710622710623,-0.470764,0.167419,0.865173,37.144775,-4.284210,-73.773651,1,1,1,1,1,94.000000
2025-03-24 15:36:38.103,,,,,,,,,,,,,,,,,,,,,,,,,,,,,,,,,,,,,,,/muse/elements/blink
2025-03-24 15:36:38.262,1.361436864544845,0.3048016729574624,0.5960134017216916,0.4206397630491069,0.8113570612913559,0.1694005421029965,0.2265753704661531,0.2279819783855329,0.6743770460960676,0.4736488253076934,0.2307939003832448,0.6131201583512247,0.5793209584852901,0.1631024441926545,0.3095869978421145,0.3090104342776924,0.1034393721409559,-0.2785809588669957,-0.1043024731110962,0.1852993046648894,763.956043956044,794.1758241758242,817.948717948718,813.919413919414,779.6703296703297,660.4029304029305,-0.444458,-0.003784,0.884460,74.297028,-2.459869,-111.449280,1,1,1,1,1,94.000000
2025-03-24 15:36:38.764,1.361436864544845,0.6742589370541073,0.9451038483244474,0.4384087406068062,0.8113570612913559,0.697373287499279,0.4662490659358342,0.1891733493935442,0.6743770460960676,0.3873532799522308,0.1828198570068544,0.4376204164462126,0.5793209584852901,0.09274984359147288,0.199676223587174,0.2740834835693391,0.1034393721409559,-0.2708415541529214,-0.1814953532753605,0.2637495225459928,847.7655677655678,788.9377289377289,809.0842490842491,807.4725274725275,859.047619047619,748.2417582417582,-0.526917,0.009521,0.838318,13.981628,0.934601,-27.223053,1,1,1,1,1,94.000000
2025-03-24 15:36:39.264,1.361436864544845,0.7121088043774814,1.003013991302611,0.3803256678057934,0.8113570612913559,0.9640147959087071,1.020779931799708,0.2005456320165797,0.6743770460960676,0.4085540866431664,0.5962309074018035,0.2035997448992653,0.5793209584852901,0.1066534738267161,0.1792154133083888,0.2944684501566665,0.1034393721409559,-0.1694269170130541,-0.242359427483152,0.322796864836535,792.5641025641025,787.7289377289378,803.4432234432235,791.3553113553114,804.2490842490843,716.8131868131868,-0.519226,0.039062,0.849487,-5.944061,-3.955231,4.411316,1,1,1,1,1,94.000000
2025-03-24 15:36:39.768,1.361436864544845,0.5676938762410735,0.7786089502440293,0.5181545394673692,0.8113570612913559,0.9342292383446034,0.9940270081754891,0.6528204616600417,0.6743770460960676,0.4093265475822259,0.5837651879866825,0.7697656051388065,0.5793209584852901,0.1197693697727078,0.07876760147536298,0.3917098085768291,0.1034393721409559,-0.2566954834335898,-0.3070096054362069,-0.00204968969277139,803.4432234432235,801.025641025641,798.2051282051282,804.6520146520147,797.8021978021978,696.6666666666667,-0.502625,0.018311,0.848145,-3.955231,1.256104,1.958923,1,1,1,1,1,94.000000
2025-03-24 15:36:40.253,1.361436864544845,0.01914075195935573,0.3003450531988556,0.8216809678339531,0.8113570612913559,0.591355422011149,0.8157174151680978,0.5624351094085421,0.6743770460960676,0.1320638727084624,0.6086696778921918,0.9629110424173285,0.5793209584852901,0.04299810105902433,0.03500060925525648,0.445976786795145,0.1034393721409559,-0.2842456768022978,-0.3895306131799645,-0.06892747706594374,787.7289377289378,797.8021978021978,801.8315018315019,792.1611721611722,805.8608058608058,754.2857142857143,-0.524414,0.030151,0.845825,-1.704712,-1.794434,7.917938,1,1,1,1,1,94.000000
2025-03-24 15:36:40.753,1.106429346642211,-0.2132815951912652,-0.04907285931768876,0.90308181991581,0.8965935315765501,-0.1646270891881239,-0.006370994035868284,0.3959728924620454,0.7154621547934581,0.1310081825167623,0.119004136192177,0.8537872214867781,0.6040202675049894,0.07332039939790114,-0.04558179043205423,0.412934410629667,0.1404915380221656,-0.228306808191649,-0.4683076902833595,-0.1829215023318967,786.9230769230769,802.2344322344322,808.6813186813187,795.3846153846154,779.6703296703297,746.2271062271062,-0.517578,0.001282,0.834106,-1.375732,-2.601929,3.544006,1,1,1,1,1,94.000000
2025-03-24 15:36:41.253,1.002846884544645,-0.1568345843788128,-0.1450669298717855,0.981162446984395,0.8484126541157345,-0.5198916058933603,-0.2296497129235749,0.3573475392440454,0.7220316177741042,0.008291578240041467,0.06592089272707811,0.7869719602897423,0.517187460179698,0.09748954819410728,-0.04865421905591526,0.3965298187140242,0.1196679709613624,-0.1611431719061014,-0.429952976201888,-0.1630654426718498,783.6996336996338,792.1611721611722,810.2930402930403,794.1758241758242,793.7728937728938,689.0109890109891,-0.442505,-0.057190,0.859009,-57.526550,-14.878845,111.314697,1,1,1,1,1,94.000000
2025-03-24 15:36:41.754,0.8902846156679401,0.448120487627651,0.4121842275022776,0.8573809961883566,0.7055352026973585,0.2162291963667537,0.3522645726001239,0.2157477802378816,0.7157339678463035,0.06719622331394243,-0.1115459252625213,0.4331010677976679,0.4804274333595109,0.1436569416873905,0.01444334260245363,0.4507840219087176,0.1263476908597736,-0.1126143172079573,-0.2163813431595174,0.003019411859908431,868.3150183150184,828.021978021978,779.2673992673992,833.6630036630037,726.4835164835165,753.8827838827839,-0.425476,-0.044373,0.932068,-55.747070,-5.689850,75.126953,1,1,1,1,1,94.000000
2025-03-24 15:36:42.257,0.7579858443373635,0.8322927948129438,0.6827425321526189,0.829494588684921,0.7581154181966399,0.8606091562235396,0.8620509871294021,0.1616264294236169,0.525205549362924,0.7859644752841961,0.5551885000676987,0.4303041654116689,0.3273345759976772,0.3618562571565664,0.2147674833588752,0.4623755782730172,0.08412286306654877,-0.02931455347516924,0.2447185611507617,0.03999637342527283,803.4432234432235,801.4285714285714,800.6227106227107,813.5164835164835,830.0366300366301,766.3736263736264,-0.570129,0.082581,0.770264,-10.063782,7.259979,37.720490,1,1,1,1,1,94.000000
2025-03-24 15:36:42.754,0.8117150152801244,0.9039302670826618,0.7239343239602931,0.7777376925123188,0.7671677924533381,1.023296152844027,0.9585675251951427,-0.06530749356628675,0.4946826448179986,0.9159582450169641,0.6662136238124726,0.8071148440608531,0.3205493549508201,0.4067615075035336,0.3365105277800305,0.6248690801574728,0.08818900157273037,0.01076786091451184,0.3100166760623964,0.2552076246063276,803.4432234432235,802.6373626373627,799.4139194139194,796.1904761904763,812.7106227106227,704.7252747252747,-0.552185,0.126038,0.824158,6.602020,-3.252411,-12.680664,1,1,1,1,1,94.000000
2025-03-24 15:36:43.177,,,,,,,,,,,,,,,,,,,,,,,,,,,,,,,,,,,,,,,/muse/elements/blink
2025-03-24 15:36:43.253,0.8117150152801244,0.8935220385382106,0.6005002227422401,0.8660455821547669,0.7671677924533381,1.079859559838201,0.9239059081551191,0.06716996302798177,0.4946826448179986,0.9159582450169641,0.6716880055176614,0.8071148440608531,0.3205493549508201,0.4507996876382588,0.4409228157897974,0.7088358525693577,0.08818900157273037,0.08628313385226227,0.3566750950707752,0.4124300150681461,780.0732600732601,759.5238095238095,802.2344322344322,855.8241758241759,789.7435897435897,733.7362637362637,-0.389771,-0.007812,0.922424,127.150574,-4.029999,-186.097717,1,1,1,1,1,94.000000
2025-03-24 15:36:43.755,0.8117150152801244,0.551788066200008,0.937212590271834,0.8660455821547669,0.7671677924533381,0.9202965725442831,0.7802309554724369,0.06716996302798177,0.4946826448179986,0.8418416798149283,0.6371446117245085,0.8071148440608531,0.3205493549508201,0.3010717847207169,0.3715452014786558,0.7088358525693577,0.08818900157273037,0.04903149399369307,0.1040727051460806,0.4124300150681461,873.956043956044,801.4285714285714,799.4139194139194,781.2820512820513,840.5128205128206,738.1684981684982,-0.527466,-0.105347,0.832764,-4.358978,-6.243134,18.213501,1,1,1,1,1,94.000000
2025-03-24 15:36:44.253,0.8117150152801244,0.2242513504505144,1.128274480692129,0.8660455821547669,0.7671677924533381,0.6490442487034662,0.8500223919374053,0.06716996302798177,0.4946826448179986,0.5048824594266418,0.3840158767682149,0.8071148440608531,0.3205493549508201,0.2094950028290511,0.3214828881586063,0.7088358525693577,0.08818900157273037,0.09405293883758874,0.06656789929141443,0.4124300150681461,713.5897435897436,740.989010989011,824.3956043956044,794.1758241758242,686.5934065934066,545.5677655677656,-0.161133,-0.033691,1.036743,-145.917358,-9.218903,219.347076,1,1,1,1,1,94.000000
2025-03-24 15:36:44.764,0.8117150152801244,0.2242513504505144,1.170098272912913,0.8660455821547669,0.7671677924533381,0.6490442487034662,0.9832907417206377,0.06716996302798177,0.4946826448179986,0.5048824594266418,0.875256353818025,0.8071148440608531,0.3205493549508201,0.2094950028290511,0.274239158348826,0.7088358525693577,0.08818900157273037,0.09405293883758874,0.122332122584151,0.4124300150681461,901.3553113553114,810.2930402930403,801.8315018315019,809.4871794871796,776.4468864468864,717.6190476190476,-0.387207,0.030151,0.785522,-7.858124,-0.687866,8.949738,1,1,1,1,1,94.000000
2025-03-24 15:36:45.253,0.8117150152801244,0.2242513504505144,1.009585458992872,0.8660455821547669,0.7671677924533381,0.6490442487034662,0.9405343512681875,0.06716996302798177,0.4946826448179986,0.5048824594266418,1.043444454580133,0.8071148440608531,0.3205493549508201,0.2094950028290511,0.3349360002782228,0.7088358525693577,0.08818900157273037,0.09405293883758874,0.1957533988825913,0.4124300150681461,807.4725274725275,801.025641025641,811.0989010989011,813.5164835164835,730.5128205128206,589.8901098901099,-0.451050,-0.169189,0.777405,29.152069,18.781738,-8.104858,1,2,1,1,2,94.000000
2025-03-24 15:36:45.757,0.8117150152801244,0.5894373731660344,0.4782151233119057,0.8660455821547669,0.7671677924533381,0.1174835283992304,0.6750980202915822,0.06716996302798177,0.4946826448179986,0.5243259384903168,1.043444454580133,0.8071148440608531,0.3205493549508201,0.2277608001405169,0.2966835240912897,0.7088358525693577,0.08818900157273037,-0.3436990590464061,0.1773429385571352,0.4124300150681461,897.3260073260074,809.4871794871796,801.8315018315019,814.7252747252747,842.9304029304029,857.4358974358975,-0.443481,0.141724,0.882629,-7.416992,-7.932892,13.719940,1,2,1,1,2,94.000000
2025-03-24 15:36:46.253,0.8117150152801244,0.6404318324179549,0.2977661954298887,1.627258214654766,0.7671677924533381,0.1749799747881491,0.3313828346164517,1.282796950941852,0.4946826448179986,0.5432317457318726,1.036685636084228,0.671714230132857,0.3205493549508201,0.1957739923042821,0.245074117231408,0.6809081139945349,0.08818900157273037,-0.3067397027232709,0.08135322999751936,0.1951140575367012,795.3846153846154,851.7948717948718,788.9377289377289,738.974358974359,881.6117216117217,840.1098901098901,-0.396729,0.015564,0.907349,74.626007,12.045135,-137.274170,1,1,1,1,1,94.000000
2025-03-24 15:36:46.761,0.8117150152801244,0.6633271366281617,0.6855010378940856,1.627258214654766,0.7671677924533381,0.1780513157617172,0.3450757240837615,1.282796950941852,0.4946826448179986,0.2519687254477788,0.3979021713244912,0.671714230132857,0.3205493549508201,0.1491047747807822,0.2252325814601155,0.6809081139945349,0.08818900157273037,-0.2782754196077182,-0.008752614260879249,0.1951140575367012,842.1245421245421,790.1465201465202,804.6520146520147,817.1428571428571,818.7545787545788,745.0183150183151,-0.697693,-0.047180,0.745605,48.554382,7.588959,-49.616089,1,1,1,1,1,94.000000
2025-03-24 15:36:47.256,0.8117150152801244,0.7134188900709649,1.030926279688142,1.627258214654766,0.7671677924533381,0.255094442525294,0.713258824898592,1.282796950941852,0.4946826448179986,0.06705832959704082,0.2576089272107132,0.671714230132857,0.3205493549508201,0.1115533216855446,0.3188967672445568,0.6809081139945349,0.08818900157273037,-0.1999105850107886,0.0212344897710334,0.1951140575367012,753.0769230769231,791.7582417582418,805.8608058608058,804.6520146520147,817.948717948718,851.7948717948718,-0.635315,-0.008484,0.720032,43.888855,-13.667603,-53.003082,1,1,1,1,1,94.000000
2025-03-24 15:36:47.753,0.8117150152801244,0.6041709666549858,1.052637101773676,1.627258214654766,0.7671677924533381,0.5387369948099204,0.8359283162848856,1.282796950941852,0.4946826448179986,0.4895719756995875,0.5343247814765349,0.671714230132857,0.3205493549508201,0.2631897655868891,0.3418611169649879,0.6809081139945349,0.08818900157273037,-0.04443657631836907,0.02367279523416481,0.1951140575367012,821.5750915750916,801.8315018315019,809.0842490842491,787.3260073260074,786.1172161172161,713.1868131868132,-0.581482,-0.135437,0.802185,-17.824707,-9.346008,31.611938,1,1,1,1,1,94.000000
2025-03-24 15:36:48.097,,,,,,,,,,,,,,,,,,,,,,,,,,,,,,,,,,,,,,,/muse/elements/blink
2025-03-24 15:36:48.253,0.8117150152801244,0.6130496057314153,1.041797579039156,1.627258214654766,0.7671677924533381,0.6255967271050994,0.8356817960823343,1.282796950941852,0.4946826448179986,0.6589032451384342,0.5389473233123627,0.671714230132857,0.3205493549508201,0.2425241285754382,0.3109438709425823,0.6809081139945349,0.08818900157273037,-0.0457990605378575,-0.04064134966034859,0.1951140575367012,767.985347985348,791.7582417582418,821.978021978022,826.8131868131868,766.7765567765568,770.4029304029305,-0.439880,-0.112244,0.888977,-90.020752,-20.277100,141.102295,1,1,1,1,1,94.000000
2025-03-24 15:36:48.430,,,,,,,,,,,,,,,,,,,,,,,,,,,,,,,,,,,,,,,/muse/elements/blink
2025-03-24 15:36:48.754,0.8117150152801244,0.8962748803186767,0.8966597229182119,1.627258214654766,0.7671677924533381,0.9386288357727536,0.8305485941665408,1.282796950941852,0.4946826448179986,0.9443838102078641,0.6877784430607808,0.671714230132857,0.3205493549508201,0.1435514526282383,0.2644914791471813,0.6809081139945349,0.08818900157273037,-0.1066204387393833,-0.09660222916949,0.1951140575367012,864.2857142857143,802.2344322344322,800.2197802197802,795.3846153846154,802.6373626373627,709.1575091575091,-0.459106,0.127808,0.891235,-36.658783,2.370148,73.676453,1,1,1,1,1,94.000000
2025-03-24 15:36:49.253,0.8117150152801244,1.021134611917433,0.9934875742116395,1.627258214654766,0.7671677924533381,1.113226237809902,0.8432254858302727,1.282796950941852,0.4946826448179986,0.9372156138241904,0.6426340543296587,0.671714230132857,0.3205493549508201,-0.0004932081465544826,0.2833235992400501,0.6809081139945349,0.08818900157273037,-0.1646165520203222,-0.1528857308703448,0.1951140575367012,816.3369963369963,803.4432234432235,800.6227106227107,792.5641025641025,844.5421245421246,748.2417582417582,-0.504639,0.042603,0.863037,9.144135,-0.007477,-17.189178,1,2,1,1,2,94.000000
2025-03-24 15:36:49.754,0.8117150152801244,1.02664769391171,0.803287070992231,1.627258214654766,0.7671677924533381,1.080876044912688,0.7693811741470395,1.282796950941852,0.4946826448179986,0.9372156138241904,0.6378966261455495,0.671714230132857,0.3205493549508201,-0.008765659201426265,0.2572055617298769,0.6809081139945349,0.08818900157273037,-0.2164969629108051,-0.1173846411472247,0.1951140575367012,867.5091575091575,809.8901098901099,810.6959706959707,805.4578754578755,832.4542124542124,906.996336996337,-0.461609,-0.085938,0.894165,2.594452,-1.001892,-9.114227,1,2,1,1,2,94.000000
2025-03-24 15:36:50.263,0.8117150152801244,0.8477220399013555,-0.08783513444694038,1.627258214654766,0.7671677924533381,0.8605332102014316,0.1644508801515668,1.282796950941852,0.4946826448179986,0.703136454116507,0.38395907570242,0.671714230132857,0.3205493549508201,0.003049616801631972,0.2142792310594536,0.6809081139945349,0.08818900157273037,-0.2093756134793586,-0.0970172395510603,0.1951140575367012,741.7948717948718,800.2197802197802,806.2637362637363,793.3699633699634,762.7472527472528,647.5091575091575,-0.549316,0.027161,0.852356,5.158997,2.325287,-1.779480,1,2,1,1,2,94.000000
2025-03-24 15:36:50.758,0.8117150152801244,0.6091806407933588,-0.1584924611237439,1.627258214654766,0.7671677924533381,0.3379853540710916,0.06703179839411483,1.282796950941852,0.4946826448179986,0.6479681817836478,0.38395907570242,0.671714230132857,0.3205493549508201,0.03320463437147946,0.1757449073236679,0.6809081139945349,0.08818900157273037,-0.2028675560316544,-0.09582192986608704,0.1951140575367012,772.4175824175825,790.952380952381,801.025641025641,785.3113553113553,790.1465201465202,736.1538461538462,-0.563904,0.128235,0.928528,31.537170,6.407623,-37.279358,1,2,1,1,2,94.000000
2025-03-24 15:36:51.253,0.8117150152801244,0.3108749889253636,-0.09512203251171723,0.7260986899988542,0.7671677924533381,0.09947806151423443,-0.3448806832050125,0.4063373015086458,0.4946826448179986,0.4002165586898561,0.3719309657873366,0.6420745236892365,0.3205493549508201,0.01913893055637107,0.1530949130052944,0.366477475380608,0.08818900157273037,-0.1128910911194508,-0.01534489886252379,0.2222629547327926,740.989010989011,799.4139194139194,802.2344322344322,781.6849816849817,850.989010989011,870.3296703296703,-0.598511,0.130310,0.807434,-1.076660,-5.899200,4.934692,1,1,1,1,1,94.000000
2025-03-24 15:36:51.753,0.8117150152801244,0.2682781006102143,0.167501669284304,0.7654287119819595,0.7671677924533381,0.2453335329545947,-0.1239847260714934,0.3206595217438063,0.4946826448179986,0.4516921600256029,0.4957370975372717,0.7168699018008247,0.3205493549508201,0.00272925939526059,0.1530816326378134,0.4549811910984983,0.08818900157273037,-0.001709243100597029,-0.0497041877708455,0.2201843055410908,777.2527472527473,801.4285714285714,786.5201465201466,801.8315018315019,675.3113553113553,542.3443223443223,-0.487366,-0.090759,0.849060,38.169098,-2.228088,-77.227936,1,1,1,1,1,94.000000
2025-03-24 15:36:52.112,,,,,,,,,,,,,,,,,,,,,,,,,,,,,,,,,,,,,,,/muse/elements/blink
2025-03-24 15:36:52.254,0.8117150152801244,0.6744471781727146,0.8856471207069005,0.7652482299378401,0.7671677924533381,0.7088798341152568,0.7130414792649473,0.3249039226455308,0.4946826448179986,0.4301459995237795,0.6179952430037733,0.6980597175198354,0.3205493549508201,0.04713209594723702,0.1590855430848449,0.4963222163589548,0.08818900157273037,0.06800345336865778,-0.1396127751765475,0.2336083284918838,910.2197802197802,802.6373626373627,799.0109890109891,813.919413919414,961.3919413919414,964.6153846153846,-0.676208,0.113281,0.922180,5.517883,-14.078827,-16.763000,1,1,1,1,1,94.000000
2025-03-24 15:36:52.304,,,,,,,,,,,,,,,,,,,,,,,,,,,,,,,,,,,,,,,/muse/elements/blink
2025-03-24 15:36:52.753,0.8117150152801244,0.7322198551090574,1.072833705927297,0.8347867974944959,0.7671677924533381,0.882405536242194,0.9183777780688449,0.07180690393873122,0.4946826448179986,0.3787756380415568,0.691184971193766,0.623865681333755,0.3205493549508201,0.15171566953467,0.0908950166746396,0.5912984641701348,0.08818900157273037,0.1787638021670429,-0.2428656912349151,0.2159969200294108,309.047619047619,790.1465201465202,799.0109890109891,714.3956043956044,729.7069597069598,649.5238095238095,-0.327759,-0.066345,1.036621,-63.455658,-4.800110,101.392975,1,1,1,1,1,94.000000
2025-03-24 15:36:52.880,,,,,,,,,,,,,,,,,,,,,,,,,,,,,,,,,,,,,,,/muse/elements/blink
2025-03-24 15:36:53.254,0.8117150152801244,0.968338937827,1.186938723065679,0.8347867974944959,0.7671677924533381,1.001059407626811,1.043244061131838,0.07180690393873122,0.4946826448179986,0.4269364826793319,0.6153129607590294,0.623865681333755,0.3205493549508201,0.205751186154327,0.01733557448386589,0.5912984641701348,0.08818900157273037,0.1205571447758576,-0.3069449036885739,0.2159969200294108,914.6520146520147,807.8754578754579,797.8021978021978,833.2600732600733,784.1025641025641,752.6739926739926,-0.738586,0.062439,1.158875,43.672028,31.664276,-46.460876,1,1,1,1,1,94.000000
2025-03-24 15:36:53.280,,,,,,,,,,,,,,,,,,,,,,,,,,,,,,,,,,,,,,,/muse/elements/blink
2025-03-24 15:36:53.754,0.8117150152801244,0.9473761079565858,1.069989134478474,0.8347867974944959,0.7671677924533381,1.007304342449054,0.9532833793682325,0.07180690393873122,0.4946826448179986,0.4061982124909185,0.6889755426530608,0.623865681333755,0.3205493549508201,0.2713311501797935,0.01147383078190585,0.5912984641701348,0.08818900157273037,0.1908843684689822,0.03792829018531194,0.2159969200294108,782.4908424908425,796.996336996337,800.6227106227107,805.0549450549451,699.4871794871796,681.3553113553114,-0.798767,0.103333,0.917664,-7.065582,1.345825,-1.936493,1,1,1,1,1,94.000000
2025-03-24 15:36:54.253,0.8117150152801244,0.9525193260917719,0.74491635178617,0.8347867974944959,0.7671677924533381,0.7435510681585258,0.6148013834438909,0.07180690393873122,0.4946826448179986,0.4032890221800035,0.5356790844140764,0.623865681333755,0.3205493549508201,0.05415244720863352,0.08314438601639122,0.5912984641701348,0.08818900157273037,0.04383824721995571,-0.06066847152835158,0.2159969200294108,1107.655677655678,783.2967032967033,805.0549450549451,871.941391941392,996.8498168498169,1145.934065934066,-0.656311,-0.046326,0.917847,-21.510773,-24.994965,39.260712,1,1,1,1,1,94.000000
2025-03-24 15:36:54.332,,,,,,,,,,,,,,,,,,,,,,,,,,,,,,,,,,,,,,,/muse/elements/blink
2025-03-24 15:36:54.753,0.8117150152801244,0.6368078827954164,0.7788860266142762,0.8347867974944959,0.7671677924533381,0.4372066782126244,0.5851633594173944,0.07180690393873122,0.4946826448179986,0.6586264830480825,0.5356790844140764,0.623865681333755,0.3205493549508201,0.1117247988382175,0.07600091453204399,0.5912984641701348,0.08818900157273037,0.244959572497146,-0.09132873243224227,0.2159969200294108,696.2637362637363,794.1758241758242,790.5494505494506,799.4139194139194,599.1575091575091,198.2417582417582,-0.127747,0.036926,0.983704,-3.469238,-14.804077,-3.828125,1,2,1,1,2,94.000000
2025-03-24 15:36:55.262,0.8117150152801244,0.6026946602226072,0.7882935208029243,0.8347867974944959,0.7671677924533381,0.4514789691474695,0.5264822100554467,0.07180690393873122,0.4946826448179986,0.7585999885696327,0.4056644425552657,0.623865681333755,0.3205493549508201,0.1013890145516507,0.06176848481502909,0.5912984641701348,0.08818900157273037,0.1672638123352503,-0.3287438020895712,0.2159969200294108,560.8791208791209,752.2710622710623,812.7106227106227,769.1941391941392,635.4212454212454,447.2527472527473,-0.096008,0.017395,0.741638,-41.346741,21.114502,169.521637,1,2,1,1,2,94.000000
2025-03-24 15:36:55.343,,,,,,,,,,,,,,,,,,,,,,,,,,,,,,,,,,,,,,,/muse/elements/blink
2025-03-24 15:36:55.760,0.8117150152801244,0.6486938413219904,0.8362825003519778,0.8347867974944959,0.7671677924533381,0.5324117280112,0.8757399455888256,0.07180690393873122,0.4946826448179986,0.7585999885696327,0.6724240900780879,0.623865681333755,0.3205493549508201,0.1731688410636609,0.3707871859140053,0.5912984641701348,0.08818900157273037,0.173576167451196,0.2610237278616699,0.2159969200294108,609.6336996336996,804.6520146520147,801.025641025641,776.4468864468864,826.4102564102565,633.8095238095239,-0.236450,0.142517,0.836365,3.297272,5.188904,-21.974335,1,2,1,1,2,94.000000
2025-03-24 15:36:56.190,,,,,,,,,,,,,,,,,,,,,,,,,,,,,,,,,,,,,,,/muse/elements/blink
2025-03-24 15:36:56.253,0.8117150152801244,0.6271162029874883,0.7397774550408722,0.8347867974944959,0.7671677924533381,0.5501624524742544,0.8470122893250245,0.07180690393873122,0.4946826448179986,0.6765959547910391,0.6746529416461796,0.623865681333755,0.3205493549508201,0.1302532332553986,0.4267424630786261,0.5912984641701348,0.08818900157273037,0.002999598260128504,0.2887110802460198,0.2159969200294108,744.6153846153846,799.4139194139194,801.4285714285714,774.0293040293041,808.6813186813187,751.4652014652015,-0.534912,-0.169800,1.041138,23.813629,2.183228,-44.075775,1,4,1,1,2,94.000000
2025-03-24 15:36:56.568,,,,,,,,,,,,,,,,,,,,,,,,,,,,,,,,,,,,,,,/muse/elements/blink
2025-03-24 15:36:56.753,0.8117150152801244,0.4294580990252984,0.8291359067626627,1.695324379538493,0.7671677924533381,0.3819475543611144,0.8576604209150399,1.773844416812186,0.4946826448179986,0.5553515457665427,0.8371679525790792,1.694486247512835,0.3205493549508201,0.02428172524784004,0.4489929543624274,0.9584152594068708,0.08818900157273037,-0.09068125677842225,0.3137421188430076,0.8488262792764059,795.3846153846154,787.3260073260074,785.3113553113553,795.3846153846154,859.4505494505495,878.7912087912089,-0.461731,0.101257,1.189270,-43.395386,-1.801910,97.153625,1,4,1,1,2,94.000000
2025-03-24 15:36:57.253,0.8117150152801244,0.4294580990252984,0.8804250951625595,1.632058594522065,0.7671677924533381,0.3819475543611144,0.7027199824814062,1.82967508604422,0.4946826448179986,0.5553515457665427,0.8231409739537759,1.320781698832308,0.3205493549508201,0.02428172524784004,0.4812510015862986,0.9177564014650488,0.08818900157273037,-0.09068125677842225,0.2829319184722938,0.6780276891541568,1218.864468864469,808.6813186813187,829.6336996336996,866.3003663003664,1039.96336996337,1196.703296703297,-0.336975,0.177002,0.943054,12.860107,-8.628235,-50.976868,1,4,1,1,1,94.000000
2025-03-24 15:36:57.758,0.8117150152801244,0.4294580990252984,1.040551478620298,1.632058594522065,0.7671677924533381,0.3819475543611144,0.7189551026342209,1.82967508604422,0.4946826448179986,0.5553515457665427,0.8186113739683054,1.320781698832308,0.3205493549508201,0.02428172524784004,0.4785662776704712,0.9177564014650488,0.08818900157273037,-0.09068125677842225,0.3318255605734327,0.6780276891541568,365.8608058608059,788.9377289377289,796.5934065934066,733.3333333333334,436.7765567765568,0,-0.364075,-0.173767,0.832703,-27.409973,-3.401947,78.708344,1,4,1,1,1,94.000000
2025-03-24 15:36:58.253,0.8117150152801244,1.363146859345831,1.022476867749912,1.632058594522065,0.7671677924533381,0.906206535527082,0.7062626345660405,1.82967508604422,0.4946826448179986,0.7787300614654343,0.748008339064042,1.320781698832308,0.3205493549508201,0.3029996104717607,0.4277413231679839,0.9177564014650488,0.08818900157273037,-0.1949013302123407,0.2622870789315819,0.6780276891541568,528.2417582417582,797.3992673992674,796.996336996337,785.3113553113553,776.8498168498169,563.6996336996338,-0.349609,0.095215,0.880676,-27.006226,1.188812,16.209717,1,4,1,1,1,94.000000
2025-03-24 15:36:58.753,0.8117150152801244,1.315475121586859,0.952948404318218,1.632058594522065,0.7671677924533381,0.8741918612552303,0.6355325742878133,1.82967508604422,0.4946826448179986,0.7787300614654343,0.7669755092159067,1.320781698832308,0.3205493549508201,0.2632692662035981,0.3102985073237385,0.9177564014650488,0.08818900157273037,-0.2352980188121171,0.07225263570289865,0.6780276891541568,806.6666666666667,813.5164835164835,801.4285714285714,794.1758241758242,747.8388278388279,730.1098901098901,-0.501648,-0.097656,0.851257,-55.455475,1.360779,65.765991,1,2,1,1,1,94.000000
2025-03-24 15:36:59.259,0.8117150152801244,1.211682044253225,0.8899954921307038,1.632058594522065,0.7671677924533381,0.74885745304601,0.5755961814670886,1.82967508604422,0.4946826448179986,0.7663485519529691,0.7627841324095067,1.320781698832308,0.3205493549508201,0.1791931806825398,0.2310987354866855,0.9177564014650488,0.08818900157273037,-0.2869932304117042,-0.2456110983098692,0.6780276891541568,629.3772893772893,799.8168498168499,794.1758241758242,765.5677655677656,740.989010989011,612.0512820512821,-0.570374,-0.028748,0.761963,-11.992798,12.045135,30.490417,1,4,1,1,1,94.000000
2025-03-24 15:36:59.754,0.8117150152801244,0.9642790344653853,0.797246469871465,1.632058594522065,0.7671677924533381,0.5367217015599827,0.3782187244178115,1.82967508604422,0.4946826448179986,0.6214957713965649,0.6349111539171424,1.320781698832308,0.3205493549508201,0.03029238282005125,0.2137889396500355,0.9177564014650488,0.08818900157273037,-0.4240371945154019,-0.3383424848883923,0.6780276891541568,1033.113553113553,804.2490842490843,810.6959706959707,841.3186813186813,926.3369963369963,1057.692307692308,-0.657043,0.100769,0.778137,38.423309,12.979736,-35.679321,1,4,1,1,2,94.000000
2025-03-24 15:37:00.180,,,,,,,,,,,,,,,,,,,,,,,,,,,,,,,,,,,,,,,/muse/elements/blink
2025-03-24 15:37:00.259,0.8117150152801244,0.9530544409505443,0.8244655928230504,1.632058594522065,0.7671677924533381,0.4618634140249831,0.3560543087770313,1.82967508604422,0.4946826448179986,0.6176010923597355,0.3587618434221501,1.320781698832308,0.3205493549508201,0.05519431923808075,0.1781129854125571,0.9177564014650488,0.08818900157273037,-0.3459399230544909,-0.3881743147893653,0.6780276891541568,905.3846153846154,799.8168498168499,799.4139194139194,812.7106227106227,855.0183150183151,828.021978021978,-0.734619,-0.004700,0.679993,10.362854,-2.714081,-18.415375,1,4,1,1,2,94.000000
2025-03-24 15:37:00.754,0.8117150152801244,0.9255604346481888,0.7384765965428177,1.632058594522065,0.7671677924533381,0.4448832275449662,0.6695860698325321,1.82967508604422,0.4946826448179986,0.5967337910743979,0.4796457278003648,1.320781698832308,0.3205493549508201,0.141774399432286,0.09566184623732203,0.9177564014650488,0.08818900157273037,-0.2244884294070871,-0.3660182425304117,0.6780276891541568,846.5567765567765,799.4139194139194,799.4139194139194,792.1611721611722,905.7875457875458,823.1868131868132,-0.513489,-0.054871,0.880798,21.720123,-15.895691,-14.370422,1,2,1,1,2,94.000000
2025-03-24 15:37:01.254,0.8117150152801244,0.758190136145202,0.7065355170297468,1.632058594522065,0.7671677924533381,0.3217239829918139,0.8386953741336208,1.82967508604422,0.4946826448179986,0.332976984273204,0.4733826043997182,1.320781698832308,0.3205493549508201,0.1913246322392809,0.1228922326718753,0.9177564014650488,0.08818900157273037,-0.03814763225210744,-0.2330811888523089,0.6780276891541568,648.3150183150183,786.5201465201466,786.9230769230769,758.7179487179487,783.6996336996338,562.893772893773,-0.361572,0.107666,0.943848,-121.146698,-4.673004,174.142303,1,2,1,1,2,94.000000
2025-03-24 15:37:01.771,0.8117150152801244,0.6661166053150928,0.952771322026834,1.632058594522065,0.7671677924533381,0.3389049047559403,0.9934313179463088,1.82967508604422,0.4946826448179986,0.332976984273204,0.6249855322038737,1.320781698832308,0.3205493549508201,0.2376813581052176,0.3009163960035127,0.9177564014650488,0.08818900157273037,0.03652353738717643,-0.01981249967628827,0.6780276891541568,828.021978021978,806.2637362637363,805.4578754578755,794.981684981685,803.8461538461539,975.8974358974359,-0.467102,-0.006897,0.914734,-13.308716,-6.205750,52.689056,1,2,1,1,2,94.000000
2025-03-24 15:37:02.253,0.8117150152801244,0.5035439276823652,0.9949098950672781,1.632058594522065,0.7671677924533381,0.2654758618140136,1.019608420955445,1.82967508604422,0.4946826448179986,0.3299067301171015,0.6465178520605278,1.320781698832308,0.3205493549508201,0.1992094007343559,0.3252310651166759,0.9177564014650488,0.08818900157273037,0.1109456848554245,0.02834177318787924,0.6780276891541568,766.7765567765568,802.2344322344322,794.5787545787546,795.3846153846154,789.3406593406594,711.1721611721612,-0.520996,-0.010010,0.832642,3.095398,-2.444916,-5.024414,1,2,1,1,2,94.000000
2025-03-24 15:37:02.758,0.8117150152801244,0.254141114577422,0.9645884111765972,1.632058594522065,0.7671677924533381,0.2138155385193917,0.8993238108202594,1.82967508604422,0.4946826448179986,0.2837083342780383,0.6312328470323536,1.320781698832308,0.3205493549508201,-0.06817086545307698,0.3307692238124634,0.9177564014650488,0.08818900157273037,0.07978808900435859,0.02668261127481032,0.6780276891541568,796.996336996337,795.7875457875458,794.5787545787546,793.7728937728938,860.2564102564103,753.8827838827839,-0.468323,-0.007263,0.850464,2.198181,-1.271057,2.684174,1,2,1,1,2,94.000000
2025-03-24 15:37:03.254,0.8117150152801244,0.09646926274600215,0.666813427060221,0.6937027627026785,0.7671677924533381,0.165623591661051,0.7538252594855784,0.6103094519510269,0.4946826448179986,0.2991402363872857,0.6265509229355767,0.5810563021407916,0.3205493549508201,-0.07027222627239672,0.2182149159242832,0.4524198514673557,0.08818900157273037,0.02844205318046901,-0.0517898193025835,0.1207189577444082,811.5018315018315,805.0549450549451,804.2490842490843,801.4285714285714,749.047619047619,629.3772893772893,-0.506836,0.074219,0.852051,1.899109,-5.061798,-1.203766,1,1,1,1,1,94.000000
2025-03-24 15:37:03.754,0.8117150152801244,0.1321751699343467,0.07354733121575566,0.6427621670581636,0.7671677924533381,0.1217956407158847,0.1282219798094408,0.4773863732114828,0.4946826448179986,0.3019622826524264,0.4510722030626235,0.5892698603711982,0.3205493549508201,-0.004622106270184374,0.1176186340368317,0.4410626753257075,0.08818900157273037,-0.0328009476247275,-0.1058380216721878,0.1559770423519991,807.0695970695971,800.6227106227107,802.2344322344322,791.7582417582418,840.1098901098901,763.1501831501831,-0.526855,0.035950,0.831726,6.901093,3.514099,2.631836,1,1,1,1,1,94.000000
2025-03-24 15:37:04.254,0.8117150152801244,0.03849223773708597,-0.3026861432632891,0.5183925197997215,0.7671677924533381,-0.06338306076315292,-0.0860240699336603,0.4037407410671358,0.4946826448179986,0.05101348202236461,0.261707909444147,0.7630992222344852,0.3205493549508201,0.002611101287757608,0.02764358060368304,0.4630891921803824,0.08818900157273037,-0.08821600490941554,-0.09144530919800985,0.1568815853358553,792.1611721611722,792.967032967033,799.8168498168499,821.5750915750916,822.3809523809524,838.901098901099,-0.527954,0.083313,0.844116,-1.465454,-0.747681,-0.912170,1,1,1,1,1,94.000000
2025-03-24 15:37:04.761,0.8117150152801244,0.02268230933436478,-0.3042068763662645,0.5882261798145451,0.7671677924533381,-0.2164453893420366,-0.2910995696811868,0.3247354370462636,0.4946826448179986,0.01714402494718686,0.1505545163021746,0.6565269765565183,0.3205493549508201,-0.003921042563003686,-0.0742944332572525,0.4733094125666155,0.08818900157273037,-0.1598855205320144,-0.09553316534369015,0.1847407413103889,794.1758241758242,801.025641025641,795.7875457875458,788.5347985347986,784.1025641025641,711.978021978022,-0.542603,0.088989,0.821411,1.622467,1.839294,-8.620758,1,1,1,1,1,94.000000
2025-03-24 15:37:05.265,0.7252671050587634,-0.1911384758028294,-0.1953838590454887,0.6075635134835115,0.2977216650520241,-0.4966809634246935,-0.4434160614901941,0.4068171156214457,0.5553242893579206,-0.07199247500276242,0.02104693546951496,0.6410908173820095,0.1728370621216716,-0.1113743508730065,-0.1013299038020827,0.5050065959272558,0.2858503815035726,-0.2293619543872355,-0.08376028464417551,0.1727623646124627,791.7582417582418,812.3076923076924,790.1465201465202,782.4908424908425,838.0952380952381,711.1721611721612,-0.536255,0.123718,0.841309,11.529236,-0.127106,-19.566803,1,1,1,1,1,94.000000
2025-03-24 15:37:05.760,0.6565003702658608,0.1019418913797202,0.3542333680499559,0.5703773468552336,0.2943676208274491,-0.0269131942997534,-0.3515539571192108,0.4361210963655721,0.7455564949571625,0.2092126404873982,0.09940386002252934,0.6282544628547623,0.3249823604625839,-0.1181227035370337,-0.06613767362635997,0.4935233916472552,0.2935432158199041,-0.3353140553082938,-0.1638403002120613,0.1710379115391148,808.6813186813187,794.981684981685,805.4578754578755,790.952380952381,851.7948717948718,761.5384615384615,-0.533691,0.073425,0.839233,5.622559,-4.740295,-13.712463,1,1,1,1,1,94.000000
2025-03-24 15:37:06.262,0.5906073323317675,0.2873822937579026,0.4505703237767979,0.3828351396829866,0.2390595062515653,0.1852158330150315,-0.2020213890518514,0.2379816816797047,0.74286753232733,0.2124069565040045,0.05847984320483506,0.1417019541989521,0.3387583374977943,-0.1394134603064433,-0.1119812452102917,0.4796868587234377,0.2963418073928337,-0.3979008619121824,-0.1039523986390457,0.4515698702086877,784.9084249084249,772.4175824175825,752.2710622710623,806.2637362637363,709.9633699633699,657.5824175824176,-0.445190,-0.023499,0.916565,121.685028,7.476807,-174.246979,1,1,1,1,1,94.000000
2025-03-24 15:37:06.766,0.8689842572074733,0.43724254606879,0.5865445964664139,0.3828351396829866,1.476643358877576,0.3443451298825421,-0.08840209336139787,0.2379816816797047,1.184336946468298,0.2110580154219202,0.05167789788470774,0.1417019541989521,1.179865595217273,-0.1076643068142867,-0.1206800299644743,0.4796868587234377,0.654013555228192,-0.3662182759695778,-0.1192161351968477,0.4515698702086877,805.4578754578755,809.4871794871796,806.6666666666667,809.8901098901099,709.1575091575091,759.92673992674,-0.615845,-0.060425,0.771729,29.017487,-15.342407,-29.473572,1,1,1,1,1,94.000000
2025-03-24 15:37:07.253,1.136298298827999,0.3750767920534821,0.3455804381878282,0.3828351396829866,1.681097057737284,0.3194294706889932,-0.1361900411297471,0.2379816816797047,1.316989985082107,0.07965259027704627,-0.02260685469062054,0.1417019541989521,1.351546444490069,-0.1632588635407933,-0.2522754383131912,0.4796868587234377,0.8541671178836516,-0.4829169299799544,-0.008040438367637391,0.4515698702086877,313.0769230769231,784.9084249084249,798.2051282051282,750.6593406593407,711.5750915750916,471.0256410256411,-0.405273,-0.237915,0.881226,-124.219666,-15.701294,187.047272,1,1,1,1,1,94.000000
2025-03-24 15:37:07.754,1.136298298827999,0.3765296241338977,0.1683675343357728,0.3828351396829866,1.681097057737284,0.2311394183637492,-0.1846168931728661,0.2379816816797047,1.316989985082107,0.06656418572501818,-0.1451998188011794,0.1417019541989521,1.351546444490069,-0.1771666975162472,-0.279338400420277,0.4796868587234377,0.8541671178836516,-0.4658362612808959,0.03326881610337229,0.4515698702086877,906.996336996337,799.4139194139194,801.8315018315019,814.7252747252747,812.3076923076924,785.3113553113553,-0.596558,0.109314,1.049377,-19.118195,0.171967,53.302155,1,1,1,1,1,94.000000
2025-03-24 15:37:08.254,1.140413598282943,0.3765296241338977,0.1683675343357728,0.3828351396829866,1.670252144072351,0.2311394183637492,-0.1846168931728661,0.2379816816797047,1.316989985082107,0.06656418572501818,-0.1451998188011794,0.1417019541989521,1.327644671257748,-0.1771666975162472,-0.279338400420277,0.4796868587234377,0.8787124470071456,-0.4658362612808959,0.03326881610337229,0.4515698702086877,1210,770,878.7912087912089,811.9047619047619,916.6666666666667,1164.065934065934,-0.590027,-0.062805,1.026917,15.596619,21.077118,-26.288452,1,4,1,1,1,94.000000
2025-03-24 15:37:08.760,1.140413598282943,0.3765296241338977,0.1683675343357728,0.3828351396829866,1.670252144072351,0.2311394183637492,-0.1846168931728661,0.2379816816797047,1.316989985082107,0.06656418572501818,-0.1451998188011794,0.1417019541989521,1.327644671257748,-0.1771666975162472,-0.279338400420277,0.4796868587234377,0.8787124470071456,-0.4658362612808959,0.03326881610337229,0.4515698702086877,1036.336996336996,815.934065934066,806.6666666666667,819.96336996337,712.3809523809524,462.5641025641026,-0.549255,-0.065430,0.901367,61.220093,2.250519,-88.547821,1,4,1,1,1,94.000000
2025-03-24 15:37:09.056,,,,,,,,,,,,,,,,,,,,,,,,,,,,,,,,,,,,,,,/muse/elements/blink
2025-03-24 15:37:09.254,1.140413598282943,0.3765296241338977,0.1683675343357728,0.3828351396829866,1.670252144072351,0.2311394183637492,-0.1846168931728661,0.2379816816797047,1.316989985082107,0.06656418572501818,-0.1451998188011794,0.1417019541989521,1.327644671257748,-0.1771666975162472,-0.279338400420277,0.4796868587234377,0.8787124470071456,-0.4658362612808959,0.03326881610337229,0.4515698702086877,314.2857142857143,784.1025641025641,796.996336996337,735.7509157509157,423.0769230769231,0,-0.301453,0.062500,0.609741,38.752289,1.667328,-52.561951,1,4,1,1,1,94.000000
2025-03-24 15:37:09.441,,,,,,,,,,,,,,,,,,,,,,,,,,,,,,,,,,,,,,,/muse/elements/blink
2025-03-24 15:37:09.754,1.140413598282943,0.3765296241338977,0.1683675343357728,0.3828351396829866,1.670252144072351,0.2311394183637492,-0.1846168931728661,0.2379816816797047,1.316989985082107,0.06656418572501818,-0.1451998188011794,0.1417019541989521,1.327644671257748,-0.1771666975162472,-0.279338400420277,0.4796868587234377,0.8787124470071456,-0.4658362612808959,0.03326881610337229,0.4515698702086877,423.8827838827839,794.1758241758242,793.7728937728938,747.4358974358975,497.6190476190476,266.7399267399268,-0.319885,-0.074463,0.556152,4.912262,1.585083,9.181519,1,4,1,1,2,94.000000
2025-03-24 15:37:10.254,1.140413598282943,0.3765296241338977,1.192301119734171,0.3828351396829866,1.670252144072351,0.2311394183637492,0.7906300323042553,0.2379816816797047,1.316989985082107,0.06656418572501818,0.6798967901781862,0.1417019541989521,1.327644671257748,-0.1771666975162472,0.4312350097236916,0.4796868587234377,0.8787124470071456,-0.4658362612808959,-0.3635592343495161,0.4515698702086877,884.4322344322345,811.9047619047619,795.3846153846154,767.1794871794872,985.1648351648352,1228.937728937729,-0.300659,0.107361,0.921204,14.310608,-7.768402,-17.764893,1,4,1,1,2,94.000000
2025-03-24 15:37:10.549,,,,,,,,,,,,,,,,,,,,,,,,,,,,,,,,,,,,,,,/muse/elements/blink
2025-03-24 15:37:10.754,1.140413598282943,1.080479840013208,1.163727441292056,0.3828351396829866,1.670252144072351,0.6444657725247934,0.8457377567256262,0.2379816816797047,1.316989985082107,0.7320945815454725,0.7015532638288675,0.1417019541989521,1.327644671257748,0.1363465915894667,0.4726295167212366,0.4796868587234377,0.8787124470071456,-0.2305534066458912,-0.1996209202004841,0.4515698702086877,238.9377289377289,791.7582417582418,784.1025641025641,741.7948717948718,508.9010989010989,155.1282051282051,-0.178467,-0.125610,0.924255,-6.691742,-22.751923,25.361328,1,4,1,1,2,94.000000
2025-03-24 15:37:10.906,,,,,,,,,,,,,,,,,,,,,,,,,,,,,,,,,,,,,,,/muse/elements/blink
2025-03-24 15:37:11.254,1.140413598282943,1.034838181776299,1.05930557281437,0.3828351396829866,1.670252144072351,0.6506933455769833,0.7720295288096154,0.2379816816797047,1.316989985082107,0.7415077219219735,0.6160852237297721,0.1417019541989521,1.327644671257748,0.2063424697701333,0.4271551962991929,0.4796868587234377,0.8787124470071456,-0.1721987702033194,-0.1640051581763744,0.4515698702086877,775.6410256410256,804.2490842490843,803.040293040293,801.8315018315019,1064.542124542125,1231.758241758242,-0.412109,0.212158,0.924622,10.848846,-7.581482,-5.502930,1,4,1,1,2,94.000000
2025-03-24 15:37:11.264,,,,,,,,,,,,,,,,,,,,,,,,,,,,,,,,,,,,,,,/muse/elements/blink
2025-03-24 15:37:11.757,1.140413598282943,0.9234107344070271,0.8860041453971459,0.3828351396829866,1.670252144072351,0.6200989680746704,0.7877390683181937,0.2379816816797047,1.316989985082107,0.7548091008487029,0.5417604765602742,0.1417019541989521,1.327644671257748,0.2413900711648734,0.4232278661333334,0.4796868587234377,0.8787124470071456,-0.1722736610813775,0.01810087885260819,0.4515698702086877,431.1355311355312,796.5934065934066,788.1318681318681,755.0915750915751,766.7765567765568,717.2161172161173,-0.479126,-0.146362,0.994385,-6.190796,-4.179535,-5.136566,1,4,1,1,2,94.000000
2025-03-24 15:37:12.224,,,,,,,,,,,,,,,,,,,,,,,,,,,,,,,,,,,,,,,/muse/elements/blink
2025-03-24 15:37:12.261,1.140413598282943,0.7373433028623442,0.7065070526748861,1.768456404041809,1.670252144072351,0.7079889465656094,0.7315234997868114,1.683036174239825,1.316989985082107,0.6225687025818831,0.5319289674600749,1.406038936673794,1.327644671257748,0.2460352342560299,0.2587915803522456,1.076466474491363,0.8787124470071456,-0.2005512716701862,-0.1494989706202891,0.09130297939818247,720.0366300366301,793.3699633699634,808.2783882783883,808.2783882783883,1000.47619047619,1104.432234432235,-0.490417,0.161133,1.049072,28.150177,-4.732819,-29.578247,1,4,1,1,1,94.000000
2025-03-24 15:37:12.761,1.140413598282943,0.6486802163328822,0.632364602746438,1.9550904111765,1.670252144072351,0.8166956139328784,0.7160633118306028,1.74887425322269,1.316989985082107,0.7496644395688731,0.584655621613282,1.695162829620027,1.327644671257748,0.1892950487121444,0.1806783350770878,1.008992112558446,0.8787124470071456,-0.1874610403480194,-0.2455700161287826,0.01784808609512897,917.4725274725275,813.5164835164835,796.1904761904763,829.6336996336996,882.8205128205128,1247.069597069597,-0.339600,-0.002563,0.964905,30.625000,22.093964,-80.906525,1,4,1,1,1,94.000000
2025-03-24 15:37:13.244,,,,,,,,,,,,,,,,,,,,,,,,,,,,,,,,,,,,,,,/muse/elements/blink
2025-03-24 15:37:13.258,1.140413598282943,0.9787376140731361,0.7832171650749709,1.9550904111765,1.670252144072351,1.101773944684305,0.7856418642314217,1.74887425322269,1.316989985082107,0.7876120175100676,0.9749029969965636,1.695162829620027,1.327644671257748,0.07222614191672699,0.07003853871847086,1.008992112558446,0.8787124470071456,-0.03822759781873159,-0.3866376708355668,0.01784808609512897,996.4468864468864,808.2783882783883,798.2051282051282,803.040293040293,402.1245421245421,0,-0.515503,0.058716,0.855591,68.943634,-6.497345,-86.102905,1,4,1,1,1,94.000000
2025-03-24 15:37:13.754,1.140413598282943,1.156406612932033,1.066765074916812,2.112442217841782,1.670252144072351,1.233999954048593,0.884034832031356,1.8192197809255,1.316989985082107,0.749223214583662,1.054510444350252,1.66016478255676,1.327644671257748,0.01520809013195563,0.02624590598164936,0.9065609472348389,0.8787124470071456,0.05070438438787292,-0.3000063183612325,-0.09585959859486769,821.5750915750916,788.5347985347986,828.4249084249085,798.2051282051282,889.2673992673992,887.2527472527473,-0.448486,0.266541,0.872925,36.165314,9.689941,-68.360443,1,4,1,1,1,94.000000
2025-03-24 15:37:14.254,1.140413598282943,1.325810405350737,1.257666945412439,2.112442217841782,1.670252144072351,1.380031786937257,1.073226725198701,1.8192197809255,1.316989985082107,0.7127551180995801,1.059735277187269,1.66016478255676,1.327644671257748,-0.08685087480411383,0.03581613528607232,0.9065609472348389,0.8787124470071456,0.1312777311312587,-0.261956981712706,-0.09585959859486769,743.8095238095239,799.4139194139194,796.996336996337,805.0549450549451,1083.076923076923,1228.534798534798,-0.420837,-0.198425,0.846130,33.959656,-1.637421,-75.463409,1,4,1,1,1,94.000000
2025-03-24 15:37:14.356,,,,,,,,,,,,,,,,,,,,,,,,,,,,,,,,,,,,,,,/muse/elements/blink
2025-03-24 15:37:14.642,,,,,,,,,,,,,,,,,,,,,,,,,,,,,,,,,,,,,,,/muse/elements/blink
2025-03-24 15:37:14.754,1.140413598282943,1.335483848617907,1.329347463420933,2.112442217841782,1.670252144072351,1.467031032142183,1.171264756054971,1.8192197809255,1.316989985082107,0.7051935172866897,1.09014147068275,1.66016478255676,1.327644671257748,0.02641309248036598,0.003695329316105351,0.9065609472348389,0.8787124470071456,0.175963003596701,-0.2894749392744032,-0.09585959859486769,718.021978021978,790.1465201465202,801.025641025641,819.1575091575091,823.1868131868132,757.1062271062272,-0.519836,-0.050842,0.836609,21.996765,3.850555,-23.193054,1,4,1,1,1,94.000000
2025-03-24 15:37:15.254,1.140413598282943,0.788385824047271,1.209118217017395,2.112442217841782,1.670252144072351,0.5284193108066088,1.189830879092821,1.8192197809255,1.316989985082107,0.2726346579818822,0.8416918804685698,1.66016478255676,1.327644671257748,0.3941027542671285,-0.01099972029949193,0.9065609472348389,0.8787124470071456,-0.234834958679843,-0.330478375492737,-0.09585959859486769,828.021978021978,809.4871794871796,805.4578754578755,801.8315018315019,859.8534798534798,985.5677655677656,-0.519409,0.041321,0.852539,-1.054230,-2.362671,10.811462,1,2,1,1,1,94.000000
2025-03-24 15:37:15.753,1.140413598282943,0.6810448550592345,0.9249009207443815,2.112442217841782,1.670252144072351,0.3227931272678076,0.9575069177679723,1.8192197809255,1.316989985082107,0.4436745572875195,0.6588607730243832,1.66016478255676,1.327644671257748,0.2601049611810519,-0.05101740953563166,0.9065609472348389,0.8787124470071456,-0.3238861320342093,-0.3963315272403743,-0.09585959859486769,771.6117216117216,809.0842490842491,801.4285714285714,789.3406593406594,784.5054945054945,691.4285714285714,-0.613098,0.052795,0.735107,-20.277100,17.211609,35.073700,1,2,1,1,2,94.000000
2025-03-24 15:37:15.777,,,,,,,,,,,,,,,,,,,,,,,,,,,,,,,,,,,,,,,/muse/elements/blink
2025-03-24 15:37:16.254,1.140413598282943,0.6933264418142597,0.8836790287107733,2.112442217841782,1.670252144072351,0.5156233619193552,0.8795346135278401,1.8192197809255,1.316989985082107,0.6389453669796301,0.6622229923882275,1.66016478255676,1.327644671257748,0.2526747855890209,0.2273975135170052,0.9065609472348389,0.8787124470071456,-0.09481519477561355,-0.2425988417973108,-0.09585959859486769,793.7728937728938,799.8168498168499,803.8461538461539,786.9230769230769,860.6593406593407,744.2124542124542,-0.565063,0.005005,0.820740,-6.766510,-4.448700,7.215118,1,2,1,1,2,94.000000
2025-03-24 15:37:16.771,1.140413598282943,0.8653034318932918,0.8439239287010664,2.112442217841782,1.670252144072351,0.4715823993262518,0.5851417421394736,1.8192197809255,1.316989985082107,0.6136717734434268,0.2880813559337326,1.66016478255676,1.327644671257748,0.1661928031606572,0.3215940189989704,0.9065609472348389,0.8787124470071456,-0.09387512592266047,-0.2277395800035102,-0.09585959859486769,742.1978021978023,825.2014652014652,753.8827838827839,781.2820512820513,731.7216117216118,647.1062271062272,-0.440796,0.005188,0.902405,-106.716461,0.164490,154.680176,1,2,1,1,2,94.000000
2025-03-24 15:37:17.254,1.140413598282943,1.041947389352127,0.886735160012914,2.112442217841782,1.670252144072351,0.6618155319201247,0.6271876458907931,1.8192197809255,1.316989985082107,0.6858782949280644,0.2880813559337326,1.66016478255676,1.327644671257748,0.1866269444340043,0.4301936665199192,0.9065609472348389,0.8787124470071456,-0.038021794045406,-0.1413808146861226,-0.09585959859486769,907.3992673992674,801.4285714285714,801.4285714285714,801.8315018315019,925.1282051282052,926.7399267399268,-0.610840,0.131348,0.797363,-14.385376,0.493469,14.288177,1,2,1,1,2,94.000000
2025-03-24 15:37:17.754,1.140413598282943,1.076087456276168,0.960655025622919,2.112442217841782,1.670252144072351,0.8516100379676422,0.5771171697461174,1.8192197809255,1.316989985082107,0.9493618816123226,0.2760179045212821,1.66016478255676,1.327644671257748,0.1528919667906867,0.3564632356601697,0.9065609472348389,0.8787124470071456,-0.1179187854676446,-0.2370701219230207,-0.09585959859486769,769.1941391941392,790.952380952381,809.0842490842491,790.952380952381,780.4761904761905,682.1611721611722,-0.504150,-0.089722,0.801270,17.847137,-0.044861,-31.544647,1,2,1,1,2,94.000000
2025-03-24 15:37:18.206,,,,,,,,,,,,,,,,,,,,,,,,,,,,,,,,,,,,,,,/muse/elements/blink
2025-03-24 15:37:18.254,1.140413598282943,0.9989385793424966,0.2917499794382615,2.112442217841782,1.670252144072351,0.8879535830892278,-0.114636013289536,1.8192197809255,1.316989985082107,0.9493618816123226,-0.1146926496245476,1.66016478255676,1.327644671257748,0.1234522881990694,0.21498299202489,0.9065609472348389,0.8787124470071456,-0.12415346519815,0.08579263441421382,-0.09585959859486769,1057.692307692308,783.2967032967033,799.4139194139194,863.0769230769231,833.6630036630037,778.8644688644689,-0.378906,-0.088684,0.840698,138.859253,12.523651,-205.066376,1,2,1,1,2,94.000000
2025-03-24 15:37:18.758,1.140413598282943,0.7591439412593883,0.2917499794382615,2.112442217841782,1.670252144072351,0.9358874513837565,-0.114636013289536,1.8192197809255,1.316989985082107,0.9454426883730377,-0.1146926496245476,1.66016478255676,1.327644671257748,0.1036274987191529,0.21498299202489,0.9065609472348389,0.8787124470071456,-0.1343888247120324,0.08579263441421382,-0.09585959859486769,841.7216117216118,792.5641025641025,796.996336996337,782.893772893773,799.8168498168499,705.934065934066,-0.507874,-0.095154,0.840210,-10.504913,-8.785248,12.695618,1,2,1,1,2,94.000000
2025-03-24 15:37:19.254,1.140413598282943,0.399024763414693,0.8659128783317205,2.112442217841782,1.670252144072351,0.4311805033990363,0.3514893123438596,1.8192197809255,1.316989985082107,0.5652532639392822,0.6567994178869965,1.66016478255676,1.327644671257748,0.03324073735469488,0.1611417839606697,0.9065609472348389,0.8787124470071456,-0.2791282250587598,-0.06451670846280003,-0.09585959859486769,402.1245421245421,793.3699633699634,778.4615384615385,765.9706959706959,484.3223443223443,13.2967032967033,-0.454102,0.069092,0.941406,-88.308563,-6.086121,142.074280,1,2,1,1,2,94.000000
2025-03-24 15:37:19.305,,,,,,,,,,,,,,,,,,,,,,,,,,,,,,,,,,,,,,,/muse/elements/blink
2025-03-24 15:37:19.753,1.140413598282943,0.399024763414693,1.104815214654804,2.112442217841782,1.670252144072351,0.4311805033990363,0.5711050682010753,1.8192197809255,1.316989985082107,0.5652532639392822,0.6567994178869965,1.66016478255676,1.327644671257748,0.03324073735469488,0.09966831511212362,0.9065609472348389,0.8787124470071456,-0.2791282250587598,-0.296281301974938,-0.09585959859486769,894.908424908425,791.3553113553114,812.7106227106227,801.025641025641,933.992673992674,1040.3663003663,-0.578186,-0.147339,0.771973,-42.004700,-16.052704,49.877777,1,2,1,1,2,94.000000
2025-03-24 15:37:20.254,1.140413598282943,0.399024763414693,1.031189144344596,2.112442217841782,1.670252144072351,0.4311805033990363,0.711995549187265,1.8192197809255,1.316989985082107,0.5652532639392822,0.6657915982716155,1.66016478255676,1.327644671257748,0.03324073735469488,0.1001531857041862,0.9065609472348389,0.8787124470071456,-0.2791282250587598,-0.2889234753444863,-0.09585959859486769,841.7216117216118,804.2490842490843,797.3992673992674,800.6227106227107,763.5531135531136,758.7179487179487,-0.511597,-0.069763,0.911133,22.138824,1.136475,3.379517,1,2,1,1,2,94.000000
2025-03-24 15:37:20.754,1.140413598282943,0.6517554984864525,0.2995773830370015,1.358138820453518,1.670252144072351,0.5236808828295234,0.6004521198935548,0.6352645466847092,1.316989985082107,0.5713182662818663,0.5112924333716594,0.6584448794855997,1.327644671257748,0.1002032116084124,0.144910566866752,0.711103547799448,0.8787124470071456,-0.4075176558837588,-0.3160527323751493,0.3056268840154969,731.7216117216118,801.8315018315019,802.6373626373627,803.4432234432235,819.1575091575091,680.1465201465202,-0.455322,0.165100,0.837463,5.248718,-2.115936,4.665527,1,1,1,1,1,94.000000
2025-03-24 15:37:21.254,1.140413598282943,0.4401919687505469,0.3736803430969649,1.405911150217671,1.670252144072351,0.281403364082781,0.3740447206202913,0.8901681095285845,1.316989985082107,0.5740552571411707,0.5112924333716594,0.818352866324511,1.327644671257748,-0.02026142403619947,0.06786307878435521,0.635597888686709,0.8787124470071456,-0.2893504849696074,-0.2134401046513753,0.3039921838482155,777.6556776556777,806.2637362637363,797.8021978021978,807.4725274725275,824.7985347985348,716.4102564102565,-0.496765,0.089905,0.853088,-15.260162,5.959015,3.902893,1,1,1,1,1,94.000000
2025-03-24 15:37:21.762,1.140413598282943,0.3487815114949368,0.2660269967407707,1.343288527794898,1.670252144072351,0.1666137555864093,0.2610165505997564,0.8898760605250128,1.316989985082107,0.5773611335306672,0.5145110748291031,0.83441008328801,1.327644671257748,-0.02664119088684713,0.1275450045302264,0.5714555398317261,0.8787124470071456,-0.3188634276788097,-0.246241781712396,0.2523344281787485,442.014652014652,792.1611721611722,794.981684981685,780.8791208791209,511.3186813186813,37.87545787545788,-0.639954,-0.203796,0.799805,16.703186,16.239624,-26.423035,1,1,1,1,1,94.000000
2025-03-24 15:37:22.254,1.140413598282943,0.4476379637054468,0.07617291923655053,1.305175718227357,1.670252144072351,-0.3533415727086783,-0.4135264569985886,0.9504654831735541,1.316989985082107,0.317073975925123,0.06342295801186446,0.7354703371216782,1.327644671257748,-0.0872938033698495,0.07928465482914379,0.4308865183868433,0.8787124470071456,-0.2960186631940853,-0.1880258519473271,0.2132376336840287,692.6373626373627,815.1282051282052,830.0366300366301,741.3919413919414,946.0805860805862,969.047619047619,-0.440613,0.271423,0.971008,10.714264,-5.809479,-60.128479,1,2,1,1,1,94.000000
2025-03-24 15:37:22.776,1.140413598282943,0.6612395059105491,-0.1266214420937111,1.267405810341605,1.670252144072351,0.3441175853460617,-0.3493216972046718,1.02463310467847,1.316989985082107,0.4249247287849746,0.1889725095968956,1.120776073383449,1.327644671257748,-0.0746549567114466,0.1050981980050605,0.4537013668533594,0.8787124470071456,-0.3546415125813978,-0.2239245077737079,0.2316038701789981,751.4652014652015,789.3406593406594,808.2783882783883,809.8901098901099,817.1428571428571,718.021978021978,-0.489563,-0.067078,0.834900,55.687256,14.632111,-79.149475,1,2,1,1,1,94.000000
2025-03-24 15:37:23.254,1.140413598282943,0.9752557646131568,-0.04011155281375323,1.424030804588299,1.670252144072351,0.8647536101783689,-0.2970419941180505,1.46925753797828,1.316989985082107,0.4056918622024864,0.1869203514412914,1.21747921725295,1.327644671257748,-0.04351834560009769,0.001384653075481807,0.4749387360930856,0.8787124470071456,-0.1972656703010544,-0.1718018839723146,0.4665901048594214,864.6886446886447,799.8168498168499,803.4432234432235,800.6227106227107,765.9706959706959,748.2417582417582,-0.519409,-0.008240,0.827942,18.445282,-1.323395,-28.531494,1,1,1,1,1,94.000000
2025-03-24 15:37:23.753,1.140413598282943,0.9327364108496446,0.2228207734592229,1.337877063437108,1.670252144072351,0.9951599502793128,0.5465826338659108,1.531243316489783,1.316989985082107,0.3637630234811052,0.3287168652021571,1.232265181380544,1.327644671257748,0.09578248413125261,-0.1330796112767697,0.483078766073979,0.8787124470071456,-0.06529531352266545,-0.2213443909251977,0.5622715535641015,812.7106227106227,803.4432234432235,796.996336996337,812.7106227106227,786.5201465201466,705.1282051282052,-0.502136,-0.160156,0.828796,-31.701660,-3.588867,70.992279,1,1,1,1,1,94.000000
2025-03-24 15:37:24.257,1.140413598282943,0.939927278112252,0.4474639046314156,1.337877063437108,1.670252144072351,1.028684317701371,0.6082376987806174,1.531243316489783,1.316989985082107,0.3416116102114738,0.6252476136868674,1.232265181380544,1.327644671257748,0.1257827790063239,-0.03676931922995617,0.483078766073979,0.8787124470071456,-0.05378895984353287,-0.3567640215408059,0.5622715535641015,773.2234432234433,800.2197802197802,810.6959706959707,789.3406593406594,783.6996336996338,646.7032967032967,-0.459473,0.002075,0.897583,-80.824280,-9.974060,123.531799,1,2,1,1,1,94.000000
2025-03-24 15:37:24.753,1.140413598282943,0.5007076494347472,0.9040322718100091,1.015498950971935,1.670252144072351,0.7656683764054253,0.8843056662150208,1.431357552985601,1.316989985082107,0.2165458998629719,0.8546650695012363,1.220211167002125,1.327644671257748,0.1751648577630359,0.2947021954226595,0.4925986407941749,0.8787124470071456,-0.0930820661659993,-0.009693977624001624,0.6048912417091574,911.0256410256411,805.8608058608058,810.6959706959707,808.2783882783883,874.3589743589744,817.948717948718,-0.529846,0.066589,0.842896,15.529327,-3.409424,-24.935150,1,1,1,1,1,94.000000
2025-03-24 15:37:25.082,,,,,,,,,,,,,,,,,,,,,,,,,,,,,,,,,,,,,,,/muse/elements/blink
2025-03-24 15:37:25.263,1.140413598282943,0.4878897566665963,0.9675082762376834,1.015498950971935,1.670252144072351,0.3068780004475506,0.823745724151039,1.431357552985601,1.316989985082107,0.1108045913967349,0.808088124908383,1.220211167002125,1.327644671257748,-0.007729088428899761,0.3630603332572891,0.4925986407941749,0.8787124470071456,-0.4489875131040791,0.09093291665967501,0.6048912417091574,668.4615384615385,778.4615384615385,816.7399267399268,797.3992673992674,811.0989010989011,628.974358974359,-0.458801,0.007935,0.837158,61.362152,2.549591,-115.613861,1,2,1,1,1,94.000000
2025-03-24 15:37:25.754,1.140413598282943,0.4878897566665963,1.086482993808725,1.015498950971935,1.670252144072351,0.3068780004475506,0.9403319228172712,1.431357552985601,1.316989985082107,0.1108045913967349,0.8078008494227658,1.220211167002125,1.327644671257748,-0.007729088428899761,0.466047354322236,0.4925986407941749,0.8787124470071456,-0.4489875131040791,0.2152680705743411,0.6048912417091574,834.0659340659341,815.1282051282052,824.7985347985348,803.4432234432235,928.7545787545788,940.0366300366301,-0.568909,0.200073,0.817322,75.912018,15.162964,-116.159668,1,2,1,1,1,94.000000
2025-03-24 15:37:26.253,1.140413598282943,0.4878897566665963,1.035456767305064,1.015498950971935,1.670252144072351,0.3068780004475506,0.9018658190173142,1.431357552985601,1.316989985082107,0.1108045913967349,0.8763991245790759,1.220211167002125,1.327644671257748,-0.007729088428899761,0.3575728388309736,0.4925986407941749,0.8787124470071456,-0.4489875131040791,0.08147446857977667,0.6048912417091574,883.2234432234433,726.8864468864469,805.8608058608058,847.7655677655678,724.8717948717949,800.6227106227107,-0.600952,-0.093994,1.245728,-63.418274,-5.046844,108.570709,1,2,1,1,2,94.000000
2025-03-24 15:37:26.490,,,,,,,,,,,,,,,,,,,,,,,,,,,,,,,,,,,,,,,/muse/elements/blink
2025-03-24 15:37:26.755,1.140413598282943,0.4878897566665963,1.216006103317929,1.015498950971935,1.670252144072351,0.3068780004475506,1.193889636896218,1.431357552985601,1.316989985082107,0.1108045913967349,1.048098795759883,1.220211167002125,1.327644671257748,-0.007729088428899761,0.3896944815229441,0.4925986407941749,0.8787124470071456,-0.4489875131040791,-0.03990416485231359,0.6048912417091574,1290.586080586081,803.8461538461539,799.8168498168499,824.3956043956044,1076.630036630037,1347.399267399268,-0.556335,-0.167480,1.033081,-60.390167,0.097198,98.177948,1,4,1,1,2,94.000000
2025-03-24 15:37:27.191,,,,,,,,,,,,,,,,,,,,,,,,,,,,,,,,,,,,,,,/muse/elements/blink
2025-03-24 15:37:27.254,1.140413598282943,0.4878897566665963,1.381682842767157,1.015498950971935,1.670252144072351,0.3068780004475506,1.270734639758771,1.431357552985601,1.316989985082107,0.1108045913967349,1.147300862671018,1.220211167002125,1.327644671257748,-0.007729088428899761,0.463881649174352,0.4925986407941749,0.8787124470071456,-0.4489875131040791,-0.02482179207721772,0.6048912417091574,1164.871794871795,809.0842490842491,810.2930402930403,841.7216117216118,855.0183150183151,935.2014652014652,-0.550781,0.115417,0.775330,7.865601,-8.149719,0.426178,1,4,1,1,2,94.000000
2025-03-24 15:37:27.754,1.140413598282943,0.4878897566665963,1.340380368213968,1.015498950971935,1.670252144072351,0.3068780004475506,1.242075998235408,1.431357552985601,1.316989985082107,0.1108045913967349,1.14721703191294,1.220211167002125,1.327644671257748,-0.007729088428899761,0.3991330983689058,0.4925986407941749,0.8787124470071456,-0.4489875131040791,0.03918998310098121,0.6048912417091574,692.2344322344322,810.2930402930403,790.1465201465202,797.3992673992674,681.7582417582418,324.7619047619048,-0.306580,-0.099365,1.472229,57.877960,-20.964966,-117.116699,1,4,1,1,2,94.000000
2025-03-24 15:37:28.072,,,,,,,,,,,,,,,,,,,,,,,,,,,,,,,,,,,,,,,/muse/elements/blink
2025-03-24 15:37:28.254,1.140413598282943,0.7631625537263198,1.356662614965181,1.015498950971935,1.670252144072351,0.9880244339773875,1.208258889149948,1.431357552985601,1.316989985082107,1.112644125837623,1.083146176494237,1.220211167002125,1.327644671257748,0.6144186977435254,0.418082664683374,0.4925986407941749,0.8787124470071456,0.05102298170043765,0.02816911985202793,0.6048912417091574,0,550.8058608058608,545.5677655677656,437.1794871794872,783.6996336996338,680.952380952381,-0.452393,0.171265,1.988464,4.493561,-43.746796,-11.962891,1,4,1,1,2,94.000000
2025-03-24 15:37:28.353,,,,,,,,,,,,,,,,,,,,,,,,,,,,,,,,,,,,,,,/muse/elements/blink
2025-03-24 15:37:28.654,,,,,,,,,,,,,,,,,,,,,,,,,,,,,,,,,,,,,,,/muse/elements/blink
2025-03-24 15:37:28.764,1.140413598282943,0.7631625537263198,1.07239246766904,1.015498950971935,1.670252144072351,0.9880244339773875,1.036483399757808,1.431357552985601,1.316989985082107,1.112644125837623,0.8143642247813448,1.220211167002125,1.327644671257748,0.6144186977435254,0.1769608928613074,0.4925986407941749,0.8787124470071456,0.05102298170043765,0.06311088824987475,0.6048912417091574,394.0659340659341,834.0659340659341,824.7985347985348,806.6666666666667,590.2930402930403,293.3333333333333,-0.579956,-0.207642,1.418518,-9.503021,-0.665436,1.233673,1,4,1,1,4,94.000000
2025-03-24 15:37:29.099,,,,,,,,,,,,,,,,,,,,,,,,,,,,,,,,,,,,,,,/muse/elements/blink
2025-03-24 15:37:29.254,1.140413598282943,0.7631625537263198,1.046011197470515,1.015498950971935,1.670252144072351,0.9880244339773875,0.748024670178451,1.431357552985601,1.316989985082107,1.112644125837623,0.8143642247813448,1.220211167002125,1.327644671257748,0.6144186977435254,0.2638547783309627,0.4925986407941749,0.8787124470071456,0.05102298170043765,-0.03015921081384822,0.6048912417091574,1108.461538461539,818.3516483516484,836.8864468864469,888.4615384615385,1383.663003663004,1622.197802197802,-0.431519,0.009094,1.104248,-19.813538,3.671112,49.077759,1,4,1,1,2,94.000000
2025-03-24 15:37:29.469,,,,,,,,,,,,,,,,,,,,,,,,,,,,,,,,,,,,,,,/muse/elements/blink
2025-03-24 15:37:29.753,1.140413598282943,0.7631625537263198,1.046011197470515,1.015498950971935,1.670252144072351,0.9880244339773875,0.748024670178451,1.431357552985601,1.316989985082107,1.112644125837623,0.8143642247813448,1.220211167002125,1.327644671257748,0.6144186977435254,0.2638547783309627,0.4925986407941749,0.8787124470071456,0.05102298170043765,-0.03015921081384822,0.6048912417091574,638.2417582417582,799.8168498168499,799.4139194139194,772.4175824175825,346.5201465201465,0.8058608058608059,-0.567688,-0.027832,1.125549,-53.361969,2.228088,98.125610,1,4,1,1,2,94.000000
2025-03-24 15:37:29.909,,,,,,,,,,,,,,,,,,,,,,,,,,,,,,,,,,,,,,,/muse/elements/blink
2025-03-24 15:37:30.254,1.140413598282943,1.3287142963977,1.157925756637844,1.015498950971935,1.670252144072351,1.151988103047627,1.234073243597921,1.431357552985601,1.316989985082107,1.12195401425874,0.953426825741246,1.220211167002125,1.327644671257748,0.3486188445800686,0.2750534282106321,0.4925986407941749,0.8787124470071456,0.006281866733325598,-0.1122797903118339,0.6048912417091574,1093.956043956044,812.3076923076924,801.4285714285714,828.021978021978,758.7179487179487,868.3150183150184,-0.335693,-0.067627,0.641235,-24.501495,-5.016937,95.456390,1,4,1,1,2,94.000000
2025-03-24 15:37:30.573,,,,,,,,,,,,,,,,,,,,,,,,,,,,,,,,,,,,,,,/muse/elements/blink
2025-03-24 15:37:30.754,1.140413598282943,1.323561887963912,1.129605900536057,1.015498950971935,1.670252144072351,1.206611949993889,1.134025027586339,1.431357552985601,1.316989985082107,1.151139158100957,0.9862342081304764,1.220211167002125,1.327644671257748,0.4047152990865918,0.1781102457509819,0.4925986407941749,0.8787124470071456,-0.07909171134916708,-0.1461423196963877,0.6048912417091574,0,792.5641025641025,779.2673992673992,710.7692307692308,0,0,-0.518921,0.180786,0.897339,-86.013184,0.209351,108.316498,1,4,1,1,2,94.000000
2025-03-24 15:37:30.901,,,,,,,,,,,,,,,,,,,,,,,,,,,,,,,,,,,,,,,/muse/elements/blink
2025-03-24 15:37:31.266,1.140413598282943,1.337477652315268,1.262972788260857,1.015498950971935,1.670252144072351,1.148199396963319,1.147464598401755,1.431357552985601,1.316989985082107,1.170439157407204,0.9225626254491515,1.220211167002125,1.327644671257748,0.3952774932725077,0.1345249354943016,0.4925986407941749,0.8787124470071456,-0.150819926541454,-0.1988572240987351,0.6048912417091574,447.2527472527473,792.5641025641025,797.8021978021978,789.7435897435897,636.6300366300367,562.4908424908425,-0.580994,-0.087830,0.770142,-30.490417,1.764526,28.538971,1,4,1,1,2,94.000000
2025-03-24 15:37:31.511,,,,,,,,,,,,,,,,,,,,,,,,,,,,,,,,,,,,,,,/muse/elements/blink
2025-03-24 15:37:31.753,1.140413598282943,1.328006898156253,1.233767694006496,1.015498950971935,1.670252144072351,1.09596878987071,1.106819398549633,1.431357552985601,1.316989985082107,0.9647542313901705,0.8067840565958616,1.220211167002125,1.327644671257748,0.3767246696506202,0.04072037675295784,0.4925986407941749,0.8787124470071456,-0.2829786457811802,-0.2109206722828177,0.6048912417091574,700.2930402930403,801.4285714285714,803.040293040293,789.7435897435897,977.5091575091575,1114.908424908425,-0.507324,-0.094482,0.851074,9.652557,-0.142059,-4.665527,1,4,1,1,2,94.000000
2025-03-24 15:37:32.110,,,,,,,,,,,,,,,,,,,,,,,,,,,,,,,,,,,,,,,/muse/elements/blink
2025-03-24 15:37:32.253,1.140413598282943,1.184736113434871,1.169557650191621,1.015498950971935,1.670252144072351,0.9357126845019341,1.018757013744253,1.431357552985601,1.316989985082107,0.9312335113608975,0.4467638099891041,1.220211167002125,1.327644671257748,0.2565332875425598,0.06063453201523074,0.4925986407941749,0.8787124470071456,-0.2306178336431857,-0.2231500178585496,0.6048912417091574,910.6227106227107,811.0989010989011,804.2490842490843,790.1465201465202,872.3443223443223,875.5677655677656,-0.616455,0.032471,0.749207,10.781555,-7.970276,-3.895416,1,2,1,1,2,94.000000
2025-03-24 15:37:32.764,1.140413598282943,0.8425560818257125,0.7142765043426684,1.015498950971935,1.670252144072351,0.7964715733052381,0.7270567425639898,1.431357552985601,1.316989985082107,0.7441012219338309,0.2906753966808139,1.220211167002125,1.327644671257748,0.2724598990812319,0.1289806766744852,0.4925986407941749,0.8787124470071456,-0.08131582846677222,-0.06460205380974469,0.6048912417091574,768.7912087912088,801.8315018315019,800.6227106227107,797.8021978021978,801.025641025641,800.2197802197802,-0.568604,0.017761,0.806335,7.237549,0.411224,-0.912170,1,2,1,1,2,94.000000
2025-03-24 15:37:33.253,1.140413598282943,0.315029216977636,0.4183573572929873,1.015498950971935,1.670252144072351,0.5087966053205158,0.07600918298699083,1.431357552985601,1.316989985082107,0.5024252002627102,0.02161583392395498,1.220211167002125,1.327644671257748,0.1701002258029138,0.1026942685833355,0.4925986407941749,0.8787124470071456,-0.04387107421048804,-0.08736753280271654,0.6048912417091574,796.1904761904763,809.0842490842491,786.5201465201466,789.7435897435897,746.2271062271062,873.1501831501831,-0.538147,-0.020691,0.808411,101.467743,19.940643,-118.028870,1,2,1,1,2,94.000000
2025-03-24 15:37:33.765,1.140413598282943,0.6080449109066446,0.7329367401355115,1.015498950971935,1.670252144072351,0.3881191519701583,0.4944120721487965,1.431357552985601,1.316989985082107,0.7526589932378429,0.742971428730838,1.220211167002125,1.327644671257748,0.1525682481601375,0.0730277140816533,0.4925986407941749,0.8787124470071456,-0.008934913557850258,-0.0764577294207375,0.6048912417091574,799.8168498168499,813.5164835164835,794.1758241758242,780.8791208791209,781.2820512820513,697.8754578754579,-0.643066,-0.031860,0.769775,66.214600,1.398163,-98.521881,1,2,1,1,2,94.000000
2025-03-24 15:37:34.254,1.140413598282943,0.7857818634401925,0.9289641889091008,1.015498950971935,1.670252144072351,0.653501969977292,0.7380514105314075,1.431357552985601,1.316989985082107,0.7758624066343687,0.7510945507950025,1.220211167002125,1.327644671257748,0.06484807066108265,0.07489752621438875,0.4925986407941749,0.8787124470071456,-0.06671547690116306,-0.1840574567199397,0.6048912417091574,805.8608058608058,796.5934065934066,811.0989010989011,801.8315018315019,794.981684981685,755.0915750915751,-0.578125,-0.042847,0.802795,7.117920,-5.831909,-4.022522,1,2,1,1,2,94.000000
2025-03-24 15:37:34.754,1.140413598282943,0.7894250496042676,0.9596958964012,1.015498950971935,1.670252144072351,0.6773032322474786,0.8605058404945722,1.431357552985601,1.316989985082107,0.7758624066343687,0.7510945507950025,1.220211167002125,1.327644671257748,0.08567047937252074,0.07973134012409017,0.4925986407941749,0.8787124470071456,-0.05577792727751282,-0.1354874829266426,0.6048912417091574,814.3223443223443,806.6666666666667,808.2783882783883,813.919413919414,821.1721611721612,1026.263736263736,-0.591003,-0.049744,0.776733,-13.428345,-5.256195,21.234131,1,2,1,1,2,94.000000
2025-03-24 15:37:35.258,1.140413598282943,0.7010836097474997,0.8647986201151106,1.015498950971935,1.670252144072351,0.5797004484034254,0.7770042471392585,1.431357552985601,1.316989985082107,0.7466014619985164,0.7329645883438433,1.220211167002125,1.327644671257748,0.1502525534912611,0.1027321355545542,0.4925986407941749,0.8787124470071456,-0.1137636176669966,-0.1647288172535755,0.6048912417091574,727.2893772893773,783.2967032967033,836.8864468864469,819.1575091575091,669.2673992673992,498.021978021978,-0.321655,0.125793,0.988220,-80.001831,-22.221069,136.750793,1,2,1,1,2,94.000000
2025-03-24 15:37:35.754,1.140413598282943,0.9049591028862287,0.8448491766283162,1.34520804510688,1.670252144072351,0.3580384711822689,0.6512490460965062,1.237368444825167,1.316989985082107,0.6118694630692055,0.6078782075537743,1.027079254253317,1.327644671257748,0.1216327882109797,0.06496387418066614,0.4678095394513839,0.8787124470071456,-0.1377621656936942,-0.01136459958169713,0.5021735379410893,895.3113553113553,806.6666666666667,807.4725274725275,793.3699633699634,827.6190476190476,817.948717948718,-0.467224,-0.008911,0.895813,-0.717773,8.964691,19.746246,1,1,1,1,1,94.000000
2025-03-24 15:37:36.175,,,,,,,,,,,,,,,,,,,,,,,,,,,,,,,,,,,,,,,/muse/elements/blink
2025-03-24 15:37:36.256,1.140413598282943,1.231625861802833,1.044771625928444,1.415621478869579,1.670252144072351,0.4733305592785358,0.5004497861495476,1.228785783565849,1.316989985082107,0.7274385682110988,0.5487454626044727,1.027079254253317,1.327644671257748,0.102287684132966,0.0784484260448193,0.4757892062928293,0.8787124470071456,-0.1416541803881291,0.03159795053504936,0.5037577830453911,990.8058608058608,784.5054945054945,816.3369963369963,834.8717948717949,942.0512820512821,1023.846153846154,-0.592651,-0.081726,0.754150,-58.543396,-7.813263,74.199829,1,1,1,1,1,94.000000
2025-03-24 15:37:36.753,1.140413598282943,1.403234333252268,1.253084634034734,1.4385742775721,1.670252144072351,0.6508238675943758,0.6234652853004791,1.252887232386446,1.316989985082107,0.7274385682110988,0.5352265549843753,1.027079254253317,1.327644671257748,0.06153452702640157,0.1483297791716814,0.5070960380399434,0.8787124470071456,-0.1335336679324043,0.1881170928632336,0.5144379565986955,903.7728937728938,808.6813186813187,803.8461538461539,801.8315018315019,791.7582417582418,906.1904761904763,-0.523315,0.019043,0.836609,-4.142151,-3.835602,-2.841187,1,1,1,1,1,94.000000
2025-03-24 15:37:37.258,1.140413598282943,1.501412867467344,1.332540894112175,1.537311324596023,1.670252144072351,0.6531828458816011,0.6002880014512971,1.240848524833083,1.316989985082107,0.6896183912106171,0.5234535711150731,0.9818119551674077,1.327644671257748,-0.03865620570825847,0.08873239796282291,0.5542535018141173,0.8787124470071456,-0.03365234036948493,0.2472821898822438,0.5284403332068991,836.4835164835165,800.6227106227107,793.3699633699634,798.2051282051282,855.0183150183151,1185.018315018315,-0.513916,0.071472,0.855530,34.139099,1.951447,-51.926422,1,1,1,1,1,94.000000
2025-03-24 15:37:37.367,,,,,,,,,,,,,,,,,,,,,,,,,,,,,,,,,,,,,,,/muse/elements/blink
2025-03-24 15:37:37.624,,,,,,,,,,,,,,,,,,,,,,,,,,,,,,,,,,,,,,,/muse/elements/blink
2025-03-24 15:37:37.756,1.140413598282943,0.9874229691139306,0.3948520058891229,1.537311324596023,1.670252144072351,0.4410841588586696,0.420182592969217,1.240848524833083,1.316989985082107,0.381578376301821,0.1107360724182992,0.9818119551674077,1.327644671257748,-0.02481807339146651,-0.003989215012605916,0.5542535018141173,0.8787124470071456,-0.1830750411359407,-0.1962594593329185,0.5284403332068991,788.1318681318681,795.7875457875458,821.5750915750916,803.8461538461539,823.5897435897436,751.8681318681319,-0.491943,0.024780,0.878967,55.948944,4.792633,-85.033722,1,1,1,1,1,94.000000
2025-03-24 15:37:38.253,1.140413598282943,1.275217551760789,0.8977143963970488,1.537311324596023,1.670252144072351,0.926134711604379,0.9881389839222504,1.240848524833083,1.316989985082107,0.62654189190718,0.4956420921680401,0.9818119551674077,1.327644671257748,0.08024553889704643,0.06783470432464264,0.5542535018141173,0.8787124470071456,-0.1416556956438201,-0.1873251162524802,0.5284403332068991,792.1611721611722,806.2637362637363,780.4761904761905,773.2234432234433,843.7362637362637,755.4945054945055,-0.492981,-0.003296,0.874023,49.227295,-2.534637,-59.223785,1,1,1,1,1,94.000000
2025-03-24 15:37:38.753,1.140413598282943,1.133072342316914,0.9360131438473859,1.537311324596023,1.670252144072351,1.04942198709712,1.174872209998492,1.240848524833083,1.316989985082107,0.868943284622536,0.6200893391054724,0.9818119551674077,1.327644671257748,0.2083381665429367,0.04365243718232482,0.5542535018141173,0.8787124470071456,0.005581875718871519,-0.1786084318753444,0.5284403332068991,786.5201465201466,812.7106227106227,797.3992673992674,791.3553113553114,777.2527472527473,765.5677655677656,-0.512512,0.017334,0.860657,-7.723541,-3.902893,6.766510,1,2,1,1,2,94.000000
2025-03-24 15:37:39.253,1.206317339576991,1.062712955264801,0.963012151031593,0.5009238544634648,0.7793897728235768,1.046300195044978,1.192461381959898,0.7254242014222484,0.8948826203625395,0.868943284622536,0.622341914733234,0.9022481018545471,0.5312650017536625,0.232259009176065,0.05912448285719789,0.3954542663450833,0.2895271447163145,0.03348531111229364,-0.2445167186081577,0.1167105429956808,776.4468864468864,802.2344322344322,808.2783882783883,790.952380952381,720.4395604395604,692.6373626373627,-0.472473,0.024109,0.893799,-32.853088,-0.164490,40.142975,1,1,1,1,1,94.000000
2025-03-24 15:37:39.765,1.115223211608628,0.3088305967579561,0.6603261861843992,0.5948982910160323,0.7184603531032857,0.8031099743880216,0.976214464281598,0.5976690054474679,0.9604223977029859,0.8445135702691101,0.5001654713465892,0.9273701217636887,0.517115947565884,0.2013601010330468,0.02578646060226417,0.4300372026695057,0.2767974023956807,0.003289917724026218,-0.1256612550837548,0.1514403143581936,759.5238095238095,794.981684981685,804.6520146520147,786.1172161172161,772.014652014652,989.1941391941392,-0.482666,-0.066833,0.859009,-84.271088,-7.237549,131.188049,1,1,1,1,1,94.000000
2025-03-24 15:37:40.264,1.198026972580001,0.5579975657058737,0.7607256260926226,0.609907930077446,0.8969698299781319,0.6875618400721666,0.8144689202775065,0.4855481127274441,1.398079928699907,0.5463687253344585,0.4996813982469528,0.8582611744225914,0.5518625305631771,0.1064862759381658,0.08272118720277159,0.4238081833388718,0.2373121489660058,-0.1963767758239929,0.05195734543359944,0.138556756270138,743.0036630036631,784.1025641025641,817.948717948718,789.3406593406594,712.7838827838829,689.8168498168499,-0.538330,0.014771,0.804016,-44.210358,-5.248718,66.932373,1,1,1,1,1,94.000000
2025-03-24 15:37:40.754,1.190531529770378,0.6759529359662585,0.7343652107436013,0.6521057615440552,0.9317750944355435,0.8991281493060399,0.9025800594093746,0.349697642927879,1.398079928699907,0.5140399367369485,0.454234550083833,0.3557193678208552,0.5596032540801406,0.2223707492220635,0.1602506582005691,0.4647096286533345,0.2195513464138899,-0.2113624204706363,0.138294541918119,0.1741687360073809,749.047619047619,802.2344322344322,805.4578754578755,759.92673992674,672.0879120879121,512.9304029304029,-0.502563,0.241821,0.789734,61.182709,0.844879,-104.039764,1,1,1,1,1,94.000000
2025-03-24 15:37:41.256,1.321198460252683,0.8095735609968419,0.8481416859067692,0.751393915507848,1.084305418168804,1.037047212806383,0.9740051493079916,0.3731804270972476,1.398079928699907,0.5291211351719639,0.5594332314157959,0.2404705645302858,0.6049404199226929,0.2809310064294573,0.1290551465753489,0.457975698730766,0.1128268395958841,-0.1884717764654599,0.1535963195523804,0.2036308826679368,446.8498168498169,785.3113553113553,797.8021978021978,804.2490842490843,651.5384615384615,106.7765567765568,-0.353271,-0.063171,0.660461,84.173889,-11.454468,-119.733582,1,1,1,1,1,94.000000
2025-03-24 15:37:41.596,,,,,,,,,,,,,,,,,,,,,,,,,,,,,,,,,,,,,,,/muse/elements/blink
2025-03-24 15:37:41.720,,,,,,,,,,,,,,,,,,,,,,,,,,,,,,,,,,,,,,,/muse/elements/blink
2025-03-24 15:37:41.754,1.35456757952375,0.8055791693868086,0.8894612659744694,0.751393915507848,1.16239802085527,1.087301856558109,0.9313053656845366,0.3731804270972476,1.398079928699907,0.5291211351719639,0.5140958725145215,0.2404705645302858,0.628220829827237,0.370364184514643,0.1013779246364016,0.457975698730766,0.119296517307173,-0.1391900500922626,0.05334582733780515,0.2036308826679368,473.4432234432235,760.7326007326008,839.7069597069598,776.0439560439561,682.5641025641025,535.0915750915751,-0.168213,-0.032837,0.813232,-68.891296,-3.693542,129.782410,1,4,1,1,1,94.000000
2025-03-24 15:37:42.254,1.35456757952375,0.7923064488756273,0.9916271712726198,0.751393915507848,1.16239802085527,1.003922312430289,0.8408701122954976,0.3731804270972476,1.398079928699907,0.4090740668006367,0.5140958725145215,0.2404705645302858,0.628220829827237,0.2830469675908724,-0.01119720970903963,0.457975698730766,0.119296517307173,-0.1737138829909125,0.0151970582844837,0.2036308826679368,1278.901098901099,824.7985347985348,803.040293040293,850.1831501831502,1114.908424908425,1604.871794871795,-0.410400,0.300415,0.921265,2.669220,7.559052,-7.588959,1,4,1,1,1,94.000000
2025-03-24 15:37:42.375,,,,,,,,,,,,,,,,,,,,,,,,,,,,,,,,,,,,,,,/muse/elements/blink
2025-03-24 15:37:42.669,,,,,,,,,,,,,,,,,,,,,,,,,,,,,,,,,,,,,,,/muse/elements/blink
2025-03-24 15:37:42.754,1.35456757952375,0.7923064488756273,1.31298975496495,0.751393915507848,1.16239802085527,1.003922312430289,1.131940222441434,0.3731804270972476,1.398079928699907,0.4090740668006367,0.9355142461799898,0.2404705645302858,0.628220829827237,0.2830469675908724,0.3291157309410722,0.457975698730766,0.119296517307173,-0.1737138829909125,-0.05173242352241476,0.2036308826679368,848.974358974359,821.5750915750916,802.6373626373627,803.040293040293,746.6300366300367,1067.765567765568,-0.398926,-0.231262,0.947388,-31.133423,-42.273865,-13.413391,1,4,1,1,1,94.000000
2025-03-24 15:37:42.976,,,,,,,,,,,,,,,,,,,,,,,,,,,,,,,,,,,,,,,/muse/elements/blink
2025-03-24 15:37:43.254,1.35456757952375,0.7923064488756273,1.216183422172381,0.751393915507848,1.16239802085527,1.003922312430289,1.066463849952304,0.3731804270972476,1.398079928699907,0.4090740668006367,0.9269543343181994,0.2404705645302858,0.628220829827237,0.2830469675908724,0.3969341655366591,0.457975698730766,0.119296517307173,-0.1737138829909125,-0.2207852394744464,0.2036308826679368,1129.41391941392,805.0549450549451,801.025641025641,813.1135531135532,1026.666666666667,1600.43956043956,-0.669922,0.023254,1.237732,23.193054,2.504730,-14.863892,1,4,1,1,2,94.000000
2025-03-24 15:37:43.272,,,,,,,,,,,,,,,,,,,,,,,,,,,,,,,,,,,,,,,/muse/elements/blink
2025-03-24 15:37:43.590,,,,,,,,,,,,,,,,,,,,,,,,,,,,,,,,,,,,,,,/muse/elements/blink
2025-03-24 15:37:43.753,1.35456757952375,0.7191320854642803,1.048391168744879,0.751393915507848,1.16239802085527,0.8269340316037588,0.945299759581104,0.3731804270972476,1.398079928699907,0.2202942310102144,0.9269543343181994,0.2404705645302858,0.628220829827237,-0.01742196695162288,0.2822441560309807,0.457975698730766,0.119296517307173,-0.319970591102944,-0.3207580694248688,0.2036308826679368,1181.794871794872,813.1135531135532,806.2637362637363,844.1391941391942,1046.410256410256,1449.340659340659,-0.581421,0.045593,0.916016,-7.252502,9.271240,-13.525543,1,4,1,1,2,94.000000
2025-03-24 15:37:44.253,1.35456757952375,0.7037850825304777,0.749646427090756,1.825257044945995,1.16239802085527,0.8230542338272134,0.7391340279199553,1.965115786154108,1.398079928699907,0.42104498831523,0.6966310962974004,1.455194486961114,0.628220829827237,0.05556021761382388,0.2411650089636355,0.7372846432911704,0.119296517307173,-0.3516453503665873,-0.1981996921505499,-0.05032057571843018,1081.465201465202,803.8461538461539,804.2490842490843,844.1391941391942,703.919413919414,649.5238095238095,-0.515076,-0.028015,0.825806,5.031891,-7.566528,7.708588,1,4,1,1,1,94.000000
2025-03-24 15:37:44.410,,,,,,,,,,,,,,,,,,,,,,,,,,,,,,,,,,,,,,,/muse/elements/blink
2025-03-24 15:37:44.753,1.35456757952375,0.8337338661487638,0.7802717520929121,1.825257044945995,1.16239802085527,0.8037904922605814,0.5526349258401808,1.965115786154108,1.398079928699907,0.5056164858075383,0.6530591849859123,1.455194486961114,0.628220829827237,0.1336311957901603,0.1783641732932776,0.7372846432911704,0.119296517307173,-0.3382166129653749,-0.1210348506726725,-0.05032057571843018,521.3919413919414,797.8021978021978,783.2967032967033,775.6410256410256,683.3699633699634,313.4798534798535,-0.163086,0.079224,0.710938,-3.820648,-88.338470,-17.884521,1,4,1,1,1,94.000000
2025-03-24 15:37:45.262,1.35456757952375,0.7996208442666509,0.9537272352985404,1.818804257664285,1.16239802085527,0.6941460642010063,0.4703191446242459,2.017578102819136,1.398079928699907,0.3962989317502811,0.6530591849859123,1.199976925809885,0.628220829827237,0.1276701360619678,0.1637257167021973,0.7695659690403052,0.119296517307173,-0.3313487571585848,-0.1131546593183602,-0.03216163358558354,452.0879120879121,790.1465201465202,789.3406593406594,757.5091575091575,469.8168498168498,299.3772893772894,-0.127502,-0.005066,0.705322,9.465637,40.516815,22.953796,1,4,1,1,1,94.000000
2025-03-24 15:37:45.392,,,,,,,,,,,,,,,,,,,,,,,,,,,,,,,,,,,,,,,/muse/elements/blink
2025-03-24 15:37:45.720,,,,,,,,,,,,,,,,,,,,,,,,,,,,,,,,,,,,,,,/muse/elements/blink
2025-03-24 15:37:45.754,1.35456757952375,0.8812370128878543,1.048351903195548,1.818804257664285,1.16239802085527,0.6240108652867102,0.5983319614382442,2.017578102819136,1.398079928699907,0.4670969325543266,0.3865207306991119,1.199976925809885,0.628220829827237,0.1295349957004616,0.01476889970212373,0.7695659690403052,0.119296517307173,-0.3014956526665466,-0.310629126705604,-0.03216163358558354,743.8095238095239,796.1904761904763,805.0549450549451,813.1135531135532,868.3150183150184,885.6410256410256,-0.322510,0.249817,0.728455,22.168732,-2.990723,-35.686798,1,4,1,1,1,94.000000
2025-03-24 15:37:45.907,,,,,,,,,,,,,,,,,,,,,,,,,,,,,,,,,,,,,,,/muse/elements/blink
2025-03-24 15:37:46.164,,,,,,,,,,,,,,,,,,,,,,,,,,,,,,,,,,,,,,,/muse/elements/blink
2025-03-24 15:37:46.254,1.35456757952375,0.8941609429254762,0.9446463369399151,1.857690945523772,1.16239802085527,0.602454853676181,0.7655069264271108,1.872935855930818,1.398079928699907,0.5116579540414857,0.7805082943654519,1.782441959413076,0.628220829827237,0.06136733137699443,-0.02203536136097063,0.739597916161125,0.119296517307173,-0.237383703634588,-0.4570388587131536,0.1301252393311251,1158.827838827839,814.3223443223443,814.3223443223443,819.96336996337,1176.153846153846,1628.644688644689,-0.380127,-0.014709,1.172424,36.576538,-0.717773,-83.433685,1,4,1,1,1,94.000000
2025-03-24 15:37:46.522,,,,,,,,,,,,,,,,,,,,,,,,,,,,,,,,,,,,,,,/muse/elements/blink
2025-03-24 15:37:46.772,1.35456757952375,0.981216745593377,0.9211718180324046,1.818874950758334,1.16239802085527,0.8277947906499805,1.155297506319114,1.865390933025547,1.398079928699907,0.6401518201670312,1.008189114926571,1.800721615442827,0.628220829827237,0.130621202258604,0.05151561866736912,0.7302708919639432,0.119296517307173,-0.1963323638192658,-0.4871804817837284,0.140413401624795,1196.703296703297,808.2783882783883,812.3076923076924,855.8241758241759,892.893772893773,985.1648351648352,-0.464661,0.147339,0.909912,28.232422,5.555267,-30.512848,1,4,1,1,1,94.000000
2025-03-24 15:37:46.874,,,,,,,,,,,,,,,,,,,,,,,,,,,,,,,,,,,,,,,/muse/elements/blink
2025-03-24 15:37:47.162,,,,,,,,,,,,,,,,,,,,,,,,,,,,,,,,,,,,,,,/muse/elements/blink
2025-03-24 15:37:47.254,1.35456757952375,1.01638347805664,0.9985623523782524,1.731525637492347,1.16239802085527,0.8379573618048074,1.212250717584842,1.851185418050318,1.398079928699907,0.6463031184883297,1.008189114926571,1.79064574973318,0.628220829827237,0.08834198452911814,0.094516306401794,0.6720703403156566,0.119296517307173,-0.2391152956353696,-0.4490396003030873,0.09914907102378089,1029.89010989011,810.2930402930403,804.2490842490843,842.1245421245421,1045.604395604396,1149.56043956044,-0.522400,0.213257,0.791199,80.682220,1.921539,-117.004547,1,4,1,1,1,94.000000
2025-03-24 15:37:47.755,1.35456757952375,1.064797940294322,1.024347258922259,1.610250355769097,1.16239802085527,1.070149390434018,1.191680555449699,1.834710600303515,1.398079928699907,0.6246830039725789,1.000679923744461,1.78269801731134,0.628220829827237,0.1090271948641276,0.1504501458040947,0.6602388201457489,0.119296517307173,-0.3430151774898911,-0.4171939721410228,0.09904614100599049,793.7728937728938,813.919413919414,780.0732600732601,774.8351648351648,1018.205128205128,1312.747252747253,-0.468201,-0.024109,0.881104,61.362152,-10.078735,-88.906708,1,4,1,1,1,94.000000
2025-03-24 15:37:48.214,,,,,,,,,,,,,,,,,,,,,,,,,,,,,,,,,,,,,,,/muse/elements/blink
2025-03-24 15:37:48.254,1.35456757952375,1.111411639763395,0.93851230085985,1.610250355769097,1.16239802085527,1.055906768081833,1.158062606252746,1.834710600303515,1.398079928699907,0.6034352677801677,0.8982546380353267,1.78269801731134,0.628220829827237,0.066193427133761,0.1357823394695712,0.6602388201457489,0.119296517307173,-0.4029873948733337,-0.4298775411517313,0.09904614100599049,890.8791208791209,792.1611721611722,806.6666666666667,809.8901098901099,869.5238095238095,879.5970695970697,-0.493042,-0.025635,0.859436,28.254852,-1.697235,-41.668243,1,4,1,1,1,94.000000
2025-03-24 15:37:48.754,1.35456757952375,1.059595200079262,0.8766730449712771,1.610250355769097,1.16239802085527,1.064993505951301,1.174339963171336,1.834710600303515,1.398079928699907,0.4919992318649868,0.7109294253368985,1.78269801731134,0.628220829827237,0.07442489283092873,0.1447698576408734,0.6602388201457489,0.119296517307173,-0.3644631729258576,-0.397103297716502,0.09904614100599049,805.8608058608058,803.8461538461539,801.025641025641,802.6373626373627,904.1758241758242,805.8608058608058,-0.531433,0.079834,0.830261,-6.639404,-8.112335,15.880737,1,1,1,1,1,94.000000
2025-03-24 15:37:49.254,1.35456757952375,0.8547406623888462,0.880756848484623,1.610250355769097,1.16239802085527,0.7678188540834973,1.149317021793468,1.834710600303515,1.398079928699907,0.4099565376858342,0.6955881695520956,1.78269801731134,0.628220829827237,0.02590643949055533,0.08555540784160399,0.6602388201457489,0.119296517307173,-0.3170374664945076,-0.4821330037436821,0.09904614100599049,879.1941391941392,806.2637362637363,804.6520146520147,806.6666666666667,746.6300366300367,916.6666666666667,-0.490234,0.096436,0.880127,-2.392578,3.678589,3.372040,1,2,1,1,2,94.000000
2025-03-24 15:37:49.754,1.35456757952375,0.4708562514426973,0.8524004487015243,0.8168134744017185,1.16239802085527,0.3897736451469163,0.9119040914288085,0.1144375157403999,1.398079928699907,0.3348092870674854,0.6261003199391667,-0.03137960589095976,0.628220829827237,-0.04829167282718495,-0.000685312001391865,0.2602712832682055,0.119296517307173,-0.2162275001756925,-0.4925216865841554,0.01543546413316955,806.6666666666667,801.8315018315019,792.967032967033,795.3846153846154,810.6959706959707,737.7655677655678,-0.509583,0.087036,0.853333,3.207550,-0.261688,0.403748,1,1,1,1,1,94.000000
2025-03-24 15:37:50.257,1.35456757952375,0.004603302964442738,0.1778155778256467,0.780905022969235,1.16239802085527,-0.2579487433000559,-0.0006296010309952636,0.3589226552705675,1.398079928699907,0.1227482690301381,0.1546452791118142,0.3659597133457381,0.628220829827237,-0.1390976589141712,-0.1743008139804894,0.2233628761479957,0.119296517307173,-0.2231193252038373,-0.6047935464565501,-0.09804740238435411,768.7912087912088,793.3699633699634,798.6080586080586,787.3260073260074,763.956043956044,680.952380952381,-0.518433,0.089294,0.841675,-11.798401,0.485992,22.243500,1,1,1,1,1,94.000000
2025-03-24 15:37:50.759,1.35456757952375,-0.08500089605227965,0.04947014734625639,0.73728641787354,1.16239802085527,-0.2876363964524796,-0.1062399290493004,0.3203214051968666,1.398079928699907,0.1227482690301381,0.1318450245468569,0.3782809113447135,0.628220829827237,-0.1380937845955366,-0.2898992912320745,0.219985063660831,0.119296517307173,-0.3105045260968699,-0.6361448012032318,-0.117679691510228,779.2673992673992,800.6227106227107,805.4578754578755,800.6227106227107,805.8608058608058,983.956043956044,-0.534424,0.095215,0.820374,-4.403839,-1.300964,6.033783,1,1,1,1,1,94.000000
2025-03-24 15:37:51.254,1.35456757952375,-0.3359064934369247,0.02847063006448177,0.6912982339230384,1.16239802085527,-0.3603852990204944,-0.1225171505918511,0.3954180212258105,1.398079928699907,0.1778967472631997,-0.06976578941611798,0.3609019160487665,0.628220829827237,-0.08321102844689708,-0.3372672059470737,0.1983479681733278,0.119296517307173,-0.4978123501829171,-0.6440698630244203,-0.2035147477604481,556.0439560439561,774.4322344322345,807.4725274725275,755.0915750915751,701.5018315018315,481.5018315018315,-0.305481,-0.025696,0.979797,-116.219482,-17.548065,183.794861,1,1,1,1,1,94.000000
2025-03-24 15:37:51.755,1.35456757952375,0.2742984460795001,0.2765948992233463,0.6421492146970198,1.16239802085527,0.3825615995590638,0.3461963505771633,0.27294373960851,1.398079928699907,0.260825684261311,0.5184787880212915,0.3240248574509719,0.628220829827237,-0.06123096287957795,-0.1995016091658597,0.2190762602704767,0.119296517307173,-0.4792449950643748,-0.5021265739631308,-0.1904333840085298,832.4542124542124,817.5457875457876,794.5787545787546,822.3809523809524,755.0915750915751,918.2783882783883,-0.483032,0.055359,0.843384,-18.273315,-7.581482,30.572662,1,1,1,1,1,94.000000
2025-03-24 15:37:52.254,1.35456757952375,0.6515164719847055,0.433898852209643,0.5882118563466804,1.16239802085527,0.6452699234585241,0.6188317165390483,0.192116618197741,1.398079928699907,0.5840652878345119,0.7945160902618802,0.3004917644548257,0.628220829827237,0.08665971976977357,-0.04909791965046882,0.2105582897134156,0.119296517307173,-0.3653858055594297,-0.3895040590094588,-0.1767482453836506,870.7326007326008,801.025641025641,791.3553113553114,782.893772893773,913.040293040293,1027.472527472527,-0.296753,-0.037292,0.984131,86.416931,9.734802,-155.525055,1,1,1,1,1,94.000000
2025-03-24 15:37:52.754,1.35456757952375,0.776012994782533,0.6548595741550002,0.5882118563466804,1.16239802085527,0.8631951289289929,0.8666243653548358,0.192116618197741,1.398079928699907,0.7146529056276711,0.8650735128261635,0.3004917644548257,0.628220829827237,0.1218056641257841,0.1093118839808051,0.2105582897134156,0.119296517307173,-0.2299550210848045,-0.2982514039867538,-0.1767482453836506,711.978021978022,815.934065934066,796.5934065934066,801.025641025641,655.5677655677656,536.3003663003664,-0.484680,-0.253296,0.857910,51.836700,3.648682,-76.487732,1,1,1,1,1,94.000000
2025-03-24 15:37:52.829,,,,,,,,,,,,,,,,,,,,,,,,,,,,,,,,,,,,,,,/muse/elements/blink
2025-03-24 15:37:53.252,,,,,,,,,,,,,,,,,,,,,,,,,,,,,,,,,,,,,,,/muse/elements/blink
2025-03-24 15:37:53.268,1.35456757952375,0.9658701439864007,0.9747539098746765,1.441849739807293,1.16239802085527,0.9882529685308891,1.011184377549435,1.466641303774729,1.398079928699907,0.9016869620963713,0.8776914322169791,0.8892392067660935,0.628220829827237,0.1993144058468153,0.1438781774588064,0.7037117720207805,0.119296517307173,-0.07479332618729242,-0.2543190933859735,0.5120853708885704,227.6556776556777,786.9230769230769,765.5677655677656,761.1355311355312,518.5714285714286,1.611721611721612,-0.272278,0.057190,0.710144,-131.636658,-15.110626,176.355438,1,1,1,1,1,94.000000
2025-03-24 15:37:53.467,,,,,,,,,,,,,,,,,,,,,,,,,,,,,,,,,,,,,,,/muse/elements/blink
2025-03-24 15:37:53.764,1.35456757952375,1.226040834542537,1.127777978217443,1.478926297910298,1.16239802085527,1.213626066903166,1.109178272584901,1.526434431945874,1.398079928699907,0.9074279230788111,0.6935020462369951,1.236846600715173,0.628220829827237,0.2617197800904211,0.1946278650301142,0.9407138245797638,0.119296517307173,-0.01034836977841397,-0.1854880141490275,0.4930971422936809,1406.227106227106,813.1135531135532,808.6813186813187,905.3846153846154,975.8974358974359,1207.582417582418,-0.301025,-0.201782,0.718567,-40.367279,2.796326,55.014343,1,4,1,1,1,94.000000
2025-03-24 15:37:54.073,,,,,,,,,,,,,,,,,,,,,,,,,,,,,,,,,,,,,,,/muse/elements/blink
2025-03-24 15:37:54.254,1.35456757952375,1.325131021232847,1.306174991517951,1.520990303575224,1.16239802085527,1.230522353967594,1.237837281844488,1.603588623883361,1.398079928699907,0.9074279230788111,0.6893372471683072,1.236846600715173,0.628220829827237,0.3976070614344607,0.1430364921026909,1.011554027442954,0.119296517307173,0.07205292270791694,-0.1115896873958029,0.5242947631133645,229.2673992673993,797.8021978021978,796.1904761904763,770,593.5164835164835,510.5128205128206,-0.353455,0.022827,0.816711,8.560944,-4.284210,-12.987213,1,4,1,1,1,94.000000
2025-03-24 15:37:54.434,,,,,,,,,,,,,,,,,,,,,,,,,,,,,,,,,,,,,,,/muse/elements/blink
2025-03-24 15:37:54.754,1.35456757952375,1.310722131073095,0.7669855138356695,1.520990303575224,1.16239802085527,1.150892477418534,0.7286327792536518,1.603588623883361,1.398079928699907,0.7247963552048557,0.2763545882856132,1.236846600715173,0.628220829827237,0.4243719473625079,0.3722533692679715,1.011554027442954,0.119296517307173,0.05125097809841627,-0.126002669036639,0.5242947631133645,570.5494505494505,810.2930402930403,791.7582417582418,763.956043956044,928.3516483516484,1079.047619047619,-0.522888,-0.133972,0.763733,-13.555450,-9.301147,4.987030,1,4,1,1,1,94.000000
2025-03-24 15:37:55.254,1.35456757952375,1.046041309063009,0.7715605703551827,1.520990303575224,1.16239802085527,0.8455349868190249,0.7603281782267449,1.603588623883361,1.398079928699907,0.7201456346581054,0.3649310032395982,1.236846600715173,0.628220829827237,0.3526460706343048,0.231368244888306,1.011554027442954,0.119296517307173,-0.01092228385480483,-0.3102344620721929,0.5242947631133645,1017.802197802198,810.2930402930403,813.919413919414,818.7545787545788,1359.89010989011,1622.197802197802,-0.280151,0.015625,1.264954,46.393585,-29.010010,-119.367218,1,4,1,1,1,94.000000
2025-03-24 15:37:55.760,1.35456757952375,1.196110971373903,0.8962661442261493,1.520990303575224,1.16239802085527,0.738586832848915,1.047158706519584,1.603588623883361,1.398079928699907,0.8445690370610319,0.6355228982920883,1.236846600715173,0.628220829827237,0.2019991491661127,0.1741573378132961,1.011554027442954,0.119296517307173,-0.1440623703370418,-0.3400610266911474,0.5242947631133645,554.8351648351648,797.8021978021978,794.981684981685,762.7472527472528,983.1501831501831,1046.007326007326,-0.407104,-0.107056,1.246704,22.759399,19.776154,-21.361237,1,4,1,1,2,94.000000
2025-03-24 15:37:55.888,,,,,,,,,,,,,,,,,,,,,,,,,,,,,,,,,,,,,,,/muse/elements/blink
2025-03-24 15:37:56.172,,,,,,,,,,,,,,,,,,,,,,,,,,,,,,,,,,,,,,,/muse/elements/blink
2025-03-24 15:37:56.254,1.35456757952375,1.215118709960422,0.8713698922382889,1.520990303575224,1.16239802085527,0.9322954252395634,1.110203049839364,1.603588623883361,1.398079928699907,0.8721187927771972,0.707304151684278,1.236846600715173,0.628220829827237,0.1945339847385085,0.1248265542415927,1.011554027442954,0.119296517307173,-0.1836014062258212,-0.4170499775916587,0.5242947631133645,1045.201465201465,809.0842490842491,811.5018315018315,809.8901098901099,1170.10989010989,1577.472527472527,-0.505127,0.014893,1.179443,7.902985,19.080811,-13.839569,1,4,1,1,2,94.000000
2025-03-24 15:37:56.668,,,,,,,,,,,,,,,,,,,,,,,,,,,,,,,,,,,,,,,/muse/elements/blink
2025-03-24 15:37:56.754,1.35456757952375,1.275297941271235,0.8626522044769728,1.520990303575224,1.16239802085527,0.943410466558974,1.154415803455911,1.603588623883361,1.398079928699907,0.8508471822019182,0.7021966278398424,1.236846600715173,0.628220829827237,0.1623874686782839,0.1661889770479156,1.011554027442954,0.119296517307173,-0.1347323738884021,-0.4491142019154779,0.5242947631133645,543.5531135531136,792.5641025641025,794.5787545787546,785.3113553113553,626.1538461538462,429.9267399267399,-0.571472,0.024048,1.556091,-24.837952,-25.443573,4.755249,1,4,1,1,2,94.000000
2025-03-24 15:37:57.094,,,,,,,,,,,,,,,,,,,,,,,,,,,,,,,,,,,,,,,/muse/elements/blink
2025-03-24 15:37:57.254,1.35456757952375,1.243164215867491,0.7224103807061582,1.520990303575224,1.16239802085527,1.148023886417527,1.073449882926264,1.603588623883361,1.398079928699907,0.8574087789861237,0.8554820889097343,1.236846600715173,0.628220829827237,0.1747703296084215,0.1919002589711058,1.011554027442954,0.119296517307173,-0.1415137917243794,-0.275772384156145,0.5242947631133645,1329.67032967033,806.2637362637363,809.8901098901099,873.956043956044,1229.74358974359,1608.901098901099,-0.657898,0.013184,1.088562,12.972260,-0.022430,-9.076843,1,4,1,1,2,94.000000
2025-03-24 15:37:57.754,1.35456757952375,1.213462713132441,0.87749271789258,1.520990303575224,1.16239802085527,1.051297099962623,1.056533150221808,1.603588623883361,1.398079928699907,0.6432309207919484,1.130258196893636,1.236846600715173,0.628220829827237,0.238290552769349,0.257188849624036,1.011554027442954,0.119296517307173,-0.1966280405126322,-0.07485006314730278,0.5242947631133645,1151.575091575092,803.8461538461539,813.919413919414,834.4688644688645,1050.43956043956,1364.725274725275,-0.412964,0.156311,1.029236,14.669495,9.966583,-67.762299,1,4,1,1,2,94.000000
2025-03-24 15:37:57.822,,,,,,,,,,,,,,,,,,,,,,,,,,,,,,,,,,,,,,,/muse/elements/blink
2025-03-24 15:37:58.264,1.35456757952375,1.19876652766281,0.9276055661067365,1.520990303575224,1.16239802085527,1.127409727626271,1.177352396333424,1.603588623883361,1.398079928699907,0.7123930676889028,1.130258196893636,1.236846600715173,0.628220829827237,0.3525479985430419,0.195075457907162,1.011554027442954,0.119296517307173,-0.3336697916869955,-0.05762621793201045,0.5242947631133645,1000.47619047619,820.7692307692308,794.981684981685,790.1465201465202,507.2893772893773,359.010989010989,-0.397766,0.001953,0.750183,79.284058,2.235565,-90.985260,1,4,1,1,2,94.000000
2025-03-24 15:37:58.366,,,,,,,,,,,,,,,,,,,,,,,,,,,,,,,,,,,,,,,/muse/elements/blink
2025-03-24 15:37:58.534,,,,,,,,,,,,,,,,,,,,,,,,,,,,,,,,,,,,,,,/muse/elements/blink
2025-03-24 15:37:58.754,1.35456757952375,1.028593882517861,1.061728318205176,1.520990303575224,1.16239802085527,1.128616672588614,1.269574247039066,1.603588623883361,1.398079928699907,0.7130422910169021,1.147908097658892,1.236846600715173,0.628220829827237,0.3432249239518929,0.1414409219312051,1.011554027442954,0.119296517307173,-0.4345692704643912,-0.1245440770510218,0.5242947631133645,1188.241758241758,802.6373626373627,807.8754578754579,843.3333333333334,869.1208791208792,1094.761904761905,-0.504089,0.221619,0.779602,46.722565,-0.246735,-90.013275,1,4,1,1,2,94.000000
2025-03-24 15:37:58.840,,,,,,,,,,,,,,,,,,,,,,,,,,,,,,,,,,,,,,,/muse/elements/blink
2025-03-24 15:37:59.254,1.35456757952375,1.01963275025981,1.053223026839114,1.520990303575224,1.16239802085527,1.209149933966573,1.194885431748163,1.603588623883361,1.398079928699907,0.7261021088455286,0.7801923993038007,1.236846600715173,0.628220829827237,0.2507498684391353,-0.04205244117901485,1.011554027442954,0.119296517307173,-0.3931406874126354,-0.2997599902179462,0.5242947631133645,837.2893772893773,807.0695970695971,796.5934065934066,793.3699633699634,831.2454212454213,892.893772893773,-0.377747,-0.008972,0.814270,28.277283,-10.960999,-67.986603,1,4,1,1,2,94.000000
2025-03-24 15:37:59.754,1.35456757952375,0.9570915568089216,1.12218704530007,1.520990303575224,1.16239802085527,1.17407709918773,1.034479729290567,1.603588623883361,1.398079928699907,0.7305628068746839,0.7672714568640873,1.236846600715173,0.628220829827237,0.1418185046167582,-0.02385802721981518,1.011554027442954,0.119296517307173,-0.2621561287826493,-0.3008435725544134,0.5242947631133645,863.8827838827839,812.3076923076924,794.981684981685,792.967032967033,664.4322344322344,627.7655677655678,-0.384338,0.016602,0.926880,58.909760,-11.170349,-56.262970,1,4,1,1,2,94.000000
2025-03-24 15:38:00.254,1.35456757952375,0.9788467769010455,1.011979648911186,1.520990303575224,1.16239802085527,1.054715535018803,0.9980723559589173,1.603588623883361,1.398079928699907,0.7353627108722643,0.7986229451591149,1.236846600715173,0.628220829827237,0.125332707957435,0.08423896055231529,1.011554027442954,0.119296517307173,-0.2389879945770595,-0.2990830908618699,0.5242947631133645,823.992673992674,805.0549450549451,799.0109890109891,792.1611721611722,829.6336996336996,758.3150183150184,-0.411377,0.160461,0.896606,-4.276733,-2.280426,5.981445,1,2,1,1,2,94.000000
2025-03-24 15:38:00.754,1.35456757952375,0.9332031704960418,0.9313041126028705,1.520990303575224,1.16239802085527,0.8725558204271139,1.013622994526051,1.603588623883361,1.398079928699907,0.7565225466828898,0.7824511885997425,1.236846600715173,0.628220829827237,0.06129687618562114,0.1463645234064638,1.011554027442954,0.119296517307173,-0.186818528701956,-0.3380299777035832,0.5242947631133645,788.1318681318681,803.4432234432235,802.2344322344322,809.8901098901099,774.8351648351648,680.952380952381,-0.431274,0.207214,0.898804,-9.226379,14.901276,-12.336731,1,2,1,1,2,94.000000
2025-03-24 15:38:01.254,1.35456757952375,0.810305847783611,0.5321884064097218,1.520990303575224,1.16239802085527,0.6244259736655441,0.9093302007618771,1.603588623883361,1.398079928699907,0.7489241268257935,0.7178911394245613,1.236846600715173,0.628220829827237,0.03530807039023462,0.09829729787262924,1.011554027442954,0.119296517307173,-0.215152147157145,-0.3157534547545274,0.5242947631133645,954.9450549450549,806.6666666666667,804.2490842490843,876.7765567765568,990,1246.263736263736,-0.535339,0.133850,0.841492,-3.349609,1.517792,12.508698,1,2,1,1,2,94.000000
2025-03-24 15:38:01.763,1.35456757952375,0.3144195211665381,0.3260755880113825,1.520990303575224,1.16239802085527,0.07003604202226085,0.3973541475053164,1.603588623883361,1.398079928699907,0.5764622355255861,0.660153356942608,1.236846600715173,0.628220829827237,-0.09395036036099289,-0.03062269932912316,1.011554027442954,0.119296517307173,-0.1878122014278798,-0.3595467540532625,0.5242947631133645,834.4688644688645,801.8315018315019,798.2051282051282,817.948717948718,773.2234432234433,713.5897435897436,-0.591858,0.017883,0.838989,-41.100006,1.450500,43.260803,1,2,1,1,2,94.000000
2025-03-24 15:38:02.254,1.35456757952375,0.04701715569718196,0.05081475386295856,1.520990303575224,1.16239802085527,-0.1027686104975041,0.1045442085081544,1.603588623883361,1.398079928699907,0.3505227235991169,0.2413402268105449,1.236846600715173,0.628220829827237,-0.1185397602290752,-0.116682926015072,1.011554027442954,0.119296517307173,-0.2471486045789887,-0.3801410874903872,0.5242947631133645,779.2673992673992,795.7875457875458,812.3076923076924,725.6776556776557,783.6996336996338,689.0109890109891,-0.627380,-0.087280,0.722046,-95.157318,-24.621124,106.297760,1,2,1,1,2,94.000000
2025-03-24 15:38:02.754,1.35456757952375,0.690262954769698,0.2492962363043464,1.520990303575224,1.16239802085527,0.7726580881885953,0.8820508976343878,1.603588623883361,1.398079928699907,0.2706912889361029,0.395091516141985,1.236846600715173,0.628220829827237,-0.1495872781837206,0.01513058707730925,1.011554027442954,0.119296517307173,-0.3282735089977278,-0.3077201236584708,0.5242947631133645,732.5274725274726,788.9377289377289,798.2051282051282,751.0622710622711,861.8681318681319,954.5421245421246,-0.552063,-0.018921,0.807800,-17.630310,-10.557251,27.783813,1,2,1,1,2,94.000000
2025-03-24 15:38:03.254,1.35456757952375,0.8679297387931163,0.3719645585933578,1.520990303575224,1.16239802085527,1.038327747153496,1.112947643286886,1.603588623883361,1.398079928699907,0.4278347470828117,0.4519807839040009,1.236846600715173,0.628220829827237,0.1419324108870305,0.1323789480025354,1.011554027442954,0.119296517307173,-0.2266402782216066,-0.2435635707349879,0.5242947631133645,651.5384615384615,853.0036630036631,782.893772893773,590.6959706959707,891.6849816849817,731.7216117216118,-0.370789,0.100708,0.894531,122.500000,5.540314,-200.752258,1,2,1,1,2,94.000000
2025-03-24 15:38:03.556,,,,,,,,,,,,,,,,,,,,,,,,,,,,,,,,,,,,,,,/muse/elements/blink
2025-03-24 15:38:03.766,1.35456757952375,1.115165681201104,0.9004730333524208,1.520990303575224,1.16239802085527,1.177770087155394,1.195615642273056,1.603588623883361,1.398079928699907,0.5683577489694354,0.4937973804207753,1.236846600715173,0.628220829827237,0.2468140573055782,0.1509280077800456,1.011554027442954,0.119296517307173,-0.09561650681787677,-0.209117544153691,0.5242947631133645,512.9304029304029,789.3406593406594,802.2344322344322,778.0586080586081,965.4212454212454,858.2417582417582,-0.460815,0.067444,0.654236,-0.919647,-0.837402,-10.602112,1,2,1,1,2,94.000000
2025-03-24 15:38:03.801,,,,,,,,,,,,,,,,,,,,,,,,,,,,,,,,,,,,,,,/muse/elements/blink
2025-03-24 15:38:04.117,,,,,,,,,,,,,,,,,,,,,,,,,,,,,,,,,,,,,,,/muse/elements/blink
2025-03-24 15:38:04.254,1.35456757952375,1.135665042512896,1.02449912544032,1.520990303575224,1.16239802085527,1.169000839932414,1.13885953302216,1.603588623883361,1.398079928699907,0.5683577489694354,0.4789136336260744,1.236846600715173,0.628220829827237,0.3426261846394242,0.1448560598371381,1.011554027442954,0.119296517307173,-0.007074017410712116,-0.2066638817265954,0.5242947631133645,763.1501831501831,828.021978021978,845.7509157509157,634.2124542124542,862.6739926739926,1105.641025641026,-0.203247,-0.245422,1.103882,-143.973389,-23.312683,218.890991,1,2,1,1,2,94.000000
2025-03-24 15:38:04.431,,,,,,,,,,,,,,,,,,,,,,,,,,,,,,,,,,,,,,,/muse/elements/blink
2025-03-24 15:38:04.754,1.35456757952375,1.282914701890774,1.456830336795446,1.520990303575224,1.16239802085527,1.14878836097037,1.311344491638852,1.603588623883361,1.398079928699907,0.4967755759362943,0.6907941670588721,1.236846600715173,0.628220829827237,0.2136683227449948,0.2037413284220597,1.011554027442954,0.119296517307173,0.05147678493406568,-0.1974470616749442,0.5242947631133645,877.1794871794872,807.0695970695971,779.2673992673992,742.1978021978023,736.5567765567765,737.3626373626374,-0.359192,0.027405,1.034424,8.874969,2.295380,20.366821,1,4,1,1,2,94.000000
2025-03-24 15:38:04.947,,,,,,,,,,,,,,,,,,,,,,,,,,,,,,,,,,,,,,,/muse/elements/blink
2025-03-24 15:38:05.231,,,,,,,,,,,,,,,,,,,,,,,,,,,,,,,,,,,,,,,/muse/elements/blink
2025-03-24 15:38:05.254,1.35456757952375,1.360780321825569,1.649774798649787,1.520990303575224,1.16239802085527,1.22168679348278,1.530650862850005,1.603588623883361,1.398079928699907,0.48134136326954,0.6747389575440498,1.236846600715173,0.628220829827237,0.2036523863817257,0.3104213288542524,1.011554027442954,0.119296517307173,0.09724269097361068,-0.2121098758495177,0.5242947631133645,237.7289377289377,780.8791208791209,785.7142857142858,854.2124542124542,667.2527472527473,171.2454212454213,-0.600708,0.013245,0.967957,14.886322,-0.426178,23.641663,1,4,1,1,2,94.000000
2025-03-24 15:38:05.466,,,,,,,,,,,,,,,,,,,,,,,,,,,,,,,,,,,,,,,/muse/elements/blink
2025-03-24 15:38:05.754,1.35456757952375,1.366491433353392,1.579459675818354,1.520990303575224,1.16239802085527,1.239636582865845,1.496346380385911,1.603588623883361,1.398079928699907,0.7115249172131124,0.7897936095716239,1.236846600715173,0.628220829827237,0.2125892141159446,0.330844426399279,1.011554027442954,0.119296517307173,-0.1557781858264282,-0.2169494388550154,0.5242947631133645,1223.699633699634,814.3223443223443,805.8608058608058,988.3882783882784,1121.758241758242,1496.080586080586,-0.634888,0.152405,0.960022,64.786530,-4.770203,-68.427734,1,4,1,1,2,94.000000
2025-03-24 15:38:05.853,,,,,,,,,,,,,,,,,,,,,,,,,,,,,,,,,,,,,,,/muse/elements/blink
2025-03-24 15:38:06.266,1.35456757952375,1.38570749221624,0.9405242959322654,1.520990303575224,1.16239802085527,1.282309803896976,0.8776726094163956,1.603588623883361,1.398079928699907,0.792774112483239,0.7277268587565671,1.236846600715173,0.628220829827237,0.2136108561404289,0.2026075552223775,1.011554027442954,0.119296517307173,-0.139519632134364,-0.3566607677155579,0.5242947631133645,1406.630036630037,804.2490842490843,828.021978021978,896.1172161172161,1101.611721611722,1598.021978021978,-0.564880,0.057373,1.058716,-3.693542,2.415009,-35.260620,1,4,1,1,2,94.000000
2025-03-24 15:38:06.326,,,,,,,,,,,,,,,,,,,,,,,,,,,,,,,,,,,,,,,/muse/elements/blink
2025-03-24 15:38:06.762,1.35456757952375,1.32765101434899,0.8538920327559416,1.520990303575224,1.16239802085527,1.31060227077769,1.000582741510138,1.603588623883361,1.398079928699907,0.8700764531183696,0.7367249617114389,1.236846600715173,0.628220829827237,0.1864386785669839,0.1824044486182354,1.011554027442954,0.119296517307173,-0.1953203776154,-0.3358232660372442,0.5242947631133645,689.4139194139194,812.3076923076924,784.5054945054945,711.1721611721612,235.3113553113553,0,-0.454285,-0.038147,0.788330,18.729401,-7.035675,19.043427,1,4,1,1,2,94.000000
2025-03-24 15:38:06.962,,,,,,,,,,,,,,,,,,,,,,,,,,,,,,,,,,,,,,,/muse/elements/blink
2025-03-24 15:38:07.254,1.35456757952375,1.218825557543012,0.9276172829140585,1.520990303575224,1.16239802085527,1.21690731852297,1.002341949360596,1.603588623883361,1.398079928699907,0.8347356245820888,0.7341436988951834,1.236846600715173,0.628220829827237,0.1469115470087044,0.1248787253230736,1.011554027442954,0.119296517307173,-0.2221165619505515,-0.3555882142813434,0.5242947631133645,731.7216117216118,801.8315018315019,796.1904761904763,777.2527472527473,838.4981684981685,755.8974358974359,-0.367065,0.122070,0.620056,-12.456360,-14.026489,-7.230072,1,4,1,1,2,94.000000
2025-03-24 15:38:07.556,,,,,,,,,,,,,,,,,,,,,,,,,,,,,,,,,,,,,,,/muse/elements/blink
2025-03-24 15:38:07.759,1.35456757952375,1.06036318800577,1.124850269427545,1.520990303575224,1.16239802085527,1.098080617482643,1.001829709784527,1.603588623883361,1.398079928699907,0.8105819892390634,0.4925356465430371,1.236846600715173,0.628220829827237,0.1276053952188852,0.05961023197861225,1.011554027442954,0.119296517307173,-0.2990666308948718,-0.2906955841107697,0.5242947631133645,1082.271062271062,811.0989010989011,811.5018315018315,721.6483516483516,745.4212454212454,529.4505494505495,0.076294,0.005676,0.929260,11.940460,-5.345917,16.830292,1,4,1,1,2,94.000000
2025-03-24 15:38:08.263,1.35456757952375,1.019916910022877,1.159186590347766,1.520990303575224,1.16239802085527,1.076696300008044,1.031717175654238,1.603588623883361,1.398079928699907,0.5659082495989541,0.4029454772457964,1.236846600715173,0.628220829827237,0.1080457214863447,-0.01877022375401967,1.011554027442954,0.119296517307173,-0.3163085917843447,-0.2285478107031028,0.5242947631133645,859.4505494505495,805.0549450549451,794.5787545787546,786.1172161172161,1086.703296703297,1350.21978021978,-0.218506,0.239685,0.787659,4.994507,11.312408,-15.342407,1,4,1,1,2,94.000000
2025-03-24 15:38:08.754,1.35456757952375,1.04179904267671,1.112916587985613,1.520990303575224,1.16239802085527,1.069084497767389,0.9752959016193153,1.603588623883361,1.398079928699907,0.5471802703148152,0.4117098686874966,1.236846600715173,0.628220829827237,0.1232441184766989,-0.03993045579501894,1.011554027442954,0.119296517307173,-0.3216122011690205,-0.1932616839636194,0.5242947631133645,525.8241758241759,796.1904761904763,788.9377289377289,772.8205128205128,579.8168498168499,499.6336996336996,-0.360474,-0.068298,1.012756,-1.779480,28.045502,-10.048828,1,4,1,1,2,94.000000
2025-03-24 15:38:08.786,,,,,,,,,,,,,,,,,,,,,,,,,,,,,,,,,,,,,,,/muse/elements/blink
2025-03-24 15:38:08.888,,,,,,,,,,,,,,,,,,,,,,,,,,,,,,,,,,,,,,,/muse/elements/blink
2025-03-24 15:38:09.254,1.35456757952375,1.022698524929206,0.8321202460871722,1.520990303575224,1.16239802085527,1.143742195406358,0.9609355060946083,1.603588623883361,1.398079928699907,0.5139821386158436,0.3472473050716032,1.236846600715173,0.628220829827237,0.04515703445727874,-0.07954766443459253,1.011554027442954,0.119296517307173,-0.2908331898425958,-0.2627302864409211,0.5242947631133645,843.7362637362637,791.3553113553114,800.6227106227107,813.919413919414,766.3736263736264,967.4358974358975,-0.743713,0.153076,1.171082,36.030731,6.467438,-68.038940,1,4,1,1,2,94.000000
2025-03-24 15:38:09.754,1.35456757952375,0.9781849694990861,0.7494478963707549,1.520990303575224,1.16239802085527,0.9491563788478757,0.8109685554236392,1.603588623883361,1.398079928699907,0.598868157942938,0.601896303812322,1.236846600715173,0.628220829827237,0.05623481189558776,-0.07699175864098008,1.011554027442954,0.119296517307173,-0.297406891385962,-0.3738224917728238,0.5242947631133645,733.3333333333334,809.0842490842491,800.2197802197802,828.8278388278388,362.2344322344322,96.7032967032967,-0.524658,0.130188,0.972168,-0.343933,14.048920,-43.372955,1,4,1,1,2,94.000000
2025-03-24 15:38:10.210,,,,,,,,,,,,,,,,,,,,,,,,,,,,,,,,,,,,,,,/muse/elements/blink
2025-03-24 15:38:10.254,1.35456757952375,0.9953133611997244,1.006283216486277,1.520990303575224,1.16239802085527,0.9309786599678189,0.912545753445686,1.603588623883361,1.398079928699907,0.6054526409588851,0.784484192823229,1.236846600715173,0.628220829827237,0.08434871481975825,0.01174469659044269,1.011554027442954,0.119296517307173,-0.2482317883420096,-0.4839917247873544,0.5242947631133645,718.8278388278388,791.3553113553114,811.0989010989011,787.7289377289378,438.7912087912088,178.9010989010989,-0.392639,0.033997,0.850098,47.769318,-11.768494,-72.510071,1,4,1,1,2,94.000000
2025-03-24 15:38:10.753,1.35456757952375,1.063029755128899,1.02332372867453,1.520990303575224,1.16239802085527,0.8073756026936154,0.8975094304758782,1.603588623883361,1.398079928699907,0.5916085686794982,0.865237260007155,1.236846600715173,0.628220829827237,0.1244655831816683,0.1422292075535856,1.011554027442954,0.119296517307173,-0.2879215733855036,-0.3911030054664767,0.5242947631133645,676.9230769230769,814.7252747252747,805.4578754578755,819.1575091575091,920.6959706959707,1025.054945054945,-0.506958,0.314026,0.845642,72.532501,9.069366,-92.914276,1,4,1,1,2,94.000000
2025-03-24 15:38:10.894,,,,,,,,,,,,,,,,,,,,,,,,,,,,,,,,,,,,,,,/muse/elements/blink
2025-03-24 15:38:11.253,1.35456757952375,1.113337059278672,1.227828974864757,1.520990303575224,1.16239802085527,0.7797243658508874,1.006458135800688,1.603588623883361,1.398079928699907,0.5120642505560495,0.874922362433515,1.236846600715173,0.628220829827237,0.09098303770740526,0.2973479070554899,1.011554027442954,0.119296517307173,-0.2250206246212483,-0.2969166106423306,0.5242947631133645,1126.996336996337,817.1428571428571,808.6813186813187,852.1978021978023,1316.373626373626,1627.435897435897,-0.619019,0.005188,0.795959,28.157654,-0.441132,-62.079926,1,4,1,1,2,94.000000
2025-03-24 15:38:11.724,,,,,,,,,,,,,,,,,,,,,,,,,,,,,,,,,,,,,,,/muse/elements/blink
2025-03-24 15:38:11.757,1.35456757952375,1.218176238743577,1.177714981792325,1.520990303575224,1.16239802085527,0.6075441407728064,1.066398482925066,1.603588623883361,1.398079928699907,0.2431380673925936,0.7912821159516316,1.236846600715173,0.628220829827237,0.03325006287755471,0.349989825917226,1.011554027442954,0.119296517307173,-0.2826286712107905,-0.2612514543373505,0.5242947631133645,871.941391941392,799.8168498168499,808.2783882783883,839.3040293040293,769.5970695970697,1106.849816849817,-0.490906,-0.064941,0.852905,2.310333,-1.435547,-7.372131,1,4,1,1,2,94.000000
2025-03-24 15:38:12.264,1.35456757952375,1.128976274834063,1.18973025442268,1.520990303575224,1.16239802085527,0.8051298789153714,1.087597464750856,1.603588623883361,1.398079928699907,0.3010950008189893,0.7909536315869428,1.236846600715173,0.628220829827237,0.008659677748166119,0.386734175213854,1.011554027442954,0.119296517307173,-0.3724688701200215,-0.2034546653019247,0.5242947631133645,807.8754578754579,800.6227106227107,790.952380952381,786.5201465201466,862.6739926739926,956.1538461538462,-0.596252,-0.016113,0.750366,-31.985779,8.560944,37.496185,1,2,1,1,2,94.000000
2025-03-24 15:38:12.763,1.35456757952375,1.056566452963498,0.9349800747978507,1.520990303575224,1.16239802085527,0.8602371885265792,0.9852231278698966,1.603588623883361,1.398079928699907,0.4614124525047076,0.8774010746278362,1.236846600715173,0.628220829827237,0.1224015008249515,0.3365369041017434,1.011554027442954,0.119296517307173,-0.3944572964258525,0.07433498191080569,0.5242947631133645,887.2527472527473,796.1904761904763,812.7106227106227,836.8864468864469,791.7582417582418,913.040293040293,-0.531494,-0.060852,0.840515,-80.128937,-34.064331,106.813660,1,2,1,1,2,94.000000
2025-03-24 15:38:13.258,1.35456757952375,0.9464040993152981,0.8806148611744259,1.520990303575224,1.16239802085527,0.8392575278581746,0.7804574072548902,1.603588623883361,1.398079928699907,0.6956920682193661,0.7803992206422922,1.236846600715173,0.628220829827237,0.120299517984706,0.250235222922787,1.011554027442954,0.119296517307173,-0.4078308792981074,0.08803319260224461,0.5242947631133645,814.7252747252747,793.3699633699634,811.5018315018315,777.6556776556777,741.7948717948718,707.948717948718,-0.449524,-0.006226,0.884521,-73.900757,-15.491943,110.066071,1,2,1,1,2,94.000000
2025-03-24 15:38:13.757,1.35456757952375,0.8262320200335808,0.7890552427412888,1.520990303575224,1.16239802085527,0.9818134265940656,0.8209471034296745,1.603588623883361,1.398079928699907,0.939126156222213,0.8394864571194349,1.236846600715173,0.628220829827237,0.1289006863287588,0.1856248820652747,1.011554027442954,0.119296517307173,-0.4196711003358893,0.1080499143619175,0.5242947631133645,838.901098901099,799.4139194139194,810.6959706959707,790.5494505494506,861.0622710622711,801.025641025641,-0.515747,0.026550,0.855835,13.899384,-3.117828,-19.589233,1,2,1,1,2,94.000000
2025-03-24 15:38:14.254,1.35456757952375,0.7683838759982596,0.7642878875536541,1.520990303575224,1.16239802085527,0.9814082988261308,0.7880298464870621,1.603588623883361,1.398079928699907,0.938227291539574,0.7757418899018139,1.236846600715173,0.628220829827237,0.05595673249980575,0.132338946769579,1.011554027442954,0.119296517307173,-0.4339782806409795,-0.1175241363930961,0.5242947631133645,1106.446886446887,796.1904761904763,776.4468864468864,882.014652014652,907.8021978021978,941.2454212454213,-0.260986,-0.072937,0.949463,114.058685,-2.714081,-187.555695,1,2,1,1,2,94.000000
2025-03-24 15:38:14.754,1.35456757952375,0.7612212606562068,0.6510686476092721,1.520990303575224,1.16239802085527,1.08653199907502,0.8233139558723261,1.603588623883361,1.398079928699907,0.9166598804413071,0.7095210943103529,1.236846600715173,0.628220829827237,0.03290968417374959,0.1693224166141181,1.011554027442954,0.119296517307173,-0.4397255168532781,-0.1194153029343842,0.5242947631133645,902.5641025641025,804.2490842490843,792.1611721611722,815.5311355311355,631.3919413919414,429.5238095238095,-0.420227,0.104370,0.846313,4.605713,-10.138550,-11.775970,1,2,1,1,2,94.000000
2025-03-24 15:38:15.254,1.35456757952375,0.771648409312247,0.6857528635576345,1.520990303575224,1.16239802085527,1.119697189544999,0.5954745877924889,1.603588623883361,1.398079928699907,0.9139017276869493,0.6502134538183472,1.236846600715173,0.628220829827237,-0.09976021809485533,0.1290594572249755,1.011554027442954,0.119296517307173,-0.5757384756806047,-0.1601299106283295,0.5242947631133645,873.956043956044,801.8315018315019,794.981684981685,789.3406593406594,762.3443223443223,1061.721611721612,-0.426880,-0.114929,0.901489,-40.576630,-4.987030,79.725189,1,2,1,1,2,94.000000
2025-03-24 15:38:15.576,,,,,,,,,,,,,,,,,,,,,,,,,,,,,,,,,,,,,,,/muse/elements/blink
2025-03-24 15:38:15.754,1.35456757952375,0.5994965770436207,0.7191992828965584,1.520990303575224,1.16239802085527,0.1611533277531305,0.3299113154559651,1.603588623883361,1.398079928699907,0.08314260474749935,0.4177447033422671,1.236846600715173,0.628220829827237,0.1805075502818069,0.02485344706653371,1.011554027442954,0.119296517307173,0.02163148055398374,-0.1948207753368902,0.5242947631133645,1007.728937728938,785.7142857142858,801.8315018315019,842.5274725274726,696.6666666666667,648.3150183150183,-0.385742,0.059448,0.911316,-56.322784,-6.220703,124.346771,1,2,1,1,2,94.000000
2025-03-24 15:38:15.864,,,,,,,,,,,,,,,,,,,,,,,,,,,,,,,,,,,,,,,/muse/elements/blink
2025-03-24 15:38:16.254,1.35456757952375,0.5994965770436207,0.7191992828965584,1.520990303575224,1.16239802085527,0.1611533277531305,0.3299113154559651,1.603588623883361,1.398079928699907,0.08314260474749935,0.4177447033422671,1.236846600715173,0.628220829827237,0.1805075502818069,0.02485344706653371,1.011554027442954,0.119296517307173,0.02163148055398374,-0.1948207753368902,0.5242947631133645,975.0915750915751,807.4725274725275,802.6373626373627,810.6959706959707,891.2820512820513,1126.190476190476,-0.483154,0.008362,0.835693,18.931274,5.824432,1.009369,1,2,1,1,2,94.000000
2025-03-24 15:38:16.760,1.35456757952375,0.5192812742426545,0.6616189282955188,1.520990303575224,1.16239802085527,0.009955722567269686,0.2708437502845716,1.603588623883361,1.398079928699907,0.04049701369912544,0.2200641607916582,1.236846600715173,0.628220829827237,0.1149114778230193,-0.100199254724685,1.011554027442954,0.119296517307173,0.04272870422352064,-0.2998237160293029,0.5242947631133645,729.7069597069598,799.8168498168499,796.1904761904763,796.996336996337,884.8351648351648,774.0293040293041,-0.525696,0.214722,0.831177,3.446808,-4.127197,-4.927216,1,2,1,1,2,94.000000
2025-03-24 15:38:17.259,1.35456757952375,0.227372970250717,0.5015491592048495,1.520990303575224,1.16239802085527,-0.09672329982187691,0.01934832034544653,1.603588623883361,1.398079928699907,0.006260006174169117,0.06732798825249349,1.236846600715173,0.628220829827237,-0.159442345852487,0.0315157319931999,1.011554027442954,0.119296517307173,-0.1431829223435384,-0.04093910875697337,0.5242947631133645,875.5677655677656,808.6813186813187,798.2051282051282,830.4395604395604,896.1172161172161,953.7362637362637,-0.511658,0.105225,0.835327,-3.977661,-3.880463,-5.233765,1,2,1,1,2,94.000000
2025-03-24 15:38:17.754,1.35456757952375,0.2447687372247246,0.3958064588267712,1.481547012867705,1.16239802085527,-0.1591436955876254,-0.03032809996982753,0.9117485732503549,1.398079928699907,0.4070887579567478,0.1932072679985584,0.6425997415769853,0.628220829827237,0.01680838846705638,0.06298338071623659,0.6035959795263123,0.119296517307173,-0.268261438831522,-0.05002045499307698,-0.04633624571700157,820.7692307692308,807.0695970695971,801.4285714285714,802.2344322344322,864.6886446886447,1029.084249084249,-0.545288,0.132751,0.815735,-8.747864,7.506714,9.674988,1,1,1,1,1,94.000000
2025-03-24 15:38:18.254,1.35456757952375,0.1313248389878846,0.1173396174577394,1.440201686941833,1.16239802085527,-0.2328996354251489,-0.2004562586105576,0.8435981318449027,1.398079928699907,0.4231250801795712,0.3421670095343971,0.655982654138254,0.628220829827237,0.02073738497117762,0.1281716484850078,0.5466172416506998,0.119296517307173,-0.2451242919182708,-0.06442508560868877,0.0186171125632892,779.2673992673992,799.4139194139194,793.3699633699634,804.6520146520147,753.8827838827839,783.2967032967033,-0.587036,0.078796,0.789917,1.622467,1.592560,-8.516083,1,1,1,1,1,94.000000
2025-03-24 15:38:18.754,1.35456757952375,0.06059023743278524,-0.09347373115211748,1.287067993937605,1.16239802085527,-0.2646431644173974,-0.1510522737801406,0.680451047971243,1.398079928699907,0.4231250801795712,0.3444888048211805,0.6689082712536927,0.628220829827237,0.01076290529007617,0.1185863975837684,0.4920949506239421,0.119296517307173,-0.2382660699858006,-0.1497834346063125,0.0469887411893737,799.4139194139194,792.1611721611722,801.8315018315019,794.5787545787546,753.0769230769231,775.2380952380953,-0.583740,0.033020,0.787537,4.702911,-1.884155,-3.985138,1,1,1,1,1,94.000000
2025-03-24 15:38:19.253,1.35456757952375,0.1063501244584292,-0.08017310405665083,1.061336733712966,1.16239802085527,-0.2285846185730037,0.0132311612578985,0.5723023987949879,1.398079928699907,0.2906946751736657,0.335235909350107,0.6416898444110594,0.628220829827237,-0.05407548133396039,0.06480697197613798,0.3738979284236604,0.119296517307173,-0.2013387802155691,-0.2491737527644855,0.127224168617254,805.8608058608058,800.2197802197802,806.6666666666667,817.5457875457876,790.952380952381,708.7545787545788,-0.567932,0.075867,0.803284,-5.734711,-5.173950,1.570129,1,1,1,1,1,94.000000
2025-03-24 15:38:19.754,1.168236990437182,0.04762654685479017,0.05027461240399155,0.8226515974879625,0.8553099179775721,-0.1642960236630424,0.01311839403061222,0.6318411884485157,0.7645928310460904,0.0621345069514004,0.1577154856712845,0.6483351904181082,0.7387404805920266,-0.07709494649876608,-0.07409413105379589,0.3057074219749626,-0.1421986874161107,-0.2465998838318515,-0.2916336815381699,0.1154831202499797,803.4432234432235,799.4139194139194,796.996336996337,782.4908424908425,772.8205128205128,762.7472527472528,-0.527771,0.138000,0.835388,18.011627,-2.228088,-32.097931,1,1,1,1,1,94.000000
2025-03-24 15:38:20.254,1.183486369494462,0.08492439061108908,0.1035859223195803,1.01633969334752,0.7850343230789426,-0.1297555648413599,0.1306143177766606,0.7153629417626958,0.7841783583851649,0.1088207837007557,0.2678830088225155,0.6954504853772225,0.7034505935519919,-0.06773103990121791,-0.06766362207441814,0.2901366036600771,-0.06722103513552066,-0.2878694472223315,-0.2693352594142617,0.09096010858380756,774.8351648351648,805.8608058608058,805.0549450549451,807.0695970695971,809.4871794871796,696.6666666666667,-0.378296,0.013489,0.909851,120.107422,5.286102,-192.124023,1,1,1,1,1,94.000000
2025-03-24 15:38:20.763,1.099219978988537,0.5825904906009679,0.4198843632164321,1.141844779958184,0.7246347906518309,0.4876165548012558,0.4272096154501687,0.8100560292679194,0.7677832379790389,0.5609334746293828,0.8810395386234133,1.03046034847962,0.7166939174317217,-0.08769742284995824,0.004017916531602211,0.428135727836383,-0.06446543827336629,-0.2191724976879996,-0.2958056143015837,0.01610523865741697,776.8498168498169,791.7582417582418,805.4578754578755,782.893772893773,760.3296703296703,618.901098901099,-0.552795,-0.057922,0.834778,-3.828125,-1.772003,6.213226,1,1,1,1,1,94.000000
2025-03-24 15:38:21.253,1.115349484142415,0.7736409263684482,0.7762539874448811,1.154789778539485,0.5322972472396499,0.5302657485620998,0.5877800471153314,0.7976757359387041,0.6880629119294526,0.5662136446921702,0.9276328710737795,1.133982544992111,0.683951521793299,-0.01211630707123406,0.06977444467589018,0.6104286442128209,0.008985636109372044,-0.2351749121579645,-0.3166745947921666,0.003578850322099706,567.7289377289377,797.8021978021978,792.967032967033,753.4798534798535,649.92673992674,386.4102564102564,-0.498291,0.148071,0.817749,-77.467194,-7.663727,129.445953,1,1,1,1,1,94.000000
2025-03-24 15:38:21.754,1.115349484142415,1.064392783643755,1.065886428939967,1.037018399066747,0.5322972472396499,0.7194751717776224,0.8648424494223316,0.8043194945772805,0.6880629119294526,1.03286694396509,1.103933629452531,1.160497151115645,0.683951521793299,0.1248964700139717,0.1162297071405951,0.7279824384340087,0.008985636109372044,-0.2003742507314691,-0.3392997765997171,0.0413867293391989,1077.435897435897,813.5164835164835,797.3992673992674,860.6593406593407,815.1282051282052,767.1794871794872,-0.612061,0.087097,0.839417,-18.370514,5.173950,8.605804,1,1,1,1,1,94.000000
2025-03-24 15:38:21.783,,,,,,,,,,,,,,,,,,,,,,,,,,,,,,,,,,,,,,,/muse/elements/blink
2025-03-24 15:38:22.254,1.115349484142415,1.255667091767448,1.11606840060925,1.108122223280317,0.5322972472396499,0.7543174572980198,1.012294704013144,0.7675389129397069,0.6880629119294526,1.060074405120979,1.223156749965611,1.160497151115645,0.683951521793299,0.2511105701113221,0.2125365330513958,0.8231706576359111,0.008985636109372044,-0.1706559821561051,-0.1948346716844912,0.03173035006131814,808.6813186813187,788.9377289377289,817.5457875457876,839.3040293040293,813.1135531135532,495.2014652014652,-0.234314,0.010925,0.774780,114.552155,-7.588959,-136.167603,1,1,1,1,1,94.000000
2025-03-24 15:38:22.279,,,,,,,,,,,,,,,,,,,,,,,,,,,,,,,,,,,,,,,/muse/elements/blink
2025-03-24 15:38:22.495,,,,,,,,,,,,,,,,,,,,,,,,,,,,,,,,,,,,,,,/muse/elements/blink
2025-03-24 15:38:22.754,1.115349484142415,1.375231403177532,1.183663027302553,1.089189599264188,0.5322972472396499,0.8786619677259691,1.091344467702017,0.7064557017868751,0.6880629119294526,1.060074405120979,1.223156749965611,1.118319998345612,0.683951521793299,0.2855725220208831,0.2285520796808002,0.8518476876640617,0.008985636109372044,-0.1077894849253462,-0.1155329823175613,0.02117532779097538,838.0952380952381,789.7435897435897,792.967032967033,707.5457875457876,873.1501831501831,891.2820512820513,-0.227051,0.017639,0.760864,6.945953,28.643646,4.456177,1,4,1,1,1,94.000000
2025-03-24 15:38:22.995,,,,,,,,,,,,,,,,,,,,,,,,,,,,,,,,,,,,,,,/muse/elements/blink
2025-03-24 15:38:23.254,1.115349484142415,1.511348495721087,1.133506843163939,1.089189599264188,0.5322972472396499,0.9811642507879216,1.098216077153406,0.7064557017868751,0.6880629119294526,1.006321947346766,1.21548814680673,1.118319998345612,0.683951521793299,0.3759371433030601,0.2672165773847068,0.8518476876640617,0.008985636109372044,-0.01530852391287136,-0.04847547918627809,0.02117532779097538,947.6923076923077,794.1758241758242,808.2783882783883,823.1868131868132,1178.974358974359,1463.040293040293,-0.609680,0.096375,0.806580,25.249176,-16.755524,-21.473389,1,4,1,1,1,94.000000
2025-03-24 15:38:23.754,1.115349484142415,0.9800640658797078,1.182826808723731,1.089189599264188,0.5322972472396499,0.7228014023114839,0.8534289492746215,0.7064557017868751,0.6880629119294526,0.4227248685902998,0.6879620179040666,1.118319998345612,0.683951521793299,0.1547832787693627,0.07663378003946877,0.8518476876640617,0.008985636109372044,-0.2493286801171987,-0.3890547104218112,0.02117532779097538,457.7289377289378,805.0549450549451,789.7435897435897,748.6446886446887,791.7582417582418,760.7326007326008,-0.265808,-0.255920,1.105164,-25.735168,-21.660309,15.058289,1,4,1,1,1,94.000000
2025-03-24 15:38:24.053,,,,,,,,,,,,,,,,,,,,,,,,,,,,,,,,,,,,,,,/muse/elements/blink
2025-03-24 15:38:24.257,1.115349484142415,0.9436671199152052,1.017464782729921,1.089189599264188,0.5322972472396499,0.8699762615112775,0.4733030566756702,0.7064557017868751,0.6880629119294526,0.5052848563408321,0.5134448610172273,1.118319998345612,0.683951521793299,0.03334950496630821,0.05076608835493305,0.8518476876640617,0.008985636109372044,-0.3331039381166139,-0.5162561222650026,0.02117532779097538,659.5970695970697,783.2967032967033,803.4432234432235,754.2857142857143,794.1758241758242,643.4798534798535,-0.189087,0.018921,1.174194,20.456543,1.128998,-7.147827,1,4,1,1,2,94.000000
2025-03-24 15:38:24.754,1.115349484142415,0.8766729609698926,0.9296913974288417,1.089189599264188,0.5322972472396499,0.8247244514125066,0.5311171099908182,0.7064557017868751,0.6880629119294526,0.547302569452522,0.5547671940801598,1.118319998345612,0.683951521793299,0.004702592336248611,-0.005023445265334958,0.8518476876640617,0.008985636109372044,-0.3238097351557107,-0.5037011086376421,0.02117532779097538,814.7252747252747,797.8021978021978,789.7435897435897,790.5494505494506,882.8205128205128,904.5787545787546,-0.262634,-0.021118,1.145569,-14.310608,8.560944,-4.433746,1,4,1,1,2,94.000000
2025-03-24 15:38:24.847,,,,,,,,,,,,,,,,,,,,,,,,,,,,,,,,,,,,,,,/muse/elements/blink
2025-03-24 15:38:25.016,,,,,,,,,,,,,,,,,,,,,,,,,,,,,,,,,,,,,,,/muse/elements/blink
2025-03-24 15:38:25.253,1.115349484142415,0.7723020899729807,0.8441279060451419,1.089189599264188,0.5322972472396499,0.841980091976152,0.5546470902735275,0.7064557017868751,0.6880629119294526,0.4853076704712474,0.4394855344303417,1.118319998345612,0.683951521793299,-0.0765138061993169,-0.03304097461763671,0.8518476876640617,0.008985636109372044,-0.3562945154910511,-0.5356565262564429,0.02117532779097538,828.021978021978,804.2490842490843,805.4578754578755,798.2051282051282,748.2417582417582,534.2857142857143,-0.235840,-0.008667,0.858459,12.404022,8.418884,13.376007,1,4,1,1,2,94.000000
2025-03-24 15:38:25.295,,,,,,,,,,,,,,,,,,,,,,,,,,,,,,,,,,,,,,,/muse/elements/blink
2025-03-24 15:38:25.754,1.115349484142415,0.6451163441423874,0.8288470758071534,1.089189599264188,0.5322972472396499,0.8043991386633704,0.604457149110837,0.7064557017868751,0.6880629119294526,0.4544720505136607,0.365322732661967,1.118319998345612,0.683951521793299,-0.04504090195154229,-0.1218938768960424,0.8518476876640617,0.008985636109372044,-0.3647672242308867,-0.6098022269837187,0.02117532779097538,479.0842490842491,788.9377289377289,800.2197802197802,776.0439560439561,379.96336996337,0,-0.314331,0.150024,0.801758,-2.310333,-5.323486,-0.568237,1,4,1,1,2,94.000000
2025-03-24 15:38:25.761,,,,,,,,,,,,,,,,,,,,,,,,,,,,,,,,,,,,,,,/muse/elements/blink
2025-03-24 15:38:25.948,,,,,,,,,,,,,,,,,,,,,,,,,,,,,,,,,,,,,,,/muse/elements/blink
2025-03-24 15:38:26.253,1.115349484142415,0.5775242315619339,0.9050597782689402,1.089189599264188,0.5322972472396499,0.8619081302975551,0.592260983648718,0.7064557017868751,0.6880629119294526,0.291151603281547,0.3169616500397403,1.118319998345612,0.683951521793299,-0.00841291494802664,-0.07598990716692328,0.8518476876640617,0.008985636109372044,-0.360124653836021,-0.5571911906872481,0.02117532779097538,540.7326007326008,793.3699633699634,793.7728937728938,764.7619047619048,606.007326007326,392.4542124542124,-0.309082,-0.021179,0.635681,13.906860,12.045135,13.405914,1,4,1,1,2,94.000000
2025-03-24 15:38:26.467,,,,,,,,,,,,,,,,,,,,,,,,,,,,,,,,,,,,,,,/muse/elements/blink
2025-03-24 15:38:26.754,1.115349484142415,0.6606188669194706,0.8575965965651267,1.939958786387483,0.5322972472396499,0.8395488075426358,0.5579235929696104,1.96416828590115,0.6880629119294526,0.3870228681178609,0.4113790195497232,1.365764172569456,0.683951521793299,0.03002122092288567,-0.1187182450921585,0.8194741863592554,0.008985636109372044,-0.4054375088048147,-0.5251531516882347,0.006516006910678517,832.8571428571429,805.0549450549451,805.0549450549451,794.5787545787546,946.4835164835165,932.7838827838829,-0.335693,0.304626,0.774963,12.740479,-2.115936,-17.009735,1,4,1,1,1,94.000000
2025-03-24 15:38:27.254,1.115349484142415,0.8314985838678604,0.7997720484405522,1.939958786387483,0.5322972472396499,0.863023361253993,0.5221108328734135,1.96416828590115,0.6880629119294526,0.6283890550969189,0.4371581944805552,1.365764172569456,0.683951521793299,0.07824947143097555,-0.06445138479366841,0.8194741863592554,0.008985636109372044,-0.3757500287683309,-0.4762172616828254,0.006516006910678517,1226.520146520146,811.5018315018315,809.4871794871796,839.3040293040293,1260.3663003663,1622.600732600733,-0.463867,-0.212341,0.955322,1.487885,4.463654,-27.925873,1,4,1,1,1,94.000000
2025-03-24 15:38:27.269,,,,,,,,,,,,,,,,,,,,,,,,,,,,,,,,,,,,,,,/muse/elements/blink
2025-03-24 15:38:27.573,,,,,,,,,,,,,,,,,,,,,,,,,,,,,,,,,,,,,,,/muse/elements/blink
2025-03-24 15:38:27.754,1.115349484142415,0.9845128471182597,0.6956564387951566,1.93344282147328,0.5322972472396499,0.8600945604125029,0.5835953826503252,1.966349237704214,0.6880629119294526,0.6875839050089321,0.4340944839220832,1.302910160228774,0.683951521793299,0.1330763212349562,-0.04492162661328829,0.8218492018995669,0.008985636109372044,-0.4087474096388808,-0.5567220186781712,0.01284373792444305,741.7948717948718,821.5750915750916,770.4029304029305,771.6117216117216,663.2234432234433,435.970695970696,-0.540405,0.106689,1.030090,76.338196,0.971985,-111.621246,1,4,1,1,1,94.000000
2025-03-24 15:38:27.788,,,,,,,,,,,,,,,,,,,,,,,,,,,,,,,,,,,,,,,/muse/elements/blink
2025-03-24 15:38:28.217,,,,,,,,,,,,,,,,,,,,,,,,,,,,,,,,,,,,,,,/muse/elements/blink
2025-03-24 15:38:28.254,1.115349484142415,1.092006834039587,0.8819846698198454,1.93344282147328,0.5322972472396499,0.9501874698268701,1.013299730445396,1.966349237704214,0.6880629119294526,0.6939563034589317,0.4416015373142283,1.302910160228774,0.683951521793299,0.1899433074603393,0.01047661030940404,0.8218492018995669,0.008985636109372044,-0.4069719959729671,-0.5334665851514566,0.01284373792444305,375.5311355311355,782.0879120879121,798.2051282051282,741.3919413919414,642.6739926739926,293.7362637362638,-0.383362,0.190674,0.872925,46.072083,-0.373840,-90.267487,1,4,1,1,1,94.000000
2025-03-24 15:38:28.501,,,,,,,,,,,,,,,,,,,,,,,,,,,,,,,,,,,,,,,/muse/elements/blink
2025-03-24 15:38:28.754,1.115349484142415,1.173510033265586,1.112794083301119,1.93344282147328,0.5322972472396499,1.148931605168653,1.214602784847649,1.966349237704214,0.6880629119294526,0.6579795226856519,0.6896416217619795,1.302910160228774,0.683951521793299,0.2086000713171967,0.06563468906998148,0.8218492018995669,0.008985636109372044,-0.3734807919981151,-0.4885433177737372,0.01284373792444305,648.7179487179487,796.996336996337,794.5787545787546,788.5347985347986,507.6923076923077,63.66300366300366,-0.525574,-0.077637,0.864014,29.099731,7.499237,-53.070374,1,4,1,1,1,94.000000
2025-03-24 15:38:29.254,1.115349484142415,1.139994184398167,1.160424133244256,1.93344282147328,0.5322972472396499,1.196619588205738,1.275380548761962,1.966349237704214,0.6880629119294526,0.5800708761919208,0.6967310423117048,1.302910160228774,0.683951521793299,0.2048083800890314,0.09318780734286676,0.8218492018995669,0.008985636109372044,-0.2853429687843956,-0.4167432133186443,0.01284373792444305,788.5347985347986,800.2197802197802,805.4578754578755,802.6373626373627,927.5457875457876,975.8974358974359,-0.443542,0.067322,0.905701,51.664734,-7.394562,-80.540161,1,2,1,1,2,94.000000
2025-03-24 15:38:29.756,1.115349484142415,1.061192137780931,1.101795927078391,1.93344282147328,0.5322972472396499,1.148756585732729,1.090729850194162,1.966349237704214,0.6880629119294526,0.5774123174078251,0.6577426193933258,1.302910160228774,0.683951521793299,0.1013495150243854,0.03546978162575064,0.8218492018995669,0.008985636109372044,-0.1817331588138629,-0.3028010918239459,0.01284373792444305,763.956043956044,795.7875457875458,801.8315018315019,801.4285714285714,801.025641025641,663.6263736263736,-0.475708,-0.003113,0.869629,14.841461,0.949554,-19.910736,1,2,1,1,2,94.000000
2025-03-24 15:38:30.254,1.115349484142415,0.9006962320549752,0.9097857300491879,0.9104763538040394,0.5322972472396499,0.9351839948696051,0.8984411019173958,0.9153004902177299,0.6880629119294526,0.5715019067477278,0.5810462749395068,0.8106026856864444,0.683951521793299,0.06746527506623202,0.01245266775649896,0.484094752454074,0.008985636109372044,-0.1784541157859533,-0.212153654008462,0.460359907981994,961.7948717948718,790.5494505494506,806.6666666666667,811.9047619047619,880.8058608058608,794.981684981685,-0.466125,-0.106995,0.856140,-20.583649,-6.145935,58.498535,1,2,1,1,2,94.000000
2025-03-24 15:38:30.766,1.115349484142415,0.9011426181311029,0.8298411931824647,0.982721643974384,0.5322972472396499,0.8235006206970321,0.7900566527550006,0.8714790715563026,0.6880629119294526,0.5642686766444925,0.6274925141950579,0.8824044267754553,0.683951521793299,0.1422438002237936,-0.02859933397999847,0.4695465330847257,0.008985636109372044,-0.1763432270782562,-0.09637142011401985,0.4176272631775743,862.2710622710623,812.7106227106227,786.9230769230769,819.96336996337,917.4725274725275,996.8498168498169,-0.448181,0.093018,0.881104,22.789307,8.785248,-25.563202,1,2,1,1,1,94.000000
2025-03-24 15:38:31.254,1.115349484142415,0.9188883624612132,0.959280534926103,0.982721643974384,0.5322972472396499,0.8590354691267491,0.9075421416286968,0.8714790715563026,0.6880629119294526,0.4732458809205422,0.6556759177840268,0.8824044267754553,0.683951521793299,0.2218526565140308,0.04466411726793754,0.4695465330847257,0.008985636109372044,-0.2228768361654468,-0.0677246095628825,0.4176272631775743,798.2051282051282,814.3223443223443,779.6703296703297,796.5934065934066,875.5677655677656,796.996336996337,-0.518250,-0.011169,0.830994,33.204498,-1.973877,-51.186218,1,2,1,1,1,94.000000
2025-03-24 15:38:31.758,1.115349484142415,0.8787074653165117,1.122909403627702,1.032650910510343,0.5322972472396499,0.8418924276623548,1.095517054340351,0.8707915136873707,0.6880629119294526,0.4305556770074783,0.7638540751413579,0.8042176220087068,0.683951521793299,0.3074735327936204,0.05266105436069963,0.4340844460731536,0.008985636109372044,-0.1955566755708877,-0.07870708237999799,0.3939590226080625,809.0842490842491,800.6227106227107,799.0109890109891,795.3846153846154,695.8608058608058,825.6043956043957,-0.497620,0.056274,0.858948,5.824432,-3.282318,-8.164673,1,1,1,1,1,94.000000
2025-03-24 15:38:32.219,,,,,,,,,,,,,,,,,,,,,,,,,,,,,,,,,,,,,,,/muse/elements/blink
2025-03-24 15:38:32.254,1.115349484142415,0.5532764726555486,1.107889502697446,0.4800642234564921,0.5322972472396499,0.5150895724301114,1.036456265186428,0.667319031625026,0.6880629119294526,0.08704351899682335,0.7307013959158736,0.8585915419656015,0.683951521793299,0.01179964433341149,0.02269209974037235,0.6035298845123691,0.008985636109372044,-0.1197620594613838,-0.2934781642592197,-0.05092294488640973,778.4615384615385,791.7582417582418,799.0109890109891,786.9230769230769,768.7912087912088,632.1978021978022,-0.507080,0.063232,0.875244,-16.045227,5.248718,23.282776,1,1,1,1,1,94.000000
2025-03-24 15:38:32.751,,,,,,,,,,,,,,,,,,,,,,,,,,,,,,,,,,,,,,,/muse/elements/blink
2025-03-24 15:38:32.757,1.115349484142415,0.7818184959903448,0.947139440993897,0.7502197568625587,0.5322972472396499,0.5405072526073493,0.8637073548036081,0.9361081385553158,0.6880629119294526,0.3440500983084627,0.764704564721492,1.114653842305719,0.683951521793299,0.09323692949548429,-0.01854040363393746,0.5430310738389519,0.008985636109372044,-0.1512619666502972,-0.05182625235925113,-0.006078705296924226,787.3260073260074,815.5311355311355,781.2820512820513,825.6043956043957,748.6446886446887,562.0879120879121,-0.486511,-0.044617,0.856689,-74.334412,-16.471405,96.749878,1,1,1,1,1,94.000000
2025-03-24 15:38:33.270,1.115349484142415,1.1113624136977,0.8904317897175917,0.7502197568625587,0.5322972472396499,0.8009577232810393,0.6268310692849187,0.9361081385553158,0.6880629119294526,0.7586982320539692,0.5866766150646155,1.114653842305719,0.683951521793299,0.1684476079122679,-0.01717492319376091,0.5430310738389519,0.008985636109372044,-0.1689494377160916,0.04521078340519823,-0.006078705296924226,770.8058608058608,808.2783882783883,808.6813186813187,803.040293040293,751.4652014652015,670.4761904761905,-0.405762,0.052429,0.907776,-21.338806,-2.287903,35.499878,1,1,1,1,1,94.000000
2025-03-24 15:38:33.754,1.859775227902464,1.154762697906133,0.9646808732678254,0.8581030945263851,2.032551002679411,0.8830156271713796,0.6053091561449482,1.048438775751545,1.82933285006157,0.8048284630494337,0.5807315501448651,1.112062545081696,1.141410279659121,0.2481612216562894,-0.01559739748479541,0.4315158473596989,0.3677796347067292,-0.2058465304743226,0.1912014517378734,0.01776628518767486,875.9706959706959,805.8608058608058,805.4578754578755,805.4578754578755,888.0586080586081,905.7875457875458,-0.401306,0.042053,0.895264,5.914154,-2.429962,-14.452667,1,1,1,1,1,94.000000
2025-03-24 15:38:34.089,,,,,,,,,,,,,,,,,,,,,,,,,,,,,,,,,,,,,,,/muse/elements/blink
2025-03-24 15:38:34.254,1.859775227902464,1.129220627497293,1.015260215280147,0.8581030945263851,2.032551002679411,0.8742903196312416,0.7602597069886147,1.048438775751545,1.82933285006157,0.8398997639635013,0.5898822243527386,1.112062545081696,1.141410279659121,0.2035025205734701,0.07231572582363774,0.4315158473596989,0.3677796347067292,-0.1980725199068924,0.02208228494805807,0.01776628518767486,782.0879120879121,797.8021978021978,803.040293040293,804.6520146520147,776.0439560439561,659.1941391941392,-0.405518,0.032898,0.909668,14.318085,-2.183228,-26.647339,1,1,1,1,1,94.000000
2025-03-24 15:38:34.754,1.859775227902464,0.8403134574122799,0.7690691095689168,1.561398326243545,2.032551002679411,0.621955655418197,0.6849965638188483,1.461441923740255,1.82933285006157,0.829737043930258,0.4178906218998683,1.058166216472588,1.141410279659121,0.04769887234505726,0.02403439379099087,0.6907726839296875,0.3677796347067292,-0.2258375329357417,-0.378577140759308,-0.08465066159749533,776.0439560439561,787.3260073260074,814.7252747252747,825.2014652014652,813.919413919414,657.1794871794872,-0.216980,0.078552,1.020203,0.142059,-31.073608,5.630035,1,1,1,1,1,94.000000
2025-03-24 15:38:35.263,1.859775227902464,0.6010970428338018,0.7456317237444153,1.474121507653169,2.032551002679411,0.1513298847723263,0.6361810577992797,1.42588805628717,1.82933285006157,0.5085714712337531,0.4178906218998683,1.058166216472588,1.141410279659121,-0.1299963250644302,-0.02987090027613061,0.6379455073065949,0.3677796347067292,-0.2628279048593779,-0.3859345048772977,-0.111685145373587,790.952380952381,799.4139194139194,805.0549450549451,808.2783882783883,731.3186813186813,548.3882783882784,-0.228760,0.046570,0.948242,4.366455,5.129089,-4.224396,1,1,1,1,1,94.000000
2025-03-24 15:38:35.276,,,,,,,,,,,,,,,,,,,,,,,,,,,,,,,,,,,,,,,/muse/elements/blink
2025-03-24 15:38:35.760,1.859775227902464,0.4735084604962835,0.7790758155748932,1.496101635022203,2.032551002679411,-0.1501067057148202,0.5630788953815294,1.448029885268995,1.82933285006157,0.1409779652961171,0.287182734028391,1.05305982269905,1.141410279659121,-0.09564595458294203,-0.06629525580918462,0.6059405770807197,0.3677796347067292,-0.3678013534624108,-0.4881067506704995,-0.1249938936760086,790.5494505494506,801.025641025641,798.2051282051282,806.6666666666667,825.6043956043957,724.0659340659341,-0.232971,0.095398,0.976685,-2.452393,-1.271057,3.820648,1,1,1,1,1,94.000000
2025-03-24 15:38:36.107,,,,,,,,,,,,,,,,,,,,,,,,,,,,,,,,,,,,,,,/muse/elements/blink
2025-03-24 15:38:36.254,1.859775227902464,0.2527329843022075,0.7149633305929839,1.496101635022203,2.032551002679411,-0.08747353430063065,0.3676499698962727,1.448029885268995,1.82933285006157,-0.006912979996435082,0.1880535600998238,1.05305982269905,1.141410279659121,-0.0280064376388669,-0.1124207208989994,0.6059405770807197,0.3677796347067292,-0.3517029182941872,-0.4288083234944147,-0.1249938936760086,845.7509157509157,791.3553113553114,806.6666666666667,850.989010989011,819.5604395604396,806.6666666666667,-0.263428,0.081299,0.949646,0.695343,-0.785065,2.362671,1,1,1,1,1,94.000000
2025-03-24 15:38:36.586,,,,,,,,,,,,,,,,,,,,,,,,,,,,,,,,,,,,,,,/muse/elements/blink
2025-03-24 15:38:36.754,1.859775227902464,0.1522777437080662,0.6900957106788489,1.496101635022203,2.032551002679411,-0.03324188346255089,0.2844626641093044,1.448029885268995,1.82933285006157,0.08019341734912624,0.03243785423831552,1.05305982269905,1.141410279659121,-0.03900851423431354,-0.0518296125685197,0.6059405770807197,0.3677796347067292,-0.3802695436137744,-0.4723563060353358,-0.1249938936760086,810.2930402930403,798.2051282051282,802.2344322344322,805.8608058608058,784.9084249084249,657.1794871794872,-0.267639,0.061096,0.959106,0.403748,0.224304,1.667328,1,1,1,1,1,94.000000
2025-03-24 15:38:37.253,1.859775227902464,0.003013679835605665,0.4657831045345004,1.496101635022203,2.032551002679411,0.03791643635904807,-0.01854939614177541,1.448029885268995,1.82933285006157,0.3252011543090295,0.1887818995316217,1.05305982269905,1.141410279659121,-0.1063583905652224,-0.02020455626062556,0.6059405770807197,0.3677796347067292,-0.4292672535150797,-0.5540165524466302,-0.1249938936760086,807.4725274725275,802.2344322344322,796.1904761904763,788.5347985347986,786.5201465201466,658.3882783882784,-0.284180,0.072510,0.982727,4.867401,1.629944,-10.131073,1,1,1,1,1,94.000000
2025-03-24 15:38:37.754,1.040188024214313,0.2712520225920645,0.5150151939664108,1.198499771029939,0.8303510781968056,0.1259661334597766,0.1893941669667583,1.019607769775719,1.148562562568214,0.4605284166348122,0.2188156806711713,0.8813104750091163,0.8881133753964643,-0.005837850755907759,0.08223843862288001,0.7400365115773334,0.2362845465693292,-0.4881923105902269,-0.6891323978197261,0.1116727822014219,801.025641025641,809.8901098901099,789.7435897435897,799.0109890109891,821.1721611721612,662.014652014652,-0.376709,0.063782,0.915100,4.022522,-0.844879,-7.170258,1,1,1,1,1,94.000000
2025-03-24 15:38:38.265,1.197636329860432,0.3310560741454001,0.4264173249718122,1.2281189386202,0.9360968956495067,0.1701762437522148,0.2139021646372682,0.909792107070058,1.193507450551454,0.4605284166348122,0.3157061302214991,0.8929411410569633,0.8993949796479155,0.0358636026692029,0.07689935314879701,0.6874813846354689,0.1864457533144317,-0.4385298467483995,-0.6711576342556476,0.1006702433264346,805.0549450549451,799.0109890109891,802.6373626373627,809.0842490842491,885.6410256410256,747.4358974358975,-0.374084,0.067810,0.917480,-0.261688,-0.844879,0.314026,1,1,1,1,1,94.000000
2025-03-24 15:38:38.754,1.088276116172029,0.2653933164965404,0.3027632571011804,1.056299559347308,0.8613898878915177,0.1224130761763002,0.1913729272329457,0.7205325884875903,1.194584045375119,0.4567947420184324,0.3256223337631028,0.8839723309421011,0.852372542666137,0.06111406514740959,0.04277555255716398,0.6096322298625361,0.1995932542311266,-0.375280495470749,-0.5879929861303608,0.0394024829117294,811.5018315018315,797.8021978021978,796.5934065934066,802.2344322344322,796.5934065934066,662.014652014652,-0.381653,0.080627,0.911438,0.732727,-1.151428,0.575714,1,1,1,1,1,94.000000
2025-03-24 15:38:39.254,0.9878979231419353,-0.07752906430902212,-0.1003424908476784,0.9654728766538844,0.7788798789968496,-0.08007172972182242,-0.02072491221235058,0.5853159787999943,1.194584045375119,0.1985442295706895,0.2938461610773212,0.869091890978349,0.7469447104414297,0.05021597573975908,-0.1006821160998415,0.5065470620418253,0.1760039773764047,-0.3160273518011045,-0.5329444132823726,-0.06113038051693569,799.8168498168499,800.6227106227107,795.3846153846154,815.5311355311355,919.4871794871796,774.0293040293041,-0.380371,0.081543,0.915710,0.568237,-0.725250,-0.119629,1,1,1,1,1,94.000000
2025-03-24 15:38:39.753,0.4969592944392958,-0.4483872728942508,-0.5025747665697775,0.6588857538684401,0.3744522042129022,-0.2716133236027521,-0.3811023417825745,0.343225944343575,0.6872267825870714,-0.02449798580649673,0.2068844235046955,0.5694411674616563,0.5537153095169627,-0.05655329678898795,-0.1639764533093618,0.2775267877603515,0.2524611430545511,-0.2408870301832948,-0.521106833035805,-0.1751518485499446,796.1904761904763,804.6520146520147,807.8754578754579,814.3223443223443,862.2710622710623,917.0695970695971,-0.374817,0.080811,0.896118,-4.239349,1.143951,6.654358,1,1,1,1,1,94.000000
2025-03-24 15:38:39.897,,,,,,,,,,,,,,,,,,,,,,,,,,,,,,,,,,,,,,,/muse/elements/blink
2025-03-24 15:38:40.146,,,,,,,,,,,,,,,,,,,,,,,,,,,,,,,,,,,,,,,/muse/elements/blink
2025-03-24 15:38:40.254,0.5970102654127564,-0.1979832924958252,0.5936304690310915,1.192524464652057,0.3355047537290488,-0.3264959118773851,-0.09779783487136137,1.076270000852458,0.3545023017032931,0.02247324784471556,0.4184585321690825,1.204769376123959,0.5158559559363775,-0.07825618553284838,-0.07502041722299904,0.3307992033168028,0.2662510369128367,-0.1994744440211432,-0.4294211864179371,-0.1886477438807006,748.6446886446887,811.9047619047619,779.6703296703297,756.3003663003664,740.989010989011,572.967032967033,-0.283569,0.045593,0.971436,-2.422485,4.732819,12.217102,1,1,1,1,1,94.000000
2025-03-24 15:38:40.764,0.7096842255774699,0.5613530863088211,0.7578416127718697,1.882357731877872,0.3603914636002039,-0.09502398046012586,0.01817648493661722,1.67446684908624,0.3128057716272638,0.3161667268328355,0.3744169127098253,1.308532088186891,0.5247059818621005,-0.04984643999675268,-0.0374340921193461,0.5442978553301985,0.3495106224386016,-0.2424715058723173,-0.407333412565358,0.02287500996571415,797.8021978021978,803.4432234432235,798.2051282051282,784.9084249084249,852.1978021978023,732.1245421245421,-0.381348,0.059814,0.918030,2.811279,2.056122,-0.545807,1,1,1,1,1,94.000000
2025-03-24 15:38:41.254,0.7096842255774699,0.7626175378494615,0.9371324768596194,2.043375028664328,0.3603914636002039,-0.001063247314034566,0.2215212475600897,1.842006636167257,0.3128057716272638,0.3582038971913156,0.4446835577895403,1.308532088186891,0.5247059818621005,0.03473094469447586,0.1698670390594476,0.6549619860393497,0.3495106224386016,-0.3479544351061243,-0.3706650990148947,0.09573500665352161,800.6227106227107,801.8315018315019,804.2490842490843,788.5347985347986,841.3186813186813,733.3333333333334,-0.387817,0.059021,0.918884,2.362671,-0.717773,-3.940277,1,1,1,1,1,94.000000
