unix_ms,rel_timestamp,frame,event,side,screen_pos_x,screen_pos_y,screen_pos_z,target_name
1742680654962,0,,Activation,,,,,
1742680654962,0,321,,Left,0,0,0,
1742680654962,0,321,,Right,0,0,0,
1742680654962,0,321,,Center,0,0,0,
1742680655072,0.01999998,323,,Left,936.9495,1031.695,49.99992,
1742680655072,0.01999998,323,,Right,935.686,1031.695,49.99992,
1742680655072,0.01999998,323,,Center,936.3184,1031.695,49.99992,
1742680655104,0.04814291,324,,Left,937.8748,1032.444,49.99998,
1742680655104,0.04814291,324,,Right,936.6112,1032.444,49.99999,
1742680655104,0.04814291,324,,Center,937.2459,1032.444,49.99998,
1742680655127,0.07941961,325,,Left,937.2562,1031.914,49.99995,
1742680655127,0.07941961,325,,Right,935.9926,1031.914,49.99996,
1742680655127,0.07941961,325,,Center,936.6259,1031.914,49.99996,
1742680655148,0.1025867,326,,Left,937.2424,1032.004,49.99993,
1742680655148,0.1025867,326,,Right,935.9789,1032.004,49.99993,
1742680655148,0.1025867,326,,Center,936.6121,1032.004,49.99993,
1742680655166,0.1231966,327,,Left,937.1044,1032.296,49.99998,
1742680655166,0.1231966,327,,Right,935.8409,1032.296,49.99998,
1742680655166,0.1231966,327,,Center,936.4738,1032.296,49.99998,
1742680655183,0.1414895,328,,Left,937.0726,1032.429,49.99999,
1742680655183,0.1414895,328,,Right,935.8091,1032.429,49.99999,
1742680655183,0.1414895,328,,Center,936.442,1032.429,49.99999,
1742680655199,0.1584196,329,,Left,936.7003,1032.117,50,
1742680655199,0.1584196,329,,Right,935.4368,1032.117,50,
1742680655199,0.1584196,329,,Center,936.0686,1032.117,50,
1742680655231,0.1906438,331,,Left,936.6657,1031.633,50.00005,
1742680655231,0.1906438,331,,Right,935.4022,1031.633,50.00005,
1742680655231,0.1906438,331,,Center,936.0341,1031.633,50.00005,
1742680655261,0.2211843,333,,Left,936.5058,1031.815,50.00001,
1742680655261,0.2211843,333,,Right,935.2422,1031.815,50.00001,
1742680655261,0.2211843,333,,Center,935.8737,1031.815,50.00001,
1742680655290,0.2510529,335,,Left,845.9828,858.2276,48.91009,
1742680655290,0.2510529,335,,Right,844.6911,858.2276,48.91009,
1742680655290,0.2510529,335,,Center,845.1257,858.2277,48.9101,
1742680655319,0.280395,337,,Left,884.8518,1173.359,49.34132,
1742680655319,0.280395,337,,Right,883.5714,1173.359,49.34131,
1742680655319,0.280395,337,,Center,884.0909,1173.359,49.34132,
1742680655348,0.3088884,339,,Left,884.6156,1071.036,49.86001,
1742680655348,0.3088884,339,,Right,883.3486,1071.036,49.86001,
1742680655348,0.3088884,339,,Center,883.8608,1071.036,49.86001,
1742680655376,0.3375621,341,,Left,887.5492,1067.984,49.87507,
1742680655376,0.3375621,341,,Right,886.2826,1067.984,49.87507,
1742680655376,0.3375621,341,,Center,886.8015,1067.984,49.87507,
1742680655405,0.3664088,343,,Left,887.2963,1068.028,49.87429,
1742680655405,0.3664088,343,,Right,886.0296,1068.028,49.87429,
1742680655405,0.3664088,343,,Center,886.548,1068.028,49.87429,
1742680655433,0.3941026,345,,Left,913.5427,1063.146,49.93844,
1742680655433,0.3941026,345,,Right,912.2775,1063.146,49.93845,
1742680655433,0.3941026,345,,Center,912.8563,1063.146,49.93845,
1742680655461,0.422369,347,,Left,914.0114,1050.477,49.95708,
1742680655461,0.422369,347,,Right,912.7468,1050.477,49.95708,
1742680655461,0.422369,347,,Center,913.3264,1050.477,49.95707,
1742680655489,0.4504557,349,,Left,914.6909,1050.151,49.95828,
1742680655489,0.4504557,349,,Right,913.4263,1050.151,49.95828,
1742680655489,0.4504557,349,,Center,914.0074,1050.151,49.95828,
1742680655517,0.4787245,351,,Left,915.4241,1049.03,49.96033,
1742680655517,0.4787245,351,,Right,914.1595,1049.03,49.96033,
1742680655517,0.4787245,351,,Center,914.7424,1049.03,49.96033,
1742680655544,0.5057764,353,,Left,908.6287,1052.054,49.94743,
1742680655544,0.5057764,353,,Right,907.3638,1052.054,49.94743,
1742680655544,0.5057764,353,,Center,907.931,1052.054,49.94743,
1742680655572,0.5339651,355,,Left,910.9849,1052.579,49.95049,
1742680655572,0.5339651,355,,Right,909.7201,1052.579,49.95049,
1742680655572,0.5339651,355,,Center,910.2927,1052.579,49.95049,
1742680655600,0.5613217,357,,Left,918.69,1057.73,49.95332,
1742680655600,0.5613217,357,,Right,917.4253,1057.73,49.95332,
1742680655600,0.5613217,357,,Center,918.0158,1057.73,49.95332,
1742680655628,0.5893922,359,,Left,920.6648,1061.002,49.95012,
1742680655628,0.5893922,359,,Right,919.4,1061.002,49.95012,
1742680655628,0.5893922,359,,Center,919.9951,1061.002,49.95012,
1742680655656,0.617384,361,,Left,930.715,1060.924,49.95655,
1742680655656,0.617384,361,,Right,929.4504,1060.924,49.95655,
1742680655656,0.617384,361,,Center,930.0689,1060.924,49.95655,
1742680655683,0.6451373,363,,Left,932.5363,1060.049,49.95851,
1742680655683,0.6451373,363,,Right,931.2716,1060.05,49.9585,
1742680655683,0.6451373,363,,Center,931.8943,1060.049,49.95851,
1742680655712,0.672842,365,,Left,934.0404,1060.006,49.95889,
1742680655712,0.672842,365,,Right,932.7758,1060.006,49.95888,
1742680655712,0.672842,365,,Center,933.4021,1060.006,49.95889,
1742680655739,0.7012391,367,,Left,942.1093,1061.015,49.95649,
1742680655739,0.7012391,367,,Right,940.8447,1061.015,49.95649,
1742680655739,0.7012391,367,,Center,941.4897,1061.015,49.95649,
1742680655767,0.7282023,369,,Left,947.8117,1060.027,49.95541,
1742680655767,0.7282023,369,,Right,946.5471,1060.027,49.95541,
1742680655767,0.7282023,369,,Center,947.2055,1060.027,49.95541,
1742680655794,0.7560201,371,,Left,948.4288,1059.506,49.95585,
1742680655794,0.7560201,371,,Right,947.1641,1059.506,49.95585,
1742680655794,0.7560201,371,,Center,947.8239,1059.506,49.95585,
1742680655822,0.7835665,373,,Left,948.5996,1063.763,49.9485,
1742680655822,0.7835665,373,,Right,947.3347,1063.763,49.94849,
1742680655822,0.7835665,373,,Center,947.9951,1063.763,49.9485,
1742680655850,0.8114672,375,,Left,957.1761,1064.055,49.93989,
1742680655850,0.8114672,375,,Right,955.9111,1064.055,49.93989,
1742680655850,0.8114672,375,,Center,956.5915,1064.055,49.93989,
1742680655877,0.8387933,377,,Left,958.0372,1062.302,49.94198,
1742680655877,0.8387933,377,,Right,956.7722,1062.302,49.94198,
1742680655877,0.8387933,377,,Center,957.4546,1062.302,49.94198,
1742680655905,0.8671246,379,,Left,965.0324,1061.478,49.93336,
1742680655905,0.8671246,379,,Right,963.7672,1061.478,49.93336,
1742680655905,0.8671246,379,,Center,964.4659,1061.478,49.93336,
1742680655933,0.8941979,381,,Left,962.7729,1058.771,49.94126,
1742680655933,0.8941979,381,,Right,961.5079,1058.771,49.94126,
1742680655933,0.8941979,381,,Center,962.2014,1058.771,49.94126,
1742680655960,0.9220505,383,,Left,956.9009,1058.718,49.94925,
1742680655960,0.9220505,383,,Right,955.6362,1058.718,49.94925,
1742680655960,0.9220505,383,,Center,956.3158,1058.718,49.94925,
1742680655988,0.9498572,385,,Left,951.0352,1056.325,49.95866,
1742680655988,0.9498572,385,,Right,949.7706,1056.325,49.95866,
1742680655988,0.9498572,385,,Center,950.4364,1056.325,49.95866,
1742680656016,0.9775949,387,,Left,941.6633,1054.164,49.96686,
1742680656016,0.9775949,387,,Right,940.399,1054.164,49.96686,
1742680656016,0.9775949,387,,Center,941.043,1054.164,49.96686,
1742680656044,1.005396,389,,Left,938.4997,1054.028,49.96762,
1742680656044,1.005396,389,,Right,937.2353,1054.028,49.96762,
1742680656044,1.005396,389,,Center,937.8719,1054.028,49.96761,
1742680656072,1.033577,391,,Left,937.1996,1052.91,49.96907,
1742680656072,1.033577,391,,Right,935.9352,1052.91,49.96907,
1742680656072,1.033577,391,,Center,936.5687,1052.91,49.96907,
1742680656099,1.060717,393,,Left,934.1488,1052.935,49.96891,
1742680656099,1.060717,393,,Right,932.8845,1052.935,49.96891,
1742680656099,1.060717,393,,Center,933.5109,1052.935,49.96891,
1742680656127,1.088564,395,,Left,927.4985,1054.118,49.96519,
1742680656127,1.088564,395,,Right,926.2341,1054.118,49.96519,
1742680656127,1.088564,395,,Center,926.845,1054.118,49.96519,
1742680656155,1.116702,397,,Left,923.5524,1057.527,49.95799,
1742680656155,1.116702,397,,Right,922.2878,1057.527,49.95799,
1742680656155,1.116702,397,,Center,922.8896,1057.527,49.95799,
1742680656183,1.144431,399,,Left,920.8946,1057.695,49.95556,
1742680656183,1.144431,399,,Right,919.6299,1057.695,49.95555,
1742680656184,1.144431,399,,Center,920.2256,1057.695,49.95555,
1742680656211,1.172185,401,,Left,920.7732,1062.869,49.94709,
1742680656211,1.172185,401,,Right,919.5083,1062.869,49.94709,
1742680656211,1.172185,401,,Center,920.1038,1062.869,49.94709,
1742680656239,1.200619,403,,Left,920.5663,1061.832,49.94869,
1742680656239,1.200619,403,,Right,919.3015,1061.832,49.94868,
1742680656239,1.200619,403,,Center,919.8965,1061.832,49.94869,
1742680656267,1.227926,405,,Left,922.4263,1056.753,49.95823,
1742680656267,1.227926,405,,Right,921.1617,1056.753,49.95823,
1742680656267,1.227926,405,,Center,921.7609,1056.753,49.95822,
1742680656295,1.255865,407,,Left,925.4068,1056.823,49.96029,
1742680656295,1.255865,407,,Right,924.1423,1056.823,49.96029,
1742680656295,1.255865,407,,Center,924.7484,1056.823,49.96029,
1742680656322,1.284103,409,,Left,928.4587,1054.116,49.9656,
1742680656322,1.284103,409,,Right,927.1942,1054.116,49.96561,
1742680656322,1.284103,409,,Center,927.8074,1054.116,49.9656,
1742680656350,1.311878,411,,Left,926.2476,1055.042,49.96317,
1742680656350,1.311878,411,,Right,924.9831,1055.042,49.96317,
1742680656350,1.311878,411,,Center,925.5912,1055.042,49.96318,
1742680656378,1.339514,413,,Left,926.6878,1051.085,49.96827,
1742680656378,1.339514,413,,Right,925.4235,1051.085,49.96827,
1742680656378,1.339514,413,,Center,926.0325,1051.085,49.96827,
1742680656406,1.367862,415,,Left,926.2696,1051.76,49.96729,
1742680656406,1.367862,415,,Right,925.0052,1051.76,49.96728,
1742680656406,1.367862,415,,Center,925.6133,1051.76,49.96729,
1742680656434,1.395427,417,,Left,925.6049,1052.338,49.96621,
1742680656434,1.395427,417,,Right,924.3405,1052.338,49.96621,
1742680656434,1.395427,417,,Center,924.947,1052.338,49.96621,
1742680656462,1.4232,419,,Left,926.9489,1055.257,49.9633,
1742680656462,1.4232,419,,Right,925.6844,1055.257,49.96331,
1742680656462,1.4232,419,,Center,926.2941,1055.257,49.96331,
1742680656490,1.451132,421,,Left,926.7842,1055.836,49.96242,
1742680656490,1.451132,421,,Right,925.5197,1055.836,49.96241,
1742680656490,1.451132,421,,Center,926.129,1055.836,49.96242,
1742680656517,1.479317,423,,Left,926.4792,1055.947,49.96208,
1742680656517,1.479317,423,,Right,925.2148,1055.947,49.96207,
1742680656517,1.479317,423,,Center,925.8234,1055.947,49.96208,
1742680656545,1.506742,425,,Left,922.1137,1056.116,49.95871,
1742680656545,1.506742,425,,Right,920.8491,1056.116,49.95871,
1742680656545,1.506742,425,,Center,921.4476,1056.116,49.95871,
1742680656573,1.53484,427,,Left,921.1605,1056.94,49.95675,
1742680656573,1.53484,427,,Right,919.8958,1056.94,49.95675,
1742680656573,1.53484,427,,Center,920.4921,1056.94,49.95675,
1742680656601,1.562765,429,,Left,920.9458,1057.03,49.95643,
1742680656601,1.562765,429,,Right,919.6812,1057.03,49.95643,
1742680656601,1.562765,429,,Center,920.2769,1057.03,49.95643,
1742680656629,1.590313,431,,Left,922.1378,1057.831,49.95635,
1742680656629,1.590313,431,,Right,920.8732,1057.831,49.95635,
1742680656629,1.590313,431,,Center,921.4717,1057.831,49.95635,
1742680656657,1.618277,433,,Left,920.2425,1057.588,49.95499,
1742680656657,1.618277,433,,Right,918.9778,1057.588,49.95499,
1742680656657,1.618277,433,,Center,919.5719,1057.588,49.95499,
1742680656685,1.646247,435,,Left,920.7817,1056.973,49.9564,
1742680656685,1.646247,435,,Right,919.5171,1056.973,49.9564,
1742680656685,1.646247,435,,Center,920.1125,1056.973,49.9564,
1742680656712,1.674273,437,,Left,918.9569,1059.391,49.951,
1742680656712,1.674273,437,,Right,917.6921,1059.391,49.951,
1742680656713,1.674273,437,,Center,918.2833,1059.391,49.951,
1742680656741,1.702434,439,,Left,918.7714,1059.248,49.95099,
1742680656741,1.702434,439,,Right,917.5065,1059.248,49.95098,
1742680656741,1.702434,439,,Center,918.0973,1059.248,49.95099,
1742680656769,1.730375,441,,Left,918.9185,1058.244,49.95269,
1742680656769,1.730375,441,,Right,917.6537,1058.244,49.95269,
1742680656769,1.730375,441,,Center,918.2449,1058.244,49.9527,
1742680656797,1.758302,443,,Left,918.7584,1058.02,49.95291,
1742680656797,1.758302,443,,Right,917.4937,1058.02,49.95291,
1742680656797,1.758302,443,,Center,918.0844,1058.02,49.95291,
1742680656825,1.786395,445,,Left,921.999,1058.4,49.95544,
1742680656825,1.786395,445,,Right,920.7344,1058.4,49.95544,
1742680656825,1.786395,445,,Center,921.3326,1058.4,49.95544,
1742680656853,1.814105,447,,Left,923.4709,1057.557,49.95786,
1742680656853,1.814105,447,,Right,922.2063,1057.557,49.95786,
1742680656853,1.814105,447,,Center,922.8079,1057.557,49.95786,
1742680656881,1.842098,449,,Left,925.9356,1058.83,49.95765,
1742680656881,1.842098,449,,Right,924.671,1058.83,49.95764,
1742680656881,1.842098,449,,Center,925.2783,1058.83,49.95765,
1742680656909,1.870175,451,,Left,925.8401,1059.073,49.95721,
1742680656909,1.870175,451,,Right,924.5755,1059.073,49.95721,
1742680656909,1.870175,451,,Center,925.1827,1059.073,49.95721,
1742680656937,1.898246,453,,Left,927.029,1055.729,49.96277,
1742680656937,1.898246,453,,Right,925.7645,1055.729,49.96277,
1742680656937,1.898246,453,,Center,926.3743,1055.729,49.96277,
1742680656965,1.926063,455,,Left,928.2281,1055.349,49.96396,
1742680656965,1.926063,455,,Right,926.9636,1055.349,49.96396,
1742680656965,1.926063,455,,Center,927.5763,1055.349,49.96396,
1742680656993,1.954069,457,,Left,929.055,1055.177,49.96457,
1742680656993,1.954069,457,,Right,927.7906,1055.177,49.96457,
1742680656993,1.954069,457,,Center,928.4052,1055.177,49.96457,
1742680657021,1.981998,459,,Left,927.2664,1052.931,49.96654,
1742680657021,1.981998,459,,Right,926.002,1052.931,49.96655,
1742680657021,1.981998,459,,Center,926.6124,1052.931,49.96654,
1742680657049,2.010211,461,,Left,926.8083,1052.858,49.96636,
1742680657049,2.010211,461,,Right,925.5439,1052.858,49.96637,
1742680657049,2.010211,461,,Center,926.1533,1052.858,49.96636,
1742680657077,2.038184,463,,Left,926.1853,1052.827,49.96605,
1742680657077,2.038184,463,,Right,924.9209,1052.827,49.96605,
1742680657077,2.038184,463,,Center,925.5287,1052.827,49.96605,
1742680657105,2.066592,465,,Left,926.1175,1053.033,49.96575,
1742680657105,2.066592,465,,Right,924.8531,1053.033,49.96575,
1742680657105,2.066592,465,,Center,925.4608,1053.033,49.96575,
1742680657132,2.09433,467,,Left,928.4995,1053.183,49.9668,
1742680657132,2.09433,467,,Right,927.2351,1053.183,49.9668,
1742680657132,2.09433,467,,Center,927.8483,1053.183,49.9668,
1742680657161,2.12186,469,,Left,928.3565,1049.97,49.97038,
1742680657161,2.12186,469,,Right,927.0922,1049.97,49.97038,
1742680657161,2.12186,469,,Center,927.705,1049.97,49.97038,
1742680657188,2.149963,471,,Left,928.4224,1053.927,49.96587,
1742680657189,2.149963,471,,Right,927.158,1053.927,49.96587,
1742680657189,2.149963,471,,Center,927.7711,1053.927,49.96587,
1742680657216,2.178407,473,,Left,927.7848,1053.316,49.96634,
1742680657216,2.178407,473,,Right,926.5204,1053.316,49.96634,
1742680657217,2.178407,473,,Center,927.132,1053.316,49.96634,
1742680657245,2.206123,475,,Left,927.4918,1056.337,49.96219,
1742680657245,2.206123,475,,Right,926.2273,1056.337,49.96218,
1742680657245,2.206123,475,,Center,926.8383,1056.337,49.96219,
1742680657272,2.234396,477,,Left,927.56,1056.265,49.96232,
1742680657272,2.234396,477,,Right,926.2955,1056.265,49.96232,
1742680657272,2.234396,477,,Center,926.9066,1056.265,49.96232,
1742680657300,2.261573,479,,Left,927.451,1053.689,49.96566,
1742680657300,2.261573,479,,Right,926.1866,1053.689,49.96566,
1742680657300,2.261573,479,,Center,926.7974,1053.689,49.96566,
1742680657329,2.289992,481,,Left,925.5124,1050.114,49.96861,
1742680657329,2.289992,481,,Right,924.248,1050.114,49.96861,
1742680657329,2.289992,481,,Center,924.8543,1050.114,49.96862,
1742680657356,2.317841,483,,Left,927.3887,1049.861,49.96997,
1742680657356,2.317841,483,,Right,926.1243,1049.861,49.96997,
1742680657356,2.317841,483,,Center,926.735,1049.861,49.96997,
1742680657384,2.345817,485,,Left,924.3895,1049.76,49.96824,
1742680657384,2.345817,485,,Right,923.1251,1049.76,49.96824,
1742680657384,2.345817,485,,Center,923.7288,1049.76,49.96823,
1742680657412,2.373547,487,,Left,925.2828,1048.983,49.96967,
1742680657412,2.373547,487,,Right,924.0186,1048.983,49.96967,
1742680657412,2.373547,487,,Center,924.6243,1048.983,49.96968,
1742680657440,2.401927,489,,Left,925.2986,1049.262,49.96938,
1742680657440,2.401927,489,,Right,924.0344,1049.262,49.96938,
1742680657440,2.401927,489,,Center,924.6401,1049.262,49.96937,
1742680657468,2.429571,491,,Left,924.9048,1048.923,49.96943,
1742680657468,2.429571,491,,Right,923.6404,1048.923,49.96943,
1742680657468,2.429571,491,,Center,924.2454,1048.923,49.96943,
1742680657496,2.457486,493,,Left,925.0411,1046.429,49.97177,
1742680657496,2.457486,493,,Right,923.7769,1046.429,49.97178,
1742680657496,2.457486,493,,Center,924.382,1046.429,49.97177,
1742680657524,2.485471,495,,Left,925.2051,1048.401,49.9701,
1742680657524,2.485471,495,,Right,923.9409,1048.401,49.9701,
1742680657524,2.485471,495,,Center,924.5464,1048.401,49.9701,
1742680657552,2.5136,497,,Left,925.3537,1045.899,49.97238,
1742680657552,2.5136,497,,Right,924.0895,1045.899,49.97239,
1742680657552,2.5136,497,,Center,924.6953,1045.899,49.97239,
1742680657580,2.541341,499,,Left,922.577,1048.698,49.96792,
1742680657580,2.541341,499,,Right,921.3127,1048.698,49.96792,
1742680657580,2.541341,499,,Center,921.9121,1048.698,49.96792,
1742680657608,2.569794,501,,Left,923.0052,1049.123,49.96786,
1742680657608,2.569794,501,,Right,921.7408,1049.123,49.96786,
1742680657608,2.569794,501,,Center,922.3413,1049.123,49.96787,
1742680657636,2.597351,503,,Left,923.0165,1045.455,49.97111,
1742680657636,2.597351,503,,Right,921.7523,1045.455,49.97111,
1742680657636,2.597351,503,,Center,922.3527,1045.455,49.97111,
1742680657664,2.625311,505,,Left,921.8384,1046.142,49.96959,
1742680657664,2.625311,505,,Right,920.5742,1046.142,49.96959,
1742680657664,2.625311,505,,Center,921.1718,1046.142,49.96959,
1742680657693,2.653431,507,,Left,922.1178,1045.868,49.97005,
1742680657693,2.653431,507,,Right,920.8535,1045.868,49.97004,
1742680657693,2.653431,507,,Center,921.4518,1045.868,49.97004,
1742680657720,2.68154,509,,Left,921.2433,1053.665,49.96133,
1742680657720,2.68154,509,,Right,919.9788,1053.665,49.96133,
1742680657720,2.68154,509,,Center,920.5752,1053.665,49.96132,
1742680657747,2.70905,511,,Left,921.7873,1053.416,49.96208,
1742680657747,2.70905,511,,Right,920.5228,1053.416,49.96208,
1742680657747,2.70905,511,,Center,921.1205,1053.416,49.96208,
1742680657775,2.736961,513,,Left,921.8782,1053.173,49.96249,
1742680657775,2.736961,513,,Right,920.6138,1053.173,49.96249,
1742680657775,2.736961,513,,Center,921.2116,1053.173,49.96249,
1742680657803,2.764859,515,,Left,922.2745,1043.558,49.97187,
1742680657803,2.764859,515,,Right,921.0103,1043.558,49.97187,
1742680657803,2.764859,515,,Center,921.609,1043.558,49.97187,
1742680657831,2.792494,517,,Left,926.9708,1043.806,49.97498,
1742680657831,2.792494,517,,Right,925.7067,1043.806,49.97498,
1742680657831,2.792494,517,,Center,926.3163,1043.806,49.97498,
1742680657859,2.820515,519,,Left,926.8648,1052.656,49.96664,
1742680657859,2.820515,519,,Right,925.6004,1052.656,49.96664,
1742680657859,2.820515,519,,Center,926.2098,1052.656,49.96664,
1742680657887,2.84846,521,,Left,927.0159,1052.819,49.96654,
1742680657887,2.84846,521,,Right,925.7515,1052.819,49.96654,
1742680657887,2.84846,521,,Center,926.3613,1052.819,49.96654,
1742680657915,2.876466,523,,Left,926.9571,1050.719,49.96888,
1742680657915,2.876466,523,,Right,925.6928,1050.719,49.96888,
1742680657915,2.876466,523,,Center,926.3024,1050.719,49.96888,
1742680657943,2.904314,525,,Left,925.3394,1050.44,49.96813,
1742680657943,2.904314,525,,Right,924.0751,1050.44,49.96813,
1742680657943,2.904314,525,,Center,924.6809,1050.44,49.96813,
1742680657971,2.932233,527,,Left,926.3787,1050.327,49.96895,
1742680657971,2.932233,527,,Right,925.1143,1050.327,49.96895,
1742680657971,2.932233,527,,Center,925.7226,1050.327,49.96894,
1742680657998,2.960103,529,,Left,924.3749,1050.317,49.96766,
1742680657998,2.960103,529,,Right,923.1105,1050.317,49.96766,
1742680657998,2.960103,529,,Center,923.7142,1050.317,49.96766,
1742680658026,2.987769,531,,Left,925.7438,1050.549,49.96837,
1742680658026,2.987769,531,,Right,924.4796,1050.549,49.96837,
1742680658026,2.987769,531,,Center,925.0863,1050.549,49.96838,
1742680658054,3.015836,533,,Left,925.0074,1050.896,49.96748,
1742680658054,3.015836,533,,Right,923.7431,1050.896,49.96748,
1742680658055,3.015836,533,,Center,924.3481,1050.896,49.96748,
1742680658082,3.043685,535,,Left,924.3436,1047.878,49.97003,
1742680658082,3.043685,535,,Right,923.0793,1047.878,49.97003,
1742680658082,3.043685,535,,Center,923.6828,1047.878,49.97003,
1742680658110,3.071507,537,,Left,926.6124,1048.062,49.97133,
1742680658110,3.071507,537,,Right,925.3481,1048.062,49.97133,
1742680658110,3.071507,537,,Center,925.9569,1048.062,49.97133,
1742680658138,3.0998,539,,Left,926.4098,1048.316,49.97092,
1742680658138,3.0998,539,,Right,925.1456,1048.316,49.97092,
1742680658138,3.0998,539,,Center,925.7538,1048.316,49.97092,
1742680658165,3.12715,541,,Left,925.0877,1048.136,49.97032,
1742680658165,3.12715,541,,Right,923.8234,1048.136,49.97032,
1742680658165,3.12715,541,,Center,924.4286,1048.136,49.97032,
1742680658193,3.154919,543,,Left,924.739,1049.181,49.96909,
1742680658193,3.154919,543,,Right,923.4747,1049.181,49.96909,
1742680658193,3.154919,543,,Center,924.0791,1049.181,49.96909,
1742680658221,3.182913,545,,Left,923.235,1054.543,49.96186,
1742680658221,3.182913,545,,Right,921.9705,1054.543,49.96186,
1742680658221,3.182913,545,,Center,922.5715,1054.543,49.96186,
1742680658249,3.211062,547,,Left,921.7197,1054.011,49.96131,
1742680658249,3.211062,547,,Right,920.4551,1054.011,49.96131,
1742680658249,3.211062,547,,Center,921.0527,1054.011,49.96131,
1742680658277,3.238726,549,,Left,923.6414,1052.203,49.96505,
1742680658277,3.238726,549,,Right,922.377,1052.203,49.96505,
1742680658277,3.238726,549,,Center,922.9788,1052.203,49.96505,
1742680658305,3.267348,551,,Left,923.6993,1051.72,49.96563,
1742680658305,3.267348,551,,Right,922.4349,1051.72,49.96563,
1742680658305,3.267348,551,,Center,923.037,1051.72,49.96563,
1742680658333,3.294396,553,,Left,927.5601,1051.206,49.9686,
1742680658333,3.294396,553,,Right,926.2957,1051.206,49.9686,
1742680658333,3.294396,553,,Center,926.9067,1051.206,49.9686,
1742680658361,3.322171,555,,Left,928.8661,1051.995,49.96843,
1742680658361,3.322171,555,,Right,927.6018,1051.995,49.96842,
1742680658361,3.322171,555,,Center,928.2159,1051.995,49.96842,
1742680658389,3.350228,557,,Left,928.0845,1045.547,49.97428,
1742680658389,3.350228,557,,Right,926.8203,1045.547,49.97427,
1742680658389,3.350228,557,,Center,927.4325,1045.547,49.97428,
1742680658416,3.378396,559,,Left,869.5154,896.8296,49.33801,
1742680658416,3.378396,559,,Right,868.2349,896.8296,49.33801,
1742680658416,3.378396,559,,Center,868.7187,896.8297,49.33801,
1742680658444,3.405721,561,,Left,778.3819,850.1206,48.385,
1742680658444,3.405721,561,,Right,777.0762,850.1206,48.385,
1742680658444,3.405721,561,,Center,777.3602,850.1207,48.385,
1742680658472,3.434316,563,,Left,778.2592,849.5975,48.37901,
1742680658472,3.434316,563,,Right,776.9534,849.5975,48.37901,
1742680658472,3.434316,563,,Center,777.2371,849.5975,48.37901,
1742680658500,3.461531,565,,Left,778.1572,849.1779,48.37417,
1742680658500,3.461531,565,,Right,776.8513,849.1779,48.37416,
1742680658500,3.461531,565,,Center,777.1348,849.178,48.37416,
1742680658528,3.489534,567,,Left,794.7168,885.838,48.82565,
1742680658528,3.489534,567,,Right,793.4229,885.838,48.82564,
1742680658528,3.489534,567,,Center,793.739,885.8381,48.82565,
1742680658556,3.517365,569,,Left,850.3855,1058.482,49.7481,
1742680658556,3.517365,569,,Right,849.1156,1058.482,49.7481,
1742680658556,3.517365,569,,Center,849.5496,1058.482,49.7481,
1742680658584,3.54541,571,,Left,936.5969,1085.136,49.90059,
1742680658584,3.54541,571,,Right,935.3307,1085.136,49.90059,
1742680658584,3.54541,571,,Center,935.9637,1085.136,49.90059,
1742680658611,3.573,573,,Left,936.3886,1085.695,49.89893,
1742680658611,3.573,573,,Right,935.1226,1085.695,49.89893,
1742680658611,3.573,573,,Center,935.7549,1085.695,49.89893,
1742680658639,3.601279,575,,Left,936.5234,1085.903,49.89827,
1742680658639,3.601279,575,,Right,935.2573,1085.903,49.89827,
1742680658639,3.601279,575,,Center,935.8901,1085.903,49.89827,
1742680658667,3.62883,577,,Left,930.4337,1045.953,49.97499,
1742680658667,3.62883,577,,Right,929.1696,1045.953,49.97498,
1742680658667,3.62883,577,,Center,929.7872,1045.953,49.97498,
1742680658695,3.656784,579,,Left,927.9679,1045.558,49.97423,
1742680658695,3.656784,579,,Right,926.7037,1045.558,49.97423,
1742680658695,3.656784,579,,Center,927.3156,1045.558,49.97423,
1742680658723,3.684535,581,,Left,927.1634,1044.719,49.97445,
1742680658723,3.684535,581,,Right,925.8992,1044.719,49.97445,
1742680658723,3.684535,581,,Center,926.5092,1044.719,49.97445,
1742680658751,3.712578,583,,Left,928.3453,1044.781,49.975,
1742680658751,3.712578,583,,Right,927.0812,1044.781,49.975,
1742680658751,3.712578,583,,Center,927.6939,1044.781,49.975,
1742680658779,3.740211,585,,Left,927.1241,1040.64,49.97689,
1742680658779,3.740211,585,,Right,925.86,1040.64,49.9769,
1742680658779,3.740211,585,,Center,926.4699,1040.639,49.9769,
1742680658806,3.768345,587,,Left,927.6584,1041.366,49.97683,
1742680658807,3.768345,587,,Right,926.3943,1041.366,49.97683,
1742680658807,3.768345,587,,Center,927.0055,1041.366,49.97683,
1742680658834,3.795984,589,,Left,928.7263,1042.264,49.97685,
1742680658834,3.795984,589,,Right,927.4622,1042.264,49.97685,
1742680658834,3.795984,589,,Center,928.0759,1042.264,49.97685,
1742680658862,3.82384,591,,Left,928.7596,1041.935,49.97701,
1742680658862,3.82384,591,,Right,927.4955,1041.935,49.97701,
1742680658862,3.82384,591,,Center,928.1092,1041.935,49.97701,
1742680658890,3.851785,593,,Left,928.6868,1042.382,49.97671,
1742680658890,3.851785,593,,Right,927.4227,1042.382,49.97672,
1742680658890,3.851785,593,,Center,928.0362,1042.382,49.97672,
1742680658918,3.879838,595,,Left,926.1733,1041.489,49.9759,
1742680658918,3.879838,595,,Right,924.9092,1041.489,49.97591,
1742680658918,3.879838,595,,Center,925.5169,1041.489,49.97591,
1742680658946,3.907429,597,,Left,923.3061,1037.785,49.97561,
1742680658946,3.907429,597,,Right,922.042,1037.785,49.97561,
1742680658946,3.907429,597,,Center,922.643,1037.785,49.97561,
1742680658974,3.935477,599,,Left,923.5696,1037.3,49.97594,
1742680658974,3.935477,599,,Right,922.3054,1037.3,49.97594,
1742680658974,3.935477,599,,Center,922.907,1037.3,49.97594,
1742680659002,3.963381,601,,Left,925.5698,1035.204,49.97785,
1742680659002,3.963381,601,,Right,924.3057,1035.204,49.97785,
1742680659002,3.963381,601,,Center,924.9119,1035.204,49.97785,
1742680659029,3.991022,603,,Left,923.0084,1033.39,49.97629,
1742680659029,3.991022,603,,Right,921.7442,1033.39,49.97629,
1742680659029,3.991022,603,,Center,922.3445,1033.39,49.97629,
1742680659058,4.01896,605,,Left,927.416,1033.267,49.97917,
1742680659058,4.01896,605,,Right,926.1519,1033.267,49.97917,
1742680659058,4.01896,605,,Center,926.7624,1033.267,49.97917,
1742680659085,4.046973,607,,Left,924.8426,1033.3,49.97761,
1742680659085,4.046973,607,,Right,923.5784,1033.3,49.97761,
1742680659085,4.046973,607,,Center,924.183,1033.3,49.97761,
1742680659113,4.074566,609,,Left,924.6021,1032.849,49.9775,
1742680659113,4.074566,609,,Right,923.338,1032.849,49.97749,
1742680659113,4.074566,609,,Center,923.9421,1032.849,49.9775,
1742680659141,4.102696,611,,Left,924.5394,1032.453,49.9775,
1742680659141,4.102696,611,,Right,923.2753,1032.453,49.9775,
1742680659141,4.102696,611,,Center,923.8792,1032.453,49.9775,
1742680659169,4.130555,613,,Left,922.2222,1030.53,49.97568,
1742680659169,4.130555,613,,Right,920.9579,1030.53,49.97568,
1742680659169,4.130555,613,,Center,921.5565,1030.53,49.97567,
1742680659197,4.158297,615,,Left,922.4134,1029.32,49.9757,
1742680659197,4.158297,615,,Right,921.1492,1029.32,49.9757,
1742680659197,4.158297,615,,Center,921.7481,1029.32,49.9757,
1742680659225,4.186076,617,,Left,922.5056,1029.445,49.97584,
1742680659225,4.186076,617,,Right,921.2415,1029.445,49.97584,
1742680659225,4.186076,617,,Center,921.8406,1029.445,49.97584,
1742680659252,4.21416,619,,Left,920.3986,1028.954,49.97388,
1742680659252,4.21416,619,,Right,919.1344,1028.954,49.97388,
1742680659252,4.21416,619,,Center,919.7287,1028.954,49.97388,
1742680659280,4.241662,621,,Left,920.3765,1029.733,49.97399,
1742680659280,4.241662,621,,Right,919.1124,1029.733,49.97399,
1742680659280,4.241662,621,,Center,919.7065,1029.733,49.97399,
1742680659308,4.269683,623,,Left,920.3104,1028.503,49.97371,
1742680659308,4.269683,623,,Right,919.0462,1028.503,49.97371,
1742680659308,4.269683,623,,Center,919.6403,1028.503,49.97371,
1742680659336,4.297549,625,,Left,923.3066,1025.852,49.97552,
1742680659336,4.297549,625,,Right,922.0425,1025.852,49.97552,
1742680659336,4.297549,625,,Center,922.6435,1025.852,49.97552,
1742680659364,4.325249,627,,Left,922.7546,1026.277,49.97524,
1742680659364,4.325249,627,,Right,921.4904,1026.277,49.97524,
1742680659364,4.325249,627,,Center,922.0901,1026.277,49.97524,
1742680659392,4.353391,629,,Left,922.5703,1024.401,49.97437,
1742680659392,4.353391,629,,Right,921.306,1024.401,49.97437,
1742680659392,4.353391,629,,Center,921.9054,1024.401,49.97437,
1742680659419,4.381154,631,,Left,925.8026,1022.397,49.97571,
1742680659419,4.381154,631,,Right,924.5384,1022.397,49.97571,
1742680659419,4.381154,631,,Center,925.1452,1022.397,49.97571,
1742680659447,4.408922,633,,Left,930.4906,1022.676,49.97813,
1742680659447,4.408922,633,,Right,929.2265,1022.676,49.97812,
1742680659447,4.408922,633,,Center,929.8442,1022.676,49.97813,
1742680659475,4.4368,635,,Left,930.078,1022.286,49.97774,
1742680659475,4.4368,635,,Right,928.8138,1022.286,49.97774,
1742680659475,4.4368,635,,Center,929.4307,1022.286,49.97774,
1742680659503,4.464699,637,,Left,925.9194,1022.419,49.97573,
1742680659503,4.464699,637,,Right,924.6553,1022.419,49.97572,
1742680659503,4.464699,637,,Center,925.2624,1022.419,49.97573,
1742680659531,4.492348,639,,Left,929.0697,1022.514,49.97736,
1742680659531,4.492348,639,,Right,927.8055,1022.514,49.97736,
1742680659531,4.492348,639,,Center,928.42,1022.514,49.97736,
1742680659559,4.520059,641,,Left,926.3637,1023.096,49.97632,
1742680659559,4.520059,641,,Right,925.0996,1023.096,49.97631,
1742680659559,4.520059,641,,Center,925.7077,1023.096,49.97632,
1742680659586,4.548036,643,,Left,929.7056,1024.45,49.97861,
1742680659586,4.548036,643,,Right,928.4415,1024.45,49.97861,
1742680659586,4.548036,643,,Center,929.0574,1024.45,49.97861,
1742680659614,4.575778,645,,Left,928.418,1025.221,49.97835,
1742680659614,4.575778,645,,Right,927.1539,1025.221,49.97836,
1742680659614,4.575778,645,,Center,927.7668,1025.221,49.97835,
1742680659642,4.60368,647,,Left,928.6329,1025.806,49.97868,
1742680659642,4.60368,647,,Right,927.3688,1025.806,49.97868,
1742680659642,4.60368,647,,Center,927.9822,1025.806,49.97868,
1742680659670,4.63168,649,,Left,928.8125,1025.57,49.97867,
1742680659670,4.63168,649,,Right,927.5484,1025.57,49.97867,
1742680659670,4.63168,649,,Center,928.1622,1025.57,49.97867,
1742680659698,4.659286,651,,Left,928.5143,1028.228,49.97931,
1742680659698,4.659286,651,,Right,927.2502,1028.228,49.97931,
1742680659698,4.659286,651,,Center,927.8633,1028.228,49.97931,
1742680659726,4.687225,653,,Left,928.3372,1031.358,49.97961,
1742680659726,4.687225,653,,Right,927.0731,1031.358,49.97961,
1742680659726,4.687225,653,,Center,927.6858,1031.358,49.9796,
1742680659753,4.715025,655,,Left,931.6969,1030.99,49.98087,
1742680659753,4.715025,655,,Right,930.4329,1030.99,49.98087,
1742680659753,4.715025,655,,Center,931.0535,1030.99,49.98087,
1742680659781,4.743002,657,,Left,931.817,1029.141,49.98071,
1742680659781,4.743002,657,,Right,930.553,1029.141,49.98071,
1742680659781,4.743002,657,,Center,931.1738,1029.141,49.98071,
1742680659809,4.770679,659,,Left,932.911,1026.295,49.9803,
1742680659809,4.770679,659,,Right,931.647,1026.295,49.9803,
1742680659809,4.770679,659,,Center,932.2703,1026.295,49.9803,
1742680659837,4.79865,661,,Left,933.0605,1027.119,49.9806,
1742680659837,4.79865,661,,Right,931.7965,1027.119,49.9806,
1742680659837,4.79865,661,,Center,932.4202,1027.119,49.9806,
1742680659865,4.826306,663,,Left,927.9529,1027.124,49.97881,
1742680659865,4.826306,663,,Right,926.6888,1027.124,49.97881,
1742680659865,4.826306,663,,Center,927.3007,1027.124,49.97881,
1742680659893,4.854263,665,,Left,931.2911,1025.617,49.97969,
1742680659893,4.854263,665,,Right,930.027,1025.617,49.97969,
1742680659893,4.854263,665,,Center,930.6466,1025.617,49.97969,
1742680659920,4.882159,667,,Left,928.1135,1025.281,49.97828,
1742680659920,4.882159,667,,Right,926.8494,1025.281,49.97828,
1742680659921,4.882159,667,,Center,927.4615,1025.281,49.97828,
1742680659948,4.910266,669,,Left,929.4944,1022.927,49.9778,
1742680659948,4.910266,669,,Right,928.2303,1022.927,49.9778,
1742680659948,4.910266,669,,Center,928.8458,1022.927,49.9778,
1742680659976,4.937424,671,,Left,929.672,1025.224,49.97897,
1742680659976,4.937424,671,,Right,928.408,1025.224,49.97897,
1742680659976,4.937424,671,,Center,929.0237,1025.224,49.97897,
1742680660004,4.965707,673,,Left,930.2083,1025.398,49.97924,
1742680660004,4.965707,673,,Right,928.9442,1025.398,49.97924,
1742680660004,4.965707,673,,Center,929.5612,1025.398,49.97924,
1742680660032,4.99293,675,,Left,936.3503,1025.276,49.98038,
1742680660032,4.99293,675,,Right,935.0863,1025.276,49.98038,
1742680660032,4.99293,675,,Center,935.7177,1025.276,49.98038,
1742680660060,5.021039,677,,Left,935.796,1026.815,49.98089,
1742680660060,5.021039,677,,Right,934.532,1026.815,49.98089,
1742680660060,5.021039,677,,Center,935.162,1026.815,49.98089,
1742680660088,5.049282,679,,Left,931.8635,1034.971,49.98078,
1742680660088,5.049282,679,,Right,930.5995,1034.971,49.98077,
1742680660088,5.049282,679,,Center,931.2204,1034.971,49.98078,
1742680660116,5.077348,681,,Left,929.901,1034.978,49.98012,
1742680660116,5.077348,681,,Right,928.637,1034.978,49.98012,
1742680660116,5.077348,681,,Center,929.2533,1034.978,49.98012,
1742680660144,5.105062,683,,Left,929.8591,1028.713,49.97998,
1742680660144,5.105062,683,,Right,928.595,1028.713,49.97998,
1742680660144,5.105062,683,,Center,929.2113,1028.713,49.97998,
1742680660172,5.133603,685,,Left,929.9722,1028.654,49.98007,
1742680660172,5.133603,685,,Right,928.7081,1028.654,49.98007,
1742680660172,5.133603,685,,Center,929.3246,1028.654,49.98007,
1742680660199,5.160896,687,,Left,930.2391,1027.982,49.98002,
1742680660199,5.160896,687,,Right,928.9751,1027.982,49.98003,
1742680660199,5.160896,687,,Center,929.5922,1027.982,49.98002,
1742680660227,5.188714,689,,Left,930.0077,1027.958,49.97993,
1742680660227,5.188714,689,,Right,928.7437,1027.958,49.97993,
1742680660227,5.188714,689,,Center,929.3602,1027.958,49.97993,
1742680660255,5.2167,691,,Left,925.7577,1032.246,49.97824,
1742680660255,5.2167,691,,Right,924.4936,1032.246,49.97823,
1742680660255,5.2167,691,,Center,925.1003,1032.246,49.97824,
1742680660283,5.244628,693,,Left,925.9199,1038.551,49.9771,
1742680660283,5.244628,693,,Right,924.6558,1038.551,49.9771,
1742680660283,5.244628,693,,Center,925.2629,1038.551,49.9771,
1742680660311,5.272468,695,,Left,926.2447,1038.661,49.97726,
1742680660311,5.272468,695,,Right,924.9806,1038.661,49.97726,
1742680660311,5.272468,695,,Center,925.5884,1038.661,49.97726,
1742680660339,5.300872,697,,Left,926.3262,1039.096,49.97709,
1742680660339,5.300872,697,,Right,925.0621,1039.096,49.97709,
1742680660339,5.300872,697,,Center,925.6702,1039.096,49.97709,
1742680660366,5.327991,699,,Left,926.3816,1036.067,49.97814,
1742680660367,5.327991,699,,Right,925.1175,1036.067,49.97814,
1742680660367,5.327991,699,,Center,925.7256,1036.067,49.97815,
1742680660394,5.355915,701,,Left,927.9848,1036.052,49.97902,
1742680660394,5.355915,701,,Right,926.7208,1036.052,49.97903,
1742680660394,5.355915,701,,Center,927.3326,1036.052,49.97903,
1742680660422,5.383852,703,,Left,927.6812,1038.927,49.97796,
1742680660422,5.383852,703,,Right,926.4171,1038.927,49.97796,
1742680660422,5.383852,703,,Center,927.0283,1038.927,49.97796,
1742680660450,5.411846,705,,Left,927.654,1039.068,49.97789,
1742680660450,5.411846,705,,Right,926.3899,1039.068,49.97789,
1742680660450,5.411846,705,,Center,927.001,1039.068,49.97789,
1742680660478,5.439471,707,,Left,929.0311,1040.371,49.97798,
1742680660478,5.439471,707,,Right,927.767,1040.371,49.97798,
1742680660478,5.439471,707,,Center,928.3813,1040.371,49.97799,
1742680660506,5.467922,709,,Left,929.0455,1040.741,49.97783,
1742680660506,5.467922,709,,Right,927.7815,1040.741,49.97783,
1742680660506,5.467922,709,,Center,928.3958,1040.741,49.97783,
1742680660534,5.495466,711,,Left,927.5214,1041.106,49.97688,
1742680660534,5.495466,711,,Right,926.2573,1041.106,49.97688,
1742680660534,5.495466,711,,Center,926.8681,1041.106,49.97688,
1742680660562,5.523026,713,,Left,929.0453,1040.698,49.97787,
1742680660562,5.523026,713,,Right,927.7812,1040.698,49.97787,
1742680660562,5.523026,713,,Center,928.3956,1040.698,49.97787,
1742680660589,5.550953,715,,Left,930.5088,1040.093,49.97874,
1742680660589,5.550953,715,,Right,929.2448,1040.093,49.97874,
1742680660589,5.550953,715,,Center,929.8625,1040.093,49.97874,
1742680660617,5.579033,717,,Left,931.4725,1039.803,49.97917,
1742680660617,5.579033,717,,Right,930.2084,1039.803,49.97917,
1742680660617,5.579033,717,,Center,930.8284,1039.803,49.97917,
1742680660645,5.606869,719,,Left,931.5474,1039.17,49.97949,
1742680660645,5.606869,719,,Right,930.2834,1039.17,49.97948,
1742680660645,5.606869,719,,Center,930.9035,1039.17,49.97949,
1742680660673,5.634737,721,,Left,931.8373,1039.072,49.9796,
1742680660673,5.634737,721,,Right,930.5732,1039.072,49.97961,
1742680660673,5.634737,721,,Center,931.1941,1039.072,49.97961,
1742680660701,5.662304,723,,Left,927.25,1038.774,49.97783,
1742680660701,5.662304,723,,Right,925.9859,1038.774,49.97783,
1742680660701,5.662304,723,,Center,926.5961,1038.774,49.97783,
1742680660729,5.690216,725,,Left,926.6481,1038.637,49.97749,
1742680660729,5.690216,725,,Right,925.384,1038.637,49.97749,
1742680660729,5.690216,725,,Center,925.9928,1038.637,49.97749,
1742680660756,5.71816,727,,Left,926.2721,1038.359,49.9774,
1742680660756,5.71816,727,,Right,925.008,1038.359,49.9774,
1742680660756,5.71816,727,,Center,925.6158,1038.359,49.9774,
1742680660784,5.74611,729,,Left,926.0322,1043.265,49.97478,
1742680660784,5.74611,729,,Right,924.768,1043.265,49.97478,
1742680660784,5.74611,729,,Center,925.3754,1043.265,49.97478,
1742680660812,5.773696,731,,Left,929.7454,1038.981,49.97889,
1742680660812,5.773696,731,,Right,928.4814,1038.981,49.97889,
1742680660812,5.773696,731,,Center,929.0974,1038.981,49.97889,
1742680660840,5.801734,733,,Left,930.0004,1039.162,49.97889,
1742680660840,5.801734,733,,Right,928.7363,1039.162,49.9789,
1742680660840,5.801734,733,,Center,929.3529,1039.162,49.97889,
1742680660868,5.829524,735,,Left,930.7644,1035.582,49.98028,
1742680660868,5.829524,735,,Right,929.5004,1035.582,49.98027,
1742680660868,5.829524,735,,Center,930.1187,1035.582,49.98028,
1742680660896,5.857236,737,,Left,928.0436,1036.047,49.97903,
1742680660896,5.857236,737,,Right,926.7795,1036.047,49.97903,
1742680660896,5.857236,737,,Center,927.3915,1036.047,49.97903,
1742680660924,5.885093,739,,Left,927.7975,1041.599,49.97668,
1742680660924,5.885093,739,,Right,926.5333,1041.599,49.97668,
1742680660924,5.885093,739,,Center,927.1448,1041.599,49.97668,
1742680660951,5.913189,741,,Left,930.9736,1041.354,49.97813,
1742680660951,5.913189,741,,Right,929.7096,1041.354,49.97813,
1742680660951,5.913189,741,,Center,930.3284,1041.354,49.97813,
1742680660979,5.941,743,,Left,930.6968,1042.163,49.97761,
1742680660979,5.941,743,,Right,929.4327,1042.163,49.97761,
1742680660979,5.941,743,,Center,930.051,1042.163,49.97761,
1742680661007,5.968882,745,,Left,930.7245,1042.558,49.97738,
1742680661007,5.968882,745,,Right,929.4604,1042.558,49.97737,
1742680661007,5.968882,745,,Center,930.0787,1042.558,49.97737,
1742680661035,5.996578,747,,Left,930.7487,1045.794,49.97512,
1742680661035,5.996578,747,,Right,929.4845,1045.794,49.97511,
1742680661035,5.996578,747,,Center,930.1029,1045.794,49.97511,
1742680661063,6.024461,749,,Left,929.9064,1045.906,49.97475,
1742680661063,6.024461,749,,Right,928.6422,1045.906,49.97475,
1742680661063,6.024461,749,,Center,929.2585,1045.906,49.97475,
1742680661091,6.052462,751,,Left,932.0281,1039.586,49.97937,
1742680661091,6.052462,751,,Right,930.7641,1039.586,49.97937,
1742680661091,6.052462,751,,Center,931.3854,1039.586,49.97937,
1742680661118,6.080223,753,,Left,931.836,1039.209,49.97948,
1742680661118,6.080223,753,,Right,930.572,1039.209,49.97948,
1742680661118,6.080223,753,,Center,931.1929,1039.209,49.97948,
1742680661146,6.107749,755,,Left,931.7689,1041.835,49.97814,
1742680661146,6.107749,755,,Right,930.5049,1041.835,49.97813,
1742680661146,6.107749,755,,Center,931.1255,1041.835,49.97814,
1742680661174,6.135755,757,,Left,931.7531,1041.696,49.97824,
1742680661174,6.135755,757,,Right,930.489,1041.696,49.97824,
1742680661174,6.135755,757,,Center,931.1096,1041.696,49.97824,
1742680661202,6.163674,759,,Left,929.7565,1047.092,49.97374,
1742680661202,6.163674,759,,Right,928.4924,1047.092,49.97373,
1742680661202,6.163674,759,,Center,929.1084,1047.092,49.97374,
1742680661230,6.19139,761,,Left,929.2617,1049,49.9718,
1742680661230,6.19139,761,,Right,927.9974,1049,49.97179,
1742680661230,6.19139,761,,Center,928.6124,1049,49.97179,
1742680661258,6.219261,763,,Left,924.4971,1049.161,49.96896,
1742680661258,6.219261,763,,Right,923.2328,1049.161,49.96896,
1742680661258,6.219261,763,,Center,923.8367,1049.161,49.96896,
1742680661285,6.247158,765,,Left,923.4904,1048.407,49.96897,
1742680661286,6.247158,765,,Right,922.226,1048.407,49.96897,
1742680661286,6.247158,765,,Center,922.8275,1048.407,49.96897,
1742680661313,6.274792,767,,Left,918.2896,1050.517,49.96212,
1742680661313,6.274792,767,,Right,917.0251,1050.517,49.96213,
1742680661313,6.274792,767,,Center,917.6146,1050.517,49.96213,
1742680661341,6.303052,769,,Left,918.7706,1049.612,49.96354,
1742680661341,6.303052,769,,Right,917.5062,1049.612,49.96354,
1742680661341,6.303052,769,,Center,918.0967,1049.612,49.96354,
1742680661369,6.330759,771,,Left,908.1859,1054.568,49.94371,
1742680661369,6.330759,771,,Right,906.9209,1054.568,49.94371,
1742680661369,6.330759,771,,Center,907.4871,1054.568,49.94371,
1742680661397,6.358365,773,,Left,756.2713,1109.944,48.90231,
1742680661397,6.358365,773,,Right,754.9794,1109.944,48.90231,
1742680661397,6.358365,773,,Center,755.2049,1109.944,48.90231,
1742680661425,6.386493,775,,Left,644.4398,1177.991,47.15808,
1742680661425,6.386493,775,,Right,643.1002,1177.991,47.15808,
1742680661425,6.386493,775,,Center,643.0889,1177.99,47.15808,
1742680661453,6.414274,777,,Left,598.4622,1192.074,46.37007,
1742680661453,6.414274,777,,Right,597.0998,1192.074,46.37007,
1742680661453,6.414274,777,,Center,596.9927,1192.074,46.37007,
1742680661481,6.44203,779,,Left,595.9977,1198.941,46.28004,
1742680661481,6.44203,779,,Right,594.6326,1198.941,46.28004,
1742680661481,6.44203,779,,Center,594.5211,1198.941,46.28004,
1742680661508,6.469901,781,,Left,595.8893,1199.217,46.27624,
1742680661508,6.469901,781,,Right,594.5241,1199.217,46.27623,
1742680661508,6.469901,781,,Center,594.4123,1199.217,46.27623,
1742680661536,6.497673,783,,Left,591.1614,1197.051,46.21833,
1742680661536,6.497673,783,,Right,589.7946,1197.051,46.21833,
1742680661536,6.497673,783,,Center,589.6726,1197.051,46.21832,
1742680661564,6.525444,785,,Left,591.6346,1196.509,46.22987,
1742680661564,6.525444,785,,Right,590.2681,1196.509,46.22987,
1742680661564,6.525444,785,,Center,590.1471,1196.509,46.22987,
1742680661592,6.55335,787,,Left,598.73,1194.672,46.35494,
1742680661592,6.55335,787,,Right,597.3671,1194.672,46.35494,
1742680661592,6.55335,787,,Center,597.2609,1194.672,46.35494,
1742680661620,6.581237,789,,Left,598.9871,1194.642,46.35917,
1742680661620,6.581237,789,,Right,597.6244,1194.642,46.35917,
1742680661620,6.581237,789,,Center,597.5187,1194.642,46.35917,
1742680661647,6.608978,791,,Left,595.0721,1199.78,46.25911,
1742680661648,6.608978,791,,Right,593.7064,1199.78,46.25911,
1742680661648,6.608978,791,,Center,593.593,1199.78,46.25911,
1742680661675,6.636858,793,,Left,595.7932,1199.71,46.27094,
1742680661675,6.636858,793,,Right,594.4278,1199.71,46.27094,
1742680661675,6.636858,793,,Center,594.316,1199.71,46.27094,
1742680661703,6.664682,795,,Left,595.5374,1202.638,46.24432,
1742680661703,6.664682,795,,Right,594.1713,1202.638,46.24432,
1742680661703,6.664682,795,,Center,594.0593,1202.638,46.24432,
1742680661731,6.69243,797,,Left,596.6332,1203.855,46.25189,
1742680661731,6.69243,797,,Right,595.2673,1203.855,46.25188,
1742680661731,6.69243,797,,Center,595.1576,1203.855,46.25188,
1742680661759,6.720383,799,,Left,596.5311,1203.914,46.24984,
1742680661759,6.720383,799,,Right,595.1652,1203.914,46.24984,
1742680661759,6.720383,799,,Center,595.0554,1203.914,46.24984,
1742680661787,6.748224,801,,Left,598.8836,1200.41,46.31374,
1742680661787,6.748224,801,,Right,597.5195,1200.41,46.31374,
1742680661787,6.748224,801,,Center,597.4142,1200.41,46.31374,
1742680661815,6.776101,803,,Left,598.7034,1196.521,46.34064,
1742680661815,6.776101,803,,Right,597.34,1196.521,46.34064,
1742680661815,6.776101,803,,Center,597.2339,1196.521,46.34064,
1742680661842,6.803873,805,,Left,598.3877,1200.575,46.30478,
1742680661842,6.803873,805,,Right,597.0233,1200.575,46.30478,
1742680661842,6.803873,805,,Center,596.9171,1200.575,46.30478,
1742680661870,6.831808,807,,Left,598.4938,1200.777,46.30486,
1742680661870,6.831808,807,,Right,597.1295,1200.777,46.30486,
1742680661870,6.831808,807,,Center,597.0234,1200.777,46.30486,
1742680661898,6.859445,809,,Left,598.423,1201.934,46.2948,
1742680661898,6.859445,809,,Right,597.0584,1201.934,46.2948,
1742680661898,6.859445,809,,Center,596.9523,1201.934,46.2948,
1742680661926,6.887358,811,,Left,596.8007,1201.291,46.27452,
1742680661926,6.887358,811,,Right,595.4354,1201.291,46.27452,
1742680661926,6.887358,811,,Center,595.3258,1201.291,46.27451,
1742680661954,6.91506,813,,Left,599.7158,1202.484,46.31056,
1742680661954,6.91506,813,,Right,598.3516,1202.484,46.31056,
1742680661954,6.91506,813,,Center,598.2484,1202.484,46.31056,
1742680661981,6.942954,815,,Left,597.348,1195.634,46.32618,
1742680661981,6.942954,815,,Right,595.9842,1195.634,46.32618,
1742680661982,6.942954,815,,Center,595.8752,1195.634,46.32618,
1742680662009,6.970774,817,,Left,598.7754,1198.878,46.32389,
1742680662009,6.970774,817,,Right,597.4116,1198.878,46.32389,
1742680662009,6.970774,817,,Center,597.3059,1198.878,46.32389,
1742680662037,6.998546,819,,Left,599.0809,1198.92,46.32831,
1742680662037,6.998546,819,,Right,597.7173,1198.92,46.32832,
1742680662037,6.998546,819,,Center,597.6122,1198.92,46.32831,
1742680662065,7.02624,821,,Left,596.9351,1195.789,46.3186,
1742680662065,7.02624,821,,Right,595.5712,1195.789,46.3186,
1742680662065,7.02624,821,,Center,595.4613,1195.789,46.3186,
1742680662093,7.054116,823,,Left,598.7839,1198.353,46.32803,
1742680662093,7.054116,823,,Right,597.4202,1198.353,46.32803,
1742680662093,7.054116,823,,Center,597.3145,1198.353,46.32803,
1742680662120,7.081825,825,,Left,592.3468,1195.946,46.24535,
1742680662120,7.081825,825,,Right,590.9807,1195.946,46.24535,
1742680662120,7.081825,825,,Center,590.8612,1195.946,46.24535,
1742680662148,7.109932,827,,Left,600.8789,1198.303,46.3609,
1742680662148,7.109932,827,,Right,599.5162,1198.303,46.36091,
1742680662148,7.109932,827,,Center,599.4149,1198.303,46.36091,
1742680662176,7.137491,829,,Left,607.817,1195.257,46.49094,
1742680662176,7.137491,829,,Right,606.4581,1195.257,46.49094,
1742680662176,7.137491,829,,Center,606.371,1195.257,46.49094,
1742680662204,7.165634,831,,Left,607.7383,1195.07,46.49115,
1742680662204,7.165634,831,,Right,606.3794,1195.07,46.49115,
1742680662204,7.165634,831,,Center,606.2921,1195.07,46.49115,
1742680662232,7.192982,833,,Left,841.5441,1027.009,49.72162,
1742680662232,7.192982,833,,Right,840.2734,1027.009,49.72161,
1742680662232,7.192982,833,,Center,840.6871,1027.009,49.72161,
1742680662259,7.22072,835,,Left,841.4066,977.8039,49.63852,
1742680662259,7.22072,835,,Right,840.1339,977.8039,49.63852,
1742680662260,7.22072,835,,Center,840.5483,977.8039,49.63852,
1742680662287,7.248588,837,,Left,841.6031,978.341,49.64124,
1742680662287,7.248588,837,,Right,840.3304,978.341,49.64124,
1742680662287,7.248588,837,,Center,840.7452,978.341,49.64124,
1742680662315,7.2765,839,,Left,874.6866,1013.819,49.8617,
1742680662315,7.2765,839,,Right,873.4195,1013.819,49.8617,
1742680662315,7.2765,839,,Center,873.9087,1013.819,49.8617,
1742680662343,7.304204,841,,Left,874.9602,1033.714,49.87202,
1742680662343,7.304204,841,,Right,873.6935,1033.714,49.87202,
1742680662343,7.304204,841,,Center,874.183,1033.714,49.87202,
1742680662371,7.33214,843,,Left,875.1904,1033.005,49.87291,
1742680662371,7.33214,843,,Right,873.9236,1033.005,49.87291,
1742680662371,7.33214,843,,Center,874.4138,1033.005,49.87291,
1742680662398,7.359718,845,,Left,598.687,1225.991,46.09979,
1742680662398,7.359718,845,,Right,597.3166,1225.991,46.09979,
1742680662398,7.359718,845,,Center,597.214,1225.991,46.0998,
1742680662426,7.38741,847,,Left,598.6899,1226.75,46.0932,
1742680662426,7.38741,847,,Right,597.3193,1226.75,46.0932,
1742680662426,7.38741,847,,Center,597.2169,1226.75,46.0932,
1742680662454,7.415232,849,,Left,599.9947,1208.568,46.26661,
1742680662454,7.415232,849,,Right,598.6292,1208.568,46.26661,
1742680662454,7.415232,849,,Center,598.5272,1208.568,46.26661,
1742680662482,7.443146,851,,Left,603.3983,1208.32,46.32098,
1742680662482,7.443146,851,,Right,602.0344,1208.32,46.32098,
1742680662482,7.443146,851,,Center,601.9396,1208.32,46.32098,
1742680662509,7.471068,853,,Left,601.5264,1209.425,46.28326,
1742680662509,7.471068,853,,Right,600.1614,1209.425,46.28326,
1742680662509,7.471068,853,,Center,600.0628,1209.425,46.28327,
1742680662537,7.498917,855,,Left,602.1891,1210.024,46.28857,
1742680662537,7.498917,855,,Right,600.8243,1210.024,46.28857,
1742680662537,7.498917,855,,Center,600.7271,1210.024,46.28857,
1742680662565,7.526428,857,,Left,602.256,1211.162,46.28032,
1742680662565,7.526428,857,,Right,600.891,1211.162,46.28032,
1742680662565,7.526428,857,,Center,600.794,1211.162,46.28032,
1742680662593,7.554333,859,,Left,601.8579,1212.524,46.26301,
1742680662593,7.554333,859,,Right,600.4923,1212.524,46.26301,
1742680662593,7.554333,859,,Center,600.3947,1212.524,46.26301,
1742680662621,7.582281,861,,Left,600.5326,1215.845,46.21508,
1742680662621,7.582281,861,,Right,599.1656,1215.845,46.21508,
1742680662621,7.582281,861,,Center,599.0656,1215.845,46.21508,
1742680662648,7.610106,863,,Left,600.9461,1215.442,46.22478,
1742680662649,7.610106,863,,Right,599.5793,1215.442,46.22479,
1742680662649,7.610106,863,,Center,599.4803,1215.442,46.22479,
1742680662676,7.637786,865,,Left,600.7986,1211.66,46.25382,
1742680662676,7.637786,865,,Right,599.4327,1211.66,46.25382,
1742680662676,7.637786,865,,Center,599.3328,1211.66,46.25382,
1742680662704,7.666314,867,,Left,600.7741,1211.087,46.25814,
1742680662704,7.666314,867,,Right,599.4083,1211.087,46.25813,
1742680662704,7.666314,867,,Center,599.3083,1211.087,46.25813,
1742680662732,7.69374,869,,Left,601.1347,1210.338,46.26975,
1742680662732,7.69374,869,,Right,599.7693,1210.338,46.26975,
1742680662732,7.69374,869,,Center,599.67,1210.337,46.26974,
1742680662760,7.721301,871,,Left,601.393,1210.279,46.27422,
1742680662760,7.721301,871,,Right,600.0277,1210.279,46.27422,
1742680662760,7.721301,871,,Center,599.9289,1210.279,46.27423,
1742680662788,7.749298,873,,Left,600.3705,1217.15,46.2016,
1742680662788,7.749298,873,,Right,599.003,1217.15,46.2016,
1742680662788,7.749298,873,,Center,598.9028,1217.15,46.2016,
1742680662815,7.777318,875,,Left,600.618,1218.217,46.19638,
1742680662815,7.777318,875,,Right,599.2505,1218.217,46.19639,
1742680662815,7.777318,875,,Center,599.151,1218.217,46.19638,
1742680662843,7.804788,877,,Left,596.1307,1218.709,46.12309,
1742680662843,7.804788,877,,Right,594.761,1218.709,46.12309,
1742680662843,7.804788,877,,Center,594.6521,1218.709,46.12309,
1742680662871,7.833162,879,,Left,596.2215,1219.144,46.12081,
1742680662871,7.833162,879,,Right,594.8516,1219.144,46.12082,
1742680662871,7.833162,879,,Center,594.743,1219.144,46.12082,
1742680662899,7.860538,881,,Left,595.978,1216.675,46.13784,
1742680662899,7.860538,881,,Right,594.6087,1216.675,46.13783,
1742680662899,7.860538,881,,Center,594.4993,1216.675,46.13783,
1742680662927,7.88841,883,,Left,594.3257,1212.453,46.14706,
1742680662927,7.88841,883,,Right,592.9567,1212.453,46.14706,
1742680662927,7.88841,883,,Center,592.8432,1212.452,46.14706,
1742680662955,7.916296,885,,Left,595.0431,1211.741,46.16407,
1742680662955,7.916296,885,,Right,593.6746,1211.741,46.16406,
1742680662955,7.916296,885,,Center,593.5626,1211.741,46.16406,
1742680662983,7.944388,887,,Left,607.4423,1209.669,46.3718,
1742680662983,7.944388,887,,Right,606.08,1209.669,46.3718,
1742680662983,7.944388,887,,Center,605.9938,1209.669,46.3718,
1742680663010,7.972207,889,,Left,616.6754,1208.434,46.52099,
1742680663010,7.972207,889,,Right,615.3174,1208.434,46.52099,
1742680663010,7.972207,889,,Center,615.2505,1208.434,46.52098,
1742680663038,8.000273,891,,Left,616.4334,1208.127,46.51989,
1742680663038,8.000273,891,,Right,615.0754,1208.127,46.51989,
1742680663038,8.000273,891,,Center,615.0079,1208.127,46.51989,
1742680663066,8.02771,893,,Left,616.7114,1208.198,46.52347,
1742680663066,8.02771,893,,Right,615.3534,1208.198,46.52347,
1742680663066,8.02771,893,,Center,615.2866,1208.198,46.52346,
1742680663094,8.055443,895,,Left,616.3295,1207.937,46.51989,
1742680663094,8.055443,895,,Right,614.9714,1207.937,46.5199,
1742680663094,8.055443,895,,Center,614.9038,1207.937,46.5199,
1742680663122,8.083336,897,,Left,616.1339,1207.819,46.51791,
1742680663122,8.083336,897,,Right,614.7758,1207.819,46.51791,
1742680663122,8.083336,897,,Center,614.7078,1207.819,46.51791,
1742680663150,8.111303,899,,Left,608.807,1202.89,46.44698,
1742680663150,8.111303,899,,Right,607.4468,1202.89,46.44698,
1742680663150,8.111303,899,,Center,607.3627,1202.89,46.44699,
1742680663177,8.13904,901,,Left,608.9452,1201.812,46.45761,
1742680663177,8.13904,901,,Right,607.5853,1201.812,46.45762,
1742680663177,8.13904,901,,Center,607.5014,1201.812,46.45762,
1742680663205,8.167484,903,,Left,608.873,1201.546,46.4586,
1742680663205,8.167484,903,,Right,607.5132,1201.546,46.45859,
1742680663205,8.167484,903,,Center,607.429,1201.546,46.4586,
1742680663233,8.194576,905,,Left,614.3577,1200.454,46.55018,
1742680663233,8.194576,905,,Right,613.0005,1200.454,46.55019,
1742680663233,8.194576,905,,Center,612.9279,1200.454,46.55019,
1742680663261,8.222519,907,,Left,614.0724,1200.825,46.54299,
1742680663261,8.222519,907,,Right,612.7151,1200.825,46.54299,
1742680663261,8.222519,907,,Center,612.6419,1200.825,46.54299,
1742680663289,8.250551,909,,Left,611.4109,1201.183,46.49997,
1742680663289,8.250551,909,,Right,610.0522,1201.183,46.49997,
1742680663289,8.250551,909,,Center,609.9734,1201.183,46.49997,
1742680663317,8.278522,911,,Left,610.1812,1200.784,46.48445,
1742680663317,8.278522,911,,Right,608.8221,1200.784,46.48444,
1742680663317,8.278522,911,,Center,608.7407,1200.784,46.48445,
1742680663344,8.3062,913,,Left,607.0052,1203.895,46.41157,
1742680663345,8.3062,913,,Right,605.644,1203.895,46.41157,
1742680663345,8.3062,913,,Center,605.5563,1203.895,46.41157,
1742680663373,8.334324,915,,Left,607.1075,1203.976,46.41252,
1742680663373,8.334324,915,,Right,605.7463,1203.976,46.41252,
1742680663373,8.334324,915,,Center,605.6588,1203.976,46.41252,
1742680663400,8.361807,917,,Left,606.6321,1204.542,46.40077,
1742680663400,8.361807,917,,Right,605.2705,1204.542,46.40078,
1742680663400,8.361807,917,,Center,605.1821,1204.542,46.40077,
1742680663428,8.389568,919,,Left,606.9791,1204.49,46.40646,
1742680663428,8.389568,919,,Right,605.6177,1204.49,46.40646,
1742680663428,8.389568,919,,Center,605.53,1204.49,46.40646,
1742680663456,8.417551,921,,Left,610.9278,1205.218,46.46067,
1742680663456,8.417551,921,,Right,609.5681,1205.218,46.46067,
1742680663456,8.417551,921,,Center,609.4886,1205.218,46.46067,
1742680663484,8.44548,923,,Left,611.6979,1202.436,46.49445,
1742680663484,8.44548,923,,Right,610.3391,1202.436,46.49446,
1742680663484,8.44548,923,,Center,610.2611,1202.436,46.49445,
1742680663512,8.473232,925,,Left,612.3141,1202.146,46.50605,
1742680663512,8.473232,925,,Right,610.9556,1202.146,46.50605,
1742680663512,8.473232,925,,Center,610.8787,1202.146,46.50605,
1742680663540,8.501261,927,,Left,612.2711,1202.181,46.50509,
1742680663540,8.501261,927,,Right,610.9125,1202.181,46.5051,
1742680663540,8.501261,927,,Center,610.8357,1202.181,46.50509,
1742680663567,8.528856,929,,Left,615.2896,1194.716,46.60854,
1742680663567,8.528856,929,,Right,613.9341,1194.716,46.60854,
1742680663568,8.528856,929,,Center,613.8627,1194.716,46.60854,
1742680663595,8.556833,931,,Left,615.1927,1194.939,46.6054,
1742680663595,8.556833,931,,Right,613.8372,1194.939,46.6054,
1742680663595,8.556833,931,,Center,613.7656,1194.939,46.6054,
1742680663623,8.584503,933,,Left,612.8442,1196.711,46.55638,
1742680663623,8.584503,933,,Right,611.4872,1196.711,46.55638,
1742680663623,8.584503,933,,Center,611.4109,1196.711,46.55638,
1742680663651,8.612673,935,,Left,611.7825,1198.524,46.52635,
1742680663651,8.612673,935,,Right,610.4246,1198.524,46.52635,
1742680663651,8.612673,935,,Center,610.3464,1198.524,46.52636,
1742680663679,8.640249,937,,Left,612.2588,1198.935,46.53039,
1742680663679,8.640249,937,,Right,610.9011,1198.935,46.53039,
1742680663679,8.640249,937,,Center,610.8239,1198.935,46.53039,
1742680663707,8.668255,939,,Left,612.5864,1198.161,46.54133,
1742680663707,8.668255,939,,Right,611.229,1198.161,46.54134,
1742680663707,8.668255,939,,Center,611.1523,1198.161,46.54133,
1742680663734,8.695929,941,,Left,608.4744,1201.221,46.45507,
1742680663734,8.695929,941,,Right,607.1144,1201.221,46.45507,
1742680663734,8.695929,941,,Center,607.0295,1201.221,46.45507,
1742680663762,8.723747,943,,Left,613.0872,1201.193,46.52527,
1742680663762,8.723747,943,,Right,611.7294,1201.193,46.52527,
1742680663762,8.723747,943,,Center,611.6541,1201.193,46.52527,
1742680663790,8.75177,945,,Left,609.815,1201.729,46.4715,
1742680663790,8.75177,945,,Right,608.4555,1201.729,46.4715,
1742680663790,8.75177,945,,Center,608.3734,1201.729,46.47151,
1742680663818,8.779537,947,,Left,612.6422,1196.906,46.55184,
1742680663818,8.779537,947,,Right,611.285,1196.906,46.55184,
1742680663818,8.779537,947,,Center,611.2084,1196.906,46.55184,
1742680663846,8.807161,949,,Left,612.429,1195.638,46.55829,
1742680663846,8.807161,949,,Right,611.0721,1195.638,46.55829,
1742680663846,8.807161,949,,Center,610.9948,1195.638,46.55829,
1742680663874,8.835165,951,,Left,612.5027,1195.918,46.55727,
1742680663874,8.835165,951,,Right,611.1457,1195.918,46.55727,
1742680663874,8.835165,951,,Center,611.0686,1195.918,46.55727,
1742680663902,8.86297,953,,Left,612.586,1195.735,46.55993,
1742680663902,8.86297,953,,Right,611.2291,1195.735,46.55992,
1742680663902,8.86297,953,,Center,611.1522,1195.735,46.55993,
1742680663929,8.890707,955,,Left,611.4224,1197.275,46.53046,
1742680663929,8.890707,955,,Right,610.0647,1197.275,46.53046,
1742680663929,8.890707,955,,Center,609.9855,1197.275,46.53046,
1742680663957,8.918568,957,,Left,611.4077,1196.947,46.53277,
1742680663957,8.918568,957,,Right,610.05,1196.947,46.53277,
1742680663957,8.918568,957,,Center,609.9708,1196.947,46.53277,
1742680663985,8.946722,959,,Left,612.2759,1196.378,46.5503,
1742680663985,8.946722,959,,Right,610.9188,1196.378,46.55029,
1742680663985,8.946722,959,,Center,610.8412,1196.378,46.55029,
1742680664013,8.974308,961,,Left,612.4127,1194.619,46.56579,
1742680664013,8.974308,961,,Right,611.056,1194.619,46.56579,
1742680664013,8.974308,961,,Center,610.9786,1194.619,46.56579,
1742680664041,9.002178,963,,Left,612.4353,1194.872,46.56419,
1742680664041,9.002178,963,,Right,611.0786,1194.872,46.56419,
1742680664041,9.002178,963,,Center,611.0012,1194.872,46.56419,
1742680664069,9.030111,965,,Left,611.6923,1195.055,46.55151,
1742680664069,9.030111,965,,Right,610.3351,1195.055,46.55152,
1742680664069,9.030111,965,,Center,610.2563,1195.055,46.55151,
1742680664096,9.057919,967,,Left,609.2965,1191.515,46.54158,
1742680664096,9.057919,967,,Right,607.9391,1191.515,46.54158,
1742680664096,9.057919,967,,Center,607.8548,1191.515,46.54158,
1742680664124,9.085651,969,,Left,608.205,1191.647,46.52391,
1742680664124,9.085651,969,,Right,606.8469,1191.647,46.5239,
1742680664124,9.085651,969,,Center,606.7604,1191.647,46.52391,
1742680664152,9.113667,971,,Left,608.5992,1191.953,46.52767,
1742680664152,9.113667,971,,Right,607.2414,1191.953,46.52767,
1742680664152,9.113667,971,,Center,607.1556,1191.953,46.52767,
1742680664180,9.141306,973,,Left,608.3521,1198.385,46.47522,
1742680664180,9.141306,973,,Right,606.9927,1198.385,46.47522,
1742680664180,9.141306,973,,Center,606.9072,1198.385,46.47522,
1742680664208,9.169315,975,,Left,608.0637,1198.547,46.46957,
1742680664208,9.169315,975,,Right,606.7042,1198.547,46.46957,
1742680664208,9.169315,975,,Center,606.6179,1198.547,46.46957,
1742680664236,9.197086,977,,Left,608.1464,1198.09,46.47434,
1742680664236,9.197086,977,,Right,606.787,1198.09,46.47434,
1742680664236,9.197086,977,,Center,606.7009,1198.09,46.47434,
1742680664263,9.224951,979,,Left,611.1573,1197.521,46.52456,
1742680664263,9.224951,979,,Right,609.7994,1197.521,46.52456,
1742680664264,9.224951,979,,Center,609.7197,1197.521,46.52455,
1742680664292,9.252806,981,,Left,611.0963,1195.465,46.53938,
1742680664292,9.252806,981,,Right,609.7388,1195.465,46.53937,
1742680664292,9.252806,981,,Center,609.6586,1195.465,46.53938,
1742680664319,9.280798,983,,Left,613.9941,1198.83,46.55742,
1742680664319,9.280798,983,,Right,612.6372,1198.83,46.55742,
1742680664319,9.280798,983,,Center,612.5636,1198.829,46.55742,
1742680664347,9.308426,985,,Left,831.8394,1191.845,48.96068,
1742680664347,9.308426,985,,Right,830.549,1191.845,48.96069,
1742680664347,9.308426,985,,Center,830.9499,1191.845,48.96068,
1742680664375,9.336447,987,,Left,831.4038,1191.829,48.9583,
1742680664375,9.336447,987,,Right,830.1134,1191.829,48.95831,
1742680664375,9.336447,987,,Center,830.5133,1191.829,48.95831,
1742680664403,9.364515,989,,Left,1027.693,1191.335,49.03846,
1742680664403,9.364515,989,,Right,1026.404,1191.335,49.03845,
1742680664403,9.364515,989,,Center,1027.261,1191.335,49.03846,
1742680664430,9.392046,991,,Left,1176.179,1190.782,47.75549,
1742680664431,9.392046,991,,Right,1174.856,1190.782,47.75549,
1742680664431,9.392046,991,,Center,1176.076,1190.782,47.75549,
1742680664459,9.419769,993,,Left,1234.461,1191.777,46.97754,
1742680664459,9.419769,993,,Right,1233.116,1191.777,46.97754,
1742680664459,9.419769,993,,Center,1234.483,1191.777,46.97754,
1742680664486,9.447817,995,,Left,1234.851,1191.951,46.97063,
1742680664486,9.447817,995,,Right,1233.506,1191.951,46.97063,
1742680664486,9.447817,995,,Center,1234.873,1191.951,46.97063,
1742680664514,9.475534,997,,Left,1234.828,1187.033,47.00799,
1742680664514,9.475534,997,,Right,1233.484,1187.033,47.008,
1742680664514,9.475534,997,,Center,1234.851,1187.033,47.00799,
1742680664542,9.503693,999,,Left,1234.429,1186.848,47.0151,
1742680664542,9.503693,999,,Right,1233.085,1186.848,47.0151,
1742680664542,9.503693,999,,Center,1234.451,1186.848,47.0151,
1742680664570,9.531729,1001,,Left,1230.265,1185.721,47.0828,
1742680664570,9.531729,1001,,Right,1228.923,1185.721,47.0828,
1742680664570,9.531729,1001,,Center,1230.278,1185.721,47.0828,
1742680664598,9.559389,1003,,Left,1229.855,1185.953,47.08689,
1742680664598,9.559389,1003,,Right,1228.514,1185.953,47.08689,
1742680664598,9.559389,1003,,Center,1229.868,1185.953,47.08689,
1742680664626,9.586908,1005,,Left,1229.943,1184.741,47.09459,
1742680664626,9.586908,1005,,Right,1228.601,1184.741,47.09459,
1742680664626,9.586908,1005,,Center,1229.955,1184.741,47.09459,
1742680664653,9.61479,1007,,Left,1228.717,1186.969,47.09542,
1742680664653,9.61479,1007,,Right,1227.376,1186.969,47.09542,
1742680664653,9.61479,1007,,Center,1228.727,1186.969,47.09542,
1742680664681,9.642702,1009,,Left,1228.935,1184.105,47.11353,
1742680664681,9.642702,1009,,Right,1227.594,1184.105,47.11354,
1742680664681,9.642702,1009,,Center,1228.945,1184.105,47.11353,
1742680664709,9.670557,1011,,Left,1228.519,1182.875,47.1284,
1742680664709,9.670557,1011,,Right,1227.179,1182.875,47.12839,
1742680664709,9.670557,1011,,Center,1228.529,1182.875,47.12839,
1742680664737,9.698498,1013,,Left,1228.397,1182.783,47.13083,
1742680664737,9.698498,1013,,Right,1227.057,1182.783,47.13082,
1742680664737,9.698498,1013,,Center,1228.407,1182.783,47.13083,
1742680664765,9.726282,1015,,Left,1226.142,1182.992,47.16106,
1742680664765,9.726282,1015,,Right,1224.802,1182.992,47.16106,
1742680664765,9.726282,1015,,Center,1226.147,1182.992,47.16106,
1742680664793,9.754152,1017,,Left,1226.232,1181.937,47.16747,
1742680664793,9.754152,1017,,Right,1224.893,1181.937,47.16747,
1742680664793,9.754152,1017,,Center,1226.238,1181.937,47.16747,
1742680664820,9.781824,1019,,Left,1231.68,1182.101,47.08913,
1742680664820,9.781824,1019,,Right,1230.339,1182.101,47.08912,
1742680664820,9.781824,1019,,Center,1231.697,1182.101,47.08913,
1742680664848,9.80974,1021,,Left,1233.998,1182.337,47.05426,
1742680664848,9.80974,1021,,Right,1232.656,1182.337,47.05426,
1742680664848,9.80974,1021,,Center,1234.02,1182.337,47.05426,
1742680664876,9.837437,1023,,Left,1232.176,1187.572,47.04187,
1742680664876,9.837437,1023,,Right,1230.833,1187.572,47.04186,
1742680664876,9.837437,1023,,Center,1232.193,1187.572,47.04187,
1742680664904,9.865709,1025,,Left,1232.213,1188.096,47.03742,
1742680664904,9.865709,1025,,Right,1230.87,1188.096,47.03742,
1742680664904,9.865709,1025,,Center,1232.23,1188.096,47.03742,
1742680664932,9.893238,1027,,Left,1234.272,1187.934,47.00927,
1742680664932,9.893238,1027,,Right,1232.928,1187.934,47.00927,
1742680664932,9.893238,1027,,Center,1234.293,1187.934,47.00927,
1742680664960,9.921156,1029,,Left,1230.548,1186.696,47.07156,
1742680664960,9.921156,1029,,Right,1229.206,1186.696,47.07155,
1742680664960,9.921156,1029,,Center,1230.562,1186.696,47.07156,
1742680664987,9.949282,1031,,Left,1229.102,1186.069,47.09669,
1742680664987,9.949282,1031,,Right,1227.761,1186.069,47.09669,
1742680664987,9.949282,1031,,Center,1229.113,1186.069,47.09669,
1742680665015,9.976992,1033,,Left,1228.889,1184.429,47.11179,
1742680665015,9.976992,1033,,Right,1227.548,1184.429,47.11179,
1742680665015,9.976992,1033,,Center,1228.899,1184.428,47.11179,
1742680665043,10.00452,1035,,Left,1228.572,1184.505,47.11573,
1742680665043,10.00452,1035,,Right,1227.231,1184.505,47.11573,
1742680665043,10.00452,1035,,Center,1228.582,1184.505,47.11573,
1742680665071,10.03287,1037,,Left,1228.526,1184.954,47.1131,
1742680665071,10.03287,1037,,Right,1227.185,1184.954,47.11309,
1742680665071,10.03287,1037,,Center,1228.536,1184.954,47.11309,
1742680665099,10.06034,1039,,Left,1229.297,1185.502,47.09815,
1742680665099,10.06034,1039,,Right,1227.955,1185.502,47.09815,
1742680665099,10.06034,1039,,Center,1229.308,1185.502,47.09815,
1742680665127,10.08832,1041,,Left,1229.806,1180.124,47.13007,
1742680665127,10.08832,1041,,Right,1228.465,1180.124,47.13008,
1742680665127,10.08832,1041,,Center,1229.818,1180.124,47.13007,
1742680665154,10.11592,1043,,Left,1231.037,1179.971,47.11363,
1742680665154,10.11592,1043,,Right,1229.696,1179.971,47.11364,
1742680665154,10.11592,1043,,Center,1231.053,1179.971,47.11364,
1742680665182,10.1439,1045,,Left,1236.914,1179.865,47.03001,
1742680665182,10.1439,1045,,Right,1235.571,1179.865,47.03002,
1742680665182,10.1439,1045,,Center,1236.942,1179.865,47.03001,
1742680665210,10.17174,1047,,Left,1230.975,1186.422,47.06752,
1742680665210,10.17174,1047,,Right,1229.633,1186.422,47.06752,
1742680665210,10.17174,1047,,Center,1230.99,1186.422,47.06753,
1742680665238,10.19997,1049,,Left,1231.046,1186.372,47.06689,
1742680665238,10.19997,1049,,Right,1229.703,1186.372,47.06688,
1742680665238,10.19997,1049,,Center,1231.061,1186.372,47.06688,
1742680665266,10.22737,1051,,Left,1230.171,1186.419,47.07895,
1742680665266,10.22737,1051,,Right,1228.829,1186.419,47.07895,
1742680665266,10.22737,1051,,Center,1230.184,1186.419,47.07895,
1742680665294,10.2552,1053,,Left,1230.293,1186.101,47.07956,
1742680665294,10.2552,1053,,Right,1228.951,1186.101,47.07956,
1742680665294,10.2552,1053,,Center,1230.307,1186.101,47.07957,
1742680665322,10.28312,1055,,Left,1231.742,1189.202,47.03582,
1742680665322,10.28312,1055,,Right,1230.398,1189.202,47.03582,
1742680665322,10.28312,1055,,Center,1231.758,1189.202,47.03582,
1742680665349,10.3111,1057,,Left,1233.886,1190.052,46.99886,
1742680665349,10.3111,1057,,Right,1232.542,1190.052,46.99886,
1742680665349,10.3111,1057,,Center,1233.907,1190.052,46.99886,
1742680665377,10.33867,1059,,Left,1233.313,1182.996,47.05931,
1742680665377,10.33867,1059,,Right,1231.971,1182.996,47.05931,
1742680665377,10.33867,1059,,Center,1233.333,1182.996,47.05931,
1742680665405,10.3672,1061,,Left,1232.982,1182.914,47.06463,
1742680665405,10.3672,1061,,Right,1231.64,1182.914,47.06463,
1742680665405,10.3672,1061,,Center,1233.002,1182.913,47.06463,
1742680665433,10.39428,1063,,Left,1229.979,1182.247,47.11224,
1742680665433,10.39428,1063,,Right,1228.638,1182.247,47.11224,
1742680665433,10.39428,1063,,Center,1229.992,1182.247,47.11224,
1742680665461,10.42243,1065,,Left,1228.32,1182.497,47.13396,
1742680665461,10.42243,1065,,Right,1226.98,1182.497,47.13395,
1742680665461,10.42243,1065,,Center,1228.33,1182.497,47.13396,
1742680665489,10.45036,1067,,Left,1230.823,1182.584,47.09782,
1742680665489,10.45036,1067,,Right,1229.482,1182.584,47.09782,
1742680665489,10.45036,1067,,Center,1230.838,1182.584,47.09782,
1742680665517,10.47826,1069,,Left,1232.488,1180.833,47.0867,
1742680665517,10.47826,1069,,Right,1231.146,1180.833,47.0867,
1742680665517,10.47826,1069,,Center,1232.506,1180.833,47.0867,
1742680665545,10.50616,1071,,Left,1233.013,1180.925,47.07857,
1742680665545,10.50616,1071,,Right,1231.671,1180.925,47.07857,
1742680665545,10.50616,1071,,Center,1233.033,1180.925,47.07857,
1742680665572,10.53434,1073,,Left,1233.081,1181.355,47.07449,
1742680665572,10.53434,1073,,Right,1231.739,1181.355,47.07449,
1742680665572,10.53434,1073,,Center,1233.101,1181.355,47.07449,
1742680665600,10.5617,1075,,Left,1233.221,1184.119,47.05244,
1742680665600,10.5617,1075,,Right,1231.879,1184.119,47.05244,
1742680665600,10.5617,1075,,Center,1233.241,1184.119,47.05244,
1742680665628,10.5894,1077,,Left,1232.984,1184.005,47.05666,
1742680665628,10.5894,1077,,Right,1231.641,1184.005,47.05666,
1742680665628,10.5894,1077,,Center,1233.003,1184.005,47.05666,
1742680665656,10.61772,1079,,Left,949.9814,998.7484,49.94472,
1742680665656,10.61772,1079,,Right,948.7164,998.7484,49.94472,
1742680665656,10.61772,1079,,Center,949.38,998.7484,49.94473,
1742680665684,10.64541,1081,,Left,927.827,982.837,49.90999,
1742680665684,10.64541,1081,,Right,926.5612,982.837,49.90999,
1742680665684,10.64541,1081,,Center,927.1736,982.837,49.90999,
1742680665712,10.67297,1083,,Left,927.7587,997.733,49.94564,
1742680665712,10.67297,1083,,Right,926.4938,997.733,49.94564,
1742680665712,10.67297,1083,,Center,927.1056,997.733,49.94564,
1742680665739,10.70119,1085,,Left,927.6064,997.4845,49.94509,
1742680665739,10.70119,1085,,Right,926.3416,997.4845,49.94509,
1742680665739,10.70119,1085,,Center,926.953,997.4845,49.9451,
1742680665767,10.72851,1087,,Left,1227.042,1112.795,47.54658,
1742680665767,10.72851,1087,,Right,1225.713,1112.795,47.54657,
1742680665767,10.72851,1087,,Center,1227.054,1112.795,47.54658,
1742680665795,10.75643,1089,,Left,1232.52,1209.06,46.8664,
1742680665795,10.75643,1089,,Right,1231.172,1209.06,46.8664,
1742680665795,10.75643,1089,,Center,1232.536,1209.06,46.8664,
1742680665823,10.78447,1091,,Left,1233.001,1209.955,46.85209,
1742680665823,10.78447,1091,,Right,1231.652,1209.955,46.85209,
1742680665823,10.78447,1091,,Center,1233.017,1209.955,46.85209,
1742680665851,10.81238,1093,,Left,1233.001,1198.495,46.94599,
1742680665851,10.81238,1093,,Right,1231.655,1198.495,46.94598,
1742680665851,10.81238,1093,,Center,1233.019,1198.495,46.94598,
1742680665879,10.83998,1095,,Left,1231.459,1187.358,47.05368,
1742680665879,10.83998,1095,,Right,1230.117,1187.358,47.05368,
1742680665879,10.83998,1095,,Center,1231.475,1187.358,47.05369,
1742680665906,10.86813,1097,,Left,1231.297,1187.06,47.05821,
1742680665906,10.86813,1097,,Right,1229.955,1187.06,47.05822,
1742680665906,10.86813,1097,,Center,1231.313,1187.06,47.05822,
1742680665934,10.8956,1099,,Left,1231.323,1186.556,47.06166,
1742680665934,10.8956,1099,,Right,1229.981,1186.556,47.06167,
1742680665934,10.8956,1099,,Center,1231.339,1186.556,47.06167,
1742680665962,10.92355,1101,,Left,1233.056,1201.906,46.91788,
1742680665962,10.92355,1101,,Right,1231.709,1201.906,46.91787,
1742680665962,10.92355,1101,,Center,1233.073,1201.906,46.91787,
1742680665990,10.9513,1103,,Left,1233.269,1202.126,46.91307,
1742680665990,10.9513,1103,,Right,1231.922,1202.126,46.91307,
1742680665990,10.9513,1103,,Center,1233.287,1202.126,46.91307,
1742680666018,10.97927,1105,,Left,1226.754,1193.336,47.07457,
1742680666018,10.97927,1105,,Right,1225.412,1193.336,47.07457,
1742680666018,10.97927,1105,,Center,1226.759,1193.336,47.07457,
1742680666045,11.00688,1107,,Left,1226.795,1192.852,47.07774,
1742680666045,11.00688,1107,,Right,1225.453,1192.852,47.07774,
1742680666045,11.00688,1107,,Center,1226.8,1192.852,47.07774,
1742680666073,11.03487,1109,,Left,1227.085,1192.662,47.07513,
1742680666073,11.03487,1109,,Right,1225.744,1192.662,47.07513,
1742680666073,11.03487,1109,,Center,1227.091,1192.662,47.07513,
1742680666101,11.06258,1111,,Left,1226.931,1191.797,47.08396,
1742680666101,11.06258,1111,,Right,1225.589,1191.797,47.08397,
1742680666101,11.06258,1111,,Center,1226.937,1191.797,47.08397,
1742680666129,11.09042,1113,,Left,1226.712,1198.325,47.03592,
1742680666129,11.09042,1113,,Right,1225.369,1198.325,47.03592,
1742680666129,11.09042,1113,,Center,1226.716,1198.325,47.03592,
1742680666157,11.11833,1115,,Left,1227.849,1196.697,47.03291,
1742680666157,11.11833,1115,,Right,1226.506,1196.697,47.03291,
1742680666157,11.11833,1115,,Center,1227.856,1196.697,47.03291,
1742680666185,11.14628,1117,,Left,1226.195,1199.014,47.03758,
1742680666185,11.14628,1117,,Right,1224.852,1199.014,47.03758,
1742680666185,11.14628,1117,,Center,1226.198,1199.014,47.03758,
1742680666213,11.17404,1119,,Left,1233.702,1197.641,46.94275,
1742680666213,11.17404,1119,,Right,1232.356,1197.641,46.94275,
1742680666213,11.17404,1119,,Center,1233.721,1197.641,46.94275,
1742680666240,11.20202,1121,,Left,1233.315,1197.888,46.94629,
1742680666240,11.20202,1121,,Right,1231.969,1197.888,46.94629,
1742680666240,11.20202,1121,,Center,1233.333,1197.888,46.94629,
1742680666268,11.22967,1123,,Left,1221.969,1196.166,47.11893,
1742680666268,11.22967,1123,,Right,1220.628,1196.166,47.11893,
1742680666268,11.22967,1123,,Center,1221.964,1196.166,47.11893,
1742680666296,11.25743,1125,,Left,1230.602,1186.732,47.07049,
1742680666296,11.25743,1125,,Right,1229.26,1186.732,47.07048,
1742680666296,11.25743,1125,,Center,1230.616,1186.732,47.07048,
1742680666324,11.28535,1127,,Left,1231.059,1195.342,46.99834,
1742680666324,11.28535,1127,,Right,1229.715,1195.342,46.99834,
1742680666324,11.28535,1127,,Center,1231.073,1195.342,46.99834,
1742680666352,11.31322,1129,,Left,1231.715,1195.267,46.98965,
1742680666352,11.31322,1129,,Right,1230.37,1195.267,46.98965,
1742680666352,11.31322,1129,,Center,1231.73,1195.267,46.98965,
1742680666380,11.34091,1131,,Left,1232.52,1195.396,46.9772,
1742680666380,11.34091,1131,,Right,1231.175,1195.396,46.97719,
1742680666380,11.34091,1131,,Center,1232.537,1195.396,46.97719,
1742680666408,11.36936,1133,,Left,1232.837,1195.63,46.97085,
1742680666408,11.36936,1133,,Right,1231.492,1195.63,46.97085,
1742680666408,11.36936,1133,,Center,1232.855,1195.63,46.97085,
1742680666436,11.39702,1135,,Left,1226.141,1196.412,47.05902,
1742680666436,11.39702,1135,,Right,1224.799,1196.412,47.05902,
1742680666436,11.39702,1135,,Center,1226.145,1196.412,47.05902,
1742680666463,11.42454,1137,,Left,1227.569,1199.998,47.01049,
1742680666463,11.42454,1137,,Right,1226.226,1199.998,47.01049,
1742680666463,11.42454,1137,,Center,1227.575,1199.998,47.01049,
1742680666491,11.45255,1139,,Left,1227.035,1199.724,47.02017,
1742680666491,11.45255,1139,,Right,1225.691,1199.724,47.02017,
1742680666491,11.45255,1139,,Center,1227.04,1199.724,47.02017,
1742680666519,11.4806,1141,,Left,1229.098,1193.477,47.04054,
1742680666519,11.4806,1141,,Right,1227.755,1193.477,47.04054,
1742680666519,11.4806,1141,,Center,1229.108,1193.477,47.04054,
1742680666547,11.50804,1143,,Left,1229.79,1193.421,47.03122,
1742680666547,11.50804,1143,,Right,1228.447,1193.421,47.03122,
1742680666547,11.50804,1143,,Center,1229.802,1193.421,47.03122,
1742680666575,11.53597,1145,,Left,1229.792,1193.678,47.02922,
1742680666575,11.53597,1145,,Right,1228.448,1193.678,47.02922,
1742680666575,11.53597,1145,,Center,1229.803,1193.678,47.02922,
1742680666602,11.56386,1147,,Left,1230.47,1194.977,47.00953,
1742680666602,11.56386,1147,,Right,1229.126,1194.977,47.00954,
1742680666602,11.56386,1147,,Center,1230.482,1194.977,47.00953,
1742680666630,11.59178,1149,,Left,1232.702,1195.255,46.9757,
1742680666630,11.59178,1149,,Right,1231.358,1195.255,46.97569,
1742680666630,11.59178,1149,,Center,1232.72,1195.255,46.9757,
1742680666659,11.61957,1151,,Left,1233.262,1194.294,46.97525,
1742680666659,11.61957,1151,,Right,1231.917,1194.294,46.97525,
1742680666659,11.61957,1151,,Center,1233.281,1194.294,46.97525,
1742680666686,11.64753,1153,,Left,1233.273,1193.659,46.98002,
1742680666686,11.64753,1153,,Right,1231.928,1193.659,46.98002,
1742680666686,11.64753,1153,,Center,1233.292,1193.659,46.98002,
1742680666714,11.67513,1155,,Left,1231.661,1193.034,47.00773,
1742680666714,11.67513,1155,,Right,1230.317,1193.034,47.00773,
1742680666714,11.67513,1155,,Center,1231.677,1193.034,47.00773,
1742680666742,11.70331,1157,,Left,1231.746,1192.914,47.00752,
1742680666742,11.70331,1157,,Right,1230.402,1192.914,47.00752,
1742680666742,11.70331,1157,,Center,1231.762,1192.914,47.00752,
1742680666770,11.73113,1159,,Left,1230.488,1192.55,47.0281,
1742680666770,11.73113,1159,,Right,1229.144,1192.55,47.0281,
1742680666770,11.73113,1159,,Center,1230.501,1192.55,47.0281,
1742680666798,11.75901,1161,,Left,1230.542,1192.59,47.02699,
1742680666798,11.75901,1161,,Right,1229.199,1192.59,47.02699,
1742680666798,11.75901,1161,,Center,1230.556,1192.59,47.02699,
1742680666826,11.78683,1163,,Left,1230.297,1193.555,47.02298,
1742680666826,11.78683,1163,,Right,1228.954,1193.555,47.02298,
1742680666826,11.78683,1163,,Center,1230.31,1193.555,47.02298,
1742680666853,11.8146,1165,,Left,1231.149,1194.942,47.00019,
1742680666853,11.8146,1165,,Right,1229.804,1194.942,47.00019,
1742680666853,11.8146,1165,,Center,1231.163,1194.942,47.00019,
1742680666881,11.84235,1167,,Left,1233.68,1195.356,46.96103,
1742680666881,11.84235,1167,,Right,1232.335,1195.356,46.96103,
1742680666881,11.84235,1167,,Center,1233.7,1195.356,46.96103,
1742680666909,11.87033,1169,,Left,1233.617,1195.358,46.9619,
1742680666909,11.87033,1169,,Right,1232.272,1195.358,46.9619,
1742680666909,11.87033,1169,,Center,1233.637,1195.358,46.9619,
1742680666937,11.89781,1171,,Left,1233.47,1192.19,46.9885,
1742680666937,11.89781,1171,,Right,1232.125,1192.19,46.98851,
1742680666937,11.89781,1171,,Center,1233.489,1192.19,46.9885,
1742680666964,11.92588,1173,,Left,1229.495,1191.947,47.04673,
1742680666964,11.92588,1173,,Right,1228.152,1191.947,47.04673,
1742680666964,11.92588,1173,,Center,1229.506,1191.947,47.04673,
1742680666993,11.95367,1175,,Left,1226.74,1191.755,47.08695,
1742680666993,11.95367,1175,,Right,1225.398,1191.755,47.08696,
1742680666993,11.95367,1175,,Center,1226.745,1191.755,47.08695,
1742680667020,11.9814,1177,,Left,1229.138,1191.96,47.05164,
1742680667020,11.9814,1177,,Right,1227.795,1191.96,47.05164,
1742680667020,11.9814,1177,,Center,1229.148,1191.96,47.05164,
1742680667048,12.0093,1179,,Left,1228.693,1188.795,47.08204,
1742680667048,12.0093,1179,,Right,1227.351,1188.795,47.08204,
1742680667048,12.0093,1179,,Center,1228.703,1188.795,47.08204,
1742680667076,12.03714,1181,,Left,1228.707,1189.129,47.07932,
1742680667076,12.03714,1181,,Right,1227.365,1189.129,47.07932,
1742680667076,12.03714,1181,,Center,1228.716,1189.129,47.07932,
1742680667103,12.06499,1183,,Left,1229.042,1189.589,47.07112,
1742680667104,12.06499,1183,,Right,1227.699,1189.589,47.07112,
1742680667104,12.06499,1183,,Center,1229.052,1189.589,47.07112,
1742680667132,12.09283,1185,,Left,1228.218,1189.95,47.08004,
1742680667132,12.09283,1185,,Right,1226.876,1189.95,47.08004,
1742680667132,12.09283,1185,,Center,1228.226,1189.95,47.08004,
1742680667159,12.12067,1187,,Left,1228.437,1189.93,47.07707,
1742680667160,12.12067,1187,,Right,1227.095,1189.93,47.07707,
1742680667160,12.12067,1187,,Center,1228.446,1189.93,47.07707,
1742680667187,12.14848,1189,,Left,1228.374,1189.519,47.08108,
1742680667187,12.14848,1189,,Right,1227.032,1189.519,47.08107,
1742680667187,12.14848,1189,,Center,1228.383,1189.519,47.08108,
1742680667215,12.17642,1191,,Left,1225.144,1195.33,47.08146,
1742680667215,12.17642,1191,,Right,1223.802,1195.33,47.08146,
1742680667215,12.17642,1191,,Center,1225.145,1195.33,47.08146,
1742680667243,12.20409,1193,,Left,1224.858,1194.851,47.08922,
1742680667243,12.20409,1193,,Right,1223.516,1194.851,47.08922,
1742680667243,12.20409,1193,,Center,1224.859,1194.851,47.08922,
1742680667271,12.23228,1195,,Left,1224.578,1194.627,47.09488,
1742680667271,12.23228,1195,,Right,1223.237,1194.627,47.09488,
1742680667271,12.23228,1195,,Center,1224.578,1194.627,47.09489,
1742680667298,12.25967,1197,,Left,1230.341,1195.056,47.01071,
1742680667298,12.25967,1197,,Right,1228.997,1195.056,47.01071,
1742680667298,12.25967,1197,,Center,1230.353,1195.056,47.01071,
1742680667326,12.28769,1199,,Left,1230.849,1193.556,47.01522,
1742680667326,12.28769,1199,,Right,1229.506,1193.556,47.01522,
1742680667326,12.28769,1199,,Center,1230.863,1193.556,47.01522,
1742680667354,12.31561,1201,,Left,1229.308,1192.525,47.04493,
1742680667354,12.31561,1201,,Right,1227.966,1192.525,47.04493,
1742680667354,12.31561,1201,,Center,1229.319,1192.525,47.04493,
1742680667382,12.34349,1203,,Left,1121.266,1160.456,48.58235,
1742680667382,12.34349,1203,,Right,1119.965,1160.456,48.58234,
1742680667382,12.34349,1203,,Center,1121.046,1160.456,48.58234,
1742680667410,12.37127,1205,,Left,943.6977,1076.382,49.9236,
1742680667410,12.37127,1205,,Right,942.4321,1076.382,49.9236,
1742680667410,12.37127,1205,,Center,943.0814,1076.382,49.9236,
1742680667438,12.39947,1207,,Left,943.7308,1076.56,49.92313,
1742680667438,12.39947,1207,,Right,942.4653,1076.56,49.92313,
1742680667438,12.39947,1207,,Center,943.1146,1076.56,49.92314,
1742680667465,12.42679,1209,,Left,831.6518,1005.618,49.64643,
1742680667465,12.42679,1209,,Right,830.3793,1005.618,49.64642,
1742680667465,12.42679,1209,,Center,830.7708,1005.618,49.64642,
1742680667494,12.45478,1211,,Left,739.1224,957.1956,48.74052,
1742680667494,12.45478,1211,,Right,737.8261,957.1956,48.74052,
1742680667494,12.45478,1211,,Center,738.0139,957.1956,48.74052,
1742680667521,12.48285,1213,,Left,694.1876,915.1119,48.01169,
1742680667521,12.48285,1213,,Right,692.8718,915.1119,48.01169,
1742680667521,12.48285,1213,,Center,692.9645,915.1119,48.01169,
1742680667549,12.51091,1215,,Left,691.3831,911.5205,47.95499,
1742680667549,12.51091,1215,,Right,690.0656,911.5205,47.95499,
1742680667549,12.51091,1215,,Center,690.1526,911.5205,47.955,
1742680667577,12.53829,1217,,Left,694.4569,915.3099,48.0162,
1742680667577,12.53829,1217,,Right,693.1412,915.3099,48.0162,
1742680667577,12.53829,1217,,Center,693.2346,915.31,48.0162,
1742680667605,12.56676,1219,,Left,694.7105,915.3414,48.01954,
1742680667605,12.56676,1219,,Right,693.3948,915.3414,48.01954,
1742680667605,12.56676,1219,,Center,693.4887,915.3414,48.01954,
1742680667632,12.59398,1221,,Left,689.3236,911.0573,47.92624,
1742680667633,12.59398,1221,,Right,688.0054,911.0573,47.92624,
1742680667633,12.59398,1221,,Center,688.0881,911.0573,47.92624,
1742680667661,12.622,1223,,Left,652.965,899.0434,47.36658,
1742680667661,12.622,1223,,Right,651.6312,899.0434,47.36658,
1742680667661,12.622,1223,,Center,651.6368,899.0434,47.36658,
1742680667688,12.64979,1225,,Left,616.3096,880.8313,46.70883,
1742680667688,12.64979,1225,,Right,614.9571,880.8313,46.70883,
1742680667688,12.64979,1225,,Center,614.8867,880.8314,46.70883,
1742680667716,12.67781,1227,,Left,614.0031,880.8091,46.67371,
1742680667716,12.67781,1227,,Right,612.6496,880.8091,46.67371,
1742680667716,12.67781,1227,,Center,612.5743,880.8091,46.67371,
1742680667744,12.70527,1229,,Left,616.1208,875.565,46.66797,
1742680667744,12.70527,1229,,Right,614.7671,875.565,46.66797,
1742680667744,12.70527,1229,,Center,614.6968,875.5651,46.66797,
1742680667772,12.73396,1231,,Left,616.251,875.5062,46.66949,
1742680667772,12.73396,1231,,Right,614.8973,875.5062,46.66949,
1742680667772,12.73396,1231,,Center,614.8273,875.5063,46.66949,
1742680667800,12.76109,1233,,Left,620.632,873.4972,46.72037,
1742680667800,12.76109,1233,,Right,619.2797,873.4972,46.72037,
1742680667800,12.76109,1233,,Center,619.2192,873.4973,46.72037,
1742680667828,12.78913,1235,,Left,625.67,873.7829,46.79728,
1742680667828,12.78913,1235,,Right,624.32,873.7829,46.79728,
1742680667828,12.78913,1235,,Center,624.2701,873.7829,46.79728,
1742680667855,12.81691,1237,,Left,624.9326,868.2917,46.7447,
1742680667855,12.81691,1237,,Right,623.5811,868.2917,46.74469,
1742680667856,12.81691,1237,,Center,623.5302,868.2917,46.7447,
1742680667883,12.84484,1239,,Left,624.8512,872.7751,46.77764,
1742680667883,12.84484,1239,,Right,623.5007,872.7751,46.77764,
1742680667883,12.84484,1239,,Center,623.4492,872.7751,46.77765,
1742680667911,12.8726,1241,,Left,617.6216,872.5982,46.6686,
1742680667911,12.8726,1241,,Right,616.2679,872.5982,46.6686,
1742680667911,12.8726,1241,,Center,616.2012,872.5982,46.6686,
1742680667939,12.90091,1243,,Left,617.7474,872.79,46.67194,
1742680667939,12.90091,1243,,Right,616.3938,872.79,46.67194,
1742680667939,12.90091,1243,,Center,616.3272,872.79,46.67194,
1742680667967,12.92806,1245,,Left,617.9053,873.999,46.6833,
1742680667967,12.92806,1245,,Right,616.5521,873.999,46.6833,
1742680667967,12.92806,1245,,Center,616.4858,873.9991,46.6833,
1742680667995,12.95629,1247,,Left,619.0282,873.6964,46.6979,
1742680667995,12.95629,1247,,Right,617.6754,873.6964,46.69791,
1742680667995,12.95629,1247,,Center,617.6115,873.6964,46.69791,
1742680668023,12.98401,1249,,Left,623.4263,866.793,46.71086,
1742680668023,12.98401,1249,,Right,622.0739,866.793,46.71087,
1742680668023,12.98401,1249,,Center,622.02,866.7931,46.71086,
1742680668050,13.01191,1251,,Left,619.0432,866.4666,46.64323,
1742680668051,13.01191,1251,,Right,617.6887,866.4666,46.64323,
1742680668051,13.01191,1251,,Center,617.6256,866.4667,46.64323,
1742680668078,13.03969,1253,,Left,623.0127,872.4281,46.74783,
1742680668078,13.03969,1253,,Right,621.6613,872.4281,46.74783,
1742680668078,13.03969,1253,,Center,621.6059,872.4282,46.74783,
1742680668106,13.06785,1255,,Left,623.0891,872.1278,46.7467,
1742680668106,13.06785,1255,,Right,621.7376,872.1278,46.7467,
1742680668106,13.06785,1255,,Center,621.6824,872.1279,46.7467,
1742680668134,13.09536,1257,,Left,618.1324,871.5604,46.66848,
1742680668134,13.09536,1257,,Right,616.7786,871.5604,46.66848,
1742680668134,13.09536,1257,,Center,616.7131,871.5604,46.66848,
1742680668162,13.12311,1259,,Left,623.853,871.8168,46.75568,
1742680668162,13.12311,1259,,Right,622.5018,871.8168,46.75568,
1742680668162,13.12311,1259,,Center,622.4482,871.8169,46.75568,
1742680668190,13.15108,1261,,Left,623.7601,873.5683,46.76747,
1742680668190,13.15108,1261,,Right,622.4092,873.5683,46.76747,
1742680668190,13.15108,1261,,Center,622.3554,873.5684,46.76747,
1742680668217,13.17901,1263,,Left,624.2819,873.9349,46.7779,
1742680668217,13.17901,1263,,Right,622.9313,873.9349,46.7779,
1742680668217,13.17901,1263,,Center,622.8785,873.935,46.7779,
1742680668245,13.2065,1265,,Left,632.9779,869.4663,46.87136,
1742680668245,13.2065,1265,,Right,631.63,869.4663,46.87136,
1742680668245,13.2065,1265,,Center,631.5961,869.4664,46.87136,
1742680668273,13.23493,1267,,Left,633.7866,869.7015,46.88488,
1742680668273,13.23493,1267,,Right,632.4392,869.7015,46.88488,
1742680668273,13.23493,1267,,Center,632.4069,869.7015,46.88488,
1742680668301,13.26234,1269,,Left,643.8109,866.7372,47.00477,
1742680668301,13.26234,1269,,Right,642.4668,866.7371,47.00476,
1742680668301,13.26234,1269,,Center,642.4564,866.7372,47.00477,
1742680668329,13.29013,1271,,Left,644.6693,866.9824,47.01877,
1742680668329,13.29013,1271,,Right,643.3256,866.9824,47.01877,
1742680668329,13.29013,1271,,Center,643.3168,866.9824,47.01877,
1742680668357,13.31792,1273,,Left,645.4036,865.0781,47.01394,
1742680668357,13.31792,1273,,Right,644.0598,865.0781,47.01394,
1742680668357,13.31792,1273,,Center,644.0527,865.0781,47.01394,
1742680668384,13.34611,1275,,Left,647.2405,866.2121,47.04868,
1742680668384,13.34611,1275,,Right,645.8978,866.2121,47.04868,
1742680668384,13.34611,1275,,Center,645.8945,866.2122,47.04868,
1742680668412,13.3737,1277,,Left,645.9213,865.4777,47.02434,
1742680668412,13.3737,1277,,Right,644.5778,865.4777,47.02434,
1742680668412,13.3737,1277,,Center,644.572,865.4778,47.02434,
1742680668440,13.40159,1279,,Left,645.6768,865.5555,47.02156,
1742680668440,13.40159,1279,,Right,644.3333,865.5555,47.02157,
1742680668440,13.40159,1279,,Center,644.3268,865.5556,47.02156,
1742680668468,13.42934,1281,,Left,639.8804,869.4985,46.97072,
1742680668468,13.42934,1281,,Right,638.5353,869.4985,46.97073,
1742680668468,13.42934,1281,,Center,638.5161,869.4986,46.97073,
1742680668496,13.45717,1283,,Left,639.3522,873.6144,46.99479,
1742680668496,13.45717,1283,,Right,638.0079,873.6144,46.99478,
1742680668496,13.45717,1283,,Center,637.9871,873.6144,46.99479,
1742680668524,13.48491,1285,,Left,638.5763,873.5678,46.98332,
1742680668524,13.48491,1285,,Right,637.2317,873.5678,46.98332,
1742680668524,13.48491,1285,,Center,637.2092,873.5679,46.98332,
1742680668551,13.51306,1287,,Left,644.9912,867.7628,47.02945,
1742680668552,13.51306,1287,,Right,643.6478,867.7628,47.02945,
1742680668552,13.51306,1287,,Center,643.6397,867.7628,47.02945,
1742680668579,13.5407,1289,,Left,637.8946,867.3549,46.92566,
1742680668579,13.5407,1289,,Right,636.5483,867.3549,46.92566,
1742680668579,13.5407,1289,,Center,636.5251,867.3549,46.92566,
1742680668607,13.56882,1291,,Left,637.3203,867.3179,46.91714,
1742680668607,13.56882,1291,,Right,635.9737,867.3179,46.91714,
1742680668607,13.56882,1291,,Center,635.9493,867.3179,46.91714,
1742680668635,13.59672,1293,,Left,637.5463,869.7122,46.93904,
1742680668635,13.59672,1293,,Right,636.2004,869.7122,46.93904,
1742680668635,13.59672,1293,,Center,636.1761,869.7123,46.93904,
1742680668663,13.62422,1295,,Left,637.371,871.3073,46.94883,
1742680668663,13.62422,1295,,Right,636.0253,871.3073,46.94882,
1742680668663,13.62422,1295,,Center,636.0005,871.3073,46.94882,
1742680668691,13.65224,1297,,Left,638.9511,871.5785,46.97353,
1742680668691,13.65224,1297,,Right,637.6061,871.5785,46.97353,
1742680668691,13.65224,1297,,Center,637.5847,871.5786,46.97353,
1742680668719,13.68022,1299,,Left,640.4974,871.5156,46.99511,
1742680668719,13.68022,1299,,Right,639.1531,871.5156,46.99511,
1742680668719,13.68022,1299,,Center,639.1349,871.5156,46.99511,
1742680668746,13.70778,1301,,Left,641.7073,871.8447,47.01484,
1742680668746,13.70778,1301,,Right,640.3635,871.8447,47.01484,
1742680668746,13.70778,1301,,Center,640.3478,871.8447,47.01485,
1742680668774,13.7356,1303,,Left,642.0717,872.1154,47.02208,
1742680668774,13.7356,1303,,Right,640.7281,872.1154,47.02208,
1742680668774,13.7356,1303,,Center,640.7133,872.1155,47.02208,
1742680668802,13.76354,1305,,Left,640.5591,872.8761,47.00637,
1742680668802,13.76354,1305,,Right,639.2151,872.8761,47.00637,
1742680668802,13.76354,1305,,Center,639.1969,872.8761,47.00637,
1742680668830,13.79146,1307,,Left,643.6832,874.6159,47.0639,
1742680668830,13.79146,1307,,Right,642.3409,874.6159,47.0639,
1742680668830,13.79146,1307,,Center,642.3292,874.6159,47.0639,
1742680668858,13.81935,1309,,Left,639.204,874.4675,46.99907,
1742680668858,13.81935,1309,,Right,637.8599,874.4675,46.99907,
1742680668858,13.81935,1309,,Center,637.8386,874.4675,46.99907,
1742680668886,13.84712,1311,,Left,639.9384,878.6288,47.04059,
1742680668886,13.84712,1311,,Right,638.5954,878.6288,47.04059,
1742680668886,13.84712,1311,,Center,638.5753,878.6288,47.04059,
1742680668914,13.87481,1313,,Left,639.9342,869.6494,46.97261,
1742680668914,13.87481,1313,,Right,638.5892,869.6494,46.97261,
1742680668914,13.87481,1313,,Center,638.5701,869.6495,46.97261,
1742680668942,13.90307,1315,,Left,639.8663,869.8108,46.9729,
1742680668942,13.90307,1315,,Right,638.5213,869.8108,46.9729,
1742680668942,13.90307,1315,,Center,638.5021,869.8109,46.9729,
1742680668969,13.93076,1317,,Left,638.3608,877.4256,47.00914,
1742680668969,13.93076,1317,,Right,637.0168,877.4256,47.00914,
1742680668969,13.93076,1317,,Center,636.9935,877.4257,47.00914,
1742680668997,13.95878,1319,,Left,640.5549,877.5881,47.04176,
1742680668997,13.95878,1319,,Right,639.2119,877.5881,47.04176,
1742680668997,13.95878,1319,,Center,639.1932,877.5881,47.04176,
1742680669025,13.98648,1321,,Left,639.571,877.3618,47.02602,
1742680669025,13.98648,1321,,Right,638.2275,877.3618,47.02602,
1742680669025,13.98648,1321,,Center,638.2068,877.3619,47.02601,
1742680669053,14.01427,1323,,Left,639.4176,880.2478,47.04506,
1742680669053,14.01427,1323,,Right,638.0747,880.2478,47.04506,
1742680669053,14.01427,1323,,Center,638.0533,880.2479,47.04506,
1742680669080,14.04207,1325,,Left,638.1889,881.502,47.03653,
1742680669081,14.04207,1325,,Right,636.8458,881.502,47.03653,
1742680669081,14.04207,1325,,Center,636.8216,881.5021,47.03653,
1742680669108,14.06978,1327,,Left,638.0522,881.3574,47.03352,
1742680669108,14.06978,1327,,Right,636.709,881.3574,47.03352,
1742680669108,14.06978,1327,,Center,636.6846,881.3574,47.03352,
1742680669136,14.09768,1329,,Left,637.2569,879.8104,47.01083,
1742680669136,14.09768,1329,,Right,635.913,879.8104,47.01084,
1742680669136,14.09768,1329,,Center,635.8871,879.8105,47.01083,
1742680669164,14.12555,1331,,Left,637.6713,880.0355,47.01845,
1742680669164,14.12555,1331,,Right,636.3276,880.0355,47.01845,
1742680669164,14.12555,1331,,Center,636.3026,880.0355,47.01845,
1742680669192,14.15343,1333,,Left,634.2435,878.7197,46.9593,
1742680669192,14.15343,1333,,Right,632.8981,878.7197,46.9593,
1742680669193,14.15343,1333,,Center,632.8659,878.7197,46.9593,
1742680669220,14.18132,1335,,Left,633.9476,871.9297,46.90427,
1742680669220,14.18132,1335,,Right,632.6006,871.9297,46.90427,
1742680669220,14.18132,1335,,Center,632.5686,871.9297,46.90427,
1742680669248,14.20897,1337,,Left,633.9241,872.5125,46.9084,
1742680669248,14.20897,1337,,Right,632.5772,872.5125,46.9084,
1742680669248,14.20897,1337,,Center,632.545,872.5126,46.9084,
1742680669275,14.23711,1339,,Left,634.0518,872.5364,46.91044,
1742680669275,14.23711,1339,,Right,632.705,872.5364,46.91044,
1742680669275,14.23711,1339,,Center,632.6731,872.5364,46.91044,
1742680669303,14.26453,1341,,Left,632.318,876.6263,46.91595,
1742680669303,14.26453,1341,,Right,630.9714,876.6263,46.91595,
1742680669303,14.26453,1341,,Center,630.9353,876.6264,46.91594,
1742680669331,14.29263,1343,,Left,632.2209,876.0413,46.91019,
1742680669331,14.29263,1343,,Right,630.8742,876.0413,46.91019,
1742680669331,14.29263,1343,,Center,630.838,876.0414,46.91019,
1742680669359,14.32032,1345,,Left,633.7772,875.8593,46.93146,
1742680669359,14.32032,1345,,Right,632.431,875.8593,46.93145,
1742680669359,14.32032,1345,,Center,632.398,875.8594,46.93146,
1742680669387,14.34809,1347,,Left,633.7544,877.4013,46.94254,
1742680669387,14.34809,1347,,Right,632.4085,877.4013,46.94254,
1742680669387,14.34809,1347,,Center,632.3754,877.4013,46.94255,
1742680669414,14.37591,1349,,Left,632.9042,877.6404,46.93193,
1742680669414,14.37591,1349,,Right,631.558,877.6404,46.93193,
1742680669414,14.37591,1349,,Center,631.5231,877.6404,46.93193,
1742680669442,14.40377,1351,,Left,633.0198,877.5393,46.93286,
1742680669442,14.40377,1351,,Right,631.6736,877.5393,46.93286,
1742680669442,14.40377,1351,,Center,631.6389,877.5393,46.93286,
1742680669470,14.43148,1353,,Left,633.3748,877.2655,46.93602,
1742680669470,14.43148,1353,,Right,632.0288,877.2655,46.93602,
1742680669470,14.43148,1353,,Center,631.9949,877.2656,46.93601,
1742680669498,14.45969,1355,,Left,640.4201,878.087,47.04356,
1742680669498,14.45969,1355,,Right,639.0772,878.087,47.04356,
1742680669498,14.45969,1355,,Center,639.0581,878.087,47.04356,
1742680669526,14.48745,1357,,Left,640.299,878.1516,47.0423,
1742680669526,14.48745,1357,,Right,638.956,878.1516,47.0423,
1742680669526,14.48745,1357,,Center,638.9367,878.1517,47.0423,
1742680669554,14.51538,1359,,Left,639.2961,882.9197,47.06266,
1742680669554,14.51538,1359,,Right,637.9537,882.9197,47.06266,
1742680669554,14.51538,1359,,Center,637.9318,882.9197,47.06265,
1742680669582,14.54351,1361,,Left,635.5545,882.301,47.00426,
1742680669582,14.54351,1361,,Right,634.2104,882.3009,47.00425,
1742680669582,14.54351,1361,,Center,634.1806,882.301,47.00425,
1742680669609,14.57094,1363,,Left,637.913,882.1731,47.03739,
1742680669609,14.57094,1363,,Right,636.5698,882.1731,47.03739,
1742680669609,14.57094,1363,,Center,636.545,882.1732,47.03739,
1742680669637,14.59871,1365,,Left,637.5719,881.6226,47.0285,
1742680669637,14.59871,1365,,Right,636.2285,881.6226,47.0285,
1742680669637,14.59871,1365,,Center,636.203,881.6226,47.0285,
1742680669665,14.62629,1367,,Left,634.7571,879.4638,46.97216,
1742680669665,14.62629,1367,,Right,633.4122,879.4638,46.97217,
1742680669665,14.62629,1367,,Center,633.3809,879.4639,46.97217,
1742680669693,14.65424,1369,,Left,634.7056,875.2222,46.94008,
1742680669693,14.65424,1369,,Right,633.3597,875.2222,46.94008,
1742680669693,14.65424,1369,,Center,633.3289,875.2222,46.94009,
1742680669721,14.68236,1371,,Left,635.2404,873.5316,46.93511,
1742680669721,14.68236,1371,,Right,633.8943,873.5316,46.93511,
1742680669721,14.68236,1371,,Center,633.8649,873.5316,46.93511,
1742680669749,14.71027,1373,,Left,636.9765,874.6133,46.96828,
1742680669749,14.71027,1373,,Right,635.6314,874.6133,46.96828,
1742680669749,14.71027,1373,,Center,635.6054,874.6133,46.96828,
1742680669776,14.73783,1375,,Left,637.0776,882.5399,47.02798,
1742680669776,14.73783,1375,,Right,635.7343,882.5399,47.02797,
1742680669776,14.73783,1375,,Center,635.7077,882.5399,47.02797,
1742680669804,14.7659,1377,,Left,637.2217,882.9134,47.03272,
1742680669804,14.7659,1377,,Right,635.8784,882.9134,47.03272,
1742680669804,14.7659,1377,,Center,635.8521,882.9134,47.03272,
1742680669832,14.79371,1379,,Left,637.0078,882.5533,47.02704,
1742680669832,14.79371,1379,,Right,635.6644,882.5533,47.02704,
1742680669832,14.79371,1379,,Center,635.6376,882.5533,47.02705,
1742680669860,14.82111,1381,,Left,638.1229,876.5072,46.99894,
1742680669860,14.82111,1381,,Right,636.7786,876.5072,46.99894,
1742680669860,14.82111,1381,,Center,636.755,876.5073,46.99894,
1742680669888,14.84918,1383,,Left,638.1349,874.9034,46.98711,
1742680669888,14.84918,1383,,Right,636.7903,874.9034,46.98711,
1742680669888,14.84918,1383,,Center,636.7668,874.9034,46.98711,
1742680669915,14.87723,1385,,Left,638.024,874.4769,46.98231,
1742680669915,14.87723,1385,,Right,636.6793,874.4769,46.98231,
1742680669915,14.87723,1385,,Center,636.6556,874.4769,46.98231,
1742680669943,14.90467,1387,,Left,637.2729,874.7021,46.97319,
1742680669943,14.90467,1387,,Right,635.928,874.7021,46.97319,
1742680669943,14.90467,1387,,Center,635.9026,874.7022,46.97319,
1742680669971,14.93339,1389,,Left,637.2473,874.5901,46.97201,
1742680669971,14.93339,1389,,Right,635.9023,874.5901,46.97201,
1742680669971,14.93339,1389,,Center,635.8768,874.5902,46.972,
1742680669999,14.96052,1391,,Left,636.9399,876.618,46.98275,
1742680669999,14.96052,1391,,Right,635.5952,876.618,46.98275,
1742680669999,14.96052,1391,,Center,635.5689,876.618,46.98275,
1742680670027,14.98848,1393,,Left,637.8063,876.9254,46.99747,
1742680670027,14.98848,1393,,Right,636.462,876.9254,46.99747,
1742680670027,14.98848,1393,,Center,636.4376,876.9254,46.99747,
1742680670055,15.01625,1395,,Left,638.9283,878.6135,47.02607,
1742680670055,15.01625,1395,,Right,637.5849,878.6135,47.02606,
1742680670055,15.01625,1395,,Center,637.5626,878.6136,47.02606,
1742680670082,15.04413,1397,,Left,639.2918,878.1569,47.02791,
1742680670082,15.04413,1397,,Right,637.9484,878.1569,47.02791,
1742680670082,15.04413,1397,,Center,637.927,878.157,47.02791,
1742680670110,15.07171,1399,,Left,634.0532,883.1247,46.98833,
1742680670110,15.07171,1399,,Right,632.7087,883.1247,46.98833,
1742680670110,15.07171,1399,,Center,632.6757,883.1247,46.98833,
1742680670138,15.10042,1401,,Left,634.2856,883.0857,46.99142,
1742680670138,15.10042,1401,,Right,632.9412,883.0857,46.99142,
1742680670138,15.10042,1401,,Center,632.9087,883.0858,46.99142,
1742680670166,15.12746,1403,,Left,631.1884,882.8837,46.94481,
1742680670166,15.12746,1403,,Right,629.8427,882.8837,46.94481,
1742680670166,15.12746,1403,,Center,629.8036,882.8837,46.94481,
1742680670194,15.1556,1405,,Left,632.3837,882.7071,46.96102,
1742680670194,15.1556,1405,,Right,631.0385,882.7071,46.96101,
1742680670194,15.1556,1405,,Center,631.0018,882.7072,46.96101,
1742680670222,15.18352,1407,,Left,632.5563,882.8987,46.96489,
1742680670222,15.18352,1407,,Right,631.2111,882.8987,46.96489,
1742680670222,15.18352,1407,,Center,631.1749,882.8987,46.96489,
1742680670250,15.21143,1409,,Left,633.8376,887.6727,47.01711,
1742680670250,15.21143,1409,,Right,632.4939,887.6727,47.01711,
1742680670250,15.21143,1409,,Center,632.46,887.6727,47.01711,
1742680670278,15.2391,1411,,Left,633.742,888.1201,47.01881,
1742680670278,15.2391,1411,,Right,632.3984,888.1201,47.01881,
1742680670278,15.2391,1411,,Center,632.3641,888.1201,47.01881,
1742680670306,15.26735,1413,,Left,633.9473,888.7449,47.02611,
1742680670306,15.26735,1413,,Right,632.6039,888.7449,47.02611,
1742680670306,15.26735,1413,,Center,632.57,888.745,47.02611,
1742680670333,15.29454,1415,,Left,631.5214,887.0054,46.97868,
1742680670333,15.29454,1415,,Right,630.1766,887.0054,46.97868,
1742680670333,15.29454,1415,,Center,630.1379,887.0054,46.97868,
1742680670361,15.32263,1417,,Left,631.0594,881.4462,46.93266,
1742680670361,15.32263,1417,,Right,629.7133,881.4462,46.93266,
1742680670361,15.32263,1417,,Center,629.674,881.4462,46.93266,
1742680670389,15.35043,1419,,Left,638.1947,885.7982,47.06723,
1742680670389,15.35043,1419,,Right,636.8525,885.7982,47.06723,
1742680670389,15.35043,1419,,Center,636.8279,885.7982,47.06723,
1742680670417,15.37833,1421,,Left,649.4594,903.1285,47.34357,
1742680670417,15.37833,1421,,Right,648.1249,903.1285,47.34357,
1742680670417,15.37833,1421,,Center,648.1227,903.1285,47.34357,
1742680670445,15.40617,1423,,Left,829.5738,980.4613,49.57878,
1742680670445,15.40617,1423,,Right,828.2996,980.4613,49.57877,
1742680670445,15.40617,1423,,Center,828.6871,980.4613,49.57878,
1742680670473,15.43442,1425,,Left,828.59,980.8135,49.57384,
1742680670473,15.43442,1425,,Right,827.3156,980.8135,49.57384,
1742680670473,15.43442,1425,,Center,827.7009,980.8135,49.57384,
1742680670500,15.46181,1427,,Left,907.0997,1008.285,49.94035,
1742680670500,15.46181,1427,,Right,905.8347,1008.285,49.94035,
1742680670500,15.46181,1427,,Center,906.3984,1008.285,49.94035,
1742680670528,15.48948,1429,,Left,913.3278,1019.142,49.96127,
1742680670528,15.48948,1429,,Right,912.0633,1019.142,49.96126,
1742680670528,15.48948,1429,,Center,912.6412,1019.142,49.96126,
1742680670556,15.51772,1431,,Left,918.2936,1018.657,49.96688,
1742680670556,15.51772,1431,,Right,917.0292,1018.657,49.96688,
1742680670556,15.51772,1431,,Center,917.6187,1018.657,49.96688,
1742680670584,15.54549,1433,,Left,919.3907,1018.628,49.96798,
1742680670584,15.54549,1433,,Right,918.1263,1018.628,49.96798,
1742680670584,15.54549,1433,,Center,918.7183,1018.628,49.96798,
1742680670612,15.57307,1435,,Left,925.2571,1025.002,49.97652,
1742680670612,15.57307,1435,,Right,923.9929,1025.002,49.97652,
1742680670612,15.57307,1435,,Center,924.5985,1025.002,49.97652,
1742680670639,15.6013,1437,,Left,925.8983,1025.139,49.97701,
1742680670639,15.6013,1437,,Right,924.6342,1025.139,49.97701,
1742680670639,15.6013,1437,,Center,925.2412,1025.139,49.97701,
1742680670667,15.62857,1439,,Left,927.3025,1032.044,49.97916,
1742680670667,15.62857,1439,,Right,926.0385,1032.044,49.97916,
1742680670667,15.62857,1439,,Center,926.6487,1032.044,49.97916,
1742680670695,15.65671,1441,,Left,927.6826,1031.962,49.97936,
1742680670695,15.65671,1441,,Right,926.4186,1031.962,49.97936,
1742680670695,15.65671,1441,,Center,927.0298,1031.962,49.97936,
1742680670723,15.68483,1443,,Left,927.0822,1032.09,49.97904,
1742680670723,15.68483,1443,,Right,925.8181,1032.09,49.97903,
1742680670723,15.68483,1443,,Center,926.4279,1032.09,49.97904,
1742680670751,15.71233,1445,,Left,926.6359,1029.584,49.97861,
1742680670751,15.71233,1445,,Right,925.3718,1029.584,49.97861,
1742680670751,15.71233,1445,,Center,925.9806,1029.584,49.97861,
1742680670779,15.74003,1447,,Left,931.2813,1028.342,49.98045,
1742680670779,15.74003,1447,,Right,930.0173,1028.342,49.98045,
1742680670779,15.74003,1447,,Center,930.6368,1028.342,49.98045,
1742680670807,15.76845,1449,,Left,931.3058,1028.253,49.98043,
1742680670807,15.76845,1449,,Right,930.0418,1028.253,49.98043,
1742680670807,15.76845,1449,,Center,930.6614,1028.253,49.98043,
1742680670835,15.79594,1451,,Left,932.0922,1027.571,49.98049,
1742680670835,15.79594,1451,,Right,930.8282,1027.571,49.98049,
1742680670835,15.79594,1451,,Center,931.4496,1027.571,49.98049,
1742680670862,15.82376,1453,,Left,932.0618,1033.5,49.98097,
1742680670862,15.82376,1453,,Right,930.7978,1033.5,49.98096,
1742680670862,15.82376,1453,,Center,931.4192,1033.5,49.98096,
1742680670890,15.85148,1455,,Left,800.5158,1077.598,49.39656,
1742680670890,15.85148,1455,,Right,799.2368,1077.598,49.39656,
1742680670890,15.85148,1455,,Center,799.559,1077.598,49.39656,
1742680670918,15.87949,1457,,Left,671.0107,1170.497,47.57502,
1742680670918,15.87949,1457,,Right,669.6828,1170.497,47.57502,
1742680670918,15.87949,1457,,Center,669.7275,1170.496,47.57502,
1742680670946,15.90707,1459,,Left,605.8351,1198.931,46.43246,
1742680670946,15.90707,1459,,Right,604.4744,1198.931,46.43246,
1742680670946,15.90707,1459,,Center,604.3837,1198.931,46.43246,
1742680670974,15.93508,1461,,Left,606.0771,1199.443,46.43222,
1742680670974,15.93508,1461,,Right,604.7165,1199.443,46.43222,
1742680670974,15.93508,1461,,Center,604.6263,1199.443,46.43223,
1742680671002,15.96308,1463,,Left,603.8925,1199.603,46.39743,
1742680671002,15.96308,1463,,Right,602.5309,1199.603,46.39743,
1742680671002,15.96308,1463,,Center,602.436,1199.603,46.39743,
1742680671029,15.99067,1465,,Left,596.8391,1199.942,46.28549,
1742680671029,15.99067,1465,,Right,595.4741,1199.942,46.28549,
1742680671029,15.99067,1465,,Center,595.3646,1199.942,46.28549,
1742680671057,16.01839,1467,,Left,598.7496,1201.67,46.30191,
1742680671057,16.01839,1467,,Right,597.385,1201.67,46.30191,
1742680671057,16.01839,1467,,Center,597.2797,1201.67,46.30191,
1742680671085,16.04634,1469,,Left,596.5392,1203.258,46.25515,
1742680671085,16.04634,1469,,Right,595.1734,1203.258,46.25515,
1742680671085,16.04634,1469,,Center,595.0635,1203.258,46.25514,
1742680671113,16.07411,1471,,Left,596.0379,1203.542,46.2451,
1742680671113,16.07411,1471,,Right,594.6718,1203.542,46.24511,
1742680671113,16.07411,1471,,Center,594.5609,1203.542,46.24511,
1742680671141,16.10223,1473,,Left,596.4189,1203.306,46.25291,
1742680671141,16.10223,1473,,Right,595.053,1203.306,46.25291,
1742680671141,16.10223,1473,,Center,594.9428,1203.306,46.25291,
1742680671168,16.12988,1475,,Left,597.7683,1201.356,46.28909,
1742680671169,16.12988,1475,,Right,596.4035,1201.356,46.28909,
1742680671169,16.12988,1475,,Center,596.296,1201.356,46.28909,
1742680671196,16.15758,1477,,Left,804.9982,1193.61,48.77391,
1742680671196,16.15758,1477,,Right,803.7029,1193.61,48.77391,
1742680671196,16.15758,1477,,Center,804.0437,1193.61,48.77391,
1742680671224,16.18537,1479,,Left,1007.252,1197.748,49.07201,
1742680671224,16.18537,1479,,Right,1005.964,1197.748,49.07202,
1742680671224,16.18537,1479,,Center,1006.773,1197.748,49.07202,
1742680671252,16.21372,1481,,Left,1191.862,1202.305,47.46736,
1742680671252,16.21372,1481,,Right,1190.531,1202.305,47.46736,
1742680671252,16.21372,1481,,Center,1191.791,1202.305,47.46736,
1742680671280,16.24137,1483,,Left,1252.11,1189.122,46.7398,
1742680671280,16.24137,1483,,Right,1250.759,1189.122,46.7398,
1742680671280,16.24137,1483,,Center,1252.17,1189.122,46.7398,
1742680671308,16.26915,1485,,Left,1249.684,1188.996,46.77685,
1742680671308,16.26915,1485,,Right,1248.333,1188.996,46.77685,
1742680671308,16.26915,1485,,Center,1249.738,1188.996,46.77685,
1742680671336,16.29698,1487,,Left,1252.261,1180.02,46.80307,
1742680671336,16.29698,1487,,Right,1250.912,1180.02,46.80307,
1742680671336,16.29698,1487,,Center,1252.322,1180.02,46.80307,
1742680671363,16.32489,1489,,Left,1244.475,1179.59,46.92168,
1742680671363,16.32489,1489,,Right,1243.128,1179.59,46.92168,
1742680671363,16.32489,1489,,Center,1244.519,1179.59,46.92168,
1742680671392,16.35288,1491,,Left,1240.678,1179.698,46.97654,
1742680671392,16.35288,1491,,Right,1239.333,1179.698,46.97654,
1742680671392,16.35288,1491,,Center,1240.714,1179.698,46.97654,
1742680671419,16.38058,1493,,Left,1241.768,1181.661,46.9466,
1742680671419,16.38058,1493,,Right,1240.422,1181.661,46.9466,
1742680671419,16.38058,1493,,Center,1241.806,1181.661,46.9466,
1742680671447,16.4082,1495,,Left,1241.475,1181.505,46.95205,
1742680671447,16.4082,1495,,Right,1240.129,1181.505,46.95205,
1742680671447,16.4082,1495,,Center,1241.512,1181.505,46.95205,
1742680671475,16.43631,1497,,Left,1241.697,1181.733,46.94718,
1742680671475,16.43631,1497,,Right,1240.351,1181.733,46.94718,
1742680671475,16.43631,1497,,Center,1241.735,1181.733,46.94719,
1742680671503,16.46409,1499,,Left,1241.737,1179.05,46.9656,
1742680671503,16.46409,1499,,Right,1240.392,1179.05,46.9656,
1742680671503,16.46409,1499,,Center,1241.776,1179.05,46.9656,
1742680671531,16.49212,1501,,Left,1239.825,1179.241,46.99213,
1742680671531,16.49212,1501,,Right,1238.481,1179.241,46.99213,
1742680671531,16.49212,1501,,Center,1239.859,1179.241,46.99213,
1742680671559,16.5199,1503,,Left,1242.935,1178.949,46.94874,
1742680671559,16.5199,1503,,Right,1241.589,1178.949,46.94873,
1742680671559,16.5199,1503,,Center,1242.976,1178.949,46.94874,
1742680671586,16.54763,1505,,Left,1239.277,1180.94,46.98809,
1742680671586,16.54763,1505,,Right,1237.932,1180.94,46.98809,
1742680671586,16.54763,1505,,Center,1239.31,1180.94,46.98809,
1742680671614,16.57521,1507,,Left,1238.762,1181.062,46.99466,
1742680671614,16.57521,1507,,Right,1237.417,1181.062,46.99465,
1742680671614,16.57521,1507,,Center,1238.794,1181.062,46.99465,
1742680671642,16.60336,1509,,Left,1239.115,1181.333,46.98762,
1742680671642,16.60336,1509,,Right,1237.77,1181.333,46.98762,
1742680671642,16.60336,1509,,Center,1239.147,1181.333,46.98762,
1742680671670,16.63131,1511,,Left,1230.309,1180.857,47.1176,
1742680671670,16.63131,1511,,Right,1228.968,1180.857,47.1176,
1742680671670,16.63131,1511,,Center,1230.323,1180.857,47.1176,
1742680671698,16.65898,1513,,Left,1060.343,1147.81,49.17318,
1742680671698,16.65898,1513,,Right,1059.058,1147.81,49.17318,
1742680671698,16.65898,1513,,Center,1059.989,1147.809,49.17318,
1742680671726,16.68683,1515,,Left,879.6859,1117.225,49.68145,
1742680671726,16.68683,1515,,Right,878.4143,1117.225,49.68145,
1742680671726,16.68683,1515,,Center,878.9174,1117.225,49.68145,
1742680671753,16.71461,1517,,Left,760.3482,1034.587,49.10656,
1742680671753,16.71461,1517,,Right,759.0617,1034.587,49.10656,
1742680671753,16.71461,1517,,Center,759.2941,1034.587,49.10656,
1742680671781,16.74253,1519,,Left,667.3162,955.3879,47.85889,
1742680671781,16.74253,1519,,Right,665.9961,955.3879,47.85889,
1742680671781,16.74253,1519,,Center,666.0284,955.388,47.85889,
1742680671809,16.7704,1521,,Left,667.1407,956.3329,47.86013,
1742680671809,16.7704,1521,,Right,665.8207,956.3329,47.86012,
1742680671809,16.7704,1521,,Center,665.8526,956.3329,47.86013,
1742680671837,16.79825,1523,,Left,639.2676,895.8661,47.15123,
1742680671837,16.79825,1523,,Right,637.9278,895.8661,47.15123,
1742680671837,16.79825,1523,,Center,637.9046,895.8661,47.15123,
1742680671865,16.8262,1525,,Left,635.3011,886.3921,47.02952,
1742680671865,16.8262,1525,,Right,633.9578,886.3921,47.02952,
1742680671865,16.8262,1525,,Center,633.9271,886.3921,47.02952,
1742680671893,16.85385,1527,,Left,632.3178,878.1505,46.92712,
1742680671893,16.85385,1527,,Right,630.9716,878.1505,46.92712,
1742680671893,16.85385,1527,,Center,630.9353,878.1506,46.92712,
1742680671920,16.88165,1529,,Left,632.1564,877.1444,46.91737,
1742680671920,16.88165,1529,,Right,630.8099,877.1444,46.91737,
1742680671920,16.88165,1529,,Center,630.7734,877.1445,46.91737,
1742680671948,16.90943,1531,,Left,632.0184,887.7734,46.99125,
1742680671948,16.90943,1531,,Right,630.674,887.7734,46.99125,
1742680671948,16.90943,1531,,Center,630.6362,887.7734,46.99125,
1742680671976,16.93755,1533,,Left,633.3809,888.3143,47.01493,
1742680671976,16.93755,1533,,Right,632.0372,888.3143,47.01493,
1742680671976,16.93755,1533,,Center,632.0023,888.3143,47.01492,
1742680672004,16.96578,1535,,Left,633.6141,888.6159,47.02043,
1742680672004,16.96578,1535,,Right,632.2706,888.6159,47.02043,
1742680672004,16.96578,1535,,Center,632.236,888.6159,47.02043,
1742680672032,16.99291,1537,,Left,635.9997,888.2982,47.05291,
1742680672032,16.99291,1537,,Right,634.657,888.2982,47.05291,
1742680672032,16.99291,1537,,Center,634.6276,888.2982,47.05292,
1742680672060,17.02079,1539,,Left,638.1488,881.62,47.03682,
1742680672060,17.02079,1539,,Right,636.8057,881.62,47.03682,
1742680672060,17.02079,1539,,Center,636.7814,881.6201,47.03682,
1742680672087,17.04888,1541,,Left,635.5482,881.2236,46.99644,
1742680672087,17.04888,1541,,Right,634.2039,881.2236,46.99644,
1742680672087,17.04888,1541,,Center,634.1741,881.2236,46.99644,
1742680672115,17.07656,1543,,Left,637.8504,884.5449,47.05345,
1742680672115,17.07656,1543,,Right,636.5077,884.5449,47.05345,
1742680672115,17.07656,1543,,Center,636.4825,884.5449,47.05345,
1742680672143,17.10418,1545,,Left,639.6131,892.1039,47.13117,
1742680672143,17.10418,1545,,Right,638.2726,892.1039,47.13117,
1742680672143,17.10418,1545,,Center,638.2505,892.1039,47.13116,
1742680672171,17.13252,1547,,Left,639.2844,892.2062,47.12713,
1742680672171,17.13252,1547,,Right,637.9439,892.2062,47.12712,
1742680672171,17.13252,1547,,Center,637.921,892.2062,47.12712,
1742680672198,17.16009,1549,,Left,835.4208,974.8236,49.59592,
1742680672198,17.16009,1549,,Right,834.1469,974.8236,49.59592,
1742680672199,17.16009,1549,,Center,834.5479,974.8236,49.59592,
1742680672226,17.18762,1551,,Left,950.359,1023.448,49.97406,
1742680672226,17.18762,1551,,Right,949.0948,1023.448,49.97407,
1742680672226,17.18762,1551,,Center,949.7589,1023.448,49.97407,
1742680672254,17.21576,1553,,Left,950.5665,1024.866,49.9746,
1742680672254,17.21576,1553,,Right,949.3023,1024.866,49.9746,
1742680672254,17.21576,1553,,Center,949.9669,1024.866,49.9746,
1742680672282,17.24372,1555,,Left,950.0222,1025.107,49.97512,
1742680672282,17.24372,1555,,Right,948.7579,1025.107,49.97512,
1742680672282,17.24372,1555,,Center,949.4213,1025.107,49.97512,
1742680672310,17.27119,1557,,Left,949.3323,1025.183,49.97567,
1742680672310,17.27119,1557,,Right,948.0682,1025.183,49.97567,
1742680672310,17.27119,1557,,Center,948.7298,1025.183,49.97567,
1742680672338,17.29973,1559,,Left,948.853,1025.196,49.976,
1742680672338,17.29973,1559,,Right,947.5889,1025.196,49.976,
1742680672338,17.29973,1559,,Center,948.2495,1025.196,49.976,
1742680672366,17.32691,1561,,Left,950.9206,1024.29,49.97405,
1742680672366,17.32691,1561,,Right,949.6564,1024.29,49.97405,
1742680672366,17.32691,1561,,Center,950.3218,1024.29,49.97405,
1742680672394,17.35497,1563,,Left,951.6443,1031.197,49.97512,
1742680672394,17.35497,1563,,Right,950.3802,1031.197,49.97512,
1742680672394,17.35497,1563,,Center,951.0472,1031.197,49.97512,
1742680672421,17.38298,1565,,Left,952.8799,1031.245,49.97398,
1742680672421,17.38298,1565,,Right,951.6157,1031.245,49.97398,
1742680672421,17.38298,1565,,Center,952.2856,1031.245,49.97398,
1742680672449,17.41084,1567,,Left,953.2055,1031.547,49.97369,
1742680672449,17.41084,1567,,Right,951.9413,1031.547,49.97369,
1742680672449,17.41084,1567,,Center,952.612,1031.547,49.97369,
1742680672477,17.43841,1569,,Left,953.262,1031.769,49.97364,
1742680672477,17.43841,1569,,Right,951.9977,1031.769,49.97364,
1742680672477,17.43841,1569,,Center,952.6686,1031.769,49.97364,
1742680672505,17.46676,1571,,Left,953.1513,1032.321,49.97374,
1742680672505,17.46676,1571,,Right,951.8871,1032.321,49.97374,
1742680672505,17.46676,1571,,Center,952.5577,1032.321,49.97375,
1742680672532,17.49387,1573,,Left,957.1749,1031.769,49.96946,
1742680672532,17.49387,1573,,Right,955.9105,1031.769,49.96946,
1742680672532,17.49387,1573,,Center,956.5905,1031.769,49.96946,
1742680672561,17.5218,1575,,Left,956.999,1026.435,49.96877,
1742680672561,17.5218,1575,,Right,955.7347,1026.435,49.96877,
1742680672561,17.5218,1575,,Center,956.4143,1026.435,49.96877,
1742680672589,17.55014,1577,,Left,954.3818,1026.171,49.97157,
1742680672589,17.55014,1577,,Right,953.1175,1026.171,49.97157,
1742680672589,17.55014,1577,,Center,953.791,1026.171,49.97157,
1742680672616,17.578,1579,,Left,953.1003,1030.967,49.9738,
1742680672616,17.578,1579,,Right,951.8361,1030.967,49.9738,
1742680672616,17.578,1579,,Center,952.5066,1030.967,49.97379,
1742680672644,17.60553,1581,,Left,922.4384,1053.999,49.96192,
1742680672644,17.60553,1581,,Right,921.1739,1053.999,49.96192,
1742680672644,17.60553,1581,,Center,921.773,1053.999,49.96192,
1742680672672,17.63391,1583,,Left,922.7538,1053.681,49.96257,
1742680672672,17.63391,1583,,Right,921.4893,1053.681,49.96257,
1742680672672,17.63391,1583,,Center,922.0892,1053.681,49.96258,
1742680672700,17.661,1585,,Left,817.5812,1068.472,49.53956,
1742680672700,17.661,1585,,Right,816.3058,1068.472,49.53956,
1742680672700,17.661,1585,,Center,816.666,1068.472,49.53957,
1742680672728,17.68917,1587,,Left,676.4783,1131.642,47.87944,
1742680672728,17.68917,1587,,Right,675.1588,1131.642,47.87943,
1742680672728,17.68917,1587,,Center,675.2121,1131.642,47.87944,
1742680672756,17.7171,1589,,Left,596.1224,1152.49,46.59033,
1742680672756,17.7171,1589,,Right,594.7664,1152.49,46.59033,
1742680672756,17.7171,1589,,Center,594.6506,1152.49,46.59033,
1742680672784,17.74497,1591,,Left,564.3592,1162.283,46.01367,
1742680672784,17.74497,1591,,Right,562.9862,1162.283,46.01367,
1742680672784,17.74497,1591,,Center,562.8048,1162.283,46.01367,
1742680672811,17.77274,1593,,Left,563.8537,1180.415,45.89209,
1742680672811,17.77274,1593,,Right,562.4771,1180.415,45.89209,
1742680672811,17.77274,1593,,Center,562.2965,1180.415,45.89209,
1742680672839,17.80115,1595,,Left,563.6882,1180.526,45.88862,
1742680672839,17.80115,1595,,Right,562.3115,1180.526,45.88862,
1742680672839,17.80115,1595,,Center,562.1305,1180.526,45.88862,
1742680672867,17.82826,1597,,Left,578.2604,1184.329,46.10311,
1742680672867,17.82826,1597,,Right,576.89,1184.329,46.10311,
1742680672867,17.82826,1597,,Center,576.7398,1184.329,46.10311,
1742680672895,17.85605,1599,,Left,589.6387,1229.451,45.92951,
1742680672895,17.85605,1599,,Right,588.2632,1229.451,45.92951,
1742680672895,17.85605,1599,,Center,588.1421,1229.451,45.92951,
1742680672922,17.88396,1601,,Left,601.9796,1229.308,46.12073,
1742680672922,17.88396,1601,,Right,600.6097,1229.308,46.12073,
1742680672922,17.88396,1601,,Center,600.5145,1229.308,46.12073,
1742680672950,17.91183,1603,,Left,629.0847,1205.897,46.72451,
1742680672950,17.91183,1603,,Right,627.7326,1205.897,46.72451,
1742680672950,17.91183,1603,,Center,627.6918,1205.897,46.72451,
1742680672978,17.9398,1605,,Left,650.7849,1202.513,47.05971,
1742680672978,17.9398,1605,,Right,649.4424,1202.513,47.05971,
1742680672978,17.9398,1605,,Center,649.4474,1202.513,47.05971,
1742680673006,17.968,1607,,Left,650.6837,1202.313,47.05993,
1742680673006,17.968,1607,,Right,649.3413,1202.313,47.05993,
1742680673006,17.968,1607,,Center,649.346,1202.313,47.05993,
1742680673034,17.99513,1609,,Left,800.2083,1175.228,48.88971,
1742680673034,17.99513,1609,,Right,798.9161,1175.228,48.88971,
1742680673034,17.99513,1609,,Center,799.2441,1175.228,48.88971,
1742680673062,18.0232,1611,,Left,971.7169,1161.719,49.46957,
1742680673062,18.0232,1611,,Right,970.4397,1161.719,49.46957,
1742680673062,18.0232,1611,,Center,971.16,1161.719,49.46957,
1742680673089,18.05118,1613,,Left,1102.972,1159.253,48.76189,
1742680673089,18.05118,1613,,Right,1101.676,1159.253,48.76189,
1742680673089,18.05118,1613,,Center,1102.711,1159.253,48.76188,
1742680673117,18.07875,1615,,Left,1185.195,1149.954,47.9292,
1742680673117,18.07875,1615,,Right,1183.877,1149.954,47.9292,
1742680673117,18.07875,1615,,Center,1185.115,1149.954,47.9292,
1742680673145,18.10639,1617,,Left,1192.14,1144.999,47.86913,
1742680673145,18.10639,1617,,Right,1190.82,1144.999,47.86913,
1742680673145,18.10639,1617,,Center,1192.075,1144.999,47.86913,
1742680673173,18.13495,1619,,Left,1192.318,1144.876,47.86751,
1742680673173,18.13495,1619,,Right,1190.998,1144.876,47.86752,
1742680673173,18.13495,1619,,Center,1192.254,1144.876,47.86751,
1742680673201,18.16245,1621,,Left,1192.657,1134.308,47.92069,
1742680673201,18.16245,1621,,Right,1191.339,1134.308,47.92069,
1742680673201,18.16245,1621,,Center,1192.595,1134.308,47.92069,
1742680673229,18.18997,1623,,Left,1191.62,1129.414,47.95901,
1742680673229,18.18997,1623,,Right,1190.303,1129.414,47.95901,
1742680673229,18.18997,1623,,Center,1191.555,1129.414,47.95901,
1742680673257,18.21796,1625,,Left,1187.822,1134.752,47.98095,
1742680673257,18.21796,1625,,Right,1186.505,1134.752,47.98095,
1742680673257,18.21796,1625,,Center,1187.749,1134.752,47.98095,
1742680673284,18.2459,1627,,Left,1187.05,1149.977,47.90544,
1742680673284,18.2459,1627,,Right,1185.731,1149.977,47.90544,
1742680673284,18.2459,1627,,Center,1186.974,1149.977,47.90544,
1742680673312,18.27353,1629,,Left,1211.484,1151.39,47.57386,
1742680673312,18.27353,1629,,Right,1210.156,1151.39,47.57386,
1742680673312,18.27353,1629,,Center,1211.461,1151.39,47.57386,
1742680673340,18.30176,1631,,Left,1206.707,1152.005,47.63524,
1742680673340,18.30176,1631,,Right,1205.381,1152.005,47.63524,
1742680673340,18.30176,1631,,Center,1206.673,1152.005,47.63524,
1742680673368,18.32953,1633,,Left,1201.046,1014.851,48.06834,
1742680673368,18.32953,1633,,Right,1199.732,1014.851,48.06833,
1742680673368,18.32953,1633,,Center,1201.005,1014.851,48.06834,
1742680673396,18.35727,1635,,Left,871.9443,977.5294,49.7765,
1742680673396,18.35727,1635,,Right,870.6751,977.5294,49.7765,
1742680673396,18.35727,1635,,Center,871.1589,977.5294,49.7765,
1742680673424,18.38489,1637,,Left,776.0824,937.6222,49.00909,
1742680673424,18.38489,1637,,Right,774.7933,937.6222,49.00909,
1742680673424,18.38489,1637,,Center,775.0637,937.6222,49.00909,
1742680673451,18.41288,1639,,Left,770.4973,977.0969,49.11967,
1742680673451,18.41288,1639,,Right,769.2111,977.0969,49.11967,
1742680673451,18.41288,1639,,Center,769.4669,977.0969,49.11967,
1742680673479,18.44059,1641,,Left,1120.739,1030.773,49.02995,
1742680673479,18.44059,1641,,Right,1119.45,1030.773,49.02994,
1742680673479,18.44059,1641,,Center,1120.523,1030.773,49.02994,
1742680673507,18.46874,1643,,Left,1102.947,1030.851,49.20105,
1742680673507,18.46874,1643,,Right,1101.663,1030.851,49.20105,
1742680673507,18.46874,1643,,Center,1102.693,1030.851,49.20105,
1742680673535,18.4966,1645,,Left,1104.627,1029.838,49.18548,
1742680673535,18.4966,1645,,Right,1103.343,1029.838,49.18548,
1742680673535,18.4966,1645,,Center,1104.376,1029.838,49.18548,
1742680673563,18.52411,1647,,Left,1060.696,985.7221,49.48282,
1742680673563,18.52411,1647,,Right,1059.419,985.7222,49.48282,
1742680673563,18.52411,1647,,Center,1060.346,985.7222,49.48282,
1742680673591,18.55203,1649,,Left,1034.708,983.2416,49.63883,
1742680673591,18.55203,1649,,Right,1033.435,983.2416,49.63884,
1742680673591,18.55203,1649,,Center,1034.3,983.2416,49.63884,
1742680673618,18.5798,1651,,Left,1014.521,981.8057,49.73565,
1742680673618,18.5798,1651,,Right,1013.25,981.8057,49.73565,
1742680673618,18.5798,1651,,Center,1014.067,981.8057,49.73565,
1742680673646,18.60746,1653,,Left,995.7345,984.8555,49.81755,
1742680673646,18.60746,1653,,Right,994.4664,984.8555,49.81754,
1742680673646,18.60746,1653,,Center,995.2382,984.8555,49.81754,
1742680673674,18.63575,1655,,Left,983.017,985.7898,49.85851,
1742680673674,18.63575,1655,,Right,981.7499,985.7898,49.85851,
1742680673674,18.63575,1655,,Center,982.4916,985.7898,49.85851,
1742680673702,18.66354,1657,,Left,970.8156,989.9794,49.8973,
1742680673702,18.66354,1657,,Right,969.5494,989.9794,49.89729,
1742680673702,18.66354,1657,,Center,970.2621,989.9794,49.8973,
1742680673730,18.69115,1659,,Left,952.1765,989.7036,49.92326,
1742680673730,18.69115,1659,,Right,950.9109,989.7036,49.92326,
1742680673730,18.69115,1659,,Center,951.58,989.7036,49.92326,
1742680673758,18.71897,1661,,Left,944.6984,990.0356,49.92916,
1742680673758,18.71897,1661,,Right,943.433,990.0356,49.92916,
1742680673758,18.71897,1661,,Center,944.0845,990.0356,49.92916,
1742680673785,18.74692,1663,,Left,939.4738,992.2083,49.93588,
1742680673785,18.74692,1663,,Right,938.2086,992.2083,49.93588,
1742680673785,18.74692,1663,,Center,938.8478,992.2083,49.93588,
1742680673813,18.7746,1665,,Left,925.371,996.8854,49.94251,
1742680673813,18.7746,1665,,Right,924.106,996.8854,49.94251,
1742680673813,18.7746,1665,,Center,924.7122,996.8854,49.94251,
1742680673841,18.80232,1667,,Left,921.9241,997.2925,49.94074,
1742680673841,18.80232,1667,,Right,920.6591,997.2925,49.94074,
1742680673841,18.80232,1667,,Center,921.2573,997.2925,49.94074,
1742680673869,18.83079,1669,,Left,924.5244,997.748,49.94365,
1742680673869,18.83079,1669,,Right,923.2593,997.748,49.94365,
1742680673869,18.83079,1669,,Center,923.8636,997.748,49.94365,
1742680673897,18.8584,1671,,Left,917.7502,997.8766,49.93784,
1742680673897,18.8584,1671,,Right,916.485,997.8766,49.93783,
1742680673897,18.8584,1671,,Center,917.0736,997.8766,49.93783,
1742680673925,18.88606,1673,,Left,916.1039,1001.087,49.94199,
1742680673925,18.88606,1673,,Right,914.8389,1001.087,49.94199,
1742680673925,18.88606,1673,,Center,915.4235,1001.087,49.94199,
1742680673952,18.91392,1675,,Left,911.9888,996.9388,49.92877,
1742680673952,18.91392,1675,,Right,910.7234,996.9388,49.92876,
1742680673952,18.91392,1675,,Center,911.2987,996.9388,49.92877,
1742680673980,18.94158,1677,,Left,906.5974,1001,49.92795,
1742680673980,18.94158,1677,,Right,905.332,1001,49.92795,
1742680673980,18.94158,1677,,Center,905.8947,1001,49.92795,
1742680674008,18.96982,1679,,Left,902.2585,1001.527,49.92082,
1742680674008,18.96982,1679,,Right,900.993,1001.527,49.92082,
1742680674008,18.96982,1679,,Center,901.5457,1001.527,49.92082,
1742680674036,18.99753,1681,,Left,896.1432,996.1253,49.89738,
1742680674036,18.99753,1681,,Right,894.877,996.1253,49.89738,
1742680674036,18.99753,1681,,Center,895.4157,996.1253,49.89737,
1742680674064,19.02567,1683,,Left,893.3447,999.1287,49.89651,
1742680674064,19.02567,1683,,Right,892.0786,999.1287,49.89651,
1742680674064,19.02567,1683,,Center,892.6107,999.1287,49.89651,
1742680674092,19.05341,1685,,Left,890.7153,997.0508,49.88574,
1742680674092,19.05341,1685,,Right,889.4488,997.0508,49.88574,
1742680674092,19.05341,1685,,Center,889.975,997.0508,49.88573,
1742680674120,19.08118,1687,,Left,888.9694,999.8489,49.88643,
1742680674120,19.08118,1687,,Right,887.703,999.8489,49.88642,
1742680674120,19.08118,1687,,Center,888.2251,999.8489,49.88643,
1742680674147,19.10878,1689,,Left,885.8452,998.0973,49.87429,
1742680674147,19.10878,1689,,Right,884.5785,998.0973,49.87429,
1742680674147,19.10878,1689,,Center,885.0934,998.0973,49.87429,
1742680674175,19.13681,1691,,Left,881.1491,999.5972,49.86279,
1742680674175,19.13681,1691,,Right,879.8821,999.5972,49.86279,
1742680674175,19.13681,1691,,Center,880.3863,999.5972,49.8628,
1742680674203,19.16474,1693,,Left,872.887,1000.814,49.83678,
1742680674203,19.16474,1693,,Right,871.6193,1000.814,49.83678,
1742680674203,19.16474,1693,,Center,872.1046,1000.814,49.83678,
1742680674231,19.19256,1695,,Left,865.7387,1005.383,49.81679,
1742680674231,19.19256,1695,,Right,864.4705,1005.383,49.81679,
1742680674231,19.19256,1695,,Center,864.9393,1005.383,49.81678,
1742680674259,19.22029,1697,,Left,864.6646,1004.176,49.81054,
1742680674259,19.22029,1697,,Right,863.3962,1004.176,49.81054,
1742680674259,19.22029,1697,,Center,863.8627,1004.176,49.81054,
1742680674287,19.24829,1699,,Left,863.954,1006.169,49.81065,
1742680674287,19.24829,1699,,Right,862.6856,1006.169,49.81065,
1742680674287,19.24829,1699,,Center,863.1504,1006.169,49.81065,
1742680674314,19.27593,1701,,Left,887.6751,1019.387,49.90798,
1742680674315,19.27593,1701,,Right,886.4092,1019.387,49.90799,
1742680674315,19.27593,1701,,Center,886.928,1019.387,49.90799,
1742680674342,19.30392,1703,,Left,875.5998,1018.372,49.86898,
1742680674342,19.30392,1703,,Right,874.3329,1018.372,49.86898,
1742680674342,19.30392,1703,,Center,874.8241,1018.372,49.86898,
1742680674370,19.33154,1705,,Left,864.6929,1017.871,49.82709,
1742680674370,19.33154,1705,,Right,863.425,1017.871,49.82709,
1742680674370,19.33154,1705,,Center,863.8913,1017.871,49.82709,
1742680674398,19.35934,1707,,Left,847.9334,1016.407,49.7489,
1742680674398,19.35934,1707,,Right,846.6635,1016.407,49.7489,
1742680674398,19.35934,1707,,Center,847.0917,1016.407,49.7489,
1742680674426,19.38721,1709,,Left,820.0747,1011.26,49.58138,
1742680674426,19.38721,1709,,Right,818.8005,1011.26,49.58138,
1742680674426,19.38721,1709,,Center,819.1659,1011.26,49.58138,
1742680674454,19.41507,1711,,Left,782.6196,1010.518,49.29696,
1742680674454,19.41507,1711,,Right,781.3381,1010.518,49.29696,
1742680674454,19.41507,1711,,Center,781.6199,1010.518,49.29696,
1742680674481,19.44302,1713,,Left,764.451,1010.486,49.13334,
1742680674481,19.44302,1713,,Right,763.1652,1010.486,49.13334,
1742680674481,19.44302,1713,,Center,763.4067,1010.486,49.13334,
1742680674509,19.47071,1715,,Left,763.1716,1021.349,49.13081,
1742680674509,19.47071,1715,,Right,761.8857,1021.349,49.13081,
1742680674509,19.47071,1715,,Center,762.1243,1021.349,49.13081,
1742680674537,19.49908,1717,,Left,710.7307,1017.467,48.56254,
1742680674537,19.49908,1717,,Right,709.4298,1017.467,48.56254,
1742680674537,19.49908,1717,,Center,709.5536,1017.467,48.56254,
1742680674565,19.5265,1719,,Left,803.077,1014.678,49.46539,
1742680674565,19.5265,1719,,Right,801.7997,1014.678,49.46539,
1742680674565,19.5265,1719,,Center,802.1271,1014.678,49.46539,
1742680674593,19.55426,1721,,Left,953.0057,1016.004,49.96687,
1742680674593,19.55426,1721,,Right,951.7413,1016.004,49.96688,
1742680674593,19.55426,1721,,Center,952.4116,1016.004,49.96687,
1742680674621,19.58228,1723,,Left,1098.913,1016.707,49.2314,
1742680674621,19.58228,1723,,Right,1097.629,1016.707,49.2314,
1742680674621,19.58228,1723,,Center,1098.649,1016.707,49.2314,
1742680674648,19.61018,1725,,Left,1229.021,977.5975,47.60689,
1742680674648,19.61018,1725,,Right,1227.694,977.5975,47.60689,
1742680674649,19.61018,1725,,Center,1229.039,977.5975,47.60689,
1742680674675,19.63713,1727,,Left,1188.653,975.5909,48.16014,
1742680674675,19.63713,1727,,Right,1187.341,975.5909,48.16014,
1742680674675,19.63713,1727,,Center,1188.584,975.591,48.16014,
1742680674703,19.66416,1729,,Left,1215.04,943.4166,47.68505,
1742680674703,19.66416,1729,,Right,1213.715,943.4166,47.68505,
1742680674703,19.66416,1729,,Center,1215.026,943.4166,47.68505,
1742680674731,19.69221,1731,,Left,1237.313,939.9194,47.34895,
1742680674731,19.69221,1731,,Right,1235.978,939.9194,47.34895,
1742680674731,19.69221,1731,,Center,1237.346,939.9194,47.34895,
1742680674759,19.71999,1733,,Left,1210.905,944.4611,47.74664,
1742680674759,19.71999,1733,,Right,1209.582,944.4611,47.74664,
1742680674759,19.71999,1733,,Center,1210.883,944.4612,47.74664,
1742680674787,19.7481,1735,,Left,1188.438,949.2631,48.06796,
1742680674787,19.7481,1735,,Right,1187.123,949.2631,48.06796,
1742680674787,19.7481,1735,,Center,1188.367,949.2631,48.06796,
1742680674814,19.77607,1737,,Left,1157.852,954.7903,48.46732,
1742680674814,19.77607,1737,,Right,1156.548,954.7903,48.46732,
1742680674814,19.77607,1737,,Center,1157.715,954.7903,48.46731,
1742680674842,19.80361,1739,,Left,1151.974,955.0267,48.53621,
1742680674842,19.80361,1739,,Right,1150.672,955.0267,48.53621,
1742680674842,19.80361,1739,,Center,1151.825,955.0267,48.53621,
1742680674870,19.83189,1741,,Left,1139.41,962.2622,48.70395,
1742680674870,19.83189,1741,,Right,1138.113,962.2622,48.70395,
1742680674870,19.83189,1741,,Center,1139.234,962.2622,48.70395,
1742680674898,19.85946,1743,,Left,1123.019,964.3414,48.88306,
1742680674898,19.85946,1743,,Right,1121.726,964.3414,48.88305,
1742680674898,19.85946,1743,,Center,1122.807,964.3414,48.88305,
1742680674926,19.88723,1745,,Left,1113.306,967.691,48.99067,
1742680674926,19.88723,1745,,Right,1112.016,967.691,48.99067,
1742680674926,19.88723,1745,,Center,1113.073,967.691,48.99068,
1742680674954,19.91498,1747,,Left,1102.653,968.2678,49.09233,
1742680674954,19.91498,1747,,Right,1101.366,968.2678,49.09234,
1742680674954,19.91498,1747,,Center,1102.396,968.2678,49.09233,
1742680674982,19.94311,1749,,Left,1102.116,966.196,49.08985,
1742680674982,19.94311,1749,,Right,1100.829,966.196,49.08985,
1742680674982,19.94311,1749,,Center,1101.858,966.196,49.08985,
1742680675009,19.97083,1751,,Left,1100.906,961.2355,49.08229,
1742680675009,19.97083,1751,,Right,1099.619,961.2355,49.08229,
1742680675009,19.97083,1751,,Center,1100.646,961.2355,49.08229,
1742680675038,19.99904,1753,,Left,1094.464,962.965,49.14585,
1742680675038,19.99904,1753,,Right,1093.178,962.965,49.14585,
1742680675038,19.99904,1753,,Center,1094.189,962.965,49.14586,
1742680675065,20.02667,1755,,Left,1093.943,962.1391,49.14723,
1742680675065,20.02667,1755,,Right,1092.657,962.1391,49.14724,
1742680675065,20.02667,1755,,Center,1093.667,962.1392,49.14724,
1742680675093,20.05445,1757,,Left,1167.988,959.1851,48.36412,
1742680675093,20.05445,1757,,Right,1166.682,959.1851,48.36412,
1742680675093,20.05445,1757,,Center,1167.874,959.1851,48.36411,
1742680675121,20.0822,1759,,Left,1314.168,920.2971,46.02757,
1742680675121,20.0822,1759,,Right,1312.796,920.2971,46.02757,
1742680675121,20.0822,1759,,Center,1314.362,920.2971,46.02757,
1742680675148,20.11004,1761,,Left,1316.964,920.0105,45.97837,
1742680675148,20.11004,1761,,Right,1315.59,920.0105,45.97837,
1742680675148,20.11004,1761,,Center,1317.163,920.0106,45.97837,
1742680675176,20.13773,1763,,Left,1305.086,921.7354,46.18845,
1742680675176,20.13773,1763,,Right,1303.719,921.7354,46.18845,
1742680675176,20.13773,1763,,Center,1305.261,921.7354,46.18845,
1742680675204,20.16586,1765,,Left,1300.793,922.7816,46.26566,
1742680675204,20.16586,1765,,Right,1299.428,922.7817,46.26566,
1742680675204,20.16586,1765,,Center,1300.959,922.7817,46.26566,
1742680675232,20.193,1767,,Left,1301.769,921.5447,46.24317,
1742680675232,20.193,1767,,Right,1300.403,921.5447,46.24317,
1742680675232,20.193,1767,,Center,1301.937,921.5447,46.24317,
1742680675260,20.22085,1769,,Left,1302.96,920.8844,46.2199,
1742680675260,20.22085,1769,,Right,1301.593,920.8844,46.2199,
1742680675260,20.22085,1769,,Center,1303.13,920.8845,46.21991,
1742680675287,20.24899,1771,,Left,1288.818,927.1622,46.48518,
1742680675287,20.24899,1771,,Right,1287.459,927.1622,46.48518,
1742680675287,20.24899,1771,,Center,1288.959,927.1622,46.48518,
1742680675315,20.27679,1773,,Left,1292.334,928.2039,46.43243,
1742680675315,20.27679,1773,,Right,1290.973,928.2039,46.43243,
1742680675315,20.27679,1773,,Center,1292.482,928.2039,46.43243,
1742680675343,20.30425,1775,,Left,1218.752,863.5984,47.12918,
1742680675343,20.30425,1775,,Right,1217.412,863.5984,47.12918,
1742680675343,20.30425,1775,,Center,1218.74,863.5985,47.12918,
1742680675371,20.33236,1777,,Left,1227.466,869.2794,47.0537,
1742680675371,20.33236,1777,,Right,1226.123,869.2794,47.0537,
1742680675371,20.33236,1777,,Center,1227.473,869.2794,47.0537,
1742680675398,20.36006,1779,,Left,1093.2,662.6594,45.90466,
1742680675398,20.36006,1779,,Right,1091.824,662.6594,45.90466,
1742680675398,20.36006,1779,,Center,1092.877,662.6595,45.90466,
1742680675426,20.38772,1781,,Left,1042.952,483.0264,42.85404,
1742680675426,20.38772,1781,,Right,1041.478,483.0264,42.85405,
1742680675426,20.38772,1781,,Center,1042.462,483.0265,42.85404,
1742680675454,20.41555,1783,,Left,1029.587,405.1389,41.32607,
1742680675454,20.41555,1783,,Right,1028.058,405.1389,41.32607,
1742680675454,20.41555,1783,,Center,1029.039,405.139,41.32607,
1742680675482,20.44355,1785,,Left,1027.906,376.197,40.73943,
1742680675482,20.44355,1785,,Right,1026.356,376.197,40.73943,
1742680675482,20.44355,1785,,Center,1027.343,376.1972,40.73943,
1742680675510,20.47133,1787,,Left,1013.187,355.2871,40.34911,
1742680675510,20.47133,1787,,Right,1011.621,355.2871,40.34911,
1742680675510,20.47133,1787,,Center,1012.582,355.2873,40.34911,
1742680675538,20.49957,1789,,Left,1025.903,391.4952,41.05763,
1742680675538,20.49957,1789,,Right,1024.364,391.4952,41.05763,
1742680675538,20.49957,1789,,Center,1025.342,391.4955,41.05763,
1742680675565,20.52678,1791,,Left,1025.431,393.4516,41.0989,
1742680675565,20.52678,1791,,Right,1023.894,393.4516,41.0989,
1742680675565,20.52678,1791,,Center,1024.869,393.4519,41.09889,
1742680675593,20.55493,1793,,Left,1051.126,457.8226,42.31685,
1742680675593,20.55493,1793,,Right,1049.633,457.8226,42.31685,
1742680675593,20.55493,1793,,Center,1050.646,457.8228,42.31686,
1742680675621,20.58265,1795,,Left,1046.291,471.7298,42.6147,
1742680675621,20.58265,1795,,Right,1044.808,471.7298,42.6147,
1742680675621,20.58265,1795,,Center,1045.805,471.7299,42.6147,
1742680675649,20.61062,1797,,Left,1094.038,480.4386,42.55939,
1742680675649,20.61062,1797,,Right,1092.554,480.4386,42.55939,
1742680675649,20.61062,1797,,Center,1093.663,480.4388,42.55939,
1742680675677,20.63848,1799,,Left,1096.378,507.738,43.07766,
1742680675677,20.63848,1799,,Right,1094.911,507.738,43.07766,
1742680675677,20.63848,1799,,Center,1096.016,507.7382,43.07766,
1742680675705,20.66663,1801,,Left,1105.973,526.1776,43.37241,
1742680675705,20.66663,1801,,Right,1104.517,526.1776,43.37241,
1742680675705,20.66663,1801,,Center,1105.639,526.1777,43.37241,
1742680675732,20.69403,1803,,Left,1105.836,539.0154,43.61662,
1742680675732,20.69403,1803,,Right,1104.388,539.0154,43.61662,
1742680675732,20.69403,1803,,Center,1105.506,539.0156,43.61662,
1742680675760,20.72181,1805,,Left,1123.918,544.6174,43.59801,
1742680675760,20.72181,1805,,Right,1122.469,544.6174,43.59801,
1742680675760,20.72181,1805,,Center,1123.63,544.6175,43.59801,
1742680675789,20.75001,1807,,Left,1138.99,542.1091,43.4395,
1742680675789,20.75001,1807,,Right,1137.536,542.1091,43.4395,
1742680675789,20.75001,1807,,Center,1138.735,542.1093,43.4395,
1742680675818,20.77915,1809,,Left,1159.142,542.0448,43.27694,
1742680675818,20.77915,1809,,Right,1157.682,542.0448,43.27694,
1742680675818,20.77915,1809,,Center,1158.931,542.0449,43.27694,
1742680675846,20.80732,1811,,Left,1170.358,553.8204,43.39455,
1742680675846,20.80732,1811,,Right,1168.902,553.8204,43.39455,
1742680675846,20.80732,1811,,Center,1170.174,553.8206,43.39455,
1742680675874,20.83499,1813,,Left,1189.295,562.324,43.37222,
1742680675874,20.83499,1813,,Right,1187.838,562.324,43.37222,
1742680675874,20.83499,1813,,Center,1189.155,562.3241,43.37222,
1742680675902,20.86277,1815,,Left,1202.631,567.463,43.33209,
1742680675902,20.86277,1815,,Right,1201.173,567.463,43.33209,
1742680675902,20.86277,1815,,Center,1202.522,567.4632,43.33209,
1742680675929,20.89076,1817,,Left,1243.25,580.8115,43.12509,
1742680675929,20.89076,1817,,Right,1241.784,580.8115,43.12509,
1742680675929,20.89076,1817,,Center,1243.231,580.8116,43.12509,
1742680675957,20.91836,1819,,Left,1246.952,590.6948,43.24637,
1742680675957,20.91836,1819,,Right,1245.491,590.6948,43.24637,
1742680675957,20.91836,1819,,Center,1246.945,590.6949,43.24637,
1742680675985,20.94637,1821,,Left,1055.572,613.2388,45.28075,
1742680675985,20.94637,1821,,Right,1054.177,613.2388,45.28075,
1742680675985,20.94637,1821,,Center,1055.151,613.2388,45.28075,
1742680676013,20.97399,1823,,Left,909.9496,644.4402,46.1313,
1742680676013,20.97399,1823,,Right,908.5802,644.4402,46.1313,
1742680676013,20.97399,1823,,Center,909.2026,644.4404,46.1313,
1742680676041,21.00218,1825,,Left,942.1014,647.0236,46.19236,
1742680676041,21.00218,1825,,Right,940.7336,647.0236,46.19236,
1742680676041,21.00218,1825,,Center,941.4302,647.0237,46.19236,
1742680676069,21.03001,1827,,Left,826.683,670.5281,46.31641,
1742680676069,21.03001,1827,,Right,825.3189,670.5281,46.31641,
1742680676069,21.03001,1827,,Center,825.7446,670.5282,46.31641,
1742680676096,21.05769,1829,,Left,694.0419,666.7959,45.21857,
1742680676096,21.05769,1829,,Right,692.6448,666.7959,45.21857,
1742680676096,21.05769,1829,,Center,692.7778,666.7961,45.21858,
1742680676124,21.08554,1831,,Left,685.856,671.501,45.2049,
1742680676124,21.08554,1831,,Right,684.4585,671.501,45.2049,
1742680676124,21.08554,1831,,Center,684.5726,671.5011,45.20489,
1742680676152,21.1133,1833,,Left,712.6847,677.6747,45.57585,
1742680676152,21.1133,1833,,Right,711.2985,677.6747,45.57585,
1742680676152,21.1133,1833,,Center,711.4695,677.6748,45.57585,
1742680676180,21.14093,1835,,Left,737.6323,685.5273,45.93145,
1742680676180,21.14093,1835,,Right,736.2568,685.5273,45.93144,
1742680676180,21.14093,1835,,Center,736.4806,685.5274,45.93144,
1742680676208,21.16934,1837,,Left,763.8996,686.5554,46.16847,
1742680676208,21.16934,1837,,Right,762.5312,686.5554,46.16847,
1742680676208,21.16934,1837,,Center,762.8127,686.5555,46.16846,
1742680676236,21.19693,1839,,Left,782.3648,687.7463,46.32547,
1742680676236,21.19693,1839,,Right,781.0011,687.7463,46.32547,
1742680676236,21.19693,1839,,Center,781.3232,687.7465,46.32547,
1742680676263,21.22462,1841,,Left,819.5007,689.2621,46.58349,
1742680676263,21.22462,1841,,Right,818.1444,689.2621,46.58349,
1742680676263,21.22462,1841,,Center,818.5494,689.2623,46.5835,
1742680676292,21.25257,1843,,Left,833.4584,691.0155,46.68369,
1742680676292,21.25257,1843,,Right,832.105,691.0155,46.68369,
1742680676292,21.25257,1843,,Center,832.5411,691.0155,46.68368,
1742680676319,21.28055,1845,,Left,846.9819,704.3935,46.95735,
1742680676319,21.28055,1845,,Right,845.6365,704.3935,46.95735,
1742680676319,21.28055,1845,,Center,846.1002,704.3936,46.95735,
1742680676347,21.30817,1847,,Left,843.2578,723.7795,47.2378,
1742680676347,21.30817,1847,,Right,841.9204,723.7795,47.2378,
1742680676347,21.30817,1847,,Center,842.3714,723.7797,47.2378,
1742680676375,21.33618,1849,,Left,866.6066,723.4111,47.32576,
1742680676375,21.33618,1849,,Right,865.2717,723.4111,47.32576,
1742680676375,21.33618,1849,,Center,865.7759,723.4112,47.32576,
1742680676403,21.36416,1851,,Left,748.3795,781.3605,47.36847,
1742680676403,21.36416,1851,,Right,747.0457,781.3605,47.36847,
1742680676403,21.36416,1851,,Center,747.2737,781.3606,47.36847,
1742680676430,21.39198,1853,,Left,741.3134,815.0894,47.69154,
1742680676431,21.39198,1853,,Right,739.9886,815.0894,47.69153,
1742680676431,21.39198,1853,,Center,740.1956,815.0895,47.69154,
1742680676459,21.41968,1855,,Left,761.3752,845.6718,48.19456,
1742680676459,21.41968,1855,,Right,760.0644,845.6718,48.19456,
1742680676459,21.41968,1855,,Center,760.3113,845.6719,48.19456,
1742680676486,21.44763,1857,,Left,772.114,849.5871,48.32686,
1742680676486,21.44763,1857,,Right,770.8066,849.5871,48.32687,
1742680676486,21.44763,1857,,Center,771.0768,849.5872,48.32687,
1742680676514,21.47518,1859,,Left,801.941,857.4233,48.63579,
1742680676514,21.47518,1859,,Right,800.642,857.4233,48.63579,
1742680676514,21.47518,1859,,Center,800.9775,857.4234,48.63579,
1742680676542,21.50321,1861,,Left,827.6667,855.5978,48.7866,
1742680676542,21.50321,1861,,Right,826.3718,855.5978,48.7866,
1742680676542,21.50321,1861,,Center,826.7652,855.5978,48.7866,
1742680676570,21.53095,1863,,Left,861.5484,854.2552,48.94233,
1742680676570,21.53095,1863,,Right,860.2576,854.2552,48.94233,
1742680676570,21.53095,1863,,Center,860.7279,854.2552,48.94233,
1742680676597,21.55898,1865,,Left,864.5963,860.6931,49.01544,
1742680676598,21.55898,1865,,Right,863.3075,860.6931,49.01544,
1742680676598,21.55898,1865,,Center,863.784,860.6931,49.01544,
1742680676626,21.58677,1867,,Left,863.4664,892.696,49.28304,
1742680676626,21.58677,1867,,Right,862.1844,892.696,49.28304,
1742680676626,21.58677,1867,,Center,862.6548,892.696,49.28304,
1742680676653,21.61451,1869,,Left,813.9529,972.4475,49.45302,
1742680676653,21.61451,1869,,Right,812.6754,972.4475,49.45302,
1742680676653,21.61451,1869,,Center,813.0281,972.4475,49.45302,
1742680676681,21.6425,1871,,Left,793.4514,1010.579,49.38667,
1742680676681,21.6425,1871,,Right,792.1722,1010.579,49.38667,
1742680676681,21.6425,1871,,Center,792.478,1010.579,49.38666,
1742680676709,21.67031,1873,,Left,817.4916,1001.639,49.55074,
1742680676709,21.67031,1873,,Right,816.2166,1001.639,49.55074,
1742680676710,21.67031,1873,,Center,816.5764,1001.639,49.55074,
1742680676737,21.69811,1875,,Left,803.7363,999.7196,49.44994,
1742680676737,21.69811,1875,,Right,802.4587,999.7197,49.44994,
1742680676737,21.69811,1875,,Center,802.7878,999.7196,49.44994,
1742680676765,21.72595,1877,,Left,829.3508,974.4738,49.55934,
1742680676765,21.72595,1877,,Right,828.076,974.4738,49.55934,
1742680676765,21.72595,1877,,Center,828.4634,974.4738,49.55934,
1742680676793,21.75381,1879,,Left,839.8734,970.6065,49.60703,
1742680676793,21.75381,1879,,Right,838.5999,970.6065,49.60703,
1742680676793,21.75381,1879,,Center,839.0111,970.6065,49.60702,
1742680676820,21.7816,1881,,Left,860.3086,971.1862,49.70928,
1742680676820,21.7816,1881,,Right,859.0377,971.1862,49.70927,
1742680676820,21.7816,1881,,Center,859.4952,971.1862,49.70927,
1742680676848,21.80928,1883,,Left,874.912,955.436,49.70539,
1742680676848,21.80928,1883,,Right,873.641,955.436,49.70539,
1742680676848,21.80928,1883,,Center,874.1326,955.436,49.70539,
1742680676876,21.83745,1885,,Left,895.8223,947.6603,49.731,
1742680676876,21.83745,1885,,Right,894.5519,947.6603,49.731,
1742680676876,21.83745,1885,,Center,895.0919,947.6603,49.731,
1742680676904,21.86555,1887,,Left,903.6323,934.3845,49.67905,
1742680676904,21.86555,1887,,Right,902.3607,934.3845,49.67905,
1742680676904,21.86555,1887,,Center,902.9197,934.3845,49.67905,
1742680676932,21.89327,1889,,Left,906.0657,924.7118,49.62752,
1742680676932,21.89327,1889,,Right,904.7927,924.7118,49.62753,
1742680676932,21.89327,1889,,Center,905.3579,924.7118,49.62753,
1742680676960,21.92075,1891,,Left,918.4016,907.0081,49.52903,
1742680676960,21.92075,1891,,Right,917.126,907.0081,49.52903,
1742680676960,21.92075,1891,,Center,917.7214,907.0081,49.52903,
1742680676987,21.94878,1893,,Left,911.6908,907.7382,49.526,
1742680676987,21.94878,1893,,Right,910.4152,907.7382,49.526,
1742680676987,21.94878,1893,,Center,910.9948,907.7382,49.526,
1742680677015,21.97666,1895,,Left,891.6353,962.604,49.78624,
1742680677015,21.97666,1895,,Right,890.3663,962.604,49.78624,
1742680677015,21.97666,1895,,Center,890.8959,962.6041,49.78625,
1742680677043,22.00423,1897,,Left,888.5854,1031.124,49.91562,
1742680677043,22.00423,1897,,Right,887.3198,1031.124,49.91562,
1742680677043,22.00423,1897,,Center,887.8406,1031.124,49.91562,
1742680677071,22.03265,1899,,Left,884.8977,1014.519,49.89636,
1742680677071,22.03265,1899,,Right,883.6315,1014.519,49.89636,
1742680677071,22.03265,1899,,Center,884.144,1014.519,49.89636,
1742680677099,22.06015,1901,,Left,888.8813,1017.746,49.91077,
1742680677099,22.06015,1901,,Right,887.6155,1017.746,49.91076,
1742680677099,22.06015,1901,,Center,888.1371,1017.746,49.91077,
1742680677127,22.08809,1903,,Left,891.4152,1012.583,49.91267,
1742680677127,22.08809,1903,,Right,890.1494,1012.583,49.91267,
1742680677127,22.08809,1903,,Center,890.6769,1012.583,49.91266,
1742680677154,22.11567,1905,,Left,885.3026,988.8917,49.85342,
1742680677154,22.11567,1905,,Right,884.0353,988.8917,49.85342,
1742680677154,22.11567,1905,,Center,884.5494,988.8917,49.85342,
1742680677182,22.14364,1907,,Left,872.1255,976.3801,49.77451,
1742680677182,22.14364,1907,,Right,870.8563,976.3801,49.7745,
1742680677182,22.14364,1907,,Center,871.3405,976.3801,49.77451,
1742680677210,22.17131,1909,,Left,870.6478,951.7228,49.67403,
1742680677210,22.17131,1909,,Right,869.376,951.7228,49.67403,
1742680677210,22.17131,1909,,Center,869.858,951.7228,49.67403,
1742680677238,22.20008,1911,,Left,855.2281,935.4781,49.52905,
1742680677238,22.20008,1911,,Right,853.9526,935.4781,49.52905,
1742680677238,22.20008,1911,,Center,854.4006,935.4781,49.52905,
1742680677266,22.2271,1913,,Left,855.5829,937.5711,49.54188,
1742680677266,22.2271,1913,,Right,854.3077,937.5711,49.54188,
1742680677266,22.2271,1913,,Center,854.7564,937.5711,49.54188,
1742680677293,22.25495,1915,,Left,877.3901,948.9113,49.68507,
1742680677293,22.25495,1915,,Right,876.1187,948.9113,49.68507,
1742680677293,22.25495,1915,,Center,876.6162,948.9113,49.68507,
1742680677321,22.28275,1917,,Left,887.5424,973.1166,49.81399,
1742680677321,22.28275,1917,,Right,886.2742,973.1166,49.81399,
1742680677321,22.28275,1917,,Center,886.7938,973.1166,49.81399,
1742680677349,22.31061,1919,,Left,889.7709,976.8038,49.83214,
1742680677349,22.31061,1919,,Right,888.5031,976.8038,49.83214,
1742680677349,22.31061,1919,,Center,889.0278,976.8038,49.83214,
1742680677377,22.33822,1921,,Left,889.6411,980.7432,49.84369,
1742680677377,22.33822,1921,,Right,888.3736,980.7432,49.84369,
1742680677377,22.33822,1921,,Center,888.8978,980.7432,49.8437,
1742680677405,22.36717,1923,,Left,871.3616,969.8625,49.74992,
1742680677405,22.36717,1923,,Right,870.0917,969.8625,49.74992,
1742680677405,22.36717,1923,,Center,870.5744,969.8625,49.74992,
1742680677433,22.39414,1925,,Left,882.5874,992.5688,49.85393,
1742680677433,22.39414,1925,,Right,881.3202,992.5688,49.85393,
1742680677433,22.39414,1925,,Center,881.8278,992.5688,49.85392,
1742680677460,22.42197,1927,,Left,1038.626,1049.1,49.67633,
1742680677460,22.42197,1927,,Right,1037.354,1049.1,49.67633,
1742680677460,22.42197,1927,,Center,1038.228,1049.1,49.67633,
1742680677488,22.4497,1929,,Left,1171.931,1057.043,48.43897,
1742680677488,22.4497,1929,,Right,1170.626,1057.043,48.43897,
1742680677488,22.4497,1929,,Center,1171.827,1057.043,48.43897,
1742680677517,22.47794,1931,,Left,1250.945,1031.966,47.35083,
1742680677517,22.47794,1931,,Right,1249.611,1031.966,47.35083,
1742680677517,22.47794,1931,,Center,1251.011,1031.966,47.35083,
1742680677544,22.50562,1933,,Left,1253.594,1009.603,47.29752,
1742680677544,22.50562,1933,,Right,1252.259,1009.603,47.29752,
1742680677544,22.50562,1933,,Center,1253.665,1009.603,47.29752,
1742680677572,22.53409,1935,,Left,1209.729,1005.052,47.93916,
1742680677572,22.53409,1935,,Right,1208.411,1005.052,47.93916,
1742680677572,22.53409,1935,,Center,1209.706,1005.052,47.93916,
1742680677600,22.56117,1937,,Left,1207.227,1006.905,47.9761,
1742680677600,22.56117,1937,,Right,1205.911,1006.905,47.9761,
1742680677600,22.56117,1937,,Center,1207.2,1006.905,47.9761,
1742680677628,22.58914,1939,,Left,1169.164,1035.826,48.48904,
1742680677628,22.58914,1939,,Right,1167.861,1035.826,48.48904,
1742680677628,22.58914,1939,,Center,1169.054,1035.826,48.48904,
1742680677656,22.61759,1941,,Left,1140.852,1038.927,48.81753,
1742680677656,22.61759,1941,,Right,1139.558,1038.927,48.81753,
1742680677656,22.61759,1941,,Center,1140.681,1038.927,48.81753,
1742680677684,22.64504,1943,,Left,1106.523,1030.758,49.16816,
1742680677684,22.64504,1943,,Right,1105.238,1030.758,49.16816,
1742680677684,22.64504,1943,,Center,1106.276,1030.758,49.16816,
1742680677711,22.67266,1945,,Left,1073.189,1022.305,49.4489,
1742680677711,22.67266,1945,,Right,1071.911,1022.305,49.4489,
1742680677711,22.67266,1945,,Center,1072.868,1022.305,49.4489,
1742680677739,22.701,1947,,Left,1054.258,1020.968,49.58351,
1742680677739,22.701,1947,,Right,1052.984,1020.968,49.58351,
1742680677739,22.701,1947,,Center,1053.895,1020.968,49.58351,
1742680677767,22.72815,1949,,Left,1018.687,1012.63,49.77776,
1742680677767,22.72815,1949,,Right,1017.418,1012.63,49.77776,
1742680677767,22.72815,1949,,Center,1018.244,1012.63,49.77776,
1742680677795,22.7562,1951,,Left,998.1433,1013.231,49.86274,
1742680677795,22.7562,1951,,Right,996.8763,1013.231,49.86274,
1742680677795,22.7562,1951,,Center,997.6531,1013.231,49.86274,
1742680677823,22.78405,1953,,Left,976.0031,1013.4,49.92715,
1742680677823,22.78405,1953,,Right,974.7377,1013.4,49.92715,
1742680677823,22.78405,1953,,Center,975.4621,1013.4,49.92715,
1742680677851,22.8119,1955,,Left,966.6634,1002.234,49.93029,
1742680677851,22.8119,1955,,Right,965.3982,1002.234,49.9303,
1742680677851,22.8119,1955,,Center,966.1008,1002.234,49.93029,
1742680677878,22.83966,1957,,Left,960.0235,1002.128,49.9403,
1742680677878,22.83966,1957,,Right,958.7584,1002.128,49.9403,
1742680677878,22.83966,1957,,Center,959.4455,1002.128,49.9403,
1742680677906,22.86806,1959,,Left,957.4645,1000.351,49.94044,
1742680677906,22.86806,1959,,Right,956.1995,1000.351,49.94044,
1742680677906,22.86806,1959,,Center,956.8805,1000.351,49.94044,
1742680677934,22.89518,1961,,Left,956.4501,1003.828,49.94761,
1742680677934,22.89518,1961,,Right,955.1852,1003.828,49.94761,
1742680677934,22.89518,1961,,Center,955.8639,1003.828,49.94761,
1742680677962,22.92325,1963,,Left,942.749,1058.549,49.96041,
1742680677962,22.92325,1963,,Right,941.4845,1058.549,49.96042,
1742680677962,22.92325,1963,,Center,942.1311,1058.549,49.96042,
1742680677990,22.95083,1965,,Left,944.3495,1063.481,49.95155,
1742680677990,22.95083,1965,,Right,943.0848,1063.481,49.95156,
1742680677990,22.95083,1965,,Center,943.7352,1063.481,49.95155,
1742680678017,22.97904,1967,,Left,935.4415,1064.018,49.95215,
1742680678017,22.97904,1967,,Right,934.1768,1064.018,49.95215,
1742680678017,22.97904,1967,,Center,934.8064,1064.018,49.95215,
1742680678045,23.00657,1969,,Left,936.2866,1068.052,49.94432,
1742680678045,23.00657,1969,,Right,935.0217,1068.052,49.94432,
1742680678045,23.00657,1969,,Center,935.6534,1068.052,49.94432,
1742680678073,23.03471,1971,,Left,937.1461,1068.228,49.94395,
1742680678073,23.03471,1971,,Right,935.881,1068.228,49.94395,
1742680678073,23.03471,1971,,Center,936.5147,1068.228,49.94395,
1742680678101,23.06219,1973,,Left,942.0712,1074.485,49.92898,
1742680678101,23.06219,1973,,Right,940.8058,1074.485,49.92898,
1742680678101,23.06219,1973,,Center,941.4512,1074.485,49.92898,
1742680678129,23.09007,1975,,Left,942.5189,1068.321,49.94276,
1742680678129,23.09007,1975,,Right,941.2538,1068.321,49.94276,
1742680678129,23.09007,1975,,Center,941.9,1068.321,49.94276,
1742680678156,23.11773,1977,,Left,945.0709,1074.505,49.9277,
1742680678156,23.11773,1977,,Right,943.8055,1074.505,49.9277,
1742680678156,23.11773,1977,,Center,944.4579,1074.505,49.9277,
1742680678184,23.14592,1979,,Left,937.0668,1076.847,49.92393,
1742680678184,23.14592,1979,,Right,935.8013,1076.847,49.92393,
1742680678184,23.14592,1979,,Center,936.4351,1076.847,49.92393,
1742680678212,23.17363,1981,,Left,932.281,1080.839,49.91264,
1742680678212,23.17363,1981,,Right,931.0153,1080.839,49.91264,
1742680678212,23.17363,1981,,Center,931.638,1080.839,49.91264,
1742680678240,23.20168,1983,,Left,933.5545,1081.437,49.91119,
1742680678240,23.20168,1983,,Right,932.2887,1081.437,49.91119,
1742680678240,23.20168,1983,,Center,932.9144,1081.437,49.91119,
1742680678268,23.2292,1985,,Left,930.6104,1081.138,49.91125,
1742680678268,23.2292,1985,,Right,929.3446,1081.138,49.91125,
1742680678268,23.2292,1985,,Center,929.9635,1081.138,49.91125,
1742680678296,23.25717,1987,,Left,931.7492,1081.243,49.91131,
1742680678296,23.25717,1987,,Right,930.4835,1081.243,49.9113,
1742680678296,23.25717,1987,,Center,931.1049,1081.243,49.9113,
1742680678323,23.28493,1989,,Left,932.7169,1080.711,49.913,
1742680678324,23.28493,1989,,Right,931.4511,1080.711,49.91299,
1742680678324,23.28493,1989,,Center,932.0749,1080.711,49.913,
1742680678351,23.31281,1991,,Left,937.4561,1081.671,49.91069,
1742680678351,23.31281,1991,,Right,936.1902,1081.671,49.9107,
1742680678351,23.31281,1991,,Center,936.8251,1081.671,49.9107,
1742680678379,23.34037,1993,,Left,938.9659,1086.795,49.89525,
1742680678379,23.34037,1993,,Right,937.6997,1086.795,49.89525,
1742680678379,23.34037,1993,,Center,938.3381,1086.795,49.89525,
1742680678407,23.36854,1995,,Left,939.2632,1087.502,49.89298,
1742680678407,23.36854,1995,,Right,937.9969,1087.502,49.89297,
1742680678407,23.36854,1995,,Center,938.6362,1087.502,49.89297,
1742680678435,23.39638,1997,,Left,938.6533,1090.35,49.88377,
1742680678435,23.39638,1997,,Right,937.3868,1090.35,49.88377,
1742680678435,23.39638,1997,,Center,938.0247,1090.35,49.88377,
1742680678463,23.42401,1999,,Left,938.3992,1088.598,49.88957,
1742680678463,23.42401,1999,,Right,937.1329,1088.598,49.88957,
1742680678463,23.42401,1999,,Center,937.7702,1088.598,49.88957,
1742680678491,23.45231,2001,,Left,939.0779,1088.622,49.88942,
1742680678491,23.45231,2001,,Right,937.8116,1088.622,49.88942,
1742680678491,23.45231,2001,,Center,938.4505,1088.622,49.88942,
1742680678518,23.47988,2003,,Left,939.3059,1090.296,49.88389,
1742680678518,23.47988,2003,,Right,938.0394,1090.296,49.88389,
1742680678518,23.47988,2003,,Center,938.6788,1090.296,49.88389,
1742680678546,23.50748,2005,,Left,939.5836,1090.547,49.88298,
1742680678546,23.50748,2005,,Right,938.3171,1090.547,49.88298,
1742680678546,23.50748,2005,,Center,938.9572,1090.547,49.88298,
1742680678574,23.53563,2007,,Left,939.0731,1090.688,49.8826,
1742680678574,23.53563,2007,,Right,937.8066,1090.688,49.88261,
1742680678575,23.53563,2007,,Center,938.4456,1090.688,49.88261,
1742680678602,23.56341,2009,,Left,941.799,1089.549,49.88579,
1742680678602,23.56341,2009,,Right,940.5326,1089.549,49.88579,
1742680678602,23.56341,2009,,Center,941.1779,1089.549,49.88579,
1742680678629,23.59087,2011,,Left,941.8229,1089.801,49.88495,
1742680678629,23.59087,2011,,Right,940.5563,1089.801,49.88495,
1742680678629,23.59087,2011,,Center,941.2017,1089.801,49.88495,
1742680678658,23.61891,2013,,Left,942.1318,1091.366,49.87962,
1742680678658,23.61891,2013,,Right,940.8651,1091.366,49.87962,
1742680678658,23.61891,2013,,Center,941.5113,1091.366,49.87962,
1742680678686,23.64715,2015,,Left,942.6287,1093.111,49.87346,
1742680678686,23.64715,2015,,Right,941.3621,1093.111,49.87346,
1742680678686,23.64715,2015,,Center,942.0093,1093.111,49.87346,
1742680678713,23.67471,2017,,Left,939.5247,1091.196,49.88086,
1742680678713,23.67471,2017,,Right,938.2582,1091.196,49.88086,
1742680678713,23.67471,2017,,Center,938.8982,1091.196,49.88085,
1742680678741,23.70263,2019,,Left,939.5129,1091.048,49.88132,
1742680678741,23.70263,2019,,Right,938.2463,1091.048,49.88132,
1742680678741,23.70263,2019,,Center,938.8864,1091.048,49.88132,
1742680678769,23.73046,2021,,Left,937.6853,1090.895,49.8821,
1742680678769,23.73046,2021,,Right,936.4188,1090.895,49.8821,
1742680678769,23.73046,2021,,Center,937.0546,1090.895,49.8821,
1742680678797,23.75805,2023,,Left,936.7615,1088.385,49.89041,
1742680678797,23.75805,2023,,Right,935.4952,1088.385,49.8904,
1742680678797,23.75805,2023,,Center,936.1287,1088.385,49.8904,
1742680678825,23.78599,2025,,Left,933.5013,1090.64,49.8827,
1742680678825,23.78599,2025,,Right,932.2348,1090.64,49.88269,
1742680678825,23.78599,2025,,Center,932.8608,1090.64,49.88269,
1742680678852,23.81376,2027,,Left,933.2918,1092.046,49.87788,
1742680678852,23.81376,2027,,Right,932.0251,1092.046,49.87788,
1742680678852,23.81376,2027,,Center,932.6506,1092.046,49.87788,
1742680678880,23.84166,2029,,Left,1051.847,1131.941,49.32364,
1742680678880,23.84166,2029,,Right,1050.566,1131.941,49.32364,
1742680678880,23.84166,2029,,Center,1051.475,1131.941,49.32364,
1742680678909,23.87011,2031,,Left,1051.227,1133.442,49.31925,
1742680678909,23.87011,2031,,Right,1049.947,1133.442,49.31924,
1742680678909,23.87011,2031,,Center,1050.854,1133.442,49.31925,
1742680678936,23.89759,2033,,Left,1266.415,1149.448,46.77812,
1742680678936,23.89759,2033,,Right,1265.064,1149.448,46.77812,
1742680678936,23.89759,2033,,Center,1266.508,1149.448,46.77812,
1742680678964,23.92552,2035,,Left,1438.211,1158.075,43.68232,
1742680678964,23.92552,2035,,Right,1436.765,1158.075,43.68232,
1742680678964,23.92552,2035,,Center,1438.657,1158.075,43.68232,
1742680678992,23.9542,2037,,Left,1527.916,1133.143,42.0025,
1742680678993,23.9542,2037,,Right,1526.412,1133.143,42.0025,
1742680678993,23.9542,2037,,Center,1528.542,1133.143,42.00251,
1742680679019,23.98108,2039,,Left,1589.424,1114.278,40.80307,
1742680679019,23.98108,2039,,Right,1587.876,1114.278,40.80307,
1742680679020,23.98108,2039,,Center,1590.171,1114.278,40.80307,
1742680679047,24.00887,2041,,Left,1608.799,1072.411,40.48381,
1742680679047,24.00887,2041,,Right,1607.239,1072.411,40.48381,
1742680679047,24.00887,2041,,Center,1609.585,1072.411,40.4838,
1742680679075,24.03648,2043,,Left,1607.334,1073.115,40.51318,
1742680679075,24.03648,2043,,Right,1605.775,1073.115,40.51318,
1742680679075,24.03648,2043,,Center,1608.117,1073.115,40.51318,
1742680679103,24.0645,2045,,Left,1609.328,1072.288,40.47305,
1742680679103,24.0645,2045,,Right,1607.767,1072.288,40.47305,
1742680679103,24.0645,2045,,Center,1610.115,1072.288,40.47305,
1742680679131,24.09257,2047,,Left,1610.052,1079.227,40.44885,
1742680679131,24.09257,2047,,Right,1608.49,1079.227,40.44885,
1742680679131,24.09257,2047,,Center,1610.84,1079.227,40.44885,
1742680679159,24.12021,2049,,Left,1614.293,1080.658,40.35932,
1742680679159,24.12021,2049,,Right,1612.727,1080.658,40.35932,
1742680679159,24.12021,2049,,Center,1615.089,1080.658,40.35932,
1742680679187,24.148,2051,,Left,1615.917,1080.819,40.3256,
1742680679187,24.148,2051,,Right,1614.35,1080.819,40.3256,
1742680679187,24.148,2051,,Center,1616.716,1080.819,40.3256,
1742680679214,24.17607,2053,,Left,1621.638,1080.552,40.20807,
1742680679214,24.17607,2053,,Right,1620.067,1080.552,40.20807,
1742680679214,24.17607,2053,,Center,1622.449,1080.552,40.20807,
1742680679242,24.20358,2055,,Left,1620.854,1081.257,40.22321,
1742680679242,24.20358,2055,,Right,1619.283,1081.257,40.22321,
1742680679242,24.20358,2055,,Center,1621.663,1081.257,40.22321,
1742680679270,24.23152,2057,,Left,1621.035,1073.907,40.22953,
1742680679270,24.23152,2057,,Right,1619.464,1073.907,40.22953,
1742680679270,24.23152,2057,,Center,1621.844,1073.907,40.22953,
1742680679298,24.2595,2059,,Left,1616.392,1073.469,40.32582,
1742680679298,24.2595,2059,,Right,1614.826,1073.469,40.32582,
1742680679298,24.2595,2059,,Center,1617.193,1073.469,40.32582,
1742680679326,24.28761,2061,,Left,1613.874,1071.681,40.38,
1742680679326,24.28761,2061,,Right,1612.309,1071.681,40.38,
1742680679326,24.28761,2061,,Center,1614.67,1071.681,40.38,
1742680679354,24.31508,2063,,Left,1406.103,1069.967,44.58887,
1742680679354,24.31508,2063,,Right,1404.686,1069.967,44.58887,
1742680679354,24.31508,2063,,Center,1406.489,1069.967,44.58887,
1742680679381,24.34289,2065,,Left,1168.691,1114.185,48.31773,
1742680679381,24.34289,2065,,Right,1167.383,1114.185,48.31773,
1742680679381,24.34289,2065,,Center,1168.578,1114.185,48.31773,
1742680679409,24.3707,2067,,Left,1168.604,1114.005,48.31956,
1742680679409,24.3707,2067,,Right,1167.296,1114.005,48.31956,
1742680679409,24.3707,2067,,Center,1168.491,1114.005,48.31956,
1742680679437,24.39839,2069,,Left,1019.489,1131.862,49.50308,
1742680679437,24.39839,2069,,Right,1018.213,1131.862,49.50308,
1742680679437,24.39839,2069,,Center,1019.044,1131.862,49.50308,
1742680679465,24.42655,2071,,Left,990.1425,1131.862,49.61586,
1742680679465,24.42655,2071,,Right,988.8691,1131.862,49.61586,
1742680679465,24.42655,2071,,Center,989.6304,1131.862,49.61586,
1742680679493,24.45423,2073,,Left,974.1196,1120.7,49.71669,
1742680679493,24.45423,2073,,Right,972.8488,1120.7,49.71669,
1742680679493,24.45423,2073,,Center,973.5717,1120.7,49.71669,
1742680679521,24.48207,2075,,Left,970.9177,1118.924,49.73207,
1742680679521,24.48207,2075,,Right,969.6473,1118.924,49.73207,
1742680679521,24.48207,2075,,Center,970.3625,1118.924,49.73207,
1742680679548,24.50986,2077,,Left,970.9069,1106.628,49.78852,
1742680679548,24.50986,2077,,Right,969.638,1106.628,49.78853,
1742680679548,24.50986,2077,,Center,970.3523,1106.628,49.78853,
1742680679577,24.53775,2079,,Left,973.1281,1106.765,49.78342,
1742680679577,24.53775,2079,,Right,971.8591,1106.765,49.78342,
1742680679577,24.53775,2079,,Center,972.5787,1106.765,49.78342,
1742680679604,24.56611,2081,,Left,973.1397,1106.942,49.78263,
1742680679604,24.56611,2081,,Right,971.8706,1106.942,49.78263,
1742680679604,24.56611,2081,,Center,972.5903,1106.942,49.78263,
1742680679632,24.59334,2083,,Left,974.7766,1108.061,49.77434,
1742680679632,24.59334,2083,,Right,973.5074,1108.061,49.77433,
1742680679632,24.59334,2083,,Center,974.2308,1108.061,49.77433,
1742680679660,24.62143,2085,,Left,973.2308,1111.567,49.76215,
1742680679660,24.62143,2085,,Right,971.9613,1111.567,49.76215,
1742680679660,24.62143,2085,,Center,972.6813,1111.567,49.76216,
1742680679688,24.64943,2087,,Left,964.8606,1112.156,49.77496,
1742680679688,24.64943,2087,,Right,963.5914,1112.156,49.77496,
1742680679688,24.64943,2087,,Center,964.2917,1112.156,49.77496,
1742680679715,24.67714,2089,,Left,916.7169,1111.571,49.78904,
1742680679715,24.67714,2089,,Right,915.4481,1111.571,49.78904,
1742680679715,24.67714,2089,,Center,916.0361,1111.571,49.78904,
1742680679743,24.70459,2091,,Left,913.5179,1109.414,49.79473,
1742680679743,24.70459,2091,,Right,912.2491,1109.414,49.79473,
1742680679743,24.70459,2091,,Center,912.8297,1109.414,49.79473,
1742680679771,24.73316,2093,,Left,913.8337,1109.558,49.79449,
1742680679771,24.73316,2093,,Right,912.5649,1109.558,49.79449,
1742680679771,24.73316,2093,,Center,913.1461,1109.557,49.79449,
1742680679799,24.76046,2095,,Left,911.4583,1108.215,49.79712,
1742680679799,24.76046,2095,,Right,910.1896,1108.215,49.79711,
1742680679799,24.76046,2095,,Center,910.7653,1108.215,49.79711,
1742680679827,24.78815,2097,,Left,911.5242,1108.217,49.79712,
1742680679827,24.78815,2097,,Right,910.2555,1108.217,49.79712,
1742680679827,24.78815,2097,,Center,910.8313,1108.217,49.79712,
1742680679855,24.81616,2099,,Left,912.9097,1107.906,49.80044,
1742680679855,24.81616,2099,,Right,911.6411,1107.906,49.80044,
1742680679855,24.81616,2099,,Center,912.2202,1107.906,49.80044,
1742680679882,24.84414,2101,,Left,913.1748,1109.017,49.79597,
1742680679882,24.84414,2101,,Right,911.9061,1109.017,49.79597,
1742680679882,24.84414,2101,,Center,912.4858,1109.017,49.79597,
1742680679910,24.87154,2103,,Left,912.4084,1109.183,49.7942,
1742680679910,24.87154,2103,,Right,911.1396,1109.183,49.7942,
1742680679910,24.87154,2103,,Center,911.7175,1109.183,49.7942,
1742680679938,24.90031,2105,,Left,912.332,1109.707,49.79176,
1742680679938,24.90031,2105,,Right,911.0632,1109.707,49.79176,
1742680679938,24.90031,2105,,Center,911.6409,1109.707,49.79176,
1742680679966,24.92775,2107,,Left,909.8972,1108.732,49.79251,
1742680679966,24.92775,2107,,Right,908.6284,1108.732,49.79251,
1742680679966,24.92775,2107,,Center,909.2004,1108.732,49.79252,
1742680679994,24.95516,2109,,Left,908.8022,1106.075,49.80222,
1742680679994,24.95516,2109,,Right,907.5337,1106.075,49.80222,
1742680679994,24.95516,2109,,Center,908.1031,1106.075,49.80222,
1742680680022,24.98351,2111,,Left,907.7858,1105.788,49.80175,
1742680680022,24.98351,2111,,Right,906.5173,1105.788,49.80175,
1742680680022,24.98351,2111,,Center,907.0844,1105.788,49.80175,
1742680680050,25.01163,2113,,Left,796.2662,1138.613,49.10815,
1742680680050,25.01163,2113,,Right,794.9797,1138.613,49.10815,
1742680680050,25.01163,2113,,Center,795.2958,1138.613,49.10815,
1742680680078,25.03934,2115,,Left,613.1853,1143.315,46.9085,
1742680680078,25.03934,2115,,Right,611.8386,1143.315,46.90849,
1742680680078,25.03934,2115,,Center,611.758,1143.315,46.9085,
1742680680106,25.06799,2117,,Left,614.704,1143.07,46.93324,
1742680680106,25.06799,2117,,Right,613.3579,1143.07,46.93324,
1742680680106,25.06799,2117,,Center,613.2805,1143.07,46.93324,
1742680680134,25.09543,2119,,Left,472.9115,1129.4,44.53167,
1742680680134,25.09543,2119,,Right,471.4928,1129.4,44.53168,
1742680680134,25.09543,2119,,Center,471.1212,1129.4,44.53168,
1742680680162,25.12346,2121,,Left,398.6729,1130.438,43.08062,
1742680680162,25.12346,2121,,Right,397.2064,1130.438,43.08062,
1742680680162,25.12346,2121,,Center,396.6855,1130.438,43.08062,
1742680680190,25.15136,2123,,Left,395.1026,1115.622,43.05901,
1742680680190,25.15136,2123,,Right,393.6355,1115.622,43.05901,
1742680680190,25.15136,2123,,Center,393.1067,1115.622,43.05901,
1742680680218,25.17964,2125,,Left,395.0397,1115.617,43.05778,
1742680680218,25.17964,2125,,Right,393.5725,1115.617,43.05778,
1742680680218,25.17964,2125,,Center,393.0436,1115.617,43.05778,
1742680680246,25.20716,2127,,Left,394.2857,1114.392,43.04641,
1742680680246,25.20716,2127,,Right,392.818,1114.392,43.04641,
1742680680246,25.20716,2127,,Center,392.2876,1114.392,43.04641,
1742680680274,25.23531,2129,,Left,395.2442,1114.167,43.0663,
1742680680274,25.23531,2129,,Right,393.7772,1114.167,43.0663,
1742680680274,25.23531,2129,,Center,393.2486,1114.167,43.0663,
1742680680301,25.26294,2131,,Left,406.4789,1112.319,43.29639,
1742680680302,25.26294,2131,,Right,405.0197,1112.319,43.29639,
1742680680302,25.26294,2131,,Center,404.5133,1112.319,43.29638,
1742680680329,25.29089,2133,,Left,411.0884,1098.717,43.42591,
1742680680329,25.29089,2133,,Right,409.6336,1098.717,43.42592,
1742680680329,25.29089,2133,,Center,409.136,1098.717,43.42592,
1742680680357,25.31876,2135,,Left,503.399,1091.641,45.22783,
1742680680357,25.31876,2135,,Right,502.0022,1091.641,45.22783,
1742680680357,25.31876,2135,,Center,501.6907,1091.641,45.22783,
1742680680385,25.34682,2137,,Left,503.1182,1092.656,45.22001,
1742680680385,25.34682,2137,,Right,501.7211,1092.656,45.22001,
1742680680385,25.34682,2137,,Center,501.4091,1092.656,45.22001,
1742680680413,25.37449,2139,,Left,501.8952,1092.922,45.19659,
1742680680413,25.37449,2139,,Right,500.4974,1092.922,45.19659,
1742680680413,25.37449,2139,,Center,500.1829,1092.922,45.19659,
1742680680441,25.40234,2141,,Left,501.5303,1093.062,45.18945,
1742680680441,25.40234,2141,,Right,500.1322,1093.062,45.18945,
1742680680441,25.40234,2141,,Center,499.817,1093.062,45.18945,
1742680680469,25.4302,2143,,Left,500.2942,1096.561,45.15711,
1742680680469,25.4302,2143,,Right,498.8951,1096.561,45.15711,
1742680680469,25.4302,2143,,Center,498.5775,1096.561,45.15711,
1742680680496,25.45791,2145,,Left,501.684,1099.21,45.17553,
1742680680496,25.45791,2145,,Right,500.2854,1099.21,45.17553,
1742680680496,25.45791,2145,,Center,499.9708,1099.21,45.17553,
1742680680524,25.48568,2147,,Left,502.698,1099.484,45.19356,
1742680680524,25.48568,2147,,Right,501.3,1099.484,45.19357,
1742680680524,25.48568,2147,,Center,500.9875,1099.484,45.19356,
1742680680552,25.51363,2149,,Left,509.6686,1107.724,45.2971,
1742680680552,25.51363,2149,,Right,508.2739,1107.724,45.2971,
1742680680552,25.51363,2149,,Center,507.976,1107.724,45.2971,
1742680680580,25.54129,2151,,Left,513.2913,1119.826,45.32098,
1742680680580,25.54129,2151,,Right,511.8973,1119.826,45.32098,
1742680680580,25.54129,2151,,Center,511.6075,1119.826,45.32098,
1742680680608,25.56921,2153,,Left,512.2444,1119.297,45.30383,
1742680680608,25.56921,2153,,Right,510.8499,1119.297,45.30383,
1742680680608,25.56921,2153,,Center,510.5579,1119.297,45.30383,
1742680680636,25.59706,2155,,Left,785.5669,1165.625,48.84755,
1742680680636,25.59706,2155,,Right,784.2736,1165.625,48.84755,
1742680680636,25.59706,2155,,Center,784.5681,1165.625,48.84755,
1742680680663,25.62486,2157,,Left,930.6885,1165.056,49.47861,
1742680680663,25.62486,2157,,Right,929.4116,1165.056,49.47861,
1742680680663,25.62486,2157,,Center,930.0362,1165.056,49.47861,
1742680680692,25.65289,2159,,Left,931.5663,1148.582,49.59415,
1742680680692,25.65289,2159,,Right,930.2925,1148.582,49.59415,
1742680680692,25.65289,2159,,Center,930.9176,1148.582,49.59415,
1742680680719,25.68087,2161,,Left,932.3325,1131.573,49.69809,
1742680680719,25.68087,2161,,Right,931.0613,1131.573,49.69809,
1742680680719,25.68087,2161,,Center,931.6869,1131.573,49.69808,
1742680680747,25.70831,2163,,Left,938.8769,1131.526,49.69873,
1742680680747,25.70831,2163,,Right,937.6058,1131.526,49.69873,
1742680680747,25.70831,2163,,Center,938.2465,1131.526,49.69873,
1742680680775,25.73623,2165,,Left,939.0491,1131.556,49.69852,
1742680680775,25.73623,2165,,Right,937.778,1131.556,49.69852,
1742680680775,25.73623,2165,,Center,938.4192,1131.556,49.69852,
1742680680803,25.76418,2167,,Left,939.1548,1129.885,49.70783,
1742680680803,25.76418,2167,,Right,937.8838,1129.885,49.70783,
1742680680803,25.76418,2167,,Center,938.5251,1129.885,49.70783,
1742680680830,25.79189,2169,,Left,939.1108,1123.936,49.73984,
1742680680830,25.79189,2169,,Right,937.8408,1123.936,49.73984,
1742680680830,25.79189,2169,,Center,938.4816,1123.936,49.73984,
1742680680859,25.81962,2171,,Left,941.8825,1123.925,49.73928,
1742680680859,25.81962,2171,,Right,940.6124,1123.925,49.73928,
1742680680859,25.81962,2171,,Center,941.2596,1123.925,49.73928,
1742680680886,25.8475,2173,,Left,942.699,1125.099,49.7328,
1742680680886,25.8475,2173,,Right,941.4287,1125.099,49.7328,
1742680680886,25.8475,2173,,Center,942.0781,1125.099,49.7328,
1742680680914,25.87559,2175,,Left,955.575,1123.967,49.72943,
1742680680914,25.87559,2175,,Right,954.3047,1123.967,49.72943,
1742680680914,25.87559,2175,,Center,954.984,1123.967,49.72943,
1742680680942,25.90302,2177,,Left,956.2466,1123.826,49.72923,
1742680680942,25.90302,2177,,Right,954.9763,1123.826,49.72923,
1742680680942,25.90302,2177,,Center,955.6572,1123.826,49.72923,
1742680680970,25.93089,2179,,Left,956.8666,1110.108,49.79472,
1742680680970,25.93089,2179,,Right,955.5978,1110.108,49.79473,
1742680680970,25.93089,2179,,Center,956.2793,1110.108,49.79472,
1742680680997,25.95872,2181,,Left,862.4186,1004.906,49.80163,
1742680680997,25.95872,2181,,Right,861.15,1004.906,49.80163,
1742680680997,25.95872,2181,,Center,861.6113,1004.906,49.80163,
1742680681025,25.98658,2183,,Left,811.4934,979.4751,49.45709,
1742680681025,25.98658,2183,,Right,810.216,979.4751,49.45709,
1742680681025,25.98658,2183,,Center,810.563,979.4752,49.45709,
1742680681053,26.0143,2185,,Left,811.6761,980.808,49.46225,
1742680681053,26.0143,2185,,Right,810.3989,980.808,49.46224,
1742680681053,26.0143,2185,,Center,810.7463,980.808,49.46225,
1742680681081,26.04217,2187,,Left,883.0857,1004.412,49.87645,
1742680681081,26.04217,2187,,Right,881.819,1004.412,49.87646,
1742680681081,26.04217,2187,,Center,882.3276,1004.412,49.87645,
1742680681108,26.06991,2189,,Left,882.1263,1008.862,49.88,
1742680681109,26.06991,2189,,Right,880.8597,1008.862,49.88,
1742680681109,26.06991,2189,,Center,881.3659,1008.862,49.88,
1742680681136,26.09784,2191,,Left,1060.009,1021.298,49.54366,
1742680681136,26.09784,2191,,Right,1058.734,1021.298,49.54366,
1742680681136,26.09784,2191,,Center,1059.659,1021.298,49.54366,
1742680681164,26.12545,2193,,Left,1058.253,1021.391,49.55602,
1742680681164,26.12545,2193,,Right,1056.978,1021.391,49.55601,
1742680681164,26.12545,2193,,Center,1057.899,1021.391,49.55602,
1742680681192,26.15332,2195,,Left,1023.742,1014.773,49.75511,
1742680681192,26.15332,2195,,Right,1022.472,1014.773,49.7551,
1742680681192,26.15332,2195,,Center,1023.31,1014.773,49.7551,
1742680681220,26.18113,2197,,Left,982.8766,994.3721,49.87929,
1742680681220,26.18113,2197,,Right,981.61,994.3721,49.8793,
1742680681220,26.18113,2197,,Center,982.3512,994.3721,49.8793,
1742680681247,26.20884,2199,,Left,983.8762,974.6178,49.82312,
1742680681247,26.20884,2199,,Right,982.608,974.6178,49.82312,
1742680681247,26.20884,2199,,Center,983.3522,974.6178,49.82312,
1742680681275,26.23672,2201,,Left,983.1144,975.5065,49.82815,
1742680681275,26.23672,2201,,Right,981.8465,975.5065,49.82815,
1742680681275,26.23672,2201,,Center,982.5889,975.5066,49.82815,
1742680681303,26.26442,2203,,Left,978.9895,971.5161,49.82542,
1742680681303,26.26442,2203,,Right,977.7215,971.5161,49.82542,
1742680681303,26.26442,2203,,Center,978.4542,971.5162,49.82542,
1742680681331,26.29207,2205,,Left,980.4405,970.7099,49.81916,
1742680681331,26.29207,2205,,Right,979.1724,970.7099,49.81916,
1742680681331,26.29207,2205,,Center,979.9084,970.7099,49.81916,
1742680681359,26.31992,2207,,Left,980.0297,969.3569,49.81546,
1742680681359,26.31992,2207,,Right,978.7614,969.3569,49.81546,
1742680681359,26.31992,2207,,Center,979.4968,969.3569,49.81546,
1742680681386,26.34777,2209,,Left,979.0377,972.2385,49.82796,
1742680681386,26.34777,2209,,Right,977.7698,972.2385,49.82796,
1742680681386,26.34777,2209,,Center,978.5026,972.2385,49.82796,
1742680681414,26.37569,2211,,Left,980.9034,963.8549,49.79276,
1742680681414,26.37569,2211,,Right,979.6346,963.8549,49.79276,
1742680681414,26.37569,2211,,Center,980.3722,963.8549,49.79276,
1742680681442,26.40337,2213,,Left,979.8157,962.3239,49.78937,
1742680681442,26.40337,2213,,Right,978.5469,962.3239,49.78937,
1742680681442,26.40337,2213,,Center,979.282,962.324,49.78937,
1742680681470,26.43122,2215,,Left,982.9152,959.4313,49.76959,
1742680681470,26.43122,2215,,Right,981.6459,959.4313,49.76958,
1742680681470,26.43122,2215,,Center,982.3884,959.4313,49.76958,
1742680681497,26.45892,2217,,Left,985.9137,957.2386,49.75217,
1742680681498,26.45892,2217,,Right,984.6438,957.2386,49.75217,
1742680681498,26.45892,2217,,Center,985.3936,957.2387,49.75217,
1742680681526,26.48677,2219,,Left,988.896,965.1172,49.77521,
1742680681526,26.48677,2219,,Right,987.6268,965.1172,49.7752,
1742680681526,26.48677,2219,,Center,988.3832,965.1172,49.7752,
1742680681553,26.51447,2221,,Left,980.6247,981.8756,49.85389,
1742680681553,26.51447,2221,,Right,979.3574,981.8756,49.85389,
1742680681553,26.51447,2221,,Center,980.0936,981.8756,49.85389,
1742680681581,26.54233,2223,,Left,949.6238,1001.572,49.95015,
1742680681581,26.54233,2223,,Right,948.3589,1001.572,49.95015,
1742680681581,26.54233,2223,,Center,949.0216,1001.572,49.95015,
1742680681609,26.57014,2225,,Left,949.8826,1002.321,49.95121,
1742680681609,26.57014,2225,,Right,948.6179,1002.321,49.95121,
1742680681609,26.57014,2225,,Center,949.2811,1002.321,49.95122,
1742680681637,26.59787,2227,,Left,929.4752,1029.109,49.97992,
1742680681637,26.59787,2227,,Right,928.2111,1029.109,49.97992,
1742680681637,26.59787,2227,,Center,928.8265,1029.109,49.97992,
1742680681664,26.62574,2229,,Left,922.8976,1029.331,49.97596,
1742680681664,26.62574,2229,,Right,921.6334,1029.331,49.97596,
1742680681664,26.62574,2229,,Center,922.2335,1029.331,49.97596,
1742680681693,26.65359,2231,,Left,916.3113,1028.227,49.96926,
1742680681693,26.65359,2231,,Right,915.047,1028.227,49.96926,
1742680681693,26.65359,2231,,Center,915.6317,1028.227,49.96926,
1742680681720,26.68147,2233,,Left,915.6793,1029.887,49.9688,
1742680681720,26.68147,2233,,Right,914.4149,1029.887,49.9688,
1742680681720,26.68147,2233,,Center,914.9983,1029.887,49.9688,
1742680681748,26.70929,2235,,Left,914.7919,1030.417,49.96773,
1742680681748,26.70929,2235,,Right,913.5275,1030.417,49.96774,
1742680681748,26.70929,2235,,Center,914.1088,1030.417,49.96774,
1742680681775,26.73706,2237,,Left,914.613,1031.017,49.96758,
1742680681776,26.73706,2237,,Right,913.3487,1031.017,49.96758,
1742680681776,26.73706,2237,,Center,913.9296,1031.017,49.96758,
1742680681803,26.76476,2239,,Left,915.7592,1026.6,49.9682,
1742680681803,26.76476,2239,,Right,914.4948,1026.6,49.9682,
1742680681803,26.76476,2239,,Center,915.0783,1026.6,49.9682,
1742680681831,26.79249,2241,,Left,917.1289,1027.248,49.96995,
1742680681831,26.79249,2241,,Right,915.8646,1027.248,49.96995,
1742680681831,26.79249,2241,,Center,916.4512,1027.248,49.96995,
1742680681860,26.82034,2243,,Left,918.6057,1027.366,49.97166,
1742680681860,26.82034,2243,,Right,917.3414,1027.366,49.97166,
1742680681860,26.82034,2243,,Center,917.9315,1027.366,49.97166,
1742680681887,26.84833,2245,,Left,918.1737,1027.871,49.97136,
1742680681887,26.84833,2245,,Right,916.9095,1027.871,49.97136,
1742680681887,26.84833,2245,,Center,917.4986,1027.871,49.97136,
1742680681915,26.87619,2247,,Left,925.4617,1029.604,49.97792,
1742680681915,26.87619,2247,,Right,924.1976,1029.604,49.97792,
1742680681915,26.87619,2247,,Center,924.8036,1029.604,49.97792,
1742680681943,26.90397,2249,,Left,927.3788,1028.335,49.97874,
1742680681943,26.90397,2249,,Right,926.1147,1028.335,49.97874,
1742680681943,26.90397,2249,,Center,926.7252,1028.335,49.97874,
1742680681970,26.93193,2251,,Left,921.8091,1026.919,49.97455,
1742680681971,26.93193,2251,,Right,920.545,1026.919,49.97454,
1742680681971,26.93193,2251,,Center,921.1425,1026.919,49.97454,
1742680681998,26.95966,2253,,Left,922.06,1023.626,49.97348,
1742680681998,26.95966,2253,,Right,920.7958,1023.626,49.97349,
1742680681998,26.95966,2253,,Center,921.394,1023.626,49.97349,
1742680682026,26.98745,2255,,Left,921.0012,1008.806,49.95911,
1742680682026,26.98745,2255,,Right,919.7366,1008.806,49.95911,
1742680682026,26.98745,2255,,Center,920.3325,1008.806,49.95911,
1742680682054,27.01533,2257,,Left,920.4853,1010.226,49.96048,
1742680682054,27.01533,2257,,Right,919.2208,1010.226,49.96048,
1742680682054,27.01533,2257,,Center,919.8154,1010.226,49.96048,
1742680682082,27.04336,2259,,Left,916.55,1011.376,49.95781,
1742680682082,27.04336,2259,,Right,915.2854,1011.376,49.95781,
1742680682082,27.04336,2259,,Center,915.8708,1011.376,49.95781,
1742680682110,27.07095,2261,,Left,915.2596,1011.009,49.95583,
1742680682110,27.07095,2261,,Right,913.9949,1011.009,49.95583,
1742680682110,27.07095,2261,,Center,914.5775,1011.009,49.95583,
1742680682137,27.09915,2263,,Left,914.9714,1011.405,49.95589,
1742680682137,27.09915,2263,,Right,913.7068,1011.405,49.95589,
1742680682137,27.09915,2263,,Center,914.2886,1011.405,49.95588,
1742680682165,27.12663,2265,,Left,913.6666,1011.007,49.95376,
1742680682165,27.12663,2265,,Right,912.4019,1011.007,49.95377,
1742680682165,27.12663,2265,,Center,912.9807,1011.007,49.95377,
1742680682193,27.15454,2267,,Left,915.7137,1011.552,49.95699,
1742680682193,27.15454,2267,,Right,914.4491,1011.552,49.95699,
1742680682193,27.15454,2267,,Center,915.0327,1011.552,49.95699,
1742680682221,27.1823,2269,,Left,919.4439,1011.156,49.96064,
1742680682221,27.1823,2269,,Right,918.1793,1011.156,49.96064,
1742680682221,27.1823,2269,,Center,918.7715,1011.156,49.96064,
1742680682249,27.21035,2271,,Left,925.7437,1008.162,49.96191,
1742680682249,27.21035,2271,,Right,924.4792,1008.162,49.96191,
1742680682249,27.21035,2271,,Center,925.0861,1008.162,49.96191,
1742680682277,27.23794,2273,,Left,928.3085,1003.359,49.95606,
1742680682277,27.23794,2273,,Right,927.0439,1003.359,49.95606,
1742680682277,27.23794,2273,,Center,927.6568,1003.359,49.95606,
1742680682305,27.26641,2275,,Left,931.7791,1002.278,49.9555,
1742680682305,27.26641,2275,,Right,930.5143,1002.278,49.9555,
1742680682305,27.26641,2275,,Center,931.1353,1002.278,49.9555,
1742680682332,27.29376,2277,,Left,937.5831,976.5779,49.89329,
1742680682332,27.29376,2277,,Right,936.3168,976.5779,49.89329,
1742680682332,27.29376,2277,,Center,936.9521,976.5779,49.89329,
1742680682360,27.32138,2279,,Left,1051.047,885.8918,49.01715,
1742680682360,27.32138,2279,,Right,1049.759,885.8918,49.01715,
1742680682360,27.32138,2279,,Center,1050.67,885.8918,49.01714,
1742680682388,27.34941,2281,,Left,1172.526,769.5888,46.73658,
1742680682388,27.34941,2281,,Right,1171.175,769.5888,46.73658,
1742680682388,27.34941,2281,,Center,1172.4,769.5889,46.73659,
1742680682416,27.37755,2283,,Left,1253.686,594.7958,43.23498,
1742680682416,27.37755,2283,,Right,1252.225,594.7958,43.23498,
1742680682416,27.37755,2283,,Center,1253.694,594.7959,43.23498,
1742680682444,27.40495,2285,,Left,1332.417,510.6643,40.88873,
1742680682444,27.40495,2285,,Right,1330.872,510.6643,40.88873,
1742680682444,27.40495,2285,,Center,1332.567,510.6644,40.88872,
1742680682472,27.4335,2287,,Left,1337.156,513.5115,40.8757,
1742680682472,27.4335,2287,,Right,1335.61,513.5115,40.8757,
1742680682472,27.4335,2287,,Center,1337.316,513.5115,40.87569,
1742680682499,27.46062,2289,,Left,1344.55,498.8383,40.54239,
1742680682499,27.46062,2289,,Right,1342.992,498.8383,40.54239,
1742680682499,27.46062,2289,,Center,1344.721,498.8384,40.54239,
1742680682527,27.48865,2291,,Left,1366.428,493.6035,40.17859,
1742680682527,27.48865,2291,,Right,1364.856,493.6035,40.17859,
1742680682527,27.48865,2291,,Center,1366.643,493.6037,40.17859,
1742680682555,27.51647,2293,,Left,1346.681,491.411,40.39384,
1742680682555,27.51647,2293,,Right,1345.117,491.411,40.39384,
1742680682555,27.51647,2293,,Center,1346.854,491.4113,40.39384,
1742680682583,27.54445,2295,,Left,1358.682,507.4826,40.50212,
1742680682583,27.54445,2295,,Right,1357.123,507.4826,40.50212,
1742680682583,27.54445,2295,,Center,1358.886,507.4828,40.50211,
1742680682611,27.572,2297,,Left,1356.877,521.7589,40.75411,
1742680682611,27.572,2297,,Right,1355.327,521.7589,40.75411,
1742680682611,27.572,2297,,Center,1357.081,521.759,40.7541,
1742680682639,27.60059,2299,,Left,1354.613,524.915,40.83418,
1742680682639,27.60059,2299,,Right,1353.066,524.915,40.83419,
1742680682639,27.60059,2299,,Center,1354.813,524.9151,40.83419,
1742680682666,27.62773,2301,,Left,1354.854,526.1777,40.85109,
1742680682666,27.62773,2301,,Right,1353.307,526.1777,40.85109,
1742680682666,27.62773,2301,,Center,1355.055,526.1778,40.85108,
1742680682694,27.65561,2303,,Left,1344.385,528.5647,41.02644,
1742680682694,27.65561,2303,,Right,1342.845,528.5647,41.02644,
1742680682694,27.65561,2303,,Center,1344.565,528.5648,41.02643,
1742680682722,27.68363,2305,,Left,1342.726,540.9921,41.24649,
1742680682722,27.68363,2305,,Right,1341.195,540.9921,41.24648,
1742680682722,27.68363,2305,,Center,1342.907,540.9922,41.24649,
1742680682750,27.71148,2307,,Left,1340.725,545.5594,41.34538,
1742680682750,27.71148,2307,,Right,1339.197,545.5594,41.34538,
1742680682750,27.71148,2307,,Center,1340.902,545.5594,41.34538,
1742680682778,27.73913,2309,,Left,1340.566,543.7018,41.31796,
1742680682778,27.73913,2309,,Right,1339.036,543.7018,41.31796,
1742680682778,27.73913,2309,,Center,1340.742,543.7019,41.31796,
1742680682806,27.76762,2311,,Left,1337.195,558.7809,41.60087,
1742680682806,27.76762,2311,,Right,1335.677,558.7809,41.60087,
1742680682806,27.76762,2311,,Center,1337.369,558.7811,41.60087,
1742680682833,27.79471,2313,,Left,1341.862,560.9848,41.57284,
1742680682833,27.79471,2313,,Right,1340.342,560.9848,41.57284,
1742680682833,27.79471,2313,,Center,1342.046,560.9849,41.57284,
1742680682861,27.82266,2315,,Left,1358.56,481.1354,40.07637,
1742680682861,27.82266,2315,,Right,1356.984,481.1354,40.07638,
1742680682861,27.82266,2315,,Center,1358.755,481.1355,40.07638,
1742680682889,27.85057,2317,,Left,1349.532,466.2316,39.94231,
1742680682889,27.85057,2317,,Right,1347.951,466.2316,39.94231,
1742680682889,27.85057,2317,,Center,1349.703,466.2318,39.94231,
1742680682917,27.87858,2319,,Left,1352.76,456.9227,39.74826,
1742680682917,27.87858,2319,,Right,1351.171,456.9227,39.74826,
1742680682917,27.87858,2319,,Center,1352.935,456.9228,39.74826,
1742680682945,27.90626,2321,,Left,1351.62,444.8047,39.55943,
1742680682945,27.90626,2321,,Right,1350.023,444.8047,39.55944,
1742680682945,27.90626,2321,,Center,1351.789,444.8048,39.55944,
1742680682973,27.93459,2323,,Left,1358.5,446.1469,39.49953,
1742680682973,27.93459,2323,,Right,1356.9,446.1469,39.49954,
1742680682973,27.93459,2323,,Center,1358.683,446.147,39.49953,
1742680683000,27.96188,2325,,Left,1361.276,445.9681,39.46301,
1742680683000,27.96188,2325,,Right,1359.675,445.9681,39.46301,
1742680683000,27.96188,2325,,Center,1361.464,445.9683,39.463,
1742680683028,27.98968,2327,,Left,1358.849,466.3418,39.8297,
1742680683028,27.98968,2327,,Right,1357.263,466.3418,39.8297,
1742680683028,27.98968,2327,,Center,1359.039,466.3419,39.8297,
1742680683056,28.01755,2329,,Left,1367.509,469.9926,39.78178,
1742680683056,28.01755,2329,,Right,1365.921,469.9926,39.78178,
1742680683056,28.01755,2329,,Center,1367.719,469.9927,39.78178,
1742680683084,28.04549,2331,,Left,1383.29,407.948,38.56971,
1742680683084,28.04549,2331,,Right,1381.652,407.948,38.56971,
1742680683084,28.04549,2331,,Center,1383.512,407.9482,38.56971,
1742680683112,28.07318,2333,,Left,1401.987,364.1844,37.63099,
1742680683112,28.07318,2333,,Right,1400.308,364.1844,37.631,
1742680683112,28.07318,2333,,Center,1402.231,364.1847,37.631,
1742680683140,28.10153,2335,,Left,1420.328,356.6056,37.29593,
1742680683140,28.10153,2335,,Right,1418.633,356.6055,37.29593,
1742680683140,28.10153,2335,,Center,1420.607,356.6058,37.29593,
1742680683167,28.12884,2337,,Left,1425.304,341.1227,36.98864,
1742680683167,28.12884,2337,,Right,1423.596,341.1227,36.98864,
1742680683167,28.12884,2337,,Center,1425.589,341.123,36.98864,
1742680683195,28.15671,2339,,Left,1443.422,339.1916,36.74842,
1742680683195,28.15671,2339,,Right,1441.703,339.1916,36.74842,
1742680683195,28.15671,2339,,Center,1443.744,339.1918,36.74842,
1742680683223,28.18445,2341,,Left,1414.996,317.4566,36.71981,
1742680683223,28.18445,2341,,Right,1413.275,317.4566,36.7198,
1742680683223,28.18445,2341,,Center,1415.25,317.4567,36.71981,
1742680683251,28.21249,2343,,Left,1396.936,325.3176,37.04573,
1742680683251,28.21249,2343,,Right,1395.231,325.3176,37.04573,
1742680683251,28.21249,2343,,Center,1397.156,325.3179,37.04573,
1742680683279,28.24009,2345,,Left,1408.006,331.8339,37.03193,
1742680683279,28.24009,2345,,Right,1406.3,331.8339,37.03193,
1742680683279,28.24009,2345,,Center,1408.251,331.834,37.03193,
1742680683307,28.26823,2347,,Left,1414.498,341.0313,37.10948,
1742680683307,28.26823,2347,,Right,1412.796,341.0313,37.10948,
1742680683307,28.26823,2347,,Center,1414.76,341.0315,37.10948,
1742680683334,28.2959,2349,,Left,1427.555,355.1445,37.18769,
1742680683334,28.2959,2349,,Right,1425.856,355.1445,37.18769,
1742680683334,28.2959,2349,,Center,1427.849,355.1447,37.18769,
1742680683362,28.32364,2351,,Left,1421.384,355.0085,37.25741,
1742680683362,28.32364,2351,,Right,1419.688,355.0085,37.25741,
1742680683362,28.32364,2351,,Center,1421.666,355.0088,37.25741,
1742680683390,28.35142,2353,,Left,1416.188,351.2633,37.25683,
1742680683390,28.35142,2353,,Right,1414.492,351.2633,37.25683,
1742680683390,28.35142,2353,,Center,1416.457,351.2635,37.25683,
1742680683418,28.37969,2355,,Left,1415.03,345.8728,37.18258,
1742680683418,28.37969,2355,,Right,1413.331,345.8728,37.18258,
1742680683418,28.37969,2355,,Center,1415.295,345.8729,37.18258,
1742680683446,28.40718,2357,,Left,1399.069,362.5312,37.63712,
1742680683446,28.40718,2357,,Right,1397.39,362.5313,37.63712,
1742680683446,28.40718,2357,,Center,1399.307,362.5315,37.63712,
1742680683474,28.4351,2359,,Left,1396.207,366.6531,37.73777,
1742680683474,28.4351,2359,,Right,1394.533,366.6531,37.73777,
1742680683474,28.4351,2359,,Center,1396.44,366.6533,37.73777,
1742680683501,28.46289,2361,,Left,1389.002,356.7563,37.65543,
1742680683501,28.46289,2361,,Right,1387.324,356.7563,37.65543,
1742680683501,28.46289,2361,,Center,1389.217,356.7564,37.65544,
1742680683529,28.4906,2363,,Left,1380.611,346.33,37.57408,
1742680683529,28.4906,2363,,Right,1378.929,346.33,37.57408,
1742680683529,28.4906,2363,,Center,1380.804,346.3302,37.57408,
1742680683557,28.51844,2365,,Left,1341.046,353.1098,38.11048,
1742680683557,28.51844,2365,,Right,1339.388,353.1098,38.11048,
1742680683557,28.51844,2365,,Center,1341.159,353.11,38.11049,
1742680683585,28.54644,2367,,Left,1040.604,577.7006,44.69993,
1742680683585,28.54644,2367,,Right,1039.191,577.7006,44.69993,
1742680683585,28.54644,2367,,Center,1040.14,577.7007,44.69993,
1742680683613,28.57424,2369,,Left,804.5953,688.3599,46.48215,
1742680683613,28.57424,2369,,Right,803.2361,688.3599,46.48215,
1742680683613,28.57424,2369,,Center,803.6078,688.3601,46.48215,
1742680683641,28.60212,2371,,Left,785.2473,679.227,46.20972,
1742680683641,28.60212,2371,,Right,783.8801,679.227,46.20972,
1742680683641,28.60212,2371,,Center,784.2108,679.2271,46.20972,
1742680683669,28.62998,2373,,Left,780.993,784.3414,47.68381,
1742680683669,28.62998,2373,,Right,779.668,784.3414,47.68381,
1742680683669,28.62998,2373,,Center,779.9677,784.3414,47.68381,
1742680683696,28.65758,2375,,Left,778.9603,791.2784,47.75278,
1742680683696,28.65758,2375,,Right,777.6373,791.2784,47.75278,
1742680683696,28.65758,2375,,Center,777.9313,791.2784,47.75277,
1742680683724,28.68563,2377,,Left,930.3451,912.2137,49.5728,
1742680683724,28.68563,2377,,Right,929.0706,912.2137,49.5728,
1742680683724,28.68563,2377,,Center,929.6932,912.2137,49.5728,
1742680683752,28.71339,2379,,Left,1039.747,969.382,49.56723,
1742680683752,28.71339,2379,,Right,1038.472,969.382,49.56723,
1742680683752,28.71339,2379,,Center,1039.349,969.382,49.56723,
1742680683780,28.74113,2381,,Left,1052.904,1026.237,49.59516,
1742680683780,28.74113,2381,,Right,1051.63,1026.237,49.59516,
1742680683780,28.74113,2381,,Center,1052.538,1026.237,49.59516,
1742680683808,28.76916,2383,,Left,1042.289,1023.731,49.6609,
1742680683808,28.76916,2383,,Right,1041.017,1023.731,49.6609,
1742680683808,28.76916,2383,,Center,1041.9,1023.731,49.6609,
1742680683836,28.79692,2385,,Left,1000.59,1021.057,49.86103,
1742680683836,28.79692,2385,,Right,999.3228,1021.057,49.86102,
1742680683836,28.79692,2385,,Center,1000.105,1021.057,49.86102,
1742680683863,28.82461,2387,,Left,983.2625,1012.327,49.90834,
1742680683863,28.82461,2387,,Right,981.9966,1012.327,49.90834,
1742680683863,28.82461,2387,,Center,982.7382,1012.327,49.90834,
1742680683892,28.85295,2389,,Left,966.9054,988.6184,49.90158,
1742680683892,28.85295,2389,,Right,965.6394,988.6184,49.90158,
1742680683892,28.85295,2389,,Center,966.343,988.6184,49.90158,
1742680683919,28.88075,2391,,Left,960.3641,985.199,49.90287,
1742680683919,28.88075,2391,,Right,959.0981,985.199,49.90288,
1742680683919,28.88075,2391,,Center,959.7864,985.199,49.90288,
1742680683947,28.90827,2393,,Left,962.7025,984.5058,49.89764,
1742680683947,28.90827,2393,,Right,961.4364,984.5058,49.89763,
1742680683947,28.90827,2393,,Center,962.1302,984.5058,49.89764,
1742680683975,28.93626,2395,,Left,961.4474,978.3942,49.88184,
1742680683975,28.93626,2395,,Right,960.181,978.3942,49.88184,
1742680683975,28.93626,2395,,Center,960.8721,978.3942,49.88184,
1742680684003,28.9642,2397,,Left,957.82,970.1846,49.85956,
1742680684003,28.9642,2397,,Right,956.5529,970.1846,49.85956,
1742680684003,28.9642,2397,,Center,957.2358,970.1846,49.85955,
1742680684030,28.99183,2399,,Left,959.483,973.1662,49.86777,
1742680684030,28.99183,2399,,Right,958.216,973.1662,49.86777,
1742680684030,28.99183,2399,,Center,958.9028,973.1662,49.86777,
1742680684059,29.01973,2401,,Left,965.7393,1043.303,49.95399,
1742680684059,29.01973,2401,,Right,964.4746,1043.303,49.954,
1742680684059,29.01973,2401,,Center,965.1748,1043.303,49.95399,
1742680684086,29.04783,2403,,Left,967.9133,1046.281,49.94798,
1742680684086,29.04783,2403,,Right,966.6484,1046.281,49.94798,
1742680684086,29.04783,2403,,Center,967.3538,1046.281,49.94798,
1742680684115,29.07562,2405,,Left,968.1769,1047.832,49.94611,
1742680684115,29.07562,2405,,Right,966.912,1047.832,49.94611,
1742680684115,29.07562,2405,,Center,967.618,1047.832,49.94611,
1742680684141,29.10347,2407,,Left,969.4169,1045.055,49.94607,
1742680684141,29.10347,2407,,Right,968.1519,1045.055,49.94606,
1742680684141,29.10347,2407,,Center,968.8607,1045.055,49.94606,
1742680684169,29.13083,2409,,Left,971.5386,1036.026,49.94632,
1742680684169,29.13083,2409,,Right,970.2738,1036.026,49.94632,
1742680684170,29.13083,2409,,Center,970.9875,1036.026,49.94632,
1742680684197,29.15921,2411,,Left,972.2937,1025.862,49.94414,
1742680684197,29.15921,2411,,Right,971.0287,1025.862,49.94414,
1742680684197,29.15921,2411,,Center,971.7443,1025.862,49.94414,
1742680684225,29.18669,2413,,Left,970.1558,1027.479,49.94882,
1742680684226,29.18669,2413,,Right,968.8911,1027.479,49.94882,
1742680684226,29.18669,2413,,Center,969.6016,1027.479,49.94882,
1742680684253,29.2145,2415,,Left,965.9149,1015.434,49.94915,
1742680684253,29.2145,2415,,Right,964.65,1015.434,49.94915,
1742680684253,29.2145,2415,,Center,965.3506,1015.434,49.94915,
1742680684281,29.24261,2417,,Left,964.292,1016.309,49.95266,
1742680684281,29.24261,2417,,Right,963.0272,1016.309,49.95266,
1742680684281,29.24261,2417,,Center,963.7241,1016.309,49.95265,
1742680684309,29.27007,2419,,Left,965.666,1018.177,49.95201,
1742680684309,29.27007,2419,,Right,964.4012,1018.177,49.95202,
1742680684309,29.27007,2419,,Center,965.1014,1018.177,49.95201,
1742680684337,29.2983,2421,,Left,938.7617,1004.212,49.95951,
1742680684337,29.2983,2421,,Right,937.4972,1004.212,49.95951,
1742680684337,29.2983,2421,,Center,938.1344,1004.212,49.95951,
1742680684365,29.32621,2423,,Left,934.942,1003.06,49.9577,
1742680684365,29.32621,2423,,Right,933.6773,1003.06,49.9577,
1742680684365,29.32621,2423,,Center,934.3057,1003.06,49.9577,
1742680684393,29.35394,2425,,Left,928.5527,1002.845,49.95552,
1742680684393,29.35394,2425,,Right,927.2881,1002.845,49.95552,
1742680684393,29.35394,2425,,Center,927.9016,1002.845,49.95552,
1742680684419,29.38109,2427,,Left,914.5647,1001.817,49.94159,
1742680684419,29.38109,2427,,Right,913.2997,1001.817,49.9416,
1742680684419,29.38109,2427,,Center,913.8808,1001.817,49.9416,
1742680684447,29.40828,2429,,Left,909.4699,998.726,49.9287,
1742680684447,29.40828,2429,,Right,908.2046,998.726,49.9287,
1742680684447,29.40828,2429,,Center,908.7739,998.726,49.9287,
1742680684475,29.43649,2431,,Left,902.8525,999.7571,49.919,
1742680684475,29.43649,2431,,Right,901.5869,999.7571,49.919,
1742680684475,29.43649,2431,,Center,902.141,999.7571,49.91901,
1742680684502,29.46367,2433,,Left,898.9146,998.1631,49.90784,
1742680684502,29.46367,2433,,Right,897.6487,998.1631,49.90784,
1742680684502,29.46367,2433,,Center,898.1937,998.1631,49.90784,
1742680684530,29.4922,2435,,Left,888.1361,998.9578,49.88258,
1742680684530,29.4922,2435,,Right,886.8696,998.9578,49.88257,
1742680684530,29.4922,2435,,Center,887.3898,998.9578,49.88258,
1742680684558,29.5198,2437,,Left,878.8978,1002.435,49.86053,
1742680684558,29.5198,2437,,Right,877.6307,1002.435,49.86053,
1742680684558,29.5198,2437,,Center,878.1296,1002.435,49.86053,
1742680684586,29.54869,2439,,Left,872.7946,1002.123,49.83871,
1742680684586,29.54869,2439,,Right,871.5269,1002.123,49.83871,
1742680684586,29.54869,2439,,Center,872.0119,1002.123,49.83871,
1742680684614,29.58147,2441,,Left,875.9109,1000.889,49.84768,
1742680684614,29.58147,2441,,Right,874.6436,1000.889,49.84768,
1742680684614,29.58147,2441,,Center,875.1357,1000.889,49.84769,
1742680684643,29.60721,2443,,Left,871.7691,1000.336,49.83173,
1742680684643,29.60721,2443,,Right,870.5013,1000.336,49.83174,
1742680684643,29.60721,2443,,Center,870.984,1000.336,49.83173,
1742680684666,29.62897,2445,,Left,871.8519,1000.792,49.83281,
1742680684666,29.62897,2445,,Right,870.5841,1000.792,49.83281,
1742680684666,29.62897,2445,,Center,871.067,1000.792,49.83281,
1742680684694,29.65534,2447,,Left,873.3802,1001.904,49.84034,
1742680684694,29.65534,2447,,Right,872.1127,1001.904,49.84034,
1742680684694,29.65534,2447,,Center,872.599,1001.904,49.84034,
1742680684721,29.69041,2449,,Left,870.9194,1000.816,49.82927,
1742680684721,29.69041,2449,,Right,869.6516,1000.816,49.82927,
1742680684721,29.69041,2449,,Center,870.1323,1000.816,49.82927,
1742680684750,29.70943,2451,,Left,870.9897,1000.893,49.82964,
1742680684750,29.70943,2451,,Right,869.7219,1000.893,49.82964,
1742680684750,29.70943,2451,,Center,870.2028,1000.893,49.82964,
1742680684762,29.73395,2452,,Left,870.8909,1000.904,49.8293,
1742680684762,29.73395,2452,,Right,869.623,1000.904,49.8293,
1742680684762,29.73395,2452,,Center,870.1038,1000.904,49.8293,
1742680684790,29.75384,2454,,Left,870.9819,1000.889,49.82961,
1742680684790,29.75384,2454,,Right,869.7141,1000.889,49.8296,
1742680684790,29.75384,2454,,Center,870.195,1000.889,49.82961,
1742680684817,29.78687,2456,,Left,870.7805,1001.063,49.82914,
1742680684817,29.78687,2456,,Right,869.5126,1001.063,49.82914,
1742680684817,29.78687,2456,,Center,869.993,1001.063,49.82914,
1742680684848,29.80569,2458,,Left,870.7305,1001.319,49.82941,
1742680684848,29.80569,2458,,Right,869.4626,1001.319,49.82941,
1742680684848,29.80569,2458,,Center,869.9429,1001.319,49.82941,
1742680684860,29.82365,2459,,Left,870.7219,1001.281,49.82932,
1742680684860,29.82365,2459,,Right,869.4541,1001.281,49.82932,
1742680684860,29.82365,2459,,Center,869.9344,1001.281,49.82932,
1742680684887,29.84831,2461,,Left,870.8678,1001.566,49.83035,
1742680684887,29.84831,2461,,Right,869.6,1001.566,49.83035,
1742680684887,29.84831,2461,,Center,870.0806,1001.566,49.83035,
1742680684916,29.87578,2463,,Left,870.8939,1001.825,49.83092,
1742680684916,29.87578,2463,,Right,869.6262,1001.825,49.83091,
1742680684916,29.87578,2463,,Center,870.1068,1001.825,49.83092,
1742680684944,29.90565,2465,,Left,870.8961,1001.858,49.831,
1742680684945,29.90565,2465,,Right,869.6282,1001.858,49.831,
1742680684945,29.90565,2465,,Center,870.109,1001.858,49.831,
1742680684970,29.93109,2467,,Left,870.7961,1001.489,49.82999,
1742680684970,29.93109,2467,,Right,869.5283,1001.489,49.83,
1742680684970,29.93109,2467,,Center,870.0087,1001.489,49.83,
1742680684998,29.95867,2469,,Left,870.8785,1001.345,49.83007,
1742680684998,29.95867,2469,,Right,869.6107,1001.345,49.83007,
1742680684998,29.95867,2469,,Center,870.0913,1001.345,49.83007,
1742680685024,29.98656,2471,,Left,871.122,1001.335,49.83102,
1742680685024,29.98656,2471,,Right,869.8541,1001.335,49.83102,
1742680685024,29.98656,2471,,Center,870.3354,1001.335,49.83103,
1742680685051,30.01311,2473,,Left,870.924,1001.435,49.83046,
1742680685051,30.01311,2473,,Right,869.6561,1001.435,49.83046,
1742680685051,30.01311,2473,,Center,870.1369,1001.435,49.83046,
1742680685083,30.04106,2475,,Left,871.16,1001.7,49.83184,
1742680685083,30.04106,2475,,Right,869.8922,1001.7,49.83184,
1742680685083,30.04106,2475,,Center,870.3735,1001.7,49.83185,
1742680685095,30.05884,2476,,Left,871.1526,1001.668,49.83177,
1742680685095,30.05884,2476,,Right,869.8848,1001.668,49.83177,
1742680685095,30.05884,2476,,Center,870.3661,1001.668,49.83178,
1742680685124,30.08628,2478,,Left,871.476,1001.725,49.8331,
1742680685124,30.08628,2478,,Right,870.2083,1001.725,49.8331,
1742680685124,30.08628,2478,,Center,870.6903,1001.725,49.8331,
1742680685152,30.11629,2480,,Left,871.8906,1001.461,49.83421,
1742680685152,30.11629,2480,,Right,870.6229,1001.461,49.83421,
1742680685152,30.11629,2480,,Center,871.1058,1001.461,49.83421,
1742680685176,30.14028,2482,,Left,872.0266,1001.412,49.83464,
1742680685176,30.14028,2482,,Right,870.7589,1001.412,49.83464,
1742680685176,30.14028,2482,,Center,871.2421,1001.412,49.83463,
1742680685207,30.16608,2484,,Left,872.3281,1001.05,49.83511,
1742680685207,30.16608,2484,,Right,871.0604,1001.05,49.83511,
1742680685207,30.16608,2484,,Center,871.5443,1001.05,49.83511,
1742680685219,30.18433,2485,,Left,872.2726,1001.19,49.83516,
1742680685219,30.18433,2485,,Right,871.0049,1001.19,49.83516,
1742680685219,30.18433,2485,,Center,871.4888,1001.19,49.83516,
1742680685246,30.20745,2487,,Left,871.95,1001.13,49.83388,
1742680685246,30.20745,2487,,Right,870.6823,1001.13,49.83388,
1742680685246,30.20745,2487,,Center,871.1654,1001.13,49.83388,
1742680685273,30.23547,2489,,Left,871.6765,1001.522,49.83356,
1742680685273,30.23547,2489,,Right,870.4088,1001.522,49.83356,
1742680685273,30.23547,2489,,Center,870.8913,1001.522,49.83356,
1742680685302,30.26308,2491,,Left,871.4156,1001.265,49.83214,
1742680685302,30.26308,2491,,Right,870.1479,1001.265,49.83215,
1742680685302,30.26308,2491,,Center,870.6298,1001.265,49.83214,
1742680685329,30.29127,2493,,Left,871.1856,1001.343,49.83142,
1742680685329,30.29127,2493,,Right,869.9178,1001.343,49.83142,
1742680685329,30.29127,2493,,Center,870.3992,1001.343,49.83142,
1742680685357,30.31763,2495,,Left,870.9006,1001.495,49.83062,
1742680685357,30.31763,2495,,Right,869.6328,1001.495,49.83062,
1742680685357,30.31763,2495,,Center,870.1135,1001.495,49.83063,
1742680685385,30.34636,2497,,Left,870.907,1001.388,49.83046,
1742680685385,30.34636,2497,,Right,869.6392,1001.388,49.83046,
1742680685385,30.34636,2497,,Center,870.1199,1001.388,49.83047,
1742680685414,30.37475,2499,,Left,870.5496,1001.397,49.82915,
1742680685414,30.37475,2499,,Right,869.2818,1001.397,49.82915,
1742680685414,30.37475,2499,,Center,869.7617,1001.397,49.82915,
1742680685440,30.40209,2501,,Left,870.5256,1001.305,49.8289,
1742680685440,30.40209,2501,,Right,869.2578,1001.305,49.8289,
1742680685440,30.40209,2501,,Center,869.7377,1001.305,49.8289,
1742680685469,30.42961,2503,,Left,870.5832,1000.966,49.82849,
1742680685469,30.42961,2503,,Right,869.3153,1000.966,49.82849,
1742680685469,30.42961,2503,,Center,869.7952,1000.966,49.82849,
1742680685496,30.45811,2505,,Left,870.5193,1001.102,49.82847,
1742680685496,30.45811,2505,,Right,869.2515,1001.102,49.82848,
1742680685496,30.45811,2505,,Center,869.7313,1001.102,49.82848,
1742680685524,30.48443,2507,,Left,870.5158,1001.52,49.82918,
1742680685524,30.48443,2507,,Right,869.2479,1001.52,49.82918,
1742680685524,30.48443,2507,,Center,869.7278,1001.52,49.82918,
1742680685553,30.51308,2509,,Left,870.6007,1001.793,49.82997,
1742680685553,30.51308,2509,,Right,869.3328,1001.793,49.82998,
1742680685553,30.51308,2509,,Center,869.8129,1001.793,49.82998,
1742680685580,30.54188,2511,,Left,870.7686,1001.731,49.83052,
1742680685580,30.54188,2511,,Right,869.5007,1001.731,49.83051,
1742680685580,30.54188,2511,,Center,869.9811,1001.731,49.83052,
1742680685607,30.56872,2513,,Left,870.9131,1001.577,49.8308,
1742680685607,30.56872,2513,,Right,869.6453,1001.577,49.8308,
1742680685607,30.56872,2513,,Center,870.126,1001.577,49.8308,
1742680685635,30.59654,2515,,Left,870.9045,1001.359,49.83038,
1742680685635,30.59654,2515,,Right,869.6367,1001.359,49.83038,
1742680685635,30.59654,2515,,Center,870.1174,1001.359,49.83038,
1742680685662,30.6238,2517,,Left,870.8977,1001.324,49.83027,
1742680685662,30.6238,2517,,Right,869.6298,1001.324,49.83027,
1742680685662,30.6238,2517,,Center,870.1106,1001.324,49.83027,
1742680685691,30.6514,2519,,Left,870.8622,1001.457,49.83036,
1742680685691,30.6514,2519,,Right,869.5944,1001.457,49.83036,
1742680685691,30.6514,2519,,Center,870.075,1001.457,49.83036,
1742680685721,30.68105,2521,,Left,870.7932,1001.481,49.83015,
1742680685721,30.68105,2521,,Right,869.5254,1001.481,49.83015,
1742680685721,30.68105,2521,,Center,870.0058,1001.481,49.83015,
1742680685747,30.70983,2523,,Left,870.8435,1001.458,49.83031,
1742680685747,30.70983,2523,,Right,869.5757,1001.458,49.83031,
1742680685747,30.70983,2523,,Center,870.0563,1001.458,49.83031,
1742680685773,30.73579,2525,,Left,870.674,1001.717,49.83012,
1742680685773,30.73579,2525,,Right,869.4061,1001.717,49.83012,
1742680685773,30.73579,2525,,Center,869.8864,1001.717,49.83012,
1742680685802,30.76324,2527,,Left,870.7286,1001.509,49.82997,
1742680685802,30.76324,2527,,Right,869.4608,1001.509,49.82996,
1742680685802,30.76324,2527,,Center,869.9412,1001.509,49.82997,
1742680685830,30.79177,2529,,Left,870.7239,1001.242,49.82951,
1742680685830,30.79177,2529,,Right,869.456,1001.242,49.82951,
1742680685830,30.79177,2529,,Center,869.9363,1001.242,49.82951,
1742680685856,30.81851,2531,,Left,870.5891,1001.597,49.82959,
1742680685856,30.81851,2531,,Right,869.3212,1001.597,49.82959,
1742680685856,30.81851,2531,,Center,869.8012,1001.597,49.82959,
1742680685885,30.84639,2533,,Left,870.5968,1001.753,49.8299,
1742680685886,30.84639,2533,,Right,869.3289,1001.753,49.8299,
1742680685886,30.84639,2533,,Center,869.8089,1001.753,49.8299,
1742680685914,30.87517,2535,,Left,870.7043,1001.288,49.82949,
1742680685914,30.87517,2535,,Right,869.4365,1001.288,49.82949,
1742680685914,30.87517,2535,,Center,869.9167,1001.288,49.82949,
1742680685941,30.90343,2537,,Left,870.8012,1001.435,49.83012,
1742680685941,30.90343,2537,,Right,869.5334,1001.435,49.83012,
1742680685941,30.90343,2537,,Center,870.0139,1001.435,49.83012,
1742680685968,30.92971,2539,,Left,870.8627,1001.695,49.83083,
1742680685968,30.92971,2539,,Right,869.5949,1001.695,49.83083,
1742680685968,30.92971,2539,,Center,870.0756,1001.695,49.83083,
1742680685997,30.95806,2541,,Left,870.7424,1001.356,49.82979,
1742680685997,30.95806,2541,,Right,869.4746,1001.356,49.82979,
1742680685997,30.95806,2541,,Center,869.955,1001.356,49.82979,
1742680686024,30.98672,2543,,Left,870.8678,1001.154,49.82988,
1742680686024,30.98672,2543,,Right,869.5999,1001.154,49.82988,
1742680686024,30.98672,2543,,Center,870.0806,1001.155,49.82989,
1742680686052,31.01301,2545,,Left,870.9109,1001.162,49.83009,
1742680686052,31.01301,2545,,Right,869.6431,1001.162,49.83009,
1742680686052,31.01301,2545,,Center,870.1238,1001.162,49.83009,
1742680686081,31.04177,2547,,Left,870.9257,1001.29,49.83039,
174268068