{
    "vr_anchors_positions": {
        "center": {
            "x": 720.0,
            "y": 792.0,
            "coords": [
                720.0,
                792.0
            ]
        },
        "topleft": {
            "x": 434.0125,
            "y": 934.9938,
            "coords": [
                434.0125,
                934.9938
            ]
        },
        "topright": {
            "x": 1005.987,
            "y": 934.9938,
            "coords": [
                1005.987,
                934.9938
            ]
        },
        "bottomleft": {
            "x": 434.0125,
            "y": 649.0063,
            "coords": [
                434.0125,
                649.0063
            ]
        }
    },
    "img_anchors_positions": {
        "center": {
            "x": 360.5,
            "y": 366.0,
            "coords": [
                360.5,
                366.0
            ]
        },
        "topleft": {
            "x": 180.0,
            "y": 456.0,
            "coords": [
                180.0,
                456.0
            ]
        },
        "topright": {
            "x": 540.0,
            "y": 455.0,
            "coords": [
                540.0,
                455.0
            ]
        },
        "bottomleft": {
            "x": 186.0,
            "y": 278.0,
            "coords": [
                186.0,
                278.0
            ]
        }
    },
    "transformation_matrix": [
        [
            0.6279416520468075,
            -0.0020397000726684184
        ],
        [
            -0.018065869647296062,
            0.6229875653369621
        ],
        [
            -75.6430491272125,
            -125.60425553540786
        ]
    ]
}