unix_ms,rel_timestamp,frame,event,side,screen_pos_x,screen_pos_y,screen_pos_z,target_name
1742678634591,0,,Activation,,,,,
1742678634591,0,321,,Left,0,0,0,
1742678634591,0,321,,Right,0,0,0,
1742678634591,0,321,,Center,0,0,0,
1742678634695,0.01999998,323,,Left,935.2656,1029.748,49.99994,
1742678634695,0.01999998,323,,Right,934.0073,1029.748,49.99994,
1742678634695,0.01999998,323,,Center,934.6333,1029.748,49.99994,
1742678634718,0.04526186,324,,Left,936.5844,1031.638,50.00005,
1742678634718,0.04526186,324,,Right,935.3261,1031.638,50.00005,
1742678634718,0.04526186,324,,Center,935.9551,1031.638,50.00005,
1742678634740,0.06731129,325,,Left,936.8154,1031.611,50.00001,
1742678634740,0.06731129,325,,Right,935.5572,1031.611,50.00001,
1742678634740,0.06731129,325,,Center,936.1868,1031.611,50.00001,
1742678634759,0.09272337,326,,Left,936.874,1031.526,49.99997,
1742678634759,0.09272337,326,,Right,935.6158,1031.526,49.99997,
1742678634759,0.09272337,326,,Center,936.2455,1031.526,49.99997,
1742678634793,0.1255012,328,,Left,936.6619,1032.148,50,
1742678634793,0.1255012,328,,Right,935.4036,1032.148,50,
1742678634793,0.1255012,328,,Center,936.0328,1032.148,50,
1742678634810,0.1425872,329,,Left,1000.612,437.3419,42.06015,
1742678634810,0.1425872,329,,Right,999.1157,437.3419,42.06015,
1742678634810,0.1425872,329,,Center,1000.013,437.342,42.06015,
1742678634842,0.1752725,331,,Left,924.3522,1095.309,49.86235,
1742678634842,0.1752725,331,,Right,923.0905,1095.309,49.86235,
1742678634842,0.1752725,331,,Center,923.6927,1095.309,49.86235,
1742678634872,0.2060819,333,,Left,923.781,1098.647,49.84951,
1742678634872,0.2060819,333,,Right,922.519,1098.647,49.84951,
1742678634872,0.2060819,333,,Center,923.1201,1098.647,49.84951,
1742678634902,0.2363334,335,,Left,923.6758,1098.355,49.85057,
1742678634902,0.2363334,335,,Right,922.4138,1098.355,49.85057,
1742678634902,0.2363334,335,,Center,923.0146,1098.354,49.85057,
1742678634931,0.2654505,337,,Left,923.6044,1097.993,49.85189,
1742678634931,0.2654505,337,,Right,922.3424,1097.993,49.85189,
1742678634931,0.2654505,337,,Center,922.9431,1097.993,49.85189,
1742678634960,0.2948823,339,,Left,918.4352,1092.42,49.86739,
1742678634960,0.2948823,339,,Right,917.1737,1092.42,49.86739,
1742678634960,0.2948823,339,,Center,917.762,1092.42,49.86739,
1742678634988,0.323071,341,,Left,918.2397,1061.932,49.94614,
1742678634988,0.323071,341,,Right,916.9802,1061.932,49.94614,
1742678634988,0.323071,341,,Center,917.5671,1061.932,49.94614,
1742678635016,0.3514156,343,,Left,918.3902,1060.053,49.94941,
1742678635016,0.3514156,343,,Right,917.1306,1060.053,49.94941,
1742678635016,0.3514156,343,,Center,917.7178,1060.053,49.94941,
1742678635044,0.3802075,345,,Left,918.6254,1059.548,49.95045,
1742678635045,0.3802075,345,,Right,917.3659,1059.548,49.95045,
1742678635045,0.3802075,345,,Center,917.9537,1059.548,49.95045,
1742678635073,0.4081063,347,,Left,918.6855,1059.804,49.95012,
1742678635073,0.4081063,347,,Right,917.426,1059.804,49.95012,
1742678635073,0.4081063,347,,Center,918.0139,1059.804,49.95012,
1742678635101,0.4362822,349,,Left,920.4857,1061.737,49.9487,
1742678635101,0.4362822,349,,Right,919.2261,1061.737,49.9487,
1742678635101,0.4362822,349,,Center,919.8183,1061.737,49.9487,
1742678635129,0.4645886,351,,Left,924.7628,1066.683,49.94299,
1742678635129,0.4645886,351,,Right,923.5031,1066.683,49.94299,
1742678635129,0.4645886,351,,Center,924.1052,1066.683,49.94299,
1742678635157,0.4929185,353,,Left,924.8741,1066.937,49.94256,
1742678635157,0.4929185,353,,Right,923.6144,1066.937,49.94255,
1742678635157,0.4929185,353,,Center,924.2169,1066.937,49.94256,
1742678635184,0.5194874,355,,Left,927.1648,1074.026,49.92824,
1742678635184,0.5194874,355,,Right,925.9047,1074.026,49.92824,
1742678635184,0.5194874,355,,Center,926.5126,1074.026,49.92824,
1742678635212,0.5471482,357,,Left,927.2189,1074.281,49.9277,
1742678635212,0.5471482,357,,Right,925.9589,1074.281,49.9277,
1742678635212,0.5471482,357,,Center,926.567,1074.281,49.92771,
1742678635240,0.5748816,359,,Left,927.1656,1074.067,49.92818,
1742678635240,0.5748816,359,,Right,925.9056,1074.067,49.92819,
1742678635240,0.5748816,359,,Center,926.5136,1074.067,49.92819,
1742678635267,0.6023655,361,,Left,929.8387,1064.781,49.9494,
1742678635267,0.6023655,361,,Right,928.5792,1064.781,49.9494,
1742678635267,0.6023655,361,,Center,929.1931,1064.781,49.9494,
1742678635295,0.630372,363,,Left,926.5271,1064.901,49.94756,
1742678635295,0.630372,363,,Right,925.2675,1064.901,49.94756,
1742678635295,0.630372,363,,Center,925.8737,1064.901,49.94756,
1742678635322,0.6579986,365,,Left,929.0644,1067.585,49.94358,
1742678635322,0.6579986,365,,Right,927.8047,1067.585,49.94358,
1742678635322,0.6579986,365,,Center,928.4169,1067.585,49.94358,
1742678635350,0.6855645,367,,Left,923.9724,1067.767,49.94023,
1742678635350,0.6855645,367,,Right,922.7126,1067.767,49.94023,
1742678635350,0.6855645,367,,Center,923.313,1067.767,49.94023,
1742678635378,0.7139926,369,,Left,924.0418,1068.251,49.93923,
1742678635378,0.7139926,369,,Right,922.782,1068.251,49.93923,
1742678635378,0.7139926,369,,Center,923.3826,1068.251,49.93923,
1742678635406,0.7414641,371,,Left,923.783,1064.992,49.94557,
1742678635406,0.7414641,371,,Right,922.5233,1064.992,49.94557,
1742678635406,0.7414641,371,,Center,923.1232,1064.992,49.94557,
1742678635433,0.7682772,373,,Left,923.6222,1061.426,49.95185,
1742678635433,0.7682772,373,,Right,922.3627,1061.426,49.95185,
1742678635433,0.7682772,373,,Center,922.9622,1061.426,49.95185,
1742678635462,0.7968807,375,,Left,924.7823,1064.231,49.94771,
1742678635462,0.7968807,375,,Right,923.5228,1064.231,49.94771,
1742678635462,0.7968807,375,,Center,924.1249,1064.231,49.94771,
1742678635489,0.8244715,377,,Left,924.8087,1071.226,49.93336,
1742678635489,0.8244715,377,,Right,923.5487,1071.226,49.93336,
1742678635489,0.8244715,377,,Center,924.1511,1071.226,49.93336,
1742678635516,0.8523202,379,,Left,873.579,1105.983,49.71129,
1742678635516,0.8523202,379,,Right,872.3134,1105.983,49.71129,
1742678635516,0.8523202,379,,Center,872.7992,1105.983,49.71129,
1742678635545,0.8803163,381,,Left,873.9274,1105.419,49.7149,
1742678635545,0.8803163,381,,Right,872.6619,1105.419,49.7149,
1742678635545,0.8803163,381,,Center,873.1485,1105.419,49.7149,
1742678635573,0.908072,383,,Left,718.6328,1200.436,47.92492,
1742678635573,0.908072,383,,Right,717.32,1200.436,47.92492,
1742678635573,0.908072,383,,Center,717.4683,1200.436,47.92492,
1742678635600,0.9350157,385,,Left,626.0778,1205.577,46.68326,
1742678635600,0.9350157,385,,Right,624.7302,1205.577,46.68326,
1742678635600,0.9350157,385,,Center,624.6801,1205.577,46.68326,
1742678635628,0.963531,387,,Left,617.7851,1197.71,46.62307,
1742678635629,0.963531,387,,Right,616.4357,1197.71,46.62306,
1742678635629,0.963531,387,,Center,616.3672,1197.71,46.62307,
1742678635656,0.9917355,389,,Left,617.7637,1195.432,46.6403,
1742678635656,0.9917355,389,,Right,616.4149,1195.432,46.6403,
1742678635656,0.9917355,389,,Center,616.346,1195.432,46.6403,
1742678635684,1.019496,391,,Left,619.1758,1194.618,46.66766,
1742678635684,1.019496,391,,Right,617.8278,1194.618,46.66766,
1742678635684,1.019496,391,,Center,617.7618,1194.618,46.66766,
1742678635712,1.047271,393,,Left,619.3948,1194.886,46.66892,
1742678635712,1.047271,393,,Right,618.0468,1194.886,46.66892,
1742678635712,1.047271,393,,Center,617.9813,1194.886,46.66892,
1742678635740,1.075156,395,,Left,810.0869,1250.399,48.24064,
1742678635740,1.075156,395,,Right,808.7827,1250.399,48.24064,
1742678635740,1.075156,395,,Center,809.1398,1250.399,48.24064,
1742678635768,1.102669,397,,Left,1009.506,1249.893,48.52721,
1742678635768,1.102669,397,,Right,1008.209,1249.893,48.52721,
1742678635768,1.102669,397,,Center,1009.027,1249.893,48.5272,
1742678635796,1.130908,399,,Left,1188.276,1253.846,47.02026,
1742678635796,1.130908,399,,Right,1186.938,1253.846,47.02026,
1742678635796,1.130908,399,,Center,1188.193,1253.846,47.02026,
1742678635824,1.158873,401,,Left,1302.248,1246.218,45.48599,
1742678635824,1.158873,401,,Right,1300.865,1246.218,45.48598,
1742678635824,1.158873,401,,Center,1302.409,1246.217,45.48599,
1742678635851,1.186662,403,,Left,1308.664,1246.77,45.37815,
1742678635851,1.186662,403,,Right,1307.278,1246.77,45.37815,
1742678635851,1.186662,403,,Center,1308.838,1246.77,45.37815,
1742678635879,1.21417,405,,Left,1308.973,1246.958,45.37143,
1742678635879,1.21417,405,,Right,1307.587,1246.958,45.37143,
1742678635879,1.21417,405,,Center,1309.148,1246.958,45.37143,
1742678635907,1.242232,407,,Left,1309.126,1246.739,45.37099,
1742678635907,1.242232,407,,Right,1307.74,1246.739,45.37099,
1742678635907,1.242232,407,,Center,1309.301,1246.739,45.37099,
1742678635935,1.27007,409,,Left,1309.276,1244.615,45.38814,
1742678635935,1.27007,409,,Right,1307.89,1244.615,45.38814,
1742678635935,1.27007,409,,Center,1309.451,1244.615,45.38814,
1742678635962,1.297261,411,,Left,1305.229,1239.971,45.49552,
1742678635962,1.297261,411,,Right,1303.847,1239.971,45.49551,
1742678635962,1.297261,411,,Center,1305.397,1239.971,45.49552,
1742678635990,1.325576,413,,Left,1303.632,1239.525,45.52515,
1742678635991,1.325576,413,,Right,1302.25,1239.525,45.52515,
1742678635991,1.325576,413,,Center,1303.797,1239.525,45.52515,
1742678636018,1.353953,415,,Left,1297.834,1237.95,45.6319,
1742678636018,1.353953,415,,Right,1296.456,1237.95,45.6319,
1742678636018,1.353953,415,,Center,1297.987,1237.95,45.6319,
1742678636046,1.381468,417,,Left,1298.027,1237.93,45.62904,
1742678636046,1.381468,417,,Right,1296.648,1237.93,45.62904,
1742678636046,1.381468,417,,Center,1298.18,1237.93,45.62904,
1742678636074,1.409425,419,,Left,1297.135,1237.267,45.64916,
1742678636074,1.409425,419,,Right,1295.757,1237.267,45.64916,
1742678636074,1.409425,419,,Center,1297.286,1237.267,45.64916,
1742678636102,1.437142,421,,Left,1107.618,1172.969,48.62208,
1742678636102,1.437142,421,,Right,1106.324,1172.969,48.62209,
1742678636102,1.437142,421,,Center,1107.37,1172.969,48.62208,
1742678636130,1.464597,423,,Left,895.4421,1126.104,49.68043,
1742678636130,1.464597,423,,Right,894.1757,1126.104,49.68042,
1742678636130,1.464597,423,,Center,894.713,1126.103,49.68043,
1742678636158,1.493097,425,,Left,732.4598,1048.955,48.81075,
1742678636158,1.493097,425,,Right,731.171,1048.955,48.81075,
1742678636158,1.493097,425,,Center,731.3395,1048.955,48.81075,
1742678636185,1.521192,427,,Left,628.504,956.3902,47.3037,
1742678636185,1.521192,427,,Right,627.174,956.3902,47.3037,
1742678636185,1.521192,427,,Center,627.1207,956.3903,47.3037,
1742678636213,1.548637,429,,Left,629.0402,956.5391,47.31235,
1742678636213,1.548637,429,,Right,627.7106,956.5391,47.31236,
1742678636213,1.548637,429,,Center,627.6584,956.5391,47.31236,
1742678636241,1.576485,431,,Left,586.0155,910.7152,46.42323,
1742678636241,1.576485,431,,Right,584.6602,910.7152,46.42323,
1742678636241,1.576485,431,,Center,584.5206,910.7152,46.42323,
1742678636269,1.604111,433,,Left,579.0911,872.7175,46.06773,
1742678636269,1.604111,433,,Right,577.7254,872.7175,46.06773,
1742678636269,1.604111,433,,Center,577.5748,872.7175,46.06773,
1742678636298,1.632942,435,,Left,576.4144,872.3234,46.02147,
1742678636298,1.632942,435,,Right,575.0474,872.3234,46.02147,
1742678636298,1.632942,435,,Center,574.8912,872.3234,46.02147,
1742678636326,1.660907,437,,Left,575.4858,872.5782,46.00817,
1742678636326,1.660907,437,,Right,574.1184,872.5782,46.00817,
1742678636326,1.660907,437,,Center,573.9603,872.5782,46.00817,
1742678636353,1.688786,439,,Left,580.2297,873.3143,46.09044,
1742678636353,1.688786,439,,Right,578.8647,873.3143,46.09044,
1742678636353,1.688786,439,,Center,578.7164,873.3143,46.09044,
1742678636381,1.716244,441,,Left,579.5905,872.4667,46.07397,
1742678636381,1.716244,441,,Right,578.225,872.4667,46.07396,
1742678636381,1.716244,441,,Center,578.0755,872.4667,46.07397,
1742678636409,1.744508,443,,Left,579.936,873.3087,46.08562,
1742678636409,1.744508,443,,Right,578.5709,873.3087,46.08562,
1742678636409,1.744508,443,,Center,578.4221,873.3088,46.08562,
1742678636437,1.772145,445,,Left,576.0554,876.2652,46.04358,
1742678636437,1.772145,445,,Right,574.689,876.2652,46.04358,
1742678636437,1.772145,445,,Center,574.5317,876.2653,46.04358,
1742678636465,1.799433,447,,Left,576.3167,882.2377,46.08901,
1742678636465,1.799433,447,,Right,574.9517,882.2377,46.089,
1742678636465,1.799433,447,,Center,574.7943,882.2377,46.089,
1742678636493,1.827865,449,,Left,751.942,957.4956,48.87369,
1742678636493,1.827865,449,,Right,750.6547,957.4956,48.87369,
1742678636493,1.827865,449,,Center,750.8678,957.4957,48.87369,
1742678636521,1.856394,451,,Left,915.8643,1050.141,49.95978,
1742678636521,1.856394,451,,Right,914.605,1050.141,49.95978,
1742678636521,1.856394,451,,Center,915.1863,1050.141,49.95978,
1742678636549,1.883773,453,,Left,915.5664,1050.341,49.95922,
1742678636549,1.883773,453,,Right,914.3071,1050.341,49.95922,
1742678636549,1.883773,453,,Center,914.8877,1050.341,49.95922,
1742678636577,1.912124,455,,Left,916.5366,1059.752,49.94787,
1742678636577,1.912124,455,,Right,915.277,1059.752,49.94787,
1742678636577,1.912124,455,,Center,915.86,1059.752,49.94787,
1742678636605,1.939635,457,,Left,924.2869,1059.484,49.95559,
1742678636605,1.939635,457,,Right,923.0275,1059.484,49.95559,
1742678636605,1.939635,457,,Center,923.6284,1059.484,49.95559,
1742678636632,1.967028,459,,Left,926.3956,1058.422,49.95861,
1742678636632,1.967028,459,,Right,925.1364,1058.422,49.95861,
1742678636632,1.967028,459,,Center,925.7421,1058.422,49.95861,
1742678636660,1.995357,461,,Left,926.7753,1057.51,49.96017,
1742678636660,1.995357,461,,Right,925.516,1057.51,49.96017,
1742678636660,1.995357,461,,Center,926.1227,1057.51,49.96017,
1742678636688,2.023702,463,,Left,927.0099,1052.822,49.96655,
1742678636688,2.023702,463,,Right,925.7509,1052.822,49.96655,
1742678636688,2.023702,463,,Center,926.3579,1052.822,49.96655,
1742678636716,2.051486,465,,Left,927.0782,1052.953,49.96645,
1742678636716,2.051486,465,,Right,925.8191,1052.953,49.96645,
1742678636716,2.051486,465,,Center,926.4264,1052.953,49.96645,
1742678636744,2.080227,467,,Left,928.5532,1052.701,49.9675,
1742678636744,2.080227,467,,Right,927.294,1052.701,49.9675,
1742678636744,2.080227,467,,Center,927.9048,1052.701,49.9675,
1742678636772,2.107266,469,,Left,928.3496,1053.123,49.96689,
1742678636772,2.107266,469,,Right,927.0906,1053.123,49.96689,
1742678636772,2.107266,469,,Center,927.7008,1053.123,49.96689,
1742678636800,2.134355,471,,Left,930.4722,1056.905,49.96276,
1742678636800,2.134355,471,,Right,929.213,1056.905,49.96276,
1742678636800,2.134355,471,,Center,929.8282,1056.905,49.96276,
1742678636828,2.162913,473,,Left,931.2401,1058.204,49.96111,
1742678636828,2.162913,473,,Right,929.9808,1058.204,49.96111,
1742678636828,2.162913,473,,Center,930.5979,1058.204,49.96111,
1742678636856,2.191558,475,,Left,931.0634,1057.906,49.96148,
1742678636856,2.191558,475,,Right,929.8042,1057.906,49.96148,
1742678636856,2.191558,475,,Center,930.4208,1057.906,49.96148,
1742678636883,2.218763,477,,Left,931.4323,943.4579,49.75669,
1742678636883,2.218763,477,,Right,930.168,943.4579,49.75669,
1742678636883,2.218763,477,,Center,930.788,943.4579,49.75669,
1742678636911,2.246711,479,,Left,931.5912,943.1066,49.75497,
1742678636911,2.246711,479,,Right,930.3267,943.1066,49.75497,
1742678636911,2.246711,479,,Center,930.9472,943.1067,49.75497,
1742678636939,2.27421,481,,Left,929.6611,943.7134,49.75736,
1742678636939,2.27421,481,,Right,928.3967,943.7134,49.75736,
1742678636939,2.27421,481,,Center,929.0127,943.7134,49.75736,
1742678636967,2.301503,483,,Left,921.5636,944.2687,49.75502,
1742678636967,2.301503,483,,Right,920.2991,944.2687,49.75502,
1742678636967,2.301503,483,,Center,920.8962,944.2688,49.75502,
1742678636995,2.329798,485,,Left,921.9547,971.972,49.87204,
1742678636995,2.329798,485,,Right,920.6932,971.972,49.87204,
1742678636995,2.329798,485,,Center,921.2898,971.972,49.87204,
1742678637023,2.358156,487,,Left,921.9425,1078.609,49.91303,
1742678637023,2.358156,487,,Right,920.682,1078.609,49.91303,
1742678637023,2.358156,487,,Center,921.278,1078.609,49.91303,
1742678637050,2.385931,489,,Left,921.6726,1078.59,49.91283,
1742678637050,2.385931,489,,Right,920.4121,1078.59,49.91283,
1742678637050,2.385931,489,,Center,921.0075,1078.59,49.91283,
1742678637078,2.41379,491,,Left,921.4547,1078.739,49.91225,
1742678637078,2.41379,491,,Right,920.1943,1078.739,49.91225,
1742678637078,2.41379,491,,Center,920.7891,1078.739,49.91225,
1742678637107,2.44146,493,,Left,917.1216,1078.72,49.90797,
1742678637107,2.44146,493,,Right,915.8611,1078.72,49.90797,
1742678637107,2.44146,493,,Center,916.4459,1078.72,49.90797,
1742678637134,2.468897,495,,Left,916.8976,1082.922,49.89595,
1742678637134,2.468897,495,,Right,915.6367,1082.922,49.89595,
1742678637134,2.468897,495,,Center,916.2211,1082.922,49.89595,
1742678637163,2.497348,497,,Left,917.1724,1088.992,49.87747,
1742678637163,2.497348,497,,Right,915.9111,1088.992,49.87747,
1742678637163,2.497348,497,,Center,916.4964,1088.992,49.87747,
1742678637190,2.525457,499,,Left,921.2287,1082.214,49.90233,
1742678637190,2.525457,499,,Right,919.968,1082.214,49.90233,
1742678637190,2.525457,499,,Center,920.5625,1082.214,49.90233,
1742678637217,2.553639,501,,Left,922.1065,1079.682,49.91025,
1742678637217,2.553639,501,,Right,920.846,1079.682,49.91025,
1742678637217,2.553639,501,,Center,921.4424,1079.682,49.91025,
1742678637246,2.580909,503,,Left,922.1218,1080.281,49.90863,
1742678637246,2.580909,503,,Right,920.8611,1080.281,49.90863,
1742678637246,2.580909,503,,Center,921.4576,1080.281,49.90862,
1742678637274,2.608933,505,,Left,922.2178,1080.304,49.90863,
1742678637274,2.608933,505,,Right,920.9572,1080.304,49.90863,
1742678637274,2.608933,505,,Center,921.5538,1080.304,49.90863,
1742678637301,2.635945,507,,Left,921.7218,1080.953,49.90643,
1742678637301,2.635945,507,,Right,920.4612,1080.953,49.90643,
1742678637301,2.635945,507,,Center,921.0567,1080.953,49.90643,
1742678637329,2.664309,509,,Left,921.6338,1080.598,49.90734,
1742678637329,2.664309,509,,Right,920.3732,1080.598,49.90734,
1742678637329,2.664309,509,,Center,920.9685,1080.598,49.90734,
1742678637357,2.692701,511,,Left,923.8394,1078.927,49.91367,
1742678637357,2.692701,511,,Right,922.5789,1078.927,49.91367,
1742678637357,2.692701,511,,Center,923.1793,1078.927,49.91367,
1742678637385,2.720521,513,,Left,923.9418,1077.373,49.91785,
1742678637385,2.720521,513,,Right,922.6815,1077.373,49.91785,
1742678637385,2.720521,513,,Center,923.282,1077.373,49.91785,
1742678637413,2.747979,515,,Left,924.337,1076.834,49.91954,
1742678637413,2.747979,515,,Right,923.0768,1076.834,49.91954,
1742678637413,2.747979,515,,Center,923.6783,1076.834,49.91954,
1742678637441,2.776202,517,,Left,919.5345,1075.415,49.91906,
1742678637441,2.776202,517,,Right,918.2742,1075.415,49.91906,
1742678637441,2.776202,517,,Center,918.8645,1075.415,49.91906,
1742678637469,2.803376,519,,Left,918.6239,1074.7,49.91992,
1742678637469,2.803376,519,,Right,917.3636,1074.7,49.91992,
1742678637469,2.803376,519,,Center,917.9518,1074.7,49.91991,
1742678637497,2.831524,521,,Left,927.6145,1075.793,49.92422,
1742678637497,2.831524,521,,Right,926.3544,1075.793,49.92422,
1742678637497,2.831524,521,,Center,926.9634,1075.793,49.92422,
1742678637525,2.859759,523,,Left,927.6957,1072.813,49.9315,
1742678637525,2.859759,523,,Right,926.4357,1072.813,49.9315,
1742678637525,2.859759,523,,Center,927.0448,1072.813,49.9315,
1742678637552,2.887738,525,,Left,927.6679,1077.269,49.92047,
1742678637552,2.887738,525,,Right,926.4077,1077.269,49.92046,
1742678637552,2.887738,525,,Center,927.0168,1077.269,49.92047,
1742678637580,2.915063,527,,Left,927.5015,1077.25,49.92043,
1742678637580,2.915063,527,,Right,926.2411,1077.25,49.92043,
1742678637580,2.915063,527,,Center,926.85,1077.25,49.92043,
1742678637608,2.943309,529,,Left,923.2443,1081.301,49.90667,
1742678637608,2.943309,529,,Right,921.9837,1081.301,49.90667,
1742678637608,2.943309,529,,Center,922.5828,1081.301,49.90667,
1742678637636,2.970918,531,,Left,923.1737,1081.734,49.90538,
1742678637636,2.970918,531,,Right,921.9131,1081.734,49.90537,
1742678637636,2.970918,531,,Center,922.5121,1081.734,49.90537,
1742678637664,2.998481,533,,Left,923.6843,1080.006,49.91059,
1742678637664,2.998481,533,,Right,922.4238,1080.006,49.91059,
1742678637664,2.998481,533,,Center,923.0238,1080.006,49.91059,
1742678637691,3.026507,535,,Left,926.3012,1076.559,49.9215,
1742678637691,3.026507,535,,Right,925.041,1076.559,49.92151,
1742678637691,3.026507,535,,Center,925.647,1076.559,49.9215,
1742678637719,3.054514,537,,Left,929.0823,1076.343,49.92348,
1742678637719,3.054514,537,,Right,927.8221,1076.343,49.92348,
1742678637719,3.054514,537,,Center,928.4346,1076.343,49.92348,
1742678637747,3.082197,539,,Left,929.3381,1076.144,49.9241,
1742678637747,3.082197,539,,Right,928.0779,1076.144,49.9241,
1742678637747,3.082197,539,,Center,928.691,1076.144,49.9241,
1742678637775,3.110227,541,,Left,929.9481,1073.162,49.93166,
1742678637775,3.110227,541,,Right,928.6881,1073.162,49.93166,
1742678637775,3.110227,541,,Center,929.3026,1073.162,49.93166,
1742678637803,3.13791,543,,Left,929.4325,1075.135,49.92668,
1742678637803,3.13791,543,,Right,928.1724,1075.135,49.92668,
1742678637803,3.13791,543,,Center,928.7857,1075.135,49.92668,
1742678637831,3.165526,545,,Left,930.4873,1074.524,49.92859,
1742678637831,3.165526,545,,Right,929.2272,1074.524,49.92859,
1742678637831,3.165526,545,,Center,929.8429,1074.524,49.92859,
1742678637859,3.193864,547,,Left,924.1956,1074.73,49.92471,
1742678637859,3.193864,547,,Right,922.9354,1074.73,49.92472,
1742678637859,3.193864,547,,Center,923.5366,1074.73,49.92472,
1742678637887,3.222036,549,,Left,925.6243,1072.241,49.93161,
1742678637887,3.222036,549,,Right,924.3644,1072.241,49.93161,
1742678637887,3.222036,549,,Center,924.9687,1072.241,49.93161,
1742678637915,3.249872,551,,Left,926.1955,1072.392,49.93158,
1742678637915,3.249872,551,,Right,924.9355,1072.392,49.93158,
1742678637915,3.249872,551,,Center,925.5412,1072.392,49.93158,
1742678637943,3.278374,553,,Left,926.3799,1072.627,49.93115,
1742678637943,3.278374,553,,Right,925.1199,1072.627,49.93114,
1742678637943,3.278374,553,,Center,925.726,1072.627,49.93115,
1742678637971,3.305809,555,,Left,926.538,1076.996,49.92056,
1742678637971,3.305809,555,,Right,925.2778,1076.996,49.92056,
1742678637971,3.305809,555,,Center,925.8844,1076.996,49.92056,
1742678637999,3.333569,557,,Left,926.7738,1080.458,49.9114,
1742678637999,3.333569,557,,Right,925.5133,1080.458,49.9114,
1742678637999,3.333569,557,,Center,926.1206,1080.458,49.9114,
1742678638027,3.361674,559,,Left,927.0974,1080.138,49.91246,
1742678638027,3.361674,559,,Right,925.837,1080.138,49.91246,
1742678638027,3.361674,559,,Center,926.4449,1080.138,49.91246,
1742678638054,3.390102,561,,Left,931.5773,1083.275,49.90541,
1742678638054,3.390102,561,,Right,930.3167,1083.275,49.90541,
1742678638054,3.390102,561,,Center,930.9352,1083.275,49.90541,
1742678638083,3.417806,563,,Left,931.5403,1083.225,49.90554,
1742678638083,3.417806,563,,Right,930.2797,1083.225,49.90555,
1742678638083,3.417806,563,,Center,930.8981,1083.225,49.90554,
1742678638111,3.446664,565,,Left,928.0015,1075.872,49.9242,
1742678638111,3.446664,565,,Right,926.7413,1075.872,49.9242,
1742678638111,3.446664,565,,Center,927.3513,1075.872,49.9242,
1742678638139,3.474209,567,,Left,928.1243,1077.867,49.91912,
1742678638139,3.474209,567,,Right,926.864,1077.867,49.91911,
1742678638139,3.474209,567,,Center,927.4744,1077.867,49.91911,
1742678638166,3.501244,569,,Left,928.3204,1075.214,49.92598,
1742678638166,3.501244,569,,Right,927.0602,1075.214,49.92598,
1742678638166,3.501244,569,,Center,927.671,1075.214,49.92598,
1742678638194,3.529495,571,,Left,926.1898,1076.306,49.92208,
1742678638194,3.529495,571,,Right,924.9295,1076.306,49.92208,
1742678638194,3.529495,571,,Center,925.5353,1076.306,49.92208,
1742678638222,3.557821,573,,Left,930.2429,1077.126,49.92194,
1742678638222,3.557821,573,,Right,928.9826,1077.126,49.92193,
1742678638222,3.557821,573,,Center,929.5979,1077.126,49.92194,
1742678638250,3.58522,575,,Left,922.3028,1083.407,49.89981,
1742678638250,3.58522,575,,Right,921.042,1083.407,49.89981,
1742678638250,3.58522,575,,Center,921.639,1083.407,49.89981,
1742678638278,3.613905,577,,Left,921.9288,1083.964,49.89783,
1742678638278,3.613905,577,,Right,920.668,1083.964,49.89783,
1742678638278,3.613905,577,,Center,921.2642,1083.964,49.89783,
1742678638306,3.64163,579,,Left,929.2864,1083.949,49.90254,
1742678638306,3.64163,579,,Right,928.0257,1083.949,49.90253,
1742678638306,3.64163,579,,Center,928.639,1083.949,49.90254,
1742678638334,3.668591,581,,Left,938.783,1083.252,49.90602,
1742678638334,3.668591,581,,Right,937.5224,1083.252,49.90602,
1742678638334,3.668591,581,,Center,938.1577,1083.252,49.90603,
1742678638362,3.69691,583,,Left,939.9257,1080.558,49.91355,
1742678638362,3.69691,583,,Right,938.6653,1080.558,49.91355,
1742678638362,3.69691,583,,Center,939.3032,1080.558,49.91355,
1742678638389,3.724848,585,,Left,946.7561,1070.961,49.935,
1742678638389,3.724848,585,,Right,945.4961,1070.961,49.935,
1742678638389,3.724848,585,,Center,946.1497,1070.96,49.935,
1742678638417,3.752668,587,,Left,947.3638,1070.767,49.93508,
1742678638417,3.752668,587,,Right,946.104,1070.767,49.93507,
1742678638417,3.752668,587,,Center,946.759,1070.767,49.93507,
1742678638446,3.781134,589,,Left,947.9935,1071.347,49.93337,
1742678638446,3.781134,589,,Right,946.7335,1071.347,49.93337,
1742678638446,3.781134,589,,Center,947.39,1071.347,49.93337,
1742678638474,3.808877,591,,Left,943.4164,1075.689,49.92542,
1742678638474,3.808877,591,,Right,942.1562,1075.689,49.92542,
1742678638474,3.808877,591,,Center,942.8021,1075.689,49.92542,
1742678638501,3.83609,593,,Left,943.2908,1075.873,49.92502,
1742678638501,3.83609,593,,Right,942.0306,1075.873,49.92502,
1742678638501,3.83609,593,,Center,942.6763,1075.873,49.92502,
1742678638529,3.864233,595,,Left,943.2862,1076.532,49.92336,
1742678638529,3.864233,595,,Right,942.026,1076.532,49.92336,
1742678638529,3.864233,595,,Center,942.6716,1076.532,49.92336,
1742678638557,3.892236,597,,Left,943.1713,1076.206,49.92423,
1742678638557,3.892236,597,,Right,941.9111,1076.206,49.92422,
1742678638557,3.892236,597,,Center,942.5565,1076.206,49.92423,
1742678638585,3.920161,599,,Left,944.7513,1075.848,49.92446,
1742678638585,3.920161,599,,Right,943.4911,1075.848,49.92446,
1742678638585,3.920161,599,,Center,944.1402,1075.848,49.92446,
1742678638613,3.948214,601,,Left,944.8954,1076.259,49.92336,
1742678638613,3.948214,601,,Right,943.6352,1076.259,49.92336,
1742678638613,3.948214,601,,Center,944.2845,1076.259,49.92336,
1742678638641,3.976432,603,,Left,945.7067,1072.727,49.93157,
1742678638641,3.976432,603,,Right,944.4467,1072.727,49.93157,
1742678638641,3.976432,603,,Center,945.0978,1072.727,49.93157,
1742678638668,4.003518,605,,Left,946.1321,1071.656,49.93377,
1742678638668,4.003518,605,,Right,944.8722,1071.656,49.93377,
1742678638668,4.003518,605,,Center,945.5244,1071.656,49.93377,
1742678638696,4.031477,607,,Left,947.3923,1071.611,49.93318,
1742678638697,4.031477,607,,Right,946.1323,1071.611,49.93318,
1742678638697,4.031477,607,,Center,946.7874,1071.611,49.93318,
1742678638724,4.059553,609,,Left,947.6956,1069.231,49.93826,
1742678638724,4.059553,609,,Right,946.4357,1069.231,49.93826,
1742678638724,4.059553,609,,Center,947.0915,1069.231,49.93826,
1742678638751,4.087184,611,,Left,947.6124,1072.016,49.93213,
1742678638751,4.087184,611,,Right,946.3525,1072.016,49.93213,
1742678638751,4.087184,611,,Center,947.0081,1072.016,49.93213,
1742678638780,4.114966,613,,Left,948.2711,1071.956,49.93187,
1742678638780,4.114966,613,,Right,947.0112,1071.956,49.93187,
1742678638780,4.114966,613,,Center,947.6683,1071.956,49.93187,
1742678638808,4.143046,615,,Left,946.3254,1071.452,49.9342,
1742678638808,4.143046,615,,Right,945.0654,1071.452,49.9342,
1742678638808,4.143046,615,,Center,945.7181,1071.452,49.9342,
1742678638835,4.170382,617,,Left,945.8356,1072.633,49.93177,
1742678638836,4.170382,617,,Right,944.5756,1072.633,49.93176,
1742678638836,4.170382,617,,Center,945.227,1072.633,49.93176,
1742678638864,4.198567,619,,Left,945.5974,1071.268,49.935,
1742678638864,4.198567,619,,Right,944.3375,1071.268,49.935,
1742678638864,4.198567,619,,Center,944.9883,1071.268,49.935,
1742678638891,4.226649,621,,Left,944.1969,1071.972,49.93405,
1742678638891,4.226649,621,,Right,942.937,1071.972,49.93405,
1742678638892,4.226649,621,,Center,943.5845,1071.972,49.93404,
1742678638919,4.254696,623,,Left,941.8851,1072.661,49.93332,
1742678638919,4.254696,623,,Right,940.6251,1072.661,49.93332,
1742678638919,4.254696,623,,Center,941.2673,1072.661,49.93332,
1742678638947,4.282176,625,,Left,942.2515,1072.581,49.93341,
1742678638947,4.282176,625,,Right,940.9915,1072.581,49.9334,
1742678638947,4.282176,625,,Center,941.6346,1072.581,49.93341,
1742678638975,4.310264,627,,Left,944.0715,1074.502,49.92815,
1742678638975,4.310264,627,,Right,942.8114,1074.502,49.92815,
1742678638975,4.310264,627,,Center,943.4588,1074.502,49.92815,
1742678639003,4.338016,629,,Left,942.6178,1075.265,49.92683,
1742678639003,4.338016,629,,Right,941.3577,1075.265,49.92682,
1742678639003,4.338016,629,,Center,942.0018,1075.265,49.92682,
1742678639031,4.365912,631,,Left,942.4695,1075.331,49.9267,
1742678639031,4.365912,631,,Right,941.2095,1075.331,49.9267,
1742678639031,4.365912,631,,Center,941.8531,1075.331,49.9267,
1742678639059,4.393969,633,,Left,942.0787,1077.27,49.92188,
1742678639059,4.393969,633,,Right,940.8185,1077.27,49.92188,
1742678639059,4.393969,633,,Center,941.4613,1077.27,49.92188,
1742678639086,4.421983,635,,Left,942.0811,1076.974,49.92263,
1742678639086,4.421983,635,,Right,940.8209,1076.974,49.92263,
1742678639086,4.421983,635,,Center,941.4637,1076.974,49.92263,
1742678639114,4.449749,637,,Left,942.4948,1076.912,49.92267,
1742678639114,4.449749,637,,Right,941.2346,1076.912,49.92267,
1742678639114,4.449749,637,,Center,941.8782,1076.912,49.92267,
1742678639143,4.477492,639,,Left,942.52,1075.118,49.9272,
1742678639143,4.477492,639,,Right,941.2599,1075.118,49.9272,
1742678639143,4.477492,639,,Center,941.9037,1075.118,49.9272,
1742678639170,4.504891,641,,Left,942.6892,1072.432,49.93362,
1742678639170,4.504891,641,,Right,941.4293,1072.432,49.93362,
1742678639170,4.504891,641,,Center,942.0734,1072.432,49.93362,
1742678639198,4.53299,643,,Left,942.9501,1075.275,49.92667,
1742678639198,4.53299,643,,Right,941.6899,1075.275,49.92667,
1742678639198,4.53299,643,,Center,942.3347,1075.275,49.92667,
1742678639226,4.561012,645,,Left,943.6659,1074.152,49.92915,
1742678639226,4.561012,645,,Right,942.4058,1074.152,49.92915,
1742678639226,4.561012,645,,Center,943.0522,1074.152,49.92915,
1742678639253,4.589011,647,,Left,943.7419,1076.69,49.9228,
1742678639253,4.589011,647,,Right,942.4818,1076.69,49.9228,
1742678639253,4.589011,647,,Center,943.1285,1076.69,49.9228,
1742678639281,4.61664,649,,Left,944.2771,1076.995,49.92175,
1742678639281,4.61664,649,,Right,943.0168,1076.995,49.92175,
1742678639281,4.61664,649,,Center,943.6647,1076.995,49.92175,
1742678639309,4.644711,651,,Left,943.967,1074.812,49.92741,
1742678639309,4.644711,651,,Right,942.707,1074.812,49.9274,
1742678639309,4.644711,651,,Center,943.3541,1074.812,49.92741,
1742678639337,4.672121,653,,Left,943.3392,1071.595,49.93526,
1742678639337,4.672121,653,,Right,942.0792,1071.595,49.93527,
1742678639337,4.672121,653,,Center,942.7248,1071.595,49.93527,
1742678639365,4.700179,655,,Left,941.1841,1070.229,49.93902,
1742678639365,4.700179,655,,Right,939.9244,1070.229,49.93902,
1742678639365,4.700179,655,,Center,940.5648,1070.229,49.93902,
1742678639393,4.728117,657,,Left,939.734,1069.998,49.93985,
1742678639393,4.728117,657,,Right,938.4742,1069.998,49.93985,
1742678639393,4.728117,657,,Center,939.1113,1069.998,49.93985,
1742678639420,4.756336,659,,Left,939.4209,1070.467,49.93888,
1742678639420,4.756336,659,,Right,938.1612,1070.467,49.93888,
1742678639420,4.756336,659,,Center,938.7975,1070.467,49.93888,
1742678639449,4.783776,661,,Left,939.1868,1070.987,49.93777,
1742678639449,4.783776,661,,Right,937.927,1070.987,49.93776,
1742678639449,4.783776,661,,Center,938.5629,1070.987,49.93777,
1742678639476,4.812081,663,,Left,939.8179,1070.999,49.93758,
1742678639476,4.812081,663,,Right,938.5581,1070.999,49.93758,
1742678639476,4.812081,663,,Center,939.1954,1070.999,49.93758,
1742678639504,4.839227,665,,Left,941.4774,1070.692,49.93793,
1742678639504,4.839227,665,,Right,940.2175,1070.692,49.93794,
1742678639504,4.839227,665,,Center,940.8588,1070.692,49.93794,
1742678639532,4.866446,667,,Left,940.1951,1067.384,49.9453,
1742678639532,4.866446,667,,Right,938.9354,1067.384,49.9453,
1742678639532,4.866446,667,,Center,939.5735,1067.384,49.9453,
1742678639560,4.89468,669,,Left,940.6166,1067.357,49.94525,
1742678639560,4.89468,669,,Right,939.357,1067.357,49.94526,
1742678639560,4.89468,669,,Center,939.9961,1067.357,49.94526,
1742678639587,4.922737,671,,Left,940.7039,1066.528,49.94689,
1742678639587,4.922737,671,,Right,939.4443,1066.528,49.94689,
1742678639587,4.922737,671,,Center,940.0835,1066.528,49.94689,
1742678639615,4.950401,673,,Left,940.7346,1066.559,49.94683,
1742678639615,4.950401,673,,Right,939.4749,1066.559,49.94683,
1742678639615,4.950401,673,,Center,940.1143,1066.559,49.94683,
1742678639643,4.978625,675,,Left,941.1543,1064.793,49.95014,
1742678639643,4.978625,675,,Right,939.8948,1064.793,49.95014,
1742678639643,4.978625,675,,Center,940.5352,1064.793,49.95014,
1742678639671,5.00589,677,,Left,939.5988,1064.719,49.95061,
1742678639671,5.00589,677,,Right,938.3393,1064.719,49.95061,
1742678639671,5.00589,677,,Center,938.976,1064.719,49.95061,
1742678639699,5.033237,679,,Left,938.9731,1067.038,49.94622,
1742678639699,5.033237,679,,Right,937.7136,1067.038,49.94622,
1742678639699,5.033237,679,,Center,938.3488,1067.038,49.94622,
1742678639727,5.061453,681,,Left,937.7678,1071.201,49.93747,
1742678639727,5.061453,681,,Right,936.5079,1071.201,49.93747,
1742678639727,5.061453,681,,Center,937.1404,1071.201,49.93747,
1742678639754,5.089842,683,,Left,938.8381,1070.867,49.93813,
1742678639754,5.089842,683,,Right,937.5783,1070.867,49.93812,
1742678639754,5.089842,683,,Center,938.2133,1070.867,49.93813,
1742678639783,5.11794,685,,Left,941.498,1072.325,49.93425,
1742678639783,5.11794,685,,Right,940.238,1072.325,49.93425,
1742678639783,5.11794,685,,Center,940.8794,1072.325,49.93425,
1742678639811,5.146136,687,,Left,941.3444,1071.994,49.93507,
1742678639811,5.146136,687,,Right,940.0845,1071.994,49.93507,
1742678639811,5.146136,687,,Center,940.7254,1071.994,49.93508,
1742678639839,5.173785,689,,Left,943.7194,1071.87,49.93456,
1742678639839,5.173785,689,,Right,942.4595,1071.87,49.93456,
1742678639839,5.173785,689,,Center,943.106,1071.87,49.93456,
1742678639866,5.200971,691,,Left,943.6914,1062.208,49.95404,
1742678639866,5.200971,691,,Right,942.4319,1062.208,49.95404,
1742678639866,5.200971,691,,Center,943.0781,1062.208,49.95404,
1742678639894,5.22917,693,,Left,943.5115,1062.605,49.95341,
1742678639894,5.22917,693,,Right,942.2521,1062.605,49.95342,
1742678639894,5.22917,693,,Center,942.8978,1062.605,49.95342,
1742678639922,5.257257,695,,Left,946.687,1065.666,49.9462,
1742678639922,5.257257,695,,Right,945.4274,1065.666,49.9462,
1742678639922,5.257257,695,,Center,946.0807,1065.666,49.9462,
1742678639950,5.285149,697,,Left,942.7191,1066.679,49.94608,
1742678639950,5.285149,697,,Right,941.4595,1066.679,49.94608,
1742678639950,5.285149,697,,Center,942.1035,1066.679,49.94608,
1742678639978,5.313633,699,,Left,942.6674,1066.869,49.9457,
1742678639978,5.313633,699,,Right,941.4076,1066.869,49.9457,
1742678639978,5.313633,699,,Center,942.0515,1066.869,49.9457,
1742678640006,5.341068,701,,Left,947.0342,1074.417,49.92691,
1742678640006,5.341068,701,,Right,945.7742,1074.417,49.92691,
1742678640006,5.341068,701,,Center,946.4285,1074.417,49.92691,
1742678640033,5.368398,703,,Left,935.7192,1078.061,49.92075,
1742678640033,5.368398,703,,Right,934.4589,1078.061,49.92075,
1742678640033,5.368398,703,,Center,935.0869,1078.061,49.92075,
1742678640061,5.396042,705,,Left,942.5387,1077.418,49.92145,
1742678640061,5.396042,705,,Right,941.2785,1077.418,49.92145,
1742678640061,5.396042,705,,Center,941.9223,1077.418,49.92145,
1742678640089,5.424197,707,,Left,940.6174,1077.195,49.92255,
1742678640089,5.424197,707,,Right,939.3571,1077.195,49.92255,
1742678640089,5.424197,707,,Center,939.9966,1077.195,49.92256,
1742678640117,5.452263,709,,Left,941,1068.814,49.94221,
1742678640117,5.452263,709,,Right,939.7403,1068.814,49.94222,
1742678640117,5.452263,709,,Center,940.3803,1068.814,49.94221,
1742678640145,5.48044,711,,Left,941.1153,1068.865,49.94209,
1742678640145,5.48044,711,,Right,939.8555,1068.865,49.94209,
1742678640145,5.48044,711,,Center,940.4959,1068.865,49.94209,
1742678640173,5.508283,713,,Left,940.9573,1069.447,49.94086,
1742678640173,5.508283,713,,Right,939.6975,1069.447,49.94085,
1742678640173,5.508283,713,,Center,940.3375,1069.447,49.94085,
1742678640201,5.535443,715,,Left,940.6231,1075.501,49.92691,
1742678640201,5.535443,715,,Right,939.363,1075.501,49.92691,
1742678640201,5.535443,715,,Center,940.0024,1075.501,49.9269,
1742678640229,5.563689,717,,Left,940.1817,1075.301,49.9275,
1742678640229,5.563689,717,,Right,938.9216,1075.301,49.92749,
1742678640229,5.563689,717,,Center,939.5599,1075.301,49.9275,
1742678640256,5.591506,719,,Left,940.0897,1067.853,49.94443,
1742678640256,5.591506,719,,Right,938.83,1067.853,49.94443,
1742678640256,5.591506,719,,Center,939.4679,1067.853,49.94443,
1742678640284,5.619693,721,,Left,945.9461,1067.91,49.94211,
1742678640284,5.619693,721,,Right,944.6864,1067.91,49.94211,
1742678640284,5.619693,721,,Center,945.3379,1067.91,49.94211,
1742678640312,5.647148,723,,Left,946.0663,1067.544,49.94281,
1742678640312,5.647148,723,,Right,944.8066,1067.544,49.94281,
1742678640312,5.647148,723,,Center,945.4584,1067.544,49.94281,
1742678640340,5.674845,725,,Left,946.4633,1067.406,49.94285,
1742678640340,5.674845,725,,Right,945.2036,1067.406,49.94285,
1742678640340,5.674845,725,,Center,945.8564,1067.406,49.94285,
1742678640367,5.702399,727,,Left,943.2692,1070.18,49.93847,
1742678640367,5.702399,727,,Right,942.0093,1070.18,49.93846,
1742678640367,5.702399,727,,Center,942.6547,1070.18,49.93846,
1742678640395,5.730246,729,,Left,942.9833,1071.246,49.93622,
1742678640395,5.730246,729,,Right,941.7235,1071.246,49.93622,
1742678640395,5.730246,729,,Center,942.3682,1071.246,49.93622,
1742678640423,5.758342,731,,Left,943.0588,1073.539,49.93087,
1742678640423,5.758342,731,,Right,941.7987,1073.539,49.93087,
1742678640423,5.758342,731,,Center,942.4437,1073.539,49.93087,
1742678640450,5.786575,733,,Left,945.3915,1073.544,49.92982,
1742678640450,5.786575,733,,Right,944.1314,1073.544,49.92983,
1742678640451,5.786575,733,,Center,944.7819,1073.544,49.92982,
1742678640479,5.813927,735,,Left,945.5306,1073.8,49.92911,
1742678640479,5.813927,735,,Right,944.2705,1073.8,49.92911,
1742678640479,5.813927,735,,Center,944.9213,1073.8,49.92911,
1742678640507,5.841822,737,,Left,945.4039,1073.491,49.92993,
1742678640507,5.841822,737,,Right,944.1438,1073.491,49.92993,
1742678640507,5.841822,737,,Center,944.7943,1073.491,49.92993,
1742678640534,5.869219,739,,Left,945.0974,1075.451,49.9253,
1742678640534,5.869219,739,,Right,943.8372,1075.451,49.9253,
1742678640534,5.869219,739,,Center,944.487,1075.451,49.9253,
1742678640562,5.897337,741,,Left,943.1103,1075.38,49.92632,
1742678640562,5.897337,741,,Right,941.8502,1075.38,49.92632,
1742678640562,5.897337,741,,Center,942.4954,1075.38,49.92631,
1742678640590,5.925316,743,,Left,942.8799,1074.603,49.92832,
1742678640590,5.925316,743,,Right,941.6198,1074.603,49.92832,
1742678640590,5.925316,743,,Center,942.2644,1074.603,49.92832,
1742678640617,5.953294,745,,Left,941.8312,1070.829,49.93749,
1742678640617,5.953294,745,,Right,940.5713,1070.829,49.93749,
1742678640617,5.953294,745,,Center,941.2134,1070.829,49.9375,
1742678640646,5.981237,747,,Left,941.7385,1071.254,49.93658,
1742678640646,5.981237,747,,Right,940.4786,1071.254,49.93658,
1742678640646,5.981237,747,,Center,941.1204,1071.254,49.93658,
1742678640674,6.008774,749,,Left,941.7943,1070.283,49.93874,
1742678640674,6.008774,749,,Right,940.5344,1070.283,49.93874,
1742678640674,6.008774,749,,Center,941.1764,1070.283,49.93875,
1742678640701,6.036085,751,,Left,936.1582,1070.564,49.9389,
1742678640701,6.036085,751,,Right,934.8984,1070.564,49.9389,
1742678640701,6.036085,751,,Center,935.5272,1070.564,49.9389,
1742678640729,6.064087,753,,Left,943.8422,1068.629,49.94158,
1742678640729,6.064087,753,,Right,942.5825,1068.629,49.94158,
1742678640729,6.064087,753,,Center,943.2291,1068.629,49.94158,
1742678640757,6.092254,755,,Left,942.918,1068.113,49.94304,
1742678640757,6.092254,755,,Right,941.6582,1068.113,49.94304,
1742678640757,6.092254,755,,Center,942.3027,1068.113,49.94304,
1742678640784,6.120179,757,,Left,942.9704,1067.583,49.94411,
1742678640784,6.120179,757,,Right,941.7108,1067.583,49.94411,
1742678640784,6.120179,757,,Center,942.3553,1067.583,49.94411,
1742678640813,6.14777,759,,Left,942.8668,1067.316,49.94469,
1742678640813,6.14777,759,,Right,941.607,1067.316,49.94469,
1742678640813,6.14777,759,,Center,942.2514,1067.316,49.94469,
1742678640841,6.175979,761,,Left,937.5891,1069.794,49.94059,
1742678640841,6.175979,761,,Right,936.3293,1069.794,49.94059,
1742678640841,6.175979,761,,Center,936.9615,1069.794,49.94059,
1742678640868,6.203166,763,,Left,937.6395,1070.746,49.9385,
1742678640868,6.203166,763,,Right,936.3796,1070.746,49.9385,
1742678640868,6.203166,763,,Center,937.0119,1070.746,49.9385,
1742678640896,6.231312,765,,Left,940.0992,1070.174,49.93945,
1742678640896,6.231312,765,,Right,938.8395,1070.174,49.93944,
1742678640897,6.231312,765,,Center,939.4775,1070.174,49.93944,
1742678640924,6.259539,767,,Left,944.0873,1068.488,49.94181,
1742678640924,6.259539,767,,Right,942.8276,1068.488,49.94181,
1742678640924,6.259539,767,,Center,943.4749,1068.488,49.94181,
1742678640952,6.287336,769,,Left,944.3433,1067.637,49.94345,
1742678640952,6.287336,769,,Right,943.0836,1067.637,49.94345,
1742678640952,6.287336,769,,Center,943.7314,1067.637,49.94345,
1742678640980,6.315048,771,,Left,944.6411,1066.932,49.94471,
1742678640980,6.315048,771,,Right,943.3815,1066.932,49.94471,
1742678640980,6.315048,771,,Center,944.03,1066.932,49.94471,
1742678641008,6.343167,773,,Left,944.6912,1066.127,49.94629,
1742678641008,6.343167,773,,Right,943.4316,1066.126,49.94629,
1742678641008,6.343167,773,,Center,944.0802,1066.126,49.94628,
1742678641036,6.37081,775,,Left,838.676,1099.838,49.57673,
1742678641036,6.37081,775,,Right,837.4069,1099.838,49.57673,
1742678641036,6.37081,775,,Center,837.8132,1099.838,49.57673,
1742678641064,6.398686,777,,Left,715.017,1138.188,48.32338,
1742678641064,6.398686,777,,Right,713.7151,1138.188,48.32337,
1742678641064,6.398686,777,,Center,713.8495,1138.187,48.32338,
1742678641092,6.427018,779,,Left,612.4423,1178.201,46.68481,
1742678641092,6.427018,779,,Right,611.0947,1178.201,46.68482,
1742678641092,6.427018,779,,Center,611.0128,1178.201,46.68481,
1742678641119,6.454783,781,,Left,575.145,1181.612,46.0708,
1742678641119,6.454783,781,,Right,573.7794,1181.612,46.0708,
1742678641119,6.454783,781,,Center,573.6195,1181.612,46.0708,
1742678641147,6.482491,783,,Left,575.0275,1181.88,46.06703,
1742678641147,6.482491,783,,Right,573.6619,1181.88,46.06703,
1742678641147,6.482491,783,,Center,573.5018,1181.88,46.06703,
1742678641175,6.51071,785,,Left,574.8143,1177.036,46.0958,
1742678641175,6.51071,785,,Right,573.4495,1177.036,46.0958,
1742678641175,6.51071,785,,Center,573.2885,1177.036,46.0958,
1742678641204,6.538281,787,,Left,575.9012,1172.986,46.13984,
1742678641204,6.538281,787,,Right,574.5377,1172.986,46.13984,
1742678641204,6.538281,787,,Center,574.3785,1172.986,46.13984,
1742678641232,6.566349,789,,Left,560,1176.095,45.85569,
1742678641232,6.566349,789,,Right,558.6281,1176.095,45.85568,
1742678641232,6.566349,789,,Center,558.436,1176.095,45.85569,
1742678641259,6.594097,791,,Left,560.8923,1169.129,45.91437,
1742678641259,6.594097,791,,Right,559.5221,1169.129,45.91437,
1742678641259,6.594097,791,,Center,559.3314,1169.129,45.91437,
1742678641287,6.621844,793,,Left,561.3088,1173.912,45.89158,
1742678641287,6.621844,793,,Right,559.9379,1173.912,45.89158,
1742678641287,6.621844,793,,Center,559.7485,1173.912,45.89158,
1742678641314,6.649848,795,,Left,562.9337,1173.743,45.91997,
1742678641314,6.649848,795,,Right,561.5637,1173.743,45.91997,
1742678641315,6.649848,795,,Center,561.3776,1173.743,45.91998,
1742678641342,6.677653,797,,Left,563.5674,1171.451,45.945,
1742678641342,6.677653,797,,Right,562.1981,1171.451,45.945,
1742678641342,6.677653,797,,Center,562.0131,1171.451,45.945,
1742678641370,6.705333,799,,Left,562.5026,1174.496,45.90798,
1742678641370,6.705333,799,,Right,561.1321,1174.496,45.90798,
1742678641370,6.705333,799,,Center,560.9454,1174.496,45.90798,
1742678641399,6.733283,801,,Left,557.1984,1177.451,45.79981,
1742678641399,6.733283,801,,Right,555.8248,1177.451,45.79981,
1742678641399,6.733283,801,,Center,555.627,1177.451,45.79981,
1742678641426,6.761178,803,,Left,555.9174,1184.329,45.73289,
1742678641426,6.761178,803,,Right,554.5417,1184.329,45.73289,
1742678641426,6.761178,803,,Center,554.342,1184.329,45.73289,
1742678641454,6.789216,805,,Left,551.2341,1189.024,45.62177,
1742678641454,6.789216,805,,Right,549.8551,1189.024,45.62177,
1742678641454,6.789216,805,,Center,549.6462,1189.024,45.62177,
1742678641482,6.816727,807,,Left,558.0116,1187.603,45.74585,
1742678641482,6.816727,807,,Right,556.6363,1187.603,45.74585,
1742678641482,6.816727,807,,Center,556.4413,1187.603,45.74585,
1742678641510,6.844882,809,,Left,557.9294,1187.379,45.74604,
1742678641510,6.844882,809,,Right,556.554,1187.379,45.74604,
1742678641510,6.844882,809,,Center,556.3589,1187.379,45.74604,
1742678641538,6.872445,811,,Left,563.2157,1187.534,45.83339,
1742678641538,6.872445,811,,Right,561.843,1187.534,45.83339,
1742678641538,6.872445,811,,Center,561.6589,1187.534,45.83339,
1742678641565,6.899786,813,,Left,563.3149,1186.716,45.84069,
1742678641565,6.899786,813,,Right,561.9424,1186.716,45.84069,
1742678641565,6.899786,813,,Center,561.7585,1186.716,45.84069,
1742678641593,6.927844,815,,Left,556.5469,1186.951,45.72577,
1742678641593,6.927844,815,,Right,555.171,1186.951,45.72577,
1742678641593,6.927844,815,,Center,554.973,1186.951,45.72577,
1742678641620,6.955941,817,,Left,556.2167,1182.295,45.75155,
1742678641620,6.955941,817,,Right,554.8416,1182.295,45.75155,
1742678641620,6.955941,817,,Center,554.6423,1182.295,45.75155,
1742678641649,6.983805,819,,Left,556.1996,1182.058,45.75282,
1742678641649,6.983805,819,,Right,554.8246,1182.058,45.75282,
1742678641649,6.983805,819,,Center,554.6252,1182.058,45.75282,
1742678641677,7.012106,821,,Left,555.2408,1181.66,45.73923,
1742678641677,7.012106,821,,Right,553.8654,1181.66,45.73923,
1742678641677,7.012106,821,,Center,553.6641,1181.66,45.73923,
1742678641704,7.03928,823,,Left,555.8278,1179.917,45.76062,
1742678641704,7.03928,823,,Right,554.4529,1179.917,45.76062,
1742678641704,7.03928,823,,Center,554.2526,1179.917,45.76062,
1742678641732,7.066653,825,,Left,555.5457,1179.249,45.76022,
1742678641732,7.066653,825,,Right,554.1708,1179.249,45.76022,
1742678641732,7.066653,825,,Center,553.9699,1179.249,45.76021,
1742678641760,7.094654,827,,Left,550.7606,1180.791,45.66896,
1742678641760,7.094654,827,,Right,549.3831,1180.791,45.66895,
1742678641760,7.094654,827,,Center,549.1722,1180.791,45.66896,
1742678641787,7.122823,829,,Left,553.9635,1183.397,45.70608,
1742678641787,7.122823,829,,Right,552.587,1183.397,45.70608,
1742678641787,7.122823,829,,Center,552.3832,1183.397,45.70609,
1742678641816,7.150654,831,,Left,553.7384,1183.51,45.70153,
1742678641816,7.150654,831,,Right,552.3618,1183.51,45.70152,
1742678641816,7.150654,831,,Center,552.1575,1183.51,45.70153,
1742678641844,7.178929,833,,Left,552.0496,1183.294,45.67434,
1742678641844,7.178929,833,,Right,550.6722,1183.294,45.67434,
1742678641844,7.178929,833,,Center,550.4644,1183.294,45.67433,
1742678641872,7.206668,835,,Left,552.942,1180.048,45.71083,
1742678641872,7.206668,835,,Right,551.5656,1180.048,45.71083,
1742678641872,7.206668,835,,Center,551.3594,1180.048,45.71083,
1742678641899,7.233879,837,,Left,553.162,1180.078,45.71441,
1742678641899,7.233879,837,,Right,551.7858,1180.078,45.71441,
1742678641899,7.233879,837,,Center,551.58,1180.077,45.7144,
1742678641927,7.262075,839,,Left,555.6751,1179.744,45.75915,
1742678641927,7.262075,839,,Right,554.3002,1179.744,45.75916,
1742678641927,7.262075,839,,Center,554.0996,1179.744,45.75916,
1742678641954,7.290297,841,,Left,558.4783,1180.072,45.80429,
1742678641955,7.290297,841,,Right,557.1048,1180.072,45.80429,
1742678641955,7.290297,841,,Center,556.9101,1180.072,45.80429,
1742678641983,7.317905,843,,Left,558.3971,1177.128,45.82204,
1742678641983,7.317905,843,,Right,557.024,1177.128,45.82204,
1742678641983,7.317905,843,,Center,556.8289,1177.128,45.82204,
1742678642011,7.34637,845,,Left,558.6033,1177.512,45.82309,
1742678642011,7.34637,845,,Right,557.2303,1177.512,45.82309,
1742678642011,7.34637,845,,Center,557.0356,1177.512,45.82309,
1742678642038,7.373661,847,,Left,558.3112,1174.9,45.83489,
1742678642039,7.373661,847,,Right,556.9386,1174.9,45.83489,
1742678642039,7.373661,847,,Center,556.743,1174.9,45.83488,
1742678642066,7.400934,849,,Left,556.1118,1174.823,45.79816,
1742678642066,7.400934,849,,Right,554.738,1174.823,45.79816,
1742678642066,7.400934,849,,Center,554.5378,1174.823,45.79816,
1742678642094,7.428984,851,,Left,555.3926,1180.23,45.7512,
1742678642094,7.428984,851,,Right,554.0175,1180.23,45.7512,
1742678642094,7.428984,851,,Center,553.8163,1180.23,45.7512,
1742678642122,7.457158,853,,Left,555.323,1184.234,45.72348,
1742678642122,7.457158,853,,Right,553.9471,1184.234,45.72348,
1742678642122,7.457158,853,,Center,553.7463,1184.234,45.72348,
1742678642150,7.485125,855,,Left,555.5841,1184.167,45.72832,
1742678642150,7.485125,855,,Right,554.2083,1184.167,45.72832,
1742678642150,7.485125,855,,Center,554.008,1184.167,45.72832,
1742678642178,7.513424,857,,Left,555.6737,1184.681,45.72636,
1742678642178,7.513424,857,,Right,554.2978,1184.681,45.72636,
1742678642178,7.513424,857,,Center,554.0976,1184.681,45.72635,
1742678642205,7.54079,859,,Left,557.2357,1183.436,45.76108,
1742678642206,7.54079,859,,Right,555.8608,1183.436,45.76108,
1742678642206,7.54079,859,,Center,555.6638,1183.436,45.76108,
1742678642233,7.568206,861,,Left,557.8468,1180.35,45.79183,
1742678642233,7.568206,861,,Right,556.4729,1180.35,45.79183,
1742678642233,7.568206,861,,Center,556.2769,1180.349,45.79184,
1742678642261,7.596231,863,,Left,558.7442,1179.626,45.81171,
1742678642261,7.596231,863,,Right,557.3709,1179.626,45.81171,
1742678642261,7.596231,863,,Center,557.1767,1179.626,45.81171,
1742678642289,7.624193,865,,Left,558.3633,1182.44,45.78672,
1742678642289,7.624193,865,,Right,556.9892,1182.44,45.78672,
1742678642289,7.624193,865,,Center,556.7945,1182.44,45.78672,
1742678642317,7.652378,867,,Left,557.5543,1182.359,45.77368,
1742678642317,7.652378,867,,Right,556.1799,1182.359,45.77367,
1742678642317,7.652378,867,,Center,555.9834,1182.359,45.77367,
1742678642345,7.680474,869,,Left,557.5782,1181.901,45.77712,
1742678642345,7.680474,869,,Right,556.2039,1181.901,45.77712,
1742678642345,7.680474,869,,Center,556.0074,1181.901,45.77712,
1742678642373,7.708016,871,,Left,556.7718,1183.166,45.75505,
1742678642373,7.708016,871,,Right,555.3968,1183.166,45.75505,
1742678642373,7.708016,871,,Center,555.1989,1183.166,45.75505,
1742678642400,7.735255,873,,Left,556.6511,1177.149,45.79249,
1742678642400,7.735255,873,,Right,555.2772,1177.149,45.79249,
1742678642400,7.735255,873,,Center,555.0784,1177.149,45.79249,
1742678642428,7.763368,875,,Left,556.7817,1185.328,45.74071,
1742678642428,7.763368,875,,Right,555.4063,1185.328,45.74071,
1742678642428,7.763368,875,,Center,555.2085,1185.328,45.7407,
1742678642456,7.791625,877,,Left,560.3427,1177.03,45.85545,
1742678642456,7.791625,877,,Right,558.9707,1177.03,45.85545,
1742678642456,7.791625,877,,Center,558.7795,1177.03,45.85545,
1742678642484,7.819526,879,,Left,559.7705,1175.042,45.85854,
1742678642484,7.819526,879,,Right,558.3986,1175.042,45.85854,
1742678642484,7.819526,879,,Center,558.2061,1175.042,45.85854,
1742678642512,7.847476,881,,Left,559.3154,1174.814,45.85237,
1742678642512,7.847476,881,,Right,557.9433,1174.814,45.85237,
1742678642512,7.847476,881,,Center,557.7498,1174.814,45.85237,
1742678642540,7.875157,883,,Left,557.3267,1174.833,45.8187,
1742678642540,7.875157,883,,Right,555.9536,1174.833,45.8187,
1742678642540,7.875157,883,,Center,555.756,1174.833,45.8187,
1742678642568,7.902527,885,,Left,553.9224,1175.642,45.75586,
1742678642568,7.902527,885,,Right,552.5475,1175.642,45.75586,
1742678642568,7.902527,885,,Center,552.3428,1175.642,45.75586,
1742678642596,7.930413,887,,Left,551.1082,1196.98,45.56361,
1742678642596,7.930413,887,,Right,549.7274,1196.98,45.56361,
1742678642596,7.930413,887,,Center,549.5191,1196.98,45.56361,
1742678642623,7.958559,889,,Left,551.5773,1197.012,45.5713,
1742678642623,7.958559,889,,Right,550.1968,1197.012,45.5713,
1742678642623,7.958559,889,,Center,549.9895,1197.012,45.5713,
1742678642651,7.986682,891,,Left,559.5454,1196.499,45.70873,
1742678642651,7.986682,891,,Right,558.1691,1196.499,45.70873,
1742678642651,7.986682,891,,Center,557.9782,1196.499,45.70873,
1742678642679,8.01395,893,,Left,559.7889,1196.238,45.71466,
1742678642679,8.01395,893,,Right,558.4127,1196.238,45.71466,
1742678642679,8.01395,893,,Center,558.2224,1196.238,45.71466,
1742678642707,8.041822,895,,Left,563.365,1190.8,45.81307,
1742678642707,8.041822,895,,Right,561.9918,1190.8,45.81308,
1742678642707,8.041822,895,,Center,561.8083,1190.8,45.81307,
1742678642734,8.069107,897,,Left,569.2828,1190.844,45.91068,
1742678642734,8.069107,897,,Right,567.9125,1190.844,45.91068,
1742678642734,8.069107,897,,Center,567.7414,1190.844,45.91068,
1742678642762,8.097282,899,,Left,569.6702,1191.008,45.9159,
1742678642762,8.097282,899,,Right,568.3,1191.008,45.9159,
1742678642762,8.097282,899,,Center,568.1297,1191.008,45.9159,
1742678642790,8.125164,901,,Left,574.428,1190.468,45.99773,
1742678642790,8.125164,901,,Right,573.0603,1190.468,45.99773,
1742678642790,8.125164,901,,Center,572.8998,1190.468,45.99772,
1742678642818,8.153378,903,,Left,575.0309,1182.068,46.0659,
1742678642818,8.153378,903,,Right,573.6652,1182.068,46.06591,
1742678642818,8.153378,903,,Center,573.5051,1182.068,46.06591,
1742678642846,8.181231,905,,Left,576.1832,1181.325,46.08978,
1742678642846,8.181231,905,,Right,574.8182,1181.325,46.08978,
1742678642846,8.181231,905,,Center,574.6605,1181.325,46.08978,
1742678642874,8.209066,907,,Left,565.8036,1181.322,45.91862,
1742678642874,8.209066,907,,Right,564.4335,1181.322,45.91861,
1742678642874,8.209066,907,,Center,564.2541,1181.322,45.91861,
1742678642901,8.236246,909,,Left,565.0536,1186.38,45.87193,
1742678642901,8.236246,909,,Right,563.6822,1186.38,45.87193,
1742678642901,8.236246,909,,Center,563.5017,1186.38,45.87193,
1742678642929,8.264353,911,,Left,584.3524,1185.963,46.19034,
1742678642929,8.264353,911,,Right,582.9904,1185.963,46.19034,
1742678642929,8.264353,911,,Center,582.8502,1185.963,46.19034,
1742678642957,8.292315,913,,Left,920.8203,1023.45,49.97235,
1742678642957,8.292315,913,,Right,919.5613,1023.45,49.97235,
1742678642957,8.292315,913,,Center,920.1539,1023.45,49.97236,
1742678642985,8.320278,915,,Left,926.1796,1024.198,49.97675,
1742678642985,8.320278,915,,Right,924.9207,1024.198,49.97676,
1742678642985,8.320278,915,,Center,925.5258,1024.198,49.97676,
1742678643013,8.347893,917,,Left,926.4343,1023.81,49.97674,
1742678643013,8.347893,917,,Right,925.1754,1023.81,49.97674,
1742678643013,8.347893,917,,Center,925.7811,1023.81,49.97674,
1742678643041,8.375967,919,,Left,920.9495,1074.75,49.92204,
1742678643041,8.375967,919,,Right,919.6893,1074.75,49.92204,
1742678643041,8.375967,919,,Center,920.2828,1074.75,49.92204,
1742678643068,8.403135,921,,Left,583.9398,1212.447,45.98376,
1742678643068,8.403135,921,,Right,582.5717,1212.447,45.98376,
1742678643068,8.403135,921,,Center,582.4336,1212.447,45.98376,
1742678643096,8.431204,923,,Left,536.2583,1214.567,45.1795,
1742678643096,8.431204,923,,Right,534.8658,1214.567,45.17951,
1742678643096,8.431204,923,,Center,534.6287,1214.567,45.17951,
1742678643124,8.45941,925,,Left,532.9429,1215.136,45.11827,
1742678643124,8.45941,925,,Right,531.5485,1215.136,45.11826,
1742678643124,8.45941,925,,Center,531.3045,1215.136,45.11826,
1742678643151,8.487123,927,,Left,530.4139,1215.337,45.0732,
1742678643151,8.487123,927,,Right,529.0181,1215.337,45.0732,
1742678643151,8.487123,927,,Center,528.7691,1215.337,45.0732,
1742678643180,8.514574,929,,Left,530.3846,1216.042,45.06718,
1742678643180,8.514574,929,,Right,528.9886,1216.042,45.06718,
1742678643180,8.514574,929,,Center,528.7397,1216.042,45.06718,
1742678643208,8.542852,931,,Left,530.7545,1212.402,45.10161,
1742678643208,8.542852,931,,Right,529.3594,1212.402,45.10161,
1742678643208,8.542852,931,,Center,529.1108,1212.402,45.10161,
1742678643235,8.570042,933,,Left,531.4374,1210.595,45.12714,
1742678643235,8.570042,933,,Right,530.0433,1210.595,45.12714,
1742678643235,8.570042,933,,Center,529.7958,1210.595,45.12714,
1742678643263,8.598192,935,,Left,533.696,1202.874,45.22349,
1742678643263,8.598192,935,,Right,532.3049,1202.874,45.22349,
1742678643263,8.598192,935,,Center,532.0613,1202.874,45.22349,
1742678643291,8.626251,937,,Left,533.2723,1198.415,45.24827,
1742678643291,8.626251,937,,Right,531.882,1198.415,45.24827,
1742678643291,8.626251,937,,Center,531.6369,1198.415,45.24827,
1742678643318,8.653963,939,,Left,533.2129,1198.625,45.24576,
1742678643318,8.653963,939,,Right,531.8224,1198.625,45.24576,
1742678643318,8.653963,939,,Center,531.5772,1198.625,45.24576,
1742678643347,8.681812,941,,Left,533.0429,1198.766,45.24181,
1742678643347,8.681812,941,,Right,531.6523,1198.766,45.24181,
1742678643347,8.681812,941,,Center,531.4069,1198.766,45.24181,
1742678643375,8.709904,943,,Left,531.5691,1190.262,45.2753,
1742678643375,8.709904,943,,Right,530.1795,1190.262,45.2753,
1742678643375,8.709904,943,,Center,529.9301,1190.262,45.2753,
1742678643402,8.737106,945,,Left,531.8066,1190.557,45.27747,
1742678643402,8.737106,945,,Right,530.4171,1190.557,45.27747,
1742678643402,8.737106,945,,Center,530.1683,1190.557,45.27747,
1742678643431,8.765196,947,,Left,531.5673,1190.641,45.27272,
1742678643431,8.765196,947,,Right,530.1776,1190.641,45.27272,
1742678643431,8.765196,947,,Center,529.9282,1190.641,45.27272,
1742678643458,8.793352,949,,Left,532.5705,1191.26,45.28596,
1742678643458,8.793352,949,,Right,531.1812,1191.26,45.28596,
1742678643458,8.793352,949,,Center,530.9338,1191.26,45.28596,
1742678643486,8.821165,951,,Left,531.6068,1191.37,45.26844,
1742678643486,8.821165,951,,Right,530.2169,1191.37,45.26845,
1742678643486,8.821165,951,,Center,529.9677,1191.37,45.26844,
1742678643514,8.848986,953,,Left,531.3364,1191.569,45.2624,
1742678643514,8.848986,953,,Right,529.9464,1191.569,45.2624,
1742678643514,8.848986,953,,Center,529.6966,1191.569,45.2624,
1742678643542,8.877069,955,,Left,531.2611,1191.514,45.26146,
1742678643542,8.877069,955,,Right,529.8711,1191.514,45.26146,
1742678643542,8.877069,955,,Center,529.6211,1191.514,45.26146,
1742678643570,8.904577,957,,Left,529.7076,1192.535,45.22741,
1742678643570,8.904577,957,,Right,528.3165,1192.535,45.22741,
1742678643570,8.904577,957,,Center,528.0635,1192.535,45.22741,
1742678643598,8.93243,959,,Left,527.9554,1192.566,45.19661,
1742678643598,8.93243,959,,Right,526.5634,1192.566,45.1966,
1742678643598,8.93243,959,,Center,526.3068,1192.566,45.1966,
1742678643625,8.960615,961,,Left,527.9055,1192.243,45.19793,
1742678643625,8.960615,961,,Right,526.5135,1192.243,45.19794,
1742678643625,8.960615,961,,Center,526.2568,1192.243,45.19794,
1742678643653,8.988342,963,,Left,527.3329,1190.4,45.20044,
1742678643653,8.988342,963,,Right,525.9411,1190.4,45.20044,
1742678643653,8.988342,963,,Center,525.6829,1190.4,45.20044,
1742678643681,9.016323,965,,Left,527.6369,1190.491,45.20514,
1742678643681,9.016323,965,,Right,526.2452,1190.491,45.20513,
1742678643681,9.016323,965,,Center,525.9876,1190.491,45.20514,
1742678643709,9.044325,967,,Left,528.4641,1190.537,45.2193,
1742678643709,9.044325,967,,Right,527.0728,1190.537,45.2193,
1742678643709,9.044325,967,,Center,526.817,1190.537,45.2193,
1742678643737,9.071905,969,,Left,528.9868,1188.533,45.24191,
1742678643737,9.071905,969,,Right,527.5962,1188.533,45.24191,
1742678643737,9.071905,969,,Center,527.3412,1188.533,45.24191,
1742678643764,9.099163,971,,Left,529.743,1188.504,45.2553,
1742678643764,9.099163,971,,Right,528.3528,1188.504,45.2553,
1742678643764,9.099163,971,,Center,528.0994,1188.504,45.2553,
1742678643792,9.127117,973,,Left,529.8143,1188.502,45.25655,
1742678643792,9.127117,973,,Right,528.4241,1188.502,45.25654,
1742678643792,9.127117,973,,Center,528.1708,1188.502,45.25655,
1742678643820,9.155159,975,,Left,527.988,1191.228,45.20626,
1742678643820,9.155159,975,,Right,526.5963,1191.228,45.20626,
1742678643820,9.155159,975,,Center,526.3397,1191.228,45.20626,
1742678643848,9.183195,977,,Left,528.0539,1191.832,45.20333,
1742678643848,9.183195,977,,Right,526.6621,1191.832,45.20333,
1742678643848,9.183195,977,,Center,526.4056,1191.832,45.20333,
1742678643876,9.210903,979,,Left,528.6572,1192.322,45.21055,
1742678643876,9.210903,979,,Right,527.2657,1192.322,45.21054,
1742678643876,9.210903,979,,Center,527.0104,1192.322,45.21054,
1742678643904,9.238623,981,,Left,557.4329,1190.32,45.71735,
1742678643904,9.238623,981,,Right,556.0568,1190.32,45.71735,
1742678643904,9.238623,981,,Center,555.8608,1190.32,45.71735,
1742678643931,9.266319,983,,Left,560.907,1188.404,45.78886,
1742678643931,9.266319,983,,Right,559.533,1188.404,45.78886,
1742678643931,9.266319,983,,Center,559.3442,1188.404,45.78886,
1742678643959,9.294353,985,,Left,564.8135,1188.436,45.85371,
1742678643959,9.294353,985,,Right,563.4414,1188.436,45.85371,
1742678643959,9.294353,985,,Center,563.2607,1188.436,45.85371,
1742678643986,9.322086,987,,Left,564.7772,1187.597,45.85892,
1742678643987,9.322086,987,,Right,563.4052,1187.597,45.85891,
1742678643987,9.322086,987,,Center,563.2243,1187.597,45.85891,
1742678644015,9.350128,989,,Left,564.0101,1186.932,45.85077,
1742678644015,9.350128,989,,Right,562.638,1186.932,45.85078,
1742678644015,9.350128,989,,Center,562.4555,1186.932,45.85077,
1742678644043,9.37809,991,,Left,800.3018,1251.539,48.16105,
1742678644043,9.37809,991,,Right,798.9955,1251.539,48.16104,
1742678644043,9.37809,991,,Center,799.3309,1251.539,48.16105,
1742678644071,9.405668,993,,Left,1010.235,1260.142,48.40443,
1742678644071,9.405668,993,,Right,1008.936,1260.142,48.40443,
1742678644071,9.405668,993,,Center,1009.757,1260.142,48.40443,
1742678644098,9.432949,995,,Left,1182.404,1266.394,46.95349,
1742678644098,9.432949,995,,Right,1181.064,1266.394,46.95349,
1742678644098,9.432949,995,,Center,1182.307,1266.394,46.95349,
1742678644126,9.461208,997,,Left,1305.827,1239.128,45.49356,
1742678644126,9.461208,997,,Right,1304.444,1239.128,45.49356,
1742678644126,9.461208,997,,Center,1305.996,1239.128,45.49356,
1742678644154,9.48938,999,,Left,1324.832,1221.182,45.33514,
1742678644154,9.48938,999,,Right,1323.444,1221.182,45.33514,
1742678644154,9.48938,999,,Center,1325.042,1221.182,45.33514,
1742678644182,9.51763,1001,,Left,1324.333,1221.539,45.34055,
1742678644182,9.51763,1001,,Right,1322.946,1221.539,45.34055,
1742678644182,9.51763,1001,,Center,1324.543,1221.539,45.34055,
1742678644210,9.545063,1003,,Left,1326.829,1221.138,45.30199,
1742678644210,9.545063,1003,,Right,1325.44,1221.138,45.30199,
1742678644210,9.545063,1003,,Center,1327.044,1221.138,45.30199,
1742678644238,9.572952,1005,,Left,1331.875,1220.855,45.21923,
1742678644238,9.572952,1005,,Right,1330.484,1220.855,45.21923,
1742678644238,9.572952,1005,,Center,1332.1,1220.855,45.21924,
1742678644266,9.600269,1007,,Left,1332.625,1219.21,45.21972,
1742678644266,9.600269,1007,,Right,1331.234,1219.21,45.21972,
1742678644266,9.600269,1007,,Center,1332.852,1219.21,45.21973,
1742678644293,9.628736,1009,,Left,1332.707,1224.178,45.17819,
1742678644293,9.628736,1009,,Right,1331.315,1224.178,45.17819,
1742678644293,9.628736,1009,,Center,1332.934,1224.178,45.17819,
1742678644321,9.656321,1011,,Left,1328.451,1218.553,45.2955,
1742678644321,9.656321,1011,,Right,1327.062,1218.553,45.29551,
1742678644321,9.656321,1011,,Center,1328.669,1218.553,45.2955,
1742678644349,9.683821,1013,,Left,1327.846,1218.292,45.30779,
1742678644349,9.683821,1013,,Right,1326.458,1218.292,45.30778,
1742678644349,9.683821,1013,,Center,1328.064,1218.292,45.30778,
1742678644377,9.712708,1015,,Left,1325.248,1218.633,45.34872,
1742678644377,9.712708,1015,,Right,1323.861,1218.633,45.34872,
1742678644377,9.712708,1015,,Center,1325.46,1218.633,45.34872,
1742678644405,9.740019,1017,,Left,1325.292,1210.606,45.41115,
1742678644405,9.740019,1017,,Right,1323.907,1210.606,45.41115,
1742678644405,9.740019,1017,,Center,1325.505,1210.606,45.41114,
1742678644432,9.767361,1019,,Left,1322.718,1218.284,45.39388,
1742678644432,9.767361,1019,,Right,1321.332,1218.284,45.39388,
1742678644432,9.767361,1019,,Center,1322.925,1218.284,45.39388,
1742678644460,9.795372,1021,,Left,1323.07,1218.495,45.3863,
1742678644460,9.795372,1021,,Right,1321.684,1218.495,45.3863,
1742678644460,9.795372,1021,,Center,1323.278,1218.495,45.38629,
1742678644488,9.823492,1023,,Left,1319.031,1219.185,45.44806,
1742678644488,9.823492,1023,,Right,1317.647,1219.185,45.44806,
1742678644488,9.823492,1023,,Center,1319.23,1219.185,45.44806,
1742678644516,9.851532,1025,,Left,1318.509,1219.274,45.456,
1742678644516,9.851532,1025,,Right,1317.125,1219.274,45.45601,
1742678644516,9.851532,1025,,Center,1318.707,1219.274,45.456,
1742678644544,9.880148,1027,,Left,1316.686,1221.164,45.47079,
1742678644544,9.880148,1027,,Right,1315.303,1221.164,45.47079,
1742678644544,9.880148,1027,,Center,1316.88,1221.164,45.47079,
1742678644572,9.907335,1029,,Left,1313.524,1221.143,45.52314,
1742678644572,9.907335,1029,,Right,1312.142,1221.143,45.52314,
1742678644572,9.907335,1029,,Center,1313.711,1221.143,45.52314,
1742678644599,9.934265,1031,,Left,1308.523,1220.443,45.61087,
1742678644599,9.934265,1031,,Right,1307.143,1220.443,45.61087,
1742678644599,9.934265,1031,,Center,1308.7,1220.443,45.61087,
1742678644628,9.962543,1033,,Left,1308.778,1222.194,45.59221,
1742678644628,9.962543,1033,,Right,1307.398,1222.194,45.5922,
1742678644628,9.962543,1033,,Center,1308.955,1222.194,45.59221,
1742678644655,9.99081,1035,,Left,1307.391,1224.118,45.59875,
1742678644655,9.99081,1035,,Right,1306.011,1224.118,45.59875,
1742678644655,9.99081,1035,,Center,1307.565,1224.118,45.59875,
1742678644683,10.01868,1037,,Left,1308.785,1222.873,45.58644,
1742678644683,10.01868,1037,,Right,1307.405,1222.873,45.58644,
1742678644683,10.01868,1037,,Center,1308.962,1222.873,45.58644,
1742678644711,10.04704,1039,,Left,1308.168,1222.857,45.59666,
1742678644711,10.04704,1039,,Right,1306.788,1222.857,45.59666,
1742678644711,10.04704,1039,,Center,1308.344,1222.857,45.59666,
1742678644739,10.07461,1041,,Left,1303.622,1223.28,45.66697,
1742678644739,10.07461,1041,,Right,1302.244,1223.28,45.66697,
1742678644739,10.07461,1041,,Center,1303.788,1223.28,45.66696,
1742678644767,10.10202,1043,,Left,1307.378,1223.192,45.60674,
1742678644767,10.10202,1043,,Right,1305.998,1223.192,45.60674,
1742678644767,10.10202,1043,,Center,1307.552,1223.192,45.60674,
1742678644795,10.12978,1045,,Left,1308.069,1222.922,45.59774,
1742678644795,10.12978,1045,,Right,1306.689,1222.922,45.59774,
1742678644795,10.12978,1045,,Center,1308.245,1222.922,45.59774,
1742678644823,10.15783,1047,,Left,1311.759,1222.022,45.54488,
1742678644823,10.15783,1047,,Right,1310.377,1222.022,45.54488,
1742678644823,10.15783,1047,,Center,1311.942,1222.022,45.54488,
1742678644851,10.18604,1049,,Left,1311.615,1221.506,45.55151,
1742678644851,10.18604,1049,,Right,1310.234,1221.506,45.55151,
1742678644851,10.18604,1049,,Center,1311.798,1221.506,45.55151,
1742678644878,10.21408,1051,,Left,1311.422,1220.8,45.56047,
1742678644878,10.21408,1051,,Right,1310.042,1220.8,45.56046,
1742678644878,10.21408,1051,,Center,1311.605,1220.8,45.56047,
1742678644906,10.24163,1053,,Left,1309.174,1222.954,45.57944,
1742678644906,10.24163,1053,,Right,1307.794,1222.954,45.57944,
1742678644906,10.24163,1053,,Center,1309.352,1222.954,45.57944,
1742678644934,10.26894,1055,,Left,1305.466,1230.338,45.57693,
1742678644934,10.26894,1055,,Right,1304.085,1230.338,45.57693,
1742678644934,10.26894,1055,,Center,1305.635,1230.338,45.57693,
1742678644962,10.29695,1057,,Left,1305.755,1230.74,45.56875,
1742678644962,10.29695,1057,,Right,1304.375,1230.74,45.56875,
1742678644962,10.29695,1057,,Center,1305.925,1230.74,45.56876,
1742678644990,10.32488,1059,,Left,1308.738,1223.513,45.58185,
1742678644990,10.32488,1059,,Right,1307.358,1223.513,45.58185,
1742678644990,10.32488,1059,,Center,1308.915,1223.513,45.58185,
1742678645017,10.35298,1061,,Left,1309.389,1223.492,45.5714,
1742678645017,10.35298,1061,,Right,1308.008,1223.492,45.5714,
1742678645017,10.35298,1061,,Center,1309.567,1223.492,45.5714,
1742678645045,10.38032,1063,,Left,1309.9,1223.676,45.56153,
1742678645045,10.38032,1063,,Right,1308.519,1223.676,45.56153,
1742678645045,10.38032,1063,,Center,1310.079,1223.676,45.56153,
1742678645073,10.40823,1065,,Left,1311.289,1223.689,45.53867,
1742678645073,10.40823,1065,,Right,1309.907,1223.689,45.53867,
1742678645073,10.40823,1065,,Center,1311.471,1223.689,45.53867,
1742678645101,10.43551,1067,,Left,1311.301,1225.414,45.52404,
1742678645101,10.43551,1067,,Right,1309.918,1225.414,45.52404,
1742678645101,10.43551,1067,,Center,1311.483,1225.414,45.52403,
1742678645129,10.46361,1069,,Left,1312.375,1223.067,45.52606,
1742678645129,10.46361,1069,,Right,1310.993,1223.067,45.52606,
1742678645129,10.46361,1069,,Center,1312.56,1223.067,45.52606,
1742678645157,10.49173,1071,,Left,1312.982,1219.246,45.54755,
1742678645157,10.49173,1071,,Right,1311.601,1219.246,45.54755,
1742678645157,10.49173,1071,,Center,1313.169,1219.246,45.54754,
1742678645184,10.51971,1073,,Left,1316.049,1219.201,45.49731,
1742678645184,10.51971,1073,,Right,1314.667,1219.201,45.49731,
1742678645184,10.51971,1073,,Center,1316.242,1219.201,45.49731,
1742678645212,10.54738,1075,,Left,1316.102,1219.408,45.49476,
1742678645212,10.54738,1075,,Right,1314.719,1219.408,45.49476,
1742678645212,10.54738,1075,,Center,1316.295,1219.408,45.49476,
1742678645240,10.57522,1077,,Left,1315.878,1220.052,45.49323,
1742678645240,10.57522,1077,,Right,1314.495,1220.052,45.49322,
1742678645240,10.57522,1077,,Center,1316.07,1220.052,45.49322,
1742678645268,10.60248,1079,,Left,1317.496,1221.851,45.45174,
1742678645268,10.60248,1079,,Right,1316.112,1221.851,45.45173,
1742678645268,10.60248,1079,,Center,1317.692,1221.851,45.45173,
1742678645295,10.63064,1081,,Left,1315.529,1226.666,45.44413,
1742678645295,10.63064,1081,,Right,1314.145,1226.666,45.44413,
1742678645295,10.63064,1081,,Center,1315.72,1226.666,45.44413,
1742678645323,10.6585,1083,,Left,1318.696,1227.559,45.38437,
1742678645323,10.6585,1083,,Right,1317.31,1227.559,45.38437,
1742678645323,10.6585,1083,,Center,1318.893,1227.559,45.38437,
1742678645351,10.68673,1085,,Left,1306.182,1225.524,45.60652,
1742678645351,10.68673,1085,,Right,1304.803,1225.524,45.60652,
1742678645351,10.68673,1085,,Center,1306.353,1225.524,45.60651,
1742678645379,10.71425,1087,,Left,1305.863,1224.674,45.61887,
1742678645379,10.71425,1087,,Right,1304.484,1224.674,45.61887,
1742678645379,10.71425,1087,,Center,1306.034,1224.674,45.61887,
1742678645407,10.74198,1089,,Left,965.5764,1015.422,49.94957,
1742678645407,10.74198,1089,,Right,964.3168,1015.422,49.94957,
1742678645407,10.74198,1089,,Center,965.014,1015.422,49.94957,
1742678645435,10.7693,1091,,Left,941.2368,971.3478,49.87551,
1742678645435,10.7693,1091,,Right,939.9753,971.3478,49.87551,
1742678645435,10.7693,1091,,Center,940.6168,971.3478,49.87551,
1742678645462,10.79741,1093,,Left,941.4041,972.2855,49.87868,
1742678645462,10.79741,1093,,Right,940.1428,972.2855,49.87868,
1742678645462,10.79741,1093,,Center,940.7845,972.2856,49.87868,
1742678645490,10.82542,1095,,Left,1212.962,1017.348,47.90554,
1742678645490,10.82542,1095,,Right,1211.649,1017.348,47.90554,
1742678645490,10.82542,1095,,Center,1212.949,1017.348,47.90554,
1742678645518,10.85349,1097,,Left,1303.904,1227.931,45.6229,
1742678645518,10.85349,1097,,Right,1302.525,1227.931,45.6229,
1742678645518,10.85349,1097,,Center,1304.071,1227.931,45.6229,
1742678645546,10.8811,1099,,Left,1303.473,1227.822,45.63078,
1742678645546,10.8811,1099,,Right,1302.095,1227.822,45.63078,
1742678645546,10.8811,1099,,Center,1303.639,1227.822,45.63078,
1742678645574,10.90907,1101,,Left,1303.602,1234.72,45.56861,
1742678645574,10.90907,1101,,Right,1302.221,1234.72,45.56861,
1742678645574,10.90907,1101,,Center,1303.766,1234.72,45.56861,
1742678645601,10.93627,1103,,Left,1298.955,1229.663,45.68743,
1742678645601,10.93627,1103,,Right,1297.578,1229.663,45.68742,
1742678645601,10.93627,1103,,Center,1299.111,1229.663,45.68742,
1742678645629,10.96437,1105,,Left,1299.154,1230.166,45.67985,
1742678645629,10.96437,1105,,Right,1297.777,1230.166,45.67986,
1742678645629,10.96437,1105,,Center,1299.31,1230.166,45.67985,
1742678645657,10.99257,1107,,Left,1299.278,1230.319,45.67655,
1742678645657,10.99257,1107,,Right,1297.9,1230.319,45.67655,
1742678645657,10.99257,1107,,Center,1299.434,1230.319,45.67655,
1742678645685,11.02053,1109,,Left,1300.049,1231.181,45.65669,
1742678645685,11.02053,1109,,Right,1298.671,1231.181,45.65669,
1742678645685,11.02053,1109,,Center,1300.207,1231.181,45.65669,
1742678645713,11.04838,1111,,Left,1299.709,1231.773,45.65694,
1742678645713,11.04838,1111,,Right,1298.331,1231.773,45.65694,
1742678645713,11.04838,1111,,Center,1299.866,1231.773,45.65694,
1742678645741,11.07592,1113,,Left,1300.089,1233.955,45.63163,
1742678645741,11.07592,1113,,Right,1298.71,1233.955,45.63163,
1742678645741,11.07592,1113,,Center,1300.247,1233.955,45.63163,
1742678645769,11.10356,1115,,Left,1299.723,1231.487,45.65918,
1742678645769,11.10356,1115,,Right,1298.345,1231.487,45.65918,
1742678645769,11.10356,1115,,Center,1299.88,1231.487,45.65918,
1742678645797,11.13149,1117,,Left,1298.445,1231.275,45.68147,
1742678645797,11.13149,1117,,Right,1297.068,1231.275,45.68147,
1742678645797,11.13149,1117,,Center,1298.599,1231.275,45.68147,
1742678645825,11.15969,1119,,Left,1297.041,1231.307,45.70358,
1742678645825,11.15969,1119,,Right,1295.665,1231.307,45.70358,
1742678645825,11.15969,1119,,Center,1297.193,1231.307,45.70358,
1742678645852,11.18763,1121,,Left,1296.853,1234.329,45.67987,
1742678645852,11.18763,1121,,Right,1295.476,1234.329,45.67987,
1742678645852,11.18763,1121,,Center,1297.004,1234.329,45.67988,
1742678645880,11.21553,1123,,Left,1296.697,1234.793,45.67822,
1742678645880,11.21553,1123,,Right,1295.32,1234.793,45.67822,
1742678645880,11.21553,1123,,Center,1296.847,1234.793,45.67822,
1742678645908,11.24345,1125,,Left,1296.803,1234.613,45.67817,
1742678645908,11.24345,1125,,Right,1295.425,1234.613,45.67818,
1742678645908,11.24345,1125,,Center,1296.953,1234.613,45.67817,
1742678645936,11.27121,1127,,Left,1297.201,1231.003,45.70373,
1742678645936,11.27121,1127,,Right,1295.824,1231.003,45.70373,
1742678645936,11.27121,1127,,Center,1297.353,1231.003,45.70373,
1742678645964,11.29919,1129,,Left,1297.374,1228.859,45.71967,
1742678645964,11.29919,1129,,Right,1295.998,1228.859,45.71967,
1742678645964,11.29919,1129,,Center,1297.527,1228.859,45.71967,
1742678645992,11.32675,1131,,Left,1292.807,1228.466,45.79566,
1742678645992,11.32675,1131,,Right,1291.433,1228.466,45.79566,
1742678645992,11.32675,1131,,Center,1292.95,1228.466,45.79566,
1742678646019,11.35461,1133,,Left,1292.763,1230.054,45.78252,
1742678646019,11.35461,1133,,Right,1291.388,1230.054,45.78252,
1742678646019,11.35461,1133,,Center,1292.906,1230.054,45.78252,
1742678646047,11.38261,1135,,Left,1292.603,1230.034,45.78522,
1742678646047,11.38261,1135,,Right,1291.229,1230.034,45.78522,
1742678646047,11.38261,1135,,Center,1292.745,1230.034,45.78522,
1742678646075,11.41042,1137,,Left,1295.339,1230.431,45.73837,
1742678646075,11.41042,1137,,Right,1293.964,1230.431,45.73837,
1742678646075,11.41042,1137,,Center,1295.487,1230.431,45.73837,
1742678646103,11.43823,1139,,Left,1295.077,1230.111,45.74536,
1742678646103,11.43823,1139,,Right,1293.702,1230.111,45.74536,
1742678646103,11.43823,1139,,Center,1295.224,1230.111,45.74537,
1742678646132,11.46613,1141,,Left,1290.932,1234.746,45.76981,
1742678646132,11.46613,1141,,Right,1289.558,1234.746,45.76981,
1742678646132,11.46613,1141,,Center,1291.07,1234.746,45.76981,
1742678646159,11.49411,1143,,Left,1291.323,1234.267,45.76793,
1742678646159,11.49411,1143,,Right,1289.948,1234.267,45.76793,
1742678646159,11.49411,1143,,Center,1291.462,1234.267,45.76793,
1742678646186,11.52199,1145,,Left,1295.11,1230.246,45.74361,
1742678646186,11.52199,1145,,Right,1293.734,1230.246,45.74361,
1742678646186,11.52199,1145,,Center,1295.257,1230.246,45.74362,
1742678646215,11.54983,1147,,Left,1295.288,1230.282,45.74051,
1742678646215,11.54983,1147,,Right,1293.913,1230.282,45.74051,
1742678646215,11.54983,1147,,Center,1295.437,1230.282,45.74051,
1742678646242,11.57766,1149,,Left,1299.833,1231.497,45.6574,
1742678646243,11.57766,1149,,Right,1298.455,1231.497,45.6574,
1742678646243,11.57766,1149,,Center,1299.991,1231.497,45.6574,
1742678646271,11.60546,1151,,Left,1308.97,1232.365,45.50254,
1742678646271,11.60546,1151,,Right,1307.587,1232.365,45.50254,
1742678646271,11.60546,1151,,Center,1309.146,1232.365,45.50254,
1742678646298,11.63273,1153,,Left,1309.406,1237.256,45.45246,
1742678646298,11.63273,1153,,Right,1308.022,1237.256,45.45246,
1742678646298,11.63273,1153,,Center,1309.582,1237.256,45.45246,
1742678646326,11.66066,1155,,Left,1308.975,1232.874,45.49802,
1742678646326,11.66066,1155,,Right,1307.593,1232.874,45.49802,
1742678646326,11.66066,1155,,Center,1309.151,1232.874,45.49802,
1742678646353,11.68876,1157,,Left,1310.616,1233.109,45.4693,
1742678646353,11.68876,1157,,Right,1309.232,1233.109,45.4693,
1742678646353,11.68876,1157,,Center,1310.795,1233.109,45.4693,
1742678646381,11.71649,1159,,Left,1310.398,1232.789,45.47562,
1742678646381,11.71649,1159,,Right,1309.015,1232.789,45.47561,
1742678646381,11.71649,1159,,Center,1310.578,1232.789,45.47561,
1742678646409,11.74475,1161,,Left,1310.372,1232.187,45.48127,
1742678646409,11.74475,1161,,Right,1308.989,1232.187,45.48128,
1742678646409,11.74475,1161,,Center,1310.551,1232.187,45.48127,
1742678646437,11.77183,1163,,Left,1309.962,1232.546,45.48481,
1742678646437,11.77183,1163,,Right,1308.579,1232.546,45.48481,
1742678646437,11.77183,1163,,Center,1310.141,1232.546,45.48481,
1742678646465,11.79943,1165,,Left,1303.883,1232.959,45.57954,
1742678646465,11.79943,1165,,Right,1302.503,1232.959,45.57954,
1742678646465,11.79943,1165,,Center,1304.049,1232.959,45.57954,
1742678646492,11.82748,1167,,Left,1308.231,1233.797,45.50199,
1742678646493,11.82748,1167,,Right,1306.848,1233.797,45.50199,
1742678646493,11.82748,1167,,Center,1308.406,1233.796,45.50198,
1742678646520,11.85566,1169,,Left,1304.085,1233.41,45.57233,
1742678646520,11.85566,1169,,Right,1302.705,1233.41,45.57233,
1742678646520,11.85566,1169,,Center,1304.251,1233.41,45.57233,
1742678646548,11.88351,1171,,Left,1307.18,1229.73,45.55436,
1742678646548,11.88351,1171,,Right,1305.799,1229.73,45.55436,
1742678646548,11.88351,1171,,Center,1307.353,1229.73,45.55436,
1742678646576,11.9116,1173,,Left,1307.174,1230.496,45.54784,
1742678646576,11.9116,1173,,Right,1305.793,1230.496,45.54783,
1742678646576,11.9116,1173,,Center,1307.347,1230.496,45.54784,
1742678646604,11.93942,1175,,Left,1301.253,1230.077,45.64699,
1742678646604,11.93942,1175,,Right,1299.875,1230.077,45.64699,
1742678646604,11.93942,1175,,Center,1301.413,1230.077,45.64699,
1742678646632,11.96666,1177,,Left,1307.19,1230.11,45.55093,
1742678646632,11.96666,1177,,Right,1305.809,1230.11,45.55093,
1742678646632,11.96666,1177,,Center,1307.363,1230.11,45.55093,
1742678646660,11.99485,1179,,Left,1301.494,1227.346,45.66668,
1742678646660,11.99485,1179,,Right,1300.117,1227.346,45.66668,
1742678646660,11.99485,1179,,Center,1301.656,1227.346,45.66668,
1742678646687,12.02287,1181,,Left,1304.746,1226.383,45.62247,
1742678646687,12.02287,1181,,Right,1303.367,1226.383,45.62248,
1742678646687,12.02287,1181,,Center,1304.915,1226.383,45.62247,
1742678646715,12.05073,1183,,Left,1304.796,1226.729,45.61872,
1742678646715,12.05073,1183,,Right,1303.417,1226.729,45.61872,
1742678646715,12.05073,1183,,Center,1304.964,1226.729,45.61872,
1742678646743,12.07887,1185,,Left,1304.77,1227.26,45.61462,
1742678646743,12.07887,1185,,Right,1303.39,1227.26,45.61462,
1742678646743,12.07887,1185,,Center,1304.938,1227.26,45.61462,
1742678646771,12.10641,1187,,Left,1304.698,1228.86,45.60203,
1742678646771,12.10641,1187,,Right,1303.318,1228.86,45.60203,
1742678646771,12.10641,1187,,Center,1304.865,1228.86,45.60203,
1742678646799,12.13353,1189,,Left,1302.883,1228.113,45.63777,
1742678646799,12.13353,1189,,Right,1301.505,1228.113,45.63777,
1742678646799,12.13353,1189,,Center,1303.048,1228.113,45.63777,
1742678646827,12.16182,1191,,Left,1300.606,1228.01,45.67527,
1742678646827,12.16182,1191,,Right,1299.229,1228.01,45.67527,
1742678646827,12.16182,1191,,Center,1300.766,1228.01,45.67527,
1742678646854,12.19003,1193,,Left,1301.278,1221.444,45.72015,
1742678646854,12.19003,1193,,Right,1299.901,1221.444,45.72015,
1742678646854,12.19003,1193,,Center,1301.439,1221.444,45.72015,
1742678646882,12.21767,1195,,Left,1301.483,1230.424,45.6403,
1742678646882,12.21767,1195,,Right,1300.104,1230.424,45.6403,
1742678646882,12.21767,1195,,Center,1301.644,1230.424,45.6403,
1742678646910,12.24603,1197,,Left,1300.878,1230.522,45.64915,
1742678646910,12.24603,1197,,Right,1299.5,1230.522,45.64915,
1742678646910,12.24603,1197,,Center,1301.038,1230.522,45.64915,
1742678646938,12.27333,1199,,Left,1305.418,1224.615,45.62658,
1742678646938,12.27333,1199,,Right,1304.039,1224.615,45.62658,
1742678646938,12.27333,1199,,Center,1305.588,1224.615,45.62659,
1742678646965,12.30078,1201,,Left,1305.51,1224.672,45.62459,
1742678646966,12.30078,1201,,Right,1304.131,1224.672,45.6246,
1742678646966,12.30078,1201,,Center,1305.68,1224.672,45.6246,
1742678646994,12.32852,1203,,Left,1163.004,1203.149,47.80779,
1742678646994,12.32852,1203,,Right,1161.688,1203.149,47.80779,
1742678646994,12.32852,1203,,Center,1162.873,1203.149,47.8078,
1742678647021,12.35673,1205,,Left,962.1801,1125.697,49.7122,
1742678647021,12.35673,1205,,Right,960.9146,1125.697,49.7122,
1742678647022,12.35673,1205,,Center,961.6068,1125.697,49.7122,
1742678647049,12.38442,1207,,Left,820.6129,1056.929,49.57957,
1742678647049,12.38442,1207,,Right,819.3439,1056.929,49.57957,
1742678647049,12.38442,1207,,Center,819.7079,1056.929,49.57957,
1742678647077,12.41291,1209,,Left,820.638,1057.026,49.57958,
1742678647077,12.41291,1209,,Right,819.3691,1057.026,49.57958,
1742678647077,12.41291,1209,,Center,819.7332,1057.026,49.57958,
1742678647105,12.44047,1211,,Left,732.2394,960.3146,48.6787,
1742678647105,12.44047,1211,,Right,730.947,960.3146,48.6787,
1742678647105,12.44047,1211,,Center,731.1168,960.3146,48.6787,
1742678647133,12.46767,1213,,Left,657.1158,887.8796,47.34836,
1742678647133,12.46767,1213,,Right,655.787,887.8796,47.34837,
1742678647133,12.46767,1213,,Center,655.7999,887.8796,47.34836,
1742678647161,12.49588,1215,,Left,599.574,849.5441,46.21193,
1742678647161,12.49588,1215,,Right,598.2126,849.5441,46.21193,
1742678647161,12.49588,1215,,Center,598.1075,849.5442,46.21193,
1742678647189,12.52394,1217,,Left,599.7968,846.3661,46.18873,
1742678647189,12.52394,1217,,Right,598.4347,846.3661,46.18873,
1742678647189,12.52394,1217,,Center,598.3306,846.3662,46.18873,
1742678647217,12.55194,1219,,Left,598.9008,844.4117,46.1584,
1742678647217,12.55194,1219,,Right,597.5379,844.4117,46.15839,
1742678647217,12.55194,1219,,Center,597.4321,844.4118,46.1584,
1742678647245,12.58032,1221,,Left,598.861,844.791,46.161,
1742678647245,12.58032,1221,,Right,597.498,844.791,46.161,
1742678647245,12.58032,1221,,Center,597.3921,844.791,46.161,
1742678647272,12.60785,1223,,Left,593.4723,846.4001,46.09116,
1742678647272,12.60785,1223,,Right,592.1074,846.4001,46.09116,
1742678647273,12.60785,1223,,Center,591.9899,846.4001,46.09116,
1742678647300,12.6353,1225,,Left,586.3032,846.4069,45.9789,
1742678647300,12.6353,1225,,Right,584.9349,846.4069,45.9789,
1742678647300,12.6353,1225,,Center,584.8025,846.407,45.9789,
1742678647328,12.66312,1227,,Left,593.9069,848.3046,46.11384,
1742678647328,12.66312,1227,,Right,592.5427,848.3046,46.11384,
1742678647328,12.66312,1227,,Center,592.4258,848.3046,46.11383,
1742678647356,12.691,1229,,Left,594.845,847.7233,46.12358,
1742678647356,12.691,1229,,Right,593.4809,847.7233,46.12358,
1742678647356,12.691,1229,,Center,593.3663,847.7233,46.12358,
1742678647383,12.71921,1231,,Left,594.9085,843.6819,46.0905,
1742678647383,12.71921,1231,,Right,593.5436,843.6819,46.0905,
1742678647383,12.71921,1231,,Center,593.4295,843.682,46.0905,
1742678647411,12.74682,1233,,Left,595.3483,843.944,46.09957,
1742678647411,12.74682,1233,,Right,593.9835,843.944,46.09957,
1742678647411,12.74682,1233,,Center,593.8704,843.944,46.09957,
1742678647439,12.77451,1235,,Left,592.6738,843.5434,46.05464,
1742678647439,12.77451,1235,,Right,591.3077,843.5434,46.05465,
1742678647439,12.77451,1235,,Center,591.189,843.5434,46.05464,
1742678647467,12.80187,1237,,Left,588.2761,843.9227,45.98909,
1742678647467,12.80187,1237,,Right,586.908,843.9227,45.98908,
1742678647467,12.80187,1237,,Center,586.78,843.9227,45.98909,
1742678647495,12.82994,1239,,Left,587.9507,844.3062,45.98724,
1742678647495,12.82994,1239,,Right,586.5826,844.3062,45.98723,
1742678647495,12.82994,1239,,Center,586.4539,844.3062,45.98723,
1742678647523,12.85809,1241,,Left,587.8946,846.9391,46.0084,
1742678647523,12.85809,1241,,Right,586.5272,846.9391,46.0084,
1742678647523,12.85809,1241,,Center,586.3979,846.9392,46.0084,
1742678647550,12.8863,1243,,Left,589.517,840.9982,45.9837,
1742678647550,12.8863,1243,,Right,588.1488,840.9982,45.9837,
1742678647550,12.8863,1243,,Center,588.0237,840.9983,45.9837,
1742678647578,12.91376,1245,,Left,589.8504,841.0577,45.9894,
1742678647578,12.91376,1245,,Right,588.4824,841.0577,45.9894,
1742678647578,12.91376,1245,,Center,588.358,841.0577,45.9894,
1742678647606,12.94127,1247,,Left,586.7973,841.0688,45.94169,
1742678647606,12.94127,1247,,Right,585.428,841.0688,45.94169,
1742678647606,12.94127,1247,,Center,585.2971,841.0688,45.94169,
1742678647634,12.96877,1249,,Left,586.9427,841.551,45.94808,
1742678647634,12.96877,1249,,Right,585.5735,841.551,45.94809,
1742678647634,12.96877,1249,,Center,585.4429,841.551,45.94809,
1742678647662,12.99679,1251,,Left,586.3991,846.5473,45.9816,
1742678647662,12.99679,1251,,Right,585.0309,846.5473,45.98159,
1742678647662,12.99679,1251,,Center,584.8986,846.5474,45.9816,
1742678647690,13.02493,1253,,Left,586.1742,846.3931,45.97676,
1742678647690,13.02493,1253,,Right,584.8058,846.3931,45.97676,
1742678647690,13.02493,1253,,Center,584.6731,846.3931,45.97676,
1742678647717,13.05304,1255,,Left,584.0378,851.0261,45.98106,
1742678647717,13.05304,1255,,Right,582.6696,851.0261,45.98106,
1742678647717,13.05304,1255,,Center,582.5317,851.0262,45.98106,
1742678647745,13.08068,1257,,Left,584.3699,850.6597,45.98337,
1742678647745,13.08068,1257,,Right,583.0018,850.6597,45.98336,
1742678647745,13.08068,1257,,Center,582.8648,850.6598,45.98336,
1742678647773,13.10868,1259,,Left,584.8365,850.3371,45.98812,
1742678647773,13.10868,1259,,Right,583.4684,850.3371,45.98812,
1742678647773,13.10868,1259,,Center,583.3325,850.3372,45.98812,
1742678647801,13.13567,1261,,Left,586.5801,850.6539,46.01835,
1742678647801,13.13567,1261,,Right,585.213,850.6539,46.01835,
1742678647801,13.13567,1261,,Center,585.0806,850.654,46.01834,
1742678647829,13.16384,1263,,Left,589.1866,845.591,46.01752,
1742678647829,13.16384,1263,,Right,587.8194,845.591,46.01752,
1742678647829,13.16384,1263,,Center,587.693,845.5911,46.01752,
1742678647857,13.19199,1265,,Left,589.024,840.3876,45.97084,
1742678647857,13.19199,1265,,Right,587.6555,840.3876,45.97084,
1742678647857,13.19199,1265,,Center,587.5294,840.3876,45.97084,
1742678647884,13.22005,1267,,Left,591.6593,840.3356,46.01151,
1742678647884,13.22005,1267,,Right,590.292,840.3356,46.01151,
1742678647884,13.22005,1267,,Center,590.1715,840.3356,46.01151,
1742678647912,13.24767,1269,,Left,591.7222,840.1365,46.01079,
1742678647912,13.24767,1269,,Right,590.3549,840.1365,46.01079,
1742678647912,13.24767,1269,,Center,590.2346,840.1366,46.0108,
1742678647940,13.27556,1271,,Left,591.3217,840.2478,46.00552,
1742678647940,13.27556,1271,,Right,589.9542,840.2478,46.00552,
1742678647940,13.27556,1271,,Center,589.8329,840.2479,46.00552,
1742678647968,13.30299,1273,,Left,587.4762,840.7139,45.94939,
1742678647968,13.30299,1273,,Right,586.107,840.7139,45.94939,
1742678647968,13.30299,1273,,Center,585.9777,840.7139,45.94939,
1742678647996,13.33087,1275,,Left,587.2835,842.0063,45.95739,
1742678647996,13.33087,1275,,Right,585.9145,842.0063,45.9574,
1742678647996,13.33087,1275,,Center,585.7846,842.0063,45.95739,
1742678648024,13.35904,1277,,Left,592.6973,840.7672,46.03138,
1742678648024,13.35904,1277,,Right,591.3305,840.7672,46.03138,
1742678648024,13.35904,1277,,Center,591.2122,840.7673,46.03138,
1742678648051,13.38702,1279,,Left,592.6298,839.2492,46.01722,
1742678648051,13.38702,1279,,Right,591.2626,839.2492,46.01722,
1742678648051,13.38702,1279,,Center,591.1443,839.2492,46.01722,
1742678648079,13.41482,1281,,Left,592.3281,839.1638,46.01176,
1742678648079,13.41482,1281,,Right,590.9608,839.1638,46.01175,
1742678648079,13.41482,1281,,Center,590.8419,839.1638,46.01176,
1742678648107,13.44264,1283,,Left,587.757,838.8632,45.93786,
1742678648108,13.44264,1283,,Right,586.3875,838.8632,45.93786,
1742678648108,13.44264,1283,,Center,586.2591,838.8632,45.93786,
1742678648135,13.46996,1285,,Left,588.3448,836.1229,45.92323,
1742678648135,13.46996,1285,,Right,586.9749,836.1229,45.92323,
1742678648135,13.46996,1285,,Center,586.8479,836.1229,45.92323,
1742678648163,13.49817,1287,,Left,593.3956,840.4035,46.03904,
1742678648163,13.49817,1287,,Right,592.0291,840.4035,46.03904,
1742678648163,13.49817,1287,,Center,591.9122,840.4036,46.03904,
1742678648191,13.52625,1289,,Left,593.8356,838.9797,46.03355,
1742678648191,13.52625,1289,,Right,592.4689,838.9797,46.03355,
1742678648191,13.52625,1289,,Center,592.3531,838.9798,46.03355,
1742678648218,13.55429,1291,,Left,593.7377,839.7379,46.0386,
1742678648218,13.55429,1291,,Right,592.3712,839.7379,46.0386,
1742678648218,13.55429,1291,,Center,592.2551,839.738,46.0386,
1742678648246,13.58144,1293,,Left,593.8215,840.0482,46.04257,
1742678648247,13.58144,1293,,Right,592.4551,840.0482,46.04256,
1742678648247,13.58144,1293,,Center,592.3392,840.0483,46.04256,
1742678648275,13.60965,1295,,Left,593.9754,841.1294,46.05423,
1742678648275,13.60965,1295,,Right,592.6094,841.1294,46.05423,
1742678648275,13.60965,1295,,Center,592.4936,841.1295,46.05423,
1742678648303,13.63747,1297,,Left,590.9584,841.8311,46.01336,
1742678648303,13.63747,1297,,Right,589.5911,841.8311,46.01336,
1742678648303,13.63747,1297,,Center,589.4689,841.8311,46.01336,
1742678648331,13.66546,1299,,Left,596.035,841.5629,46.0899,
1742678648331,13.66546,1299,,Right,594.67,841.5629,46.0899,
1742678648331,13.66546,1299,,Center,594.5585,841.563,46.0899,
1742678648358,13.69351,1301,,Left,590.8976,838.8823,45.98709,
1742678648358,13.69351,1301,,Right,589.5296,838.8823,45.98709,
1742678648358,13.69351,1301,,Center,589.4077,838.8824,45.98709,
1742678648386,13.72121,1303,,Left,590.5475,837.4952,45.96957,
1742678648386,13.72121,1303,,Right,589.179,837.4952,45.96957,
1742678648386,13.72121,1303,,Center,589.0566,837.4952,45.96957,
1742678648414,13.7492,1305,,Left,590.5081,836.3452,45.95894,
1742678648414,13.7492,1305,,Right,589.1392,836.3452,45.95894,
1742678648414,13.7492,1305,,Center,589.0168,836.3453,45.95894,
1742678648442,13.77713,1307,,Left,588.7754,843.1001,45.99009,
1742678648442,13.77713,1307,,Right,587.4075,843.1001,45.99009,
1742678648442,13.77713,1307,,Center,587.2806,843.1002,45.99009,
1742678648470,13.80478,1309,,Left,587.895,844.6651,45.98943,
1742678648470,13.80478,1309,,Right,586.527,844.6651,45.98942,
1742678648470,13.80478,1309,,Center,586.3981,844.6652,45.98943,
1742678648498,13.83277,1311,,Left,582.9128,845.72,45.9196,
1742678648498,13.83277,1311,,Right,581.5428,845.72,45.91961,
1742678648498,13.83277,1311,,Center,581.4033,845.7201,45.9196,
1742678648525,13.86085,1313,,Left,583.0562,845.1801,45.91738,
1742678648525,13.86085,1313,,Right,581.686,845.1801,45.91738,
1742678648525,13.86085,1313,,Center,581.5469,845.1802,45.91738,
1742678648553,13.88844,1315,,Left,583.1566,848.9862,45.95044,
1742678648553,13.88844,1315,,Right,581.7875,848.9862,45.95044,
1742678648553,13.88844,1315,,Center,581.648,848.9863,45.95044,
1742678648581,13.9165,1317,,Left,583.4556,849.5641,45.95992,
1742678648581,13.9165,1317,,Right,582.0867,849.5641,45.95992,
1742678648581,13.9165,1317,,Center,581.9479,849.5642,45.95992,
1742678648609,13.94402,1319,,Left,587.7499,848.9135,46.02254,
1742678648609,13.94402,1319,,Right,586.3829,848.9135,46.02254,
1742678648609,13.94402,1319,,Center,586.2532,848.9136,46.02254,
1742678648637,13.97177,1321,,Left,585.7215,847.1605,45.97607,
1742678648637,13.97177,1321,,Right,584.3531,847.1605,45.97607,
1742678648637,13.97177,1321,,Center,584.2192,847.1605,45.97607,
1742678648665,13.99985,1323,,Left,585.9567,846.4299,45.97372,
1742678648665,13.99985,1323,,Right,584.5883,846.4299,45.97371,
1742678648665,13.99985,1323,,Center,584.455,846.4299,45.97371,
1742678648692,14.02781,1325,,Left,585.8293,843.9762,45.95116,
1742678648693,14.02781,1325,,Right,584.4601,843.9762,45.95116,
1742678648693,14.02781,1325,,Center,584.327,843.9762,45.95116,
1742678648720,14.05537,1327,,Left,585.4087,843.8939,45.94381,
1742678648720,14.05537,1327,,Right,584.0393,843.8939,45.94381,
1742678648720,14.05537,1327,,Center,583.9053,843.894,45.94381,
1742678648748,14.08343,1329,,Left,584.0353,843.6483,45.92004,
1742678648748,14.08343,1329,,Right,582.6652,843.6483,45.92004,
1742678648748,14.08343,1329,,Center,582.5284,843.6484,45.92004,
1742678648776,14.11153,1331,,Left,584.2019,843.5906,45.92216,
1742678648776,14.11153,1331,,Right,582.8319,843.5906,45.92215,
1742678648776,14.11153,1331,,Center,582.6953,843.5906,45.92215,
1742678648804,14.13882,1333,,Left,584.0029,848.269,45.95795,
1742678648804,14.13882,1333,,Right,582.634,848.269,45.95795,
1742678648804,14.13882,1333,,Center,582.4964,848.2691,45.95795,
1742678648832,14.16619,1335,,Left,584.8858,849.1016,45.97878,
1742678648832,14.16619,1335,,Right,583.5175,849.1016,45.97878,
1742678648832,14.16619,1335,,Center,583.3818,849.1017,45.97878,
1742678648859,14.19439,1337,,Left,588.2349,844.6314,45.99445,
1742678648859,14.19439,1337,,Right,586.867,844.6314,45.99444,
1742678648859,14.19439,1337,,Center,586.7388,844.6315,45.99444,
1742678648887,14.22239,1339,,Left,588.2479,844.5551,45.99401,
1742678648887,14.22239,1339,,Right,586.88,844.5551,45.994,
1742678648888,14.22239,1339,,Center,586.7518,844.5551,45.994,
1742678648915,14.25043,1341,,Left,586.843,842.6849,45.95614,
1742678648915,14.25043,1341,,Right,585.4739,842.6849,45.95614,
1742678648915,14.25043,1341,,Center,585.3431,842.685,45.95614,
1742678648943,14.27843,1343,,Left,586.9449,842.9586,45.96007,
1742678648943,14.27843,1343,,Right,585.5761,842.9586,45.96008,
1742678648943,14.27843,1343,,Center,585.4453,842.9586,45.96008,
1742678648971,14.30615,1345,,Left,587.0112,842.1815,45.95452,
1742678648971,14.30615,1345,,Right,585.6422,842.1815,45.95452,
1742678648971,14.30615,1345,,Center,585.5117,842.1815,45.95452,
1742678648999,14.33315,1347,,Left,586.9557,841.4957,45.94782,
1742678648999,14.33315,1347,,Right,585.5865,841.4957,45.94782,
1742678648999,14.33315,1347,,Center,585.4561,841.4958,45.94783,
1742678649026,14.36126,1349,,Left,580.7296,840.6287,45.84209,
1742678649026,14.36126,1349,,Right,579.3572,840.6287,45.84209,
1742678649026,14.36126,1349,,Center,579.2139,840.6287,45.84209,
1742678649054,14.38947,1351,,Left,580.0665,840.8154,45.83315,
1742678649054,14.38947,1351,,Right,578.6938,840.8154,45.83315,
1742678649054,14.38947,1351,,Center,578.5491,840.8155,45.83315,
1742678649082,14.41713,1353,,Left,580.0399,840.8531,45.83304,
1742678649082,14.41713,1353,,Right,578.6673,840.8531,45.83304,
1742678649082,14.41713,1353,,Center,578.5223,840.8531,45.83304,
1742678649110,14.44564,1355,,Left,580.5549,840.8825,45.84149,
1742678649110,14.44564,1355,,Right,579.1826,840.8825,45.84149,
1742678649110,14.44564,1355,,Center,579.0387,840.8826,45.84149,
1742678649138,14.47318,1357,,Left,585.2056,842.444,45.92835,
1742678649138,14.47318,1357,,Right,583.8358,842.444,45.92835,
1742678649138,14.47318,1357,,Center,583.7015,842.4441,45.92835,
1742678649166,14.50045,1359,,Left,585.0536,842.7851,45.92881,
1742678649166,14.50045,1359,,Right,583.6837,842.7851,45.92881,
1742678649166,14.50045,1359,,Center,583.5491,842.7852,45.92881,
1742678649194,14.52852,1361,,Left,584.939,843.4669,45.93277,
1742678649194,14.52852,1361,,Right,583.5692,843.4669,45.93277,
1742678649194,14.52852,1361,,Center,583.4343,843.467,45.93277,
1742678649221,14.55662,1363,,Left,584.645,843.1184,45.9252,
1742678649221,14.55662,1363,,Right,583.2751,843.1184,45.9252,
1742678649221,14.55662,1363,,Center,583.1395,843.1185,45.92521,
1742678649249,14.58444,1365,,Left,585.6412,840.5773,45.91934,
1742678649249,14.58444,1365,,Right,584.2712,840.5773,45.91934,
1742678649249,14.58444,1365,,Center,584.138,840.5773,45.91934,
1742678649277,14.61284,1367,,Left,585.7233,840.8569,45.92302,
1742678649277,14.61284,1367,,Right,584.3534,840.8569,45.92302,
1742678649277,14.61284,1367,,Center,584.2203,840.857,45.92302,
1742678649305,14.63978,1369,,Left,584.7323,840.7153,45.90621,
1742678649305,14.63978,1369,,Right,583.3618,840.7153,45.90621,
1742678649305,14.63978,1369,,Center,583.2268,840.7153,45.90621,
1742678649332,14.66681,1371,,Left,586.3788,837.9018,45.90792,
1742678649332,14.66681,1371,,Right,585.0084,837.9018,45.90793,
1742678649332,14.66681,1371,,Center,584.877,837.9019,45.90792,
1742678649360,14.69505,1373,,Left,587.9808,836.0535,45.91692,
1742678649360,14.69505,1373,,Right,586.6107,836.0535,45.91693,
1742678649360,14.69505,1373,,Center,586.4831,836.0536,45.91692,
1742678649388,14.72334,1375,,Left,587.4713,835.5662,45.90466,
1742678649388,14.72334,1375,,Right,586.1007,835.5662,45.90466,
1742678649388,14.72334,1375,,Center,585.972,835.5663,45.90467,
1742678649416,14.75105,1377,,Left,587.3541,835.4291,45.90165,
1742678649416,14.75105,1377,,Right,585.9835,835.4291,45.90165,
1742678649416,14.75105,1377,,Center,585.8545,835.4291,45.90165,
1742678649444,14.77939,1379,,Left,587.4024,834.9382,45.89808,
1742678649444,14.77939,1379,,Right,586.0317,834.9382,45.89809,
1742678649444,14.77939,1379,,Center,585.903,834.9383,45.89808,
1742678649472,14.80707,1381,,Left,586.1651,834.9368,45.87867,
1742678649472,14.80707,1381,,Right,584.7938,834.9368,45.87867,
1742678649472,14.80707,1381,,Center,584.6625,834.9368,45.87867,
1742678649499,14.83425,1383,,Left,588.4862,835.7572,45.92219,
1742678649499,14.83425,1383,,Right,587.1162,835.7572,45.92219,
1742678649499,14.83425,1383,,Center,586.9896,835.7572,45.92219,
1742678649527,14.86227,1385,,Left,589.3367,836.8517,45.94503,
1742678649527,14.86227,1385,,Right,587.9673,836.8517,45.94503,
1742678649527,14.86227,1385,,Center,587.8425,836.8518,45.94503,
1742678649555,14.89059,1387,,Left,591.5329,834.5067,45.95859,
1742678649555,14.89059,1387,,Right,590.164,834.5067,45.95859,
1742678649555,14.89059,1387,,Center,590.0439,834.5068,45.95859,
1742678649583,14.9184,1389,,Left,591.6459,834.5211,45.96046,
1742678649583,14.9184,1389,,Right,590.277,834.5211,45.96046,
1742678649583,14.9184,1389,,Center,590.1572,834.5212,45.96046,
1742678649611,14.94699,1391,,Left,591.5666,834.5128,45.95915,
1742678649611,14.94699,1391,,Right,590.1978,834.5128,45.95915,
1742678649611,14.94699,1391,,Center,590.0778,834.5128,45.95915,
1742678649639,14.97413,1393,,Left,592.0243,839.5522,46.01033,
1742678649639,14.97413,1393,,Right,590.6569,839.5522,46.01033,
1742678649639,14.97413,1393,,Center,590.5373,839.5523,46.01033,
1742678649667,15.00136,1395,,Left,592.2919,839.6471,46.01532,
1742678649667,15.00136,1395,,Right,590.9246,839.6471,46.01532,
1742678649667,15.00136,1395,,Center,590.8055,839.6472,46.01532,
1742678649694,15.02952,1397,,Left,586.7094,839.1296,45.92366,
1742678649695,15.02952,1397,,Right,585.3394,839.1296,45.92366,
1742678649695,15.02952,1397,,Center,585.2087,839.1296,45.92366,
1742678649722,15.05759,1399,,Left,586.3827,838.2693,45.9111,
1742678649722,15.05759,1399,,Right,585.0123,838.2693,45.91111,
1742678649722,15.05759,1399,,Center,584.881,838.2694,45.9111,
1742678649750,15.08572,1401,,Left,589.986,835.6572,45.94468,
1742678649750,15.08572,1401,,Right,588.6166,835.6572,45.94468,
1742678649750,15.08572,1401,,Center,588.4932,835.6572,45.94468,
1742678649778,15.11401,1403,,Left,589.82,836.0084,45.94518,
1742678649778,15.11401,1403,,Right,588.4507,836.0084,45.94518,
1742678649778,15.11401,1403,,Center,588.327,836.0085,45.94518,
1742678649806,15.14132,1405,,Left,592.6337,835.9911,45.98875,
1742678649806,15.14132,1405,,Right,591.2657,835.9911,45.98875,
1742678649806,15.14132,1405,,Center,591.1478,835.9912,45.98876,
1742678649834,15.16872,1407,,Left,594.4539,840.5321,46.05652,
1742678649834,15.16872,1407,,Right,593.0879,840.5321,46.05652,
1742678649834,15.16872,1407,,Center,592.9731,840.5322,46.05652,
1742678649862,15.19686,1409,,Left,593.1501,840.7142,46.03788,
1742678649862,15.19686,1409,,Right,591.7836,840.7142,46.03788,
1742678649862,15.19686,1409,,Center,591.6663,840.7142,46.03788,
1742678649889,15.22462,1411,,Left,595.1896,840.9857,46.07182,
1742678649889,15.22462,1411,,Right,593.824,840.9858,46.07182,
1742678649889,15.22462,1411,,Center,593.7109,840.9858,46.07182,
1742678649917,15.25266,1413,,Left,595.2383,838.3801,46.04997,
1742678649917,15.25266,1413,,Right,593.8721,838.3801,46.04997,
1742678649917,15.25266,1413,,Center,593.7593,838.3802,46.04998,
1742678649945,15.28098,1415,,Left,595.4694,838.039,46.05057,
1742678649945,15.28098,1415,,Right,594.1033,838.039,46.05057,
1742678649945,15.28098,1415,,Center,593.991,838.039,46.05057,
1742678649973,15.30826,1417,,Left,596.1669,842.5616,46.10049,
1742678649973,15.30826,1417,,Right,594.8022,842.5616,46.10048,
1742678649973,15.30826,1417,,Center,594.6908,842.5616,46.10049,
1742678650001,15.33558,1419,,Left,665.3259,864.5257,47.28152,
1742678650001,15.33558,1419,,Right,663.9953,864.5257,47.28152,
1742678650001,15.33558,1419,,Center,664.0281,864.5258,47.28153,
1742678650029,15.36361,1421,,Left,833.1674,987.8268,49.62002,
1742678650029,15.36361,1421,,Right,831.8995,987.8268,49.62002,
1742678650029,15.36361,1421,,Center,832.2922,987.8268,49.62002,
1742678650056,15.39169,1423,,Left,943.8222,1042.439,49.97707,
1742678650056,15.39169,1423,,Right,942.5634,1042.439,49.97707,
1742678650057,15.39169,1423,,Center,943.2096,1042.439,49.97707,
1742678650084,15.41961,1425,,Left,944.5898,1050.775,49.96974,
1742678650084,15.41961,1425,,Right,943.3308,1050.775,49.96974,
1742678650084,15.41961,1425,,Center,943.9789,1050.775,49.96974,
1742678650112,15.44756,1427,,Left,944.3417,1050.873,49.96972,
1742678650112,15.44756,1427,,Right,943.0826,1050.873,49.96972,
1742678650112,15.44756,1427,,Center,943.7302,1050.873,49.96972,
1742678650140,15.47513,1429,,Left,947.3658,1053.093,49.96555,
1742678650140,15.47513,1429,,Right,946.1068,1053.093,49.96555,
1742678650140,15.47513,1429,,Center,946.7614,1053.093,49.96555,
1742678650168,15.50248,1431,,Left,954.9003,1052.843,49.95955,
1742678650168,15.50248,1431,,Right,953.641,1052.843,49.95955,
1742678650168,15.50248,1431,,Center,954.3133,1052.843,49.95955,
1742678650195,15.53061,1433,,Left,956.6099,1052.853,49.95763,
1742678650195,15.53061,1433,,Right,955.3506,1052.853,49.95763,
1742678650195,15.53061,1433,,Center,956.0268,1052.853,49.95763,
1742678650223,15.55858,1435,,Left,956.5638,1051.909,49.95876,
1742678650223,15.55858,1435,,Right,955.3046,1051.909,49.95876,
1742678650223,15.55858,1435,,Center,955.9806,1051.909,49.95877,
1742678650251,15.58662,1437,,Left,954.2703,1051.623,49.96157,
1742678650251,15.58662,1437,,Right,953.0111,1051.623,49.96157,
1742678650251,15.58662,1437,,Center,953.6818,1051.623,49.96157,
1742678650279,15.61425,1439,,Left,953.7617,1052.129,49.96149,
1742678650279,15.61425,1439,,Right,952.5024,1052.129,49.96149,
1742678650279,15.61425,1439,,Center,953.1721,1052.129,49.96149,
1742678650307,15.64228,1441,,Left,952.6078,1052.597,49.96206,
1742678650307,15.64228,1441,,Right,951.3486,1052.597,49.96206,
1742678650307,15.64228,1441,,Center,952.0154,1052.597,49.96206,
1742678650335,15.66948,1443,,Left,953.6085,1052.34,49.9614,
1742678650335,15.66948,1443,,Right,952.3494,1052.34,49.96141,
1742678650335,15.66948,1443,,Center,953.0185,1052.34,49.96141,
1742678650363,15.69783,1445,,Left,952.3995,1052.41,49.96248,
1742678650363,15.69783,1445,,Right,951.1403,1052.41,49.96247,
1742678650363,15.69783,1445,,Center,951.8066,1052.41,49.96247,
1742678650390,15.72555,1447,,Left,951.1006,1056.499,49.95832,
1742678650391,15.72555,1447,,Right,949.8414,1056.499,49.95832,
1742678650391,15.72555,1447,,Center,950.5048,1056.499,49.95833,
1742678650417,15.75365,1449,,Left,897.8085,1066.944,49.9031,
1742678650417,15.75365,1449,,Right,896.5479,1066.944,49.9031,
1742678650417,15.75365,1449,,Center,897.0878,1066.944,49.9031,
1742678650446,15.78104,1451,,Left,898.8571,1065.343,49.90854,
1742678650446,15.78104,1451,,Right,897.5966,1065.343,49.90855,
1742678650446,15.78104,1451,,Center,898.1388,1065.343,49.90854,
1742678650474,15.80878,1453,,Left,715.3728,1145.372,48.28646,
1742678650474,15.80878,1453,,Right,714.0699,1145.372,48.28646,
1742678650474,15.80878,1453,,Center,714.2056,1145.372,48.28646,
1742678650501,15.83606,1455,,Left,579.6636,1185.471,46.11808,
1742678650501,15.83606,1455,,Right,578.2994,1185.471,46.11808,
1742678650501,15.83606,1455,,Center,578.1494,1185.471,46.11808,
1742678650529,15.86407,1457,,Left,563.1702,1188.583,45.82537,
1742678650529,15.86407,1457,,Right,561.7973,1188.583,45.82537,
1742678650529,15.86407,1457,,Center,561.6132,1188.583,45.82538,
1742678650557,15.89221,1459,,Left,549.4063,1180.586,45.64723,
1742678650557,15.89221,1459,,Right,548.0281,1180.586,45.64723,
1742678650557,15.89221,1459,,Center,547.8145,1180.586,45.64723,
1742678650584,15.92019,1461,,Left,549.7699,1180.312,45.65523,
1742678650584,15.92019,1461,,Right,548.3918,1180.312,45.65524,
1742678650584,15.92019,1461,,Center,548.179,1180.312,45.65524,
1742678650612,15.94793,1463,,Left,550.9108,1180.294,45.6748,
1742678650613,15.94793,1463,,Right,549.5333,1180.294,45.6748,
1742678650613,15.94793,1463,,Center,549.3229,1180.294,45.6748,
1742678650641,15.97569,1465,,Left,550.6914,1171.992,45.72374,
1742678650641,15.97569,1465,,Right,549.3154,1171.992,45.72374,
1742678650641,15.97569,1465,,Center,549.1038,1171.992,45.72374,
1742678650669,16.0035,1467,,Left,557.026,1171.754,45.83292,
1742678650669,16.0035,1467,,Right,555.6533,1171.754,45.83292,
1742678650669,16.0035,1467,,Center,555.4548,1171.754,45.83292,
1742678650697,16.0316,1469,,Left,557.0799,1171.38,45.83617,
1742678650697,16.0316,1469,,Right,555.7074,1171.38,45.83618,
1742678650697,16.0316,1469,,Center,555.5089,1171.38,45.83618,
1742678650724,16.05973,1471,,Left,556.9188,1177.87,45.79239,
1742678650724,16.05973,1471,,Right,555.5449,1177.87,45.79239,
1742678650724,16.05973,1471,,Center,555.3466,1177.87,45.79239,
1742678650752,16.08744,1473,,Left,757.6625,1195.282,48.36943,
1742678650752,16.08744,1473,,Right,756.3618,1195.282,48.36943,
1742678650752,16.08744,1473,,Center,756.595,1195.282,48.36943,
1742678650780,16.11519,1475,,Left,757.7854,1195.023,48.37279,
1742678650780,16.11519,1475,,Right,756.4849,1195.023,48.37279,
1742678650780,16.11519,1475,,Center,756.7182,1195.023,48.37279,
1742678650808,16.14304,1477,,Left,978.8121,1212.379,49.0218,
1742678650808,16.14304,1477,,Right,977.5288,1212.379,49.0218,
1742678650808,16.14304,1477,,Center,978.2687,1212.379,49.0218,
1742678650836,16.17074,1479,,Left,1164.743,1215.977,47.67361,
1742678650836,16.17074,1479,,Right,1163.423,1215.977,47.67361,
1742678650836,16.17074,1479,,Center,1164.615,1215.977,47.67361,
1742678650864,16.19878,1481,,Left,1288.017,1203.251,46.07893,
1742678650864,16.19878,1481,,Right,1286.652,1203.251,46.07893,
1742678650864,16.19878,1481,,Center,1288.153,1203.251,46.07893,
1742678650892,16.22682,1483,,Left,1303.408,1204.291,45.82276,
1742678650892,16.22682,1483,,Right,1302.036,1204.291,45.82276,
1742678650892,16.22682,1483,,Center,1303.577,1204.291,45.82276,
1742678650919,16.25455,1485,,Left,1306.186,1207.283,45.75431,
1742678650919,16.25455,1485,,Right,1304.811,1207.284,45.75431,
1742678650919,16.25455,1485,,Center,1306.36,1207.283,45.75431,
1742678650947,16.28218,1487,,Left,1304.662,1207.403,45.77835,
1742678650947,16.28218,1487,,Right,1303.287,1207.403,45.77835,
1742678650947,16.28218,1487,,Center,1304.832,1207.402,45.77834,
1742678650975,16.31026,1489,,Left,1303.747,1209.732,45.77505,
1742678650975,16.31026,1489,,Right,1302.372,1209.732,45.77505,
1742678650975,16.31026,1489,,Center,1303.915,1209.732,45.77505,
1742678651003,16.3382,1491,,Left,1303.454,1210.505,45.77372,
1742678651003,16.3382,1491,,Right,1302.079,1210.505,45.77372,
1742678651003,16.3382,1491,,Center,1303.621,1210.505,45.77372,
1742678651031,16.36612,1493,,Left,1304.967,1212.634,45.73217,
1742678651031,16.36612,1493,,Right,1303.592,1212.634,45.73217,
1742678651031,16.36612,1493,,Center,1305.138,1212.634,45.73217,
1742678651059,16.39387,1495,,Left,1327.696,1222.233,45.27848,
1742678651059,16.39387,1495,,Right,1326.307,1222.233,45.27848,
1742678651059,16.39387,1495,,Center,1327.912,1222.233,45.27848,
1742678651086,16.42167,1497,,Left,1332.044,1222.125,45.20604,
1742678651086,16.42167,1497,,Right,1330.653,1222.125,45.20604,
1742678651086,16.42167,1497,,Center,1332.27,1222.125,45.20603,
1742678651114,16.44935,1499,,Left,1331.928,1221.68,45.2116,
1742678651114,16.44935,1499,,Right,1330.536,1221.68,45.21161,
1742678651114,16.44935,1499,,Center,1332.153,1221.68,45.2116,
1742678651142,16.47749,1501,,Left,1330.132,1210.869,45.32725,
1742678651142,16.47749,1501,,Right,1328.744,1210.869,45.32725,
1742678651142,16.47749,1501,,Center,1330.355,1210.868,45.32725,
1742678651170,16.50528,1503,,Left,1328.359,1210.994,45.35633,
1742678651170,16.50528,1503,,Right,1326.972,1210.994,45.35633,
1742678651170,16.50528,1503,,Center,1328.578,1210.994,45.35633,
1742678651198,16.53256,1505,,Left,1324.665,1208.195,45.44016,
1742678651198,16.53256,1505,,Right,1323.281,1208.195,45.44016,
1742678651198,16.53256,1505,,Center,1324.877,1208.194,45.44016,
1742678651225,16.56054,1507,,Left,1146.69,1172.485,48.23421,
1742678651226,16.56054,1507,,Right,1145.386,1172.485,48.23421,
1742678651226,16.56054,1507,,Center,1146.528,1172.485,48.23421,
1742678651253,16.58856,1509,,Left,917.9214,1113.518,49.78138,
1742678651253,16.58856,1509,,Right,916.6576,1113.518,49.78138,
1742678651253,16.58856,1509,,Center,917.2458,1113.518,49.78138,
1742678651281,16.61633,1511,,Left,918.9286,1114.787,49.77648,
1742678651281,16.61633,1511,,Right,917.6647,1114.787,49.77647,
1742678651281,16.61633,1511,,Center,918.2554,1114.787,49.77647,
1742678651309,16.64443,1513,,Left,766.866,1045.844,49.16345,
1742678651309,16.64443,1513,,Right,765.5864,1045.844,49.16345,
1742678651309,16.64443,1513,,Center,765.8305,1045.844,49.16345,
1742678651337,16.67204,1515,,Left,651.3679,957.942,47.64553,
1742678651337,16.67204,1515,,Right,650.0474,957.942,47.64553,
1742678651337,16.67204,1515,,Center,650.0427,957.942,47.64553,
1742678651365,16.69959,1517,,Left,561.9353,896.9089,45.9443,
1742678651365,16.69959,1517,,Right,560.566,896.9089,45.9443,
1742678651365,16.69959,1517,,Center,560.3771,896.909,45.9443,
1742678651392,16.72779,1519,,Left,561.9943,883.8597,45.86282,
1742678651392,16.72779,1519,,Right,560.6225,883.8597,45.86282,
1742678651392,16.72779,1519,,Center,560.4352,883.8597,45.86282,
1742678651420,16.75543,1521,,Left,562.412,880.7039,45.84879,
1742678651420,16.75543,1521,,Right,561.0398,880.7039,45.84879,
1742678651420,16.75543,1521,,Center,560.8535,880.7039,45.84879,
1742678651448,16.78321,1523,,Left,562.5247,881.816,45.85816,
1742678651448,16.78321,1523,,Right,561.1528,881.816,45.85815,
1742678651448,16.78321,1523,,Center,560.9667,881.8161,45.85816,
1742678651476,16.81133,1525,,Left,561.9814,880.2513,45.83855,
1742678651476,16.81133,1525,,Right,560.6089,880.2513,45.83856,
1742678651476,16.81133,1525,,Center,560.4218,880.2513,45.83856,
1742678651504,16.83907,1527,,Left,561.8295,879.0179,45.82769,
1742678651504,16.83907,1527,,Right,560.4567,879.0179,45.82769,
1742678651504,16.83907,1527,,Center,560.2693,879.018,45.82769,
1742678651532,16.86629,1529,,Left,561.1879,877.2648,45.80501,
1742678651532,16.86629,1529,,Right,559.8143,877.2648,45.805,
1742678651532,16.86629,1529,,Center,559.6259,877.2648,45.80501,
1742678651559,16.8946,1531,,Left,561.9642,875.3292,45.80463,
1742678651559,16.8946,1531,,Right,560.5907,875.3292,45.80463,
1742678651560,16.8946,1531,,Center,560.4041,875.3293,45.80464,
1742678651587,16.92252,1533,,Left,562.2015,875.5261,45.80999,
1742678651587,16.92252,1533,,Right,560.8281,875.5261,45.80999,
1742678651587,16.92252,1533,,Center,560.642,875.5261,45.80999,
1742678651615,16.95019,1535,,Left,562.3861,875.267,45.81127,
1742678651615,16.95019,1535,,Right,561.0128,875.267,45.81127,
1742678651615,16.95019,1535,,Center,560.8271,875.267,45.81127,
1742678651643,16.97868,1537,,Left,562.1417,875.0389,45.80562,
1742678651643,16.97868,1537,,Right,560.7682,875.0389,45.80562,
1742678651643,16.97868,1537,,Center,560.5821,875.039,45.80562,
1742678651671,17.00616,1539,,Left,765.7136,952.1176,48.98412,
1742678651671,17.00616,1539,,Right,764.4292,952.1176,48.98412,
1742678651671,17.00616,1539,,Center,764.673,952.1176,48.98413,
1742678651699,17.03344,1541,,Left,937.7269,1049.802,49.97258,
1742678651699,17.03344,1541,,Right,936.468,1049.802,49.97257,
1742678651699,17.03344,1541,,Center,937.1,1049.802,49.97258,
1742678651727,17.06156,1543,,Left,987.5007,1051.268,49.89645,
1742678651727,17.06156,1543,,Right,986.2399,1051.268,49.89645,
1742678651727,17.06156,1543,,Center,986.9889,1051.268,49.89645,
1742678651754,17.08984,1545,,Left,989.2866,1057.694,49.88285,
1742678651754,17.08984,1545,,Right,988.0253,1057.694,49.88285,
1742678651754,17.08984,1545,,Center,988.7786,1057.694,49.88285,
1742678651782,17.11752,1547,,Left,989.22,1057.21,49.88374,
1742678651782,17.11752,1547,,Right,987.9589,1057.21,49.88374,
1742678651782,17.11752,1547,,Center,988.712,1057.21,49.88374,
1742678651810,17.14576,1549,,Left,991.3433,1051.184,49.88484,
1742678651810,17.14576,1549,,Right,990.0821,1051.184,49.88484,
1742678651810,17.14576,1549,,Center,990.8402,1051.184,49.88484,
1742678651838,17.17334,1551,,Left,991.7769,1055.373,49.87837,
1742678651838,17.17334,1551,,Right,990.5155,1055.373,49.87836,
1742678651838,17.17334,1551,,Center,991.2747,1055.373,49.87837,
1742678651866,17.20063,1553,,Left,991.4638,1056.133,49.87833,
1742678651866,17.20063,1553,,Right,990.2025,1056.133,49.87833,
1742678651866,17.20063,1553,,Center,990.9609,1056.133,49.87834,
1742678651894,17.22861,1555,,Left,947.7072,1064.762,49.94727,
1742678651894,17.22861,1555,,Right,946.4476,1064.762,49.94727,
1742678651894,17.22861,1555,,Center,947.1032,1064.762,49.94727,
1742678651921,17.25696,1557,,Left,946.402,1064.709,49.94814,
1742678651921,17.25696,1557,,Right,945.1425,1064.709,49.94814,
1742678651921,17.25696,1557,,Center,945.795,1064.709,49.94814,
1742678651949,17.2846,1559,,Left,946.4123,1064.997,49.94761,
1742678651949,17.2846,1559,,Right,945.1526,1064.997,49.9476,
1742678651949,17.2846,1559,,Center,945.8053,1064.997,49.9476,
1742678651977,17.31333,1561,,Left,946.1042,1065.456,49.94689,
1742678651978,17.31333,1561,,Right,944.8446,1065.456,49.94689,
1742678651978,17.31333,1561,,Center,945.4965,1065.456,49.94688,
1742678652005,17.34058,1563,,Left,946.5618,1065.309,49.94692,
1742678652005,17.34058,1563,,Right,945.3022,1065.309,49.94692,
1742678652005,17.34058,1563,,Center,945.9551,1065.309,49.94692,
1742678652033,17.36787,1565,,Left,948.5261,1069.471,49.93722,
1742678652033,17.36787,1565,,Right,947.2662,1069.471,49.93723,
1742678652033,17.36787,1565,,Center,947.9239,1069.471,49.93722,
1742678652061,17.39596,1567,,Left,950.2919,1060.867,49.95234,
1742678652061,17.39596,1567,,Right,949.0325,1060.867,49.95234,
1742678652061,17.39596,1567,,Center,949.6941,1060.867,49.95234,
1742678652089,17.42409,1569,,Left,960.269,1069.704,49.92474,
1742678652089,17.42409,1569,,Right,959.0089,1069.704,49.92474,
1742678652089,17.42409,1569,,Center,959.694,1069.704,49.92474,
1742678652117,17.45217,1571,,Left,1122.519,1108.025,48.85578,
1742678652117,17.45217,1571,,Right,1121.231,1108.025,48.85578,
1742678652117,17.45217,1571,,Center,1122.308,1108.025,48.85578,
1742678652145,17.48074,1573,,Left,1123.14,1108.096,48.84926,
1742678652145,17.48074,1573,,Right,1121.852,1108.096,48.84926,
1742678652145,17.48074,1573,,Center,1122.931,1108.096,48.84927,
1742678652172,17.50769,1575,,Left,1258.601,1168.087,46.78721,
1742678652172,17.50769,1575,,Right,1257.256,1168.087,46.78721,
1742678652172,17.50769,1575,,Center,1258.679,1168.087,46.78721,
1742678652200,17.53485,1577,,Left,1270.706,1171.217,46.58001,
1742678652200,17.53485,1577,,Right,1269.355,1171.217,46.58001,
1742678652200,17.53485,1577,,Center,1270.809,1171.217,46.58001,
1742678652228,17.56308,1579,,Left,1272.994,1171.107,46.5449,
1742678652228,17.56308,1579,,Right,1271.642,1171.107,46.5449,
1742678652228,17.56308,1579,,Center,1273.102,1171.107,46.5449,
1742678652256,17.59105,1581,,Left,1271.934,1180.814,46.49662,
1742678652256,17.59105,1581,,Right,1270.581,1180.814,46.49662,
1742678652256,17.59105,1581,,Center,1272.038,1180.814,46.49662,
1742678652284,17.61919,1583,,Left,1273.718,1190.744,46.39824,
1742678652284,17.61919,1583,,Right,1272.362,1190.744,46.39824,
1742678652284,17.61919,1583,,Center,1273.825,1190.744,46.39824,
1742678652312,17.64736,1585,,Left,1273.724,1190.628,46.39898,
1742678652312,17.64736,1585,,Right,1272.368,1190.628,46.39898,
1742678652312,17.64736,1585,,Center,1273.832,1190.628,46.39898,
1742678652339,17.6747,1587,,Left,1275.86,1187.94,46.38506,
1742678652340,17.6747,1587,,Right,1274.504,1187.94,46.38506,
1742678652340,17.6747,1587,,Center,1275.973,1187.94,46.38506,
1742678652367,17.7022,1589,,Left,1279.499,1189.042,46.31996,
1742678652367,17.7022,1589,,Right,1278.14,1189.042,46.31996,
1742678652367,17.7022,1589,,Center,1279.618,1189.042,46.31996,
1742678652395,17.73017,1591,,Left,1279.224,1189.271,46.32264,
1742678652395,17.73017,1591,,Right,1277.866,1189.271,46.32264,
1742678652395,17.73017,1591,,Center,1279.343,1189.27,46.32264,
1742678652423,17.75821,1593,,Left,1278.697,1188.644,46.33545,
1742678652423,17.75821,1593,,Right,1277.339,1188.644,46.33545,
1742678652423,17.75821,1593,,Center,1278.816,1188.644,46.33545,
1742678652450,17.7862,1595,,Left,1276.044,1188.381,46.37902,
1742678652450,17.7862,1595,,Right,1274.688,1188.381,46.37902,
1742678652450,17.7862,1595,,Center,1276.157,1188.381,46.37902,
1742678652478,17.81371,1597,,Left,1275.404,1188.116,46.39096,
1742678652478,17.81371,1597,,Right,1274.048,1188.116,46.39096,
1742678652478,17.81371,1597,,Center,1275.515,1188.116,46.39096,
1742678652506,17.84166,1599,,Left,1119.035,1194.996,48.33976,
1742678652506,17.84166,1599,,Right,1117.733,1194.996,48.33976,
1742678652506,17.84166,1599,,Center,1118.809,1194.996,48.33976,
1742678652534,17.86894,1601,,Left,1013.256,1193.784,49.08318,
1742678652534,17.86894,1601,,Right,1011.974,1193.784,49.08318,
1742678652534,17.86894,1601,,Center,1012.794,1193.784,49.08318,
1742678652562,17.89709,1603,,Left,883.9919,1067.573,49.86555,
1742678652562,17.89709,1603,,Right,882.7302,1067.573,49.86555,
1742678652562,17.89709,1603,,Center,883.2385,1067.573,49.86555,
1742678652590,17.92507,1605,,Left,796.0155,1067.692,49.38428,
1742678652590,17.92507,1605,,Right,794.7415,1067.692,49.38428,
1742678652590,17.92507,1605,,Center,795.0508,1067.692,49.38428,
1742678652617,17.95309,1607,,Left,705.8618,1096.875,48.3993,
1742678652617,17.95309,1607,,Right,704.5619,1096.875,48.3993,
1742678652618,17.95309,1607,,Center,704.6739,1096.875,48.3993,
1742678652645,17.9809,1609,,Left,706.1382,1096.851,48.40271,
1742678652645,17.9809,1609,,Right,704.8384,1096.851,48.40272,
1742678652645,17.9809,1609,,Center,704.9511,1096.851,48.40272,
1742678652674,18.0085,1611,,Left,488.1505,1205.226,44.39871,
1742678652674,18.0085,1611,,Right,486.7336,1205.226,44.39871,
1742678652674,18.0085,1611,,Center,486.3966,1205.226,44.39871,
1742678652701,18.03608,1613,,Left,460.1661,1205.376,43.8821,
1742678652701,18.03608,1613,,Right,458.7325,1205.376,43.8821,
1742678652701,18.03608,1613,,Center,458.3386,1205.376,43.8821,
1742678652729,18.0643,1615,,Left,454.7125,1178.664,43.94659,
1742678652729,18.0643,1615,,Right,453.2809,1178.664,43.94659,
1742678652729,18.0643,1615,,Center,452.8733,1178.664,43.94659,
1742678652757,18.09218,1617,,Left,463.0705,1158.467,44.21399,
1742678652757,18.09218,1617,,Right,461.6475,1158.467,44.21399,
1742678652757,18.09218,1617,,Center,461.255,1158.467,44.21399,
1742678652784,18.12017,1619,,Left,464.9354,1138.671,44.34182,
1742678652784,18.12017,1619,,Right,463.5166,1138.671,44.34182,
1742678652784,18.12017,1619,,Center,463.1265,1138.671,44.34182,
1742678652812,18.14775,1621,,Left,465.0399,1138.825,44.34316,
1742678652812,18.14775,1621,,Right,463.6212,1138.825,44.34316,
1742678652812,18.14775,1621,,Center,463.2312,1138.825,44.34317,
1742678652840,18.17565,1623,,Left,467.7666,1124.205,44.45388,
1742678652840,18.17565,1623,,Right,466.3514,1124.205,44.45388,
1742678652840,18.17565,1623,,Center,465.966,1124.205,44.45388,
1742678652868,18.20306,1625,,Left,470.132,1124.226,44.49892,
1742678652868,18.20306,1625,,Right,468.7182,1124.226,44.49893,
1742678652868,18.20306,1625,,Center,468.3376,1124.226,44.49893,
1742678652896,18.23109,1627,,Left,470.0064,1134.295,44.45676,
1742678652896,18.23109,1627,,Right,468.5912,1134.295,44.45676,
1742678652896,18.23109,1627,,Center,468.2111,1134.295,44.45676,
1742678652924,18.25908,1629,,Left,469.8262,1134.043,44.45438,
1742678652924,18.25908,1629,,Right,468.4109,1134.043,44.45438,
1742678652924,18.25908,1629,,Center,468.0305,1134.043,44.45438,
1742678652951,18.28707,1631,,Left,476.2287,1127.959,44.60031,
1742678652951,18.28707,1631,,Right,474.8181,1127.959,44.6003,
1742678652951,18.28707,1631,,Center,474.4502,1127.959,44.60031,
1742678652980,18.31487,1633,,Left,476.0133,1128.15,44.59547,
1742678652980,18.31487,1633,,Right,474.6025,1128.15,44.59547,
1742678652980,18.31487,1633,,Center,474.2341,1128.15,44.59547,
1742678653008,18.34277,1635,,Left,755.4085,1080.977,48.99326,
1742678653008,18.34277,1635,,Right,754.1244,1080.977,48.99326,
1742678653008,18.34277,1635,,Center,754.3441,1080.977,48.99326,
1742678653035,18.37011,1637,,Left,903.9944,986.9363,49.89265,
1742678653035,18.37011,1637,,Right,902.7334,986.9363,49.89265,
1742678653035,18.37011,1637,,Center,903.2878,986.9363,49.89265,
1742678653063,18.39816,1639,,Left,946.8228,982.4353,49.90813,
1742678653063,18.39816,1639,,Right,945.5622,982.4353,49.90813,
1742678653063,18.39816,1639,,Center,946.2162,982.4354,49.90813,
1742678653091,18.4262,1641,,Left,948.6062,979.0031,49.89692,
1742678653091,18.4262,1641,,Right,947.3453,979.0031,49.89692,
1742678653091,18.4262,1641,,Center,948.0037,979.0031,49.89693,
1742678653118,18.45419,1643,,Left,952.9033,976.3,49.88499,
1742678653118,18.45419,1643,,Right,951.6422,976.3,49.88499,
1742678653118,18.45419,1643,,Center,952.3106,976.3,49.88499,
1742678653147,18.48172,1645,,Left,952.7144,976.1888,49.88481,
1742678653147,18.48172,1645,,Right,951.4534,976.1888,49.88482,
1742678653147,18.48172,1645,,Center,952.1214,976.1888,49.88481,
1742678653175,18.50969,1647,,Left,953.4854,975.322,49.88128,
1742678653175,18.50969,1647,,Right,952.2242,975.322,49.88128,
1742678653175,18.50969,1647,,Center,952.8941,975.322,49.88128,
1742678653202,18.53712,1649,,Left,952.6107,975.2911,49.88201,
1742678653202,18.53712,1649,,Right,951.3495,975.2911,49.88201,
1742678653202,18.53712,1649,,Center,952.0173,975.2912,49.88202,
1742678653230,18.56515,1651,,Left,951.701,968.4598,49.85931,
1742678653230,18.56515,1651,,Right,950.4391,968.4598,49.85931,
1742678653230,18.56515,1651,,Center,951.1051,968.4598,49.85931,
1742678653258,18.59317,1653,,Left,947.8695,956.2658,49.81372,
1742678653258,18.59317,1653,,Right,946.6066,956.2658,49.81372,
1742678653258,18.59317,1653,,Center,947.2643,956.2658,49.81371,
1742678653286,18.62099,1655,,Left,899.5404,916.6638,49.56415,
1742678653286,18.62099,1655,,Right,898.2711,916.6638,49.56415,
1742678653286,18.62099,1655,,Center,898.8193,916.6638,49.56416,
1742678653314,18.64891,1657,,Left,899.2455,916.6793,49.56361,
1742678653314,18.64891,1657,,Right,897.9761,916.6793,49.56361,
1742678653314,18.64891,1657,,Center,898.5237,916.6793,49.56362,
1742678653342,18.67687,1659,,Left,895.7115,914.0537,49.53863,
1742678653342,18.67687,1659,,Right,894.4415,914.0537,49.53863,
1742678653342,18.67687,1659,,Center,894.9811,914.0537,49.53863,
1742678653370,18.70441,1661,,Left,892.0777,917.3818,49.55158,
1742678653370,18.70441,1661,,Right,890.808,917.3818,49.55157,
1742678653370,18.70441,1661,,Center,891.339,917.3818,49.55157,
1742678653398,18.73236,1663,,Left,890.6376,912.0712,49.51299,
1742678653398,18.73236,1663,,Right,889.3669,912.0712,49.51299,
1742678653398,18.73236,1663,,Center,889.8951,912.0712,49.51299,
1742678653425,18.76043,1665,,Left,890.368,911.3291,49.5073,
1742678653425,18.76043,1665,,Right,889.0972,911.3291,49.5073,
1742678653425,18.76043,1665,,Center,889.6248,911.3291,49.5073,
1742678653453,18.78813,1667,,Left,890.8426,908.4758,49.48903,
1742678653453,18.78813,1667,,Right,889.5714,908.4758,49.48903,
1742678653453,18.78813,1667,,Center,890.1002,908.4758,49.48903,
1742678653481,18.81611,1669,,Left,891.033,908.767,49.49155,
1742678653481,18.81611,1669,,Right,889.7618,908.767,49.49155,
1742678653481,18.81611,1669,,Center,890.2911,908.767,49.49155,
1742678653509,18.844,1671,,Left,890.8662,909.0957,49.49336,
1742678653509,18.844,1671,,Right,889.595,909.0957,49.49336,
1742678653509,18.844,1671,,Center,890.1239,909.0957,49.49337,
1742678653537,18.87162,1673,,Left,889.9982,908.9907,49.4904,
1742678653537,18.87162,1673,,Right,888.727,908.9906,49.4904,
1742678653537,18.87162,1673,,Center,889.2539,908.9907,49.4904,
1742678653565,18.89958,1675,,Left,888.423,908.8066,49.48495,
1742678653565,18.89958,1675,,Right,887.1517,908.8066,49.48495,
1742678653565,18.89958,1675,,Center,887.675,908.8066,49.48495,
1742678653592,18.92748,1677,,Left,888.3331,908.7177,49.4841,
1742678653592,18.92748,1677,,Right,887.0618,908.7177,49.4841,
1742678653592,18.92748,1677,,Center,887.5849,908.7177,49.4841,
1742678653620,18.95534,1679,,Left,894.9403,914.0125,49.53657,
1742678653620,18.95534,1679,,Right,893.6703,914.0125,49.53657,
1742678653620,18.95534,1679,,Center,894.2081,914.0125,49.53657,
1742678653648,18.98327,1681,,Left,894.8279,914.2516,49.53789,
1742678653648,18.98327,1681,,Right,893.558,914.2516,49.53789,
1742678653648,18.98327,1681,,Center,894.0956,914.2516,49.53788,
1742678653676,19.01114,1683,,Left,944.1906,930.4915,49.686,
1742678653676,19.01114,1683,,Right,942.9243,930.4915,49.686,
1742678653676,19.01114,1683,,Center,943.5751,930.4915,49.686,
1742678653704,19.03886,1685,,Left,1178.118,947.5593,48.19187,
1742678653704,19.03886,1685,,Right,1176.813,947.5593,48.19187,
1742678653704,19.03886,1685,,Center,1178.029,947.5593,48.19187,
1742678653731,19.06557,1687,,Left,1369.578,974.0419,45.23977,
1742678653731,19.06557,1687,,Right,1368.187,974.0419,45.23976,
1742678653731,19.06557,1687,,Center,1369.892,974.0419,45.23976,
1742678653759,19.09382,1689,,Left,1464.416,971.2535,43.39928,
1742678653759,19.09382,1689,,Right,1462.967,971.2535,43.39928,
1742678653759,19.09382,1689,,Center,1464.922,971.2535,43.39928,
1742678653786,19.12178,1691,,Left,1516.058,948.6639,42.29974,
1742678653786,19.12178,1691,,Right,1514.57,948.6639,42.29974,
1742678653786,19.12178,1691,,Center,1516.664,948.6639,42.29975,
1742678653814,19.14975,1693,,Left,1516.151,948.8427,42.29835,
1742678653814,19.14975,1693,,Right,1514.664,948.8427,42.29835,
1742678653814,19.14975,1693,,Center,1516.758,948.8428,42.29835,
1742678653842,19.17751,1695,,Left,1532.654,948.6791,41.96222,
1742678653842,19.17751,1695,,Right,1531.154,948.6791,41.96223,
1742678653842,19.17751,1695,,Center,1533.293,948.6791,41.96223,
1742678653870,19.20517,1697,,Left,1519.512,943.9456,42.2156,
1742678653870,19.20517,1697,,Right,1518.022,943.9456,42.2156,
1742678653870,19.20517,1697,,Center,1520.125,943.9456,42.2156,
1742678653898,19.23267,1699,,Left,1519.621,943.9158,42.21326,
1742678653898,19.23267,1699,,Right,1518.13,943.9158,42.21326,
1742678653898,19.23267,1699,,Center,1520.234,943.9158,42.21326,
1742678653926,19.26089,1701,,Left,1502.107,934.8257,42.53785,
1742678653926,19.26089,1701,,Right,1500.628,934.8257,42.53785,
1742678653926,19.26089,1701,,Center,1502.685,934.8257,42.53785,
1742678653954,19.28883,1703,,Left,1434.512,897.5143,43.71148,
1742678653954,19.28883,1703,,Right,1433.073,897.5143,43.71148,
1742678653954,19.28883,1703,,Center,1434.953,897.5143,43.71148,
1742678653981,19.31671,1705,,Left,1434.17,897.204,43.71647,
1742678653982,19.31671,1705,,Right,1432.731,897.204,43.71647,
1742678653982,19.31671,1705,,Center,1434.61,897.204,43.71648,
1742678654010,19.34447,1707,,Left,1434.424,893.6776,43.69303,
1742678654010,19.34447,1707,,Right,1432.985,893.6776,43.69303,
1742678654010,19.34447,1707,,Center,1434.865,893.6777,43.69303,
1742678654038,19.37256,1709,,Left,1434.967,893.1516,43.67977,
1742678654038,19.37256,1709,,Right,1433.527,893.1516,43.67977,
1742678654038,19.37256,1709,,Center,1435.409,893.1517,43.67977,
1742678654065,19.39985,1711,,Left,1429.242,890.6243,43.7759,
1742678654065,19.39985,1711,,Right,1427.804,890.6243,43.7759,
1742678654065,19.39985,1711,,Center,1429.671,890.6243,43.7759,
1742678654093,19.42785,1713,,Left,1428.234,890.5139,43.79456,
1742678654093,19.42785,1713,,Right,1426.797,890.5139,43.79457,
1742678654093,19.42785,1713,,Center,1428.661,890.514,43.79457,
1742678654120,19.4559,1715,,Left,1418.87,891.3488,43.97751,
1742678654120,19.4559,1715,,Right,1417.439,891.3488,43.97751,
1742678654120,19.4559,1715,,Center,1419.278,891.3488,43.97751,
1742678654148,19.48349,1717,,Left,1418.381,891.597,43.98816,
1742678654148,19.48349,1717,,Right,1416.951,891.597,43.98816,
1742678654148,19.48349,1717,,Center,1418.789,891.597,43.98815,
1742678654177,19.51203,1719,,Left,1337.767,874.4449,45.35046,
1742678654177,19.51203,1719,,Right,1336.38,874.4448,45.35046,
1742678654177,19.51203,1719,,Center,1338.008,874.4449,45.35046,
1742678654204,19.53933,1721,,Left,1333.43,874.1592,45.4234,
1742678654204,19.53933,1721,,Right,1332.045,874.1592,45.4234,
1742678654204,19.53933,1721,,Center,1333.662,874.1592,45.4234,
1742678654232,19.5669,1723,,Left,1333.025,875.0475,45.43641,
1742678654232,19.5669,1723,,Right,1331.64,875.0475,45.43641,
1742678654232,19.5669,1723,,Center,1333.256,875.0475,45.43641,
1742678654260,19.59483,1725,,Left,1330.542,873.9384,45.47149,
1742678654260,19.59483,1725,,Right,1329.158,873.9384,45.47148,
1742678654260,19.59483,1725,,Center,1330.768,873.9384,45.47148,
1742678654287,19.62295,1727,,Left,1326.025,872.2416,45.5369,
1742678654287,19.62295,1727,,Right,1324.644,872.2416,45.5369,
1742678654287,19.62295,1727,,Center,1326.242,872.2416,45.5369,
1742678654315,19.65061,1729,,Left,1325.716,872.8171,45.54619,
1742678654315,19.65061,1729,,Right,1324.335,872.8171,45.54619,
1742678654315,19.65061,1729,,Center,1325.932,872.8172,45.54619,
1742678654344,19.67909,1731,,Left,1325.093,873.064,45.55851,
1742678654344,19.67909,1731,,Right,1323.711,873.064,45.55851,
1742678654344,19.67909,1731,,Center,1325.307,873.0641,45.55851,
1742678654372,19.70655,1733,,Left,1325.829,879.9744,45.59284,
1742678654372,19.70655,1733,,Right,1324.449,879.9744,45.59284,
1742678654372,19.70655,1733,,Center,1326.046,879.9744,45.59284,
1742678654399,19.73385,1735,,Left,1325.852,879.8375,45.59156,
1742678654399,19.73385,1735,,Right,1324.472,879.8375,45.59155,
1742678654399,19.73385,1735,,Center,1326.069,879.8376,45.59155,
1742678654427,19.76211,1737,,Left,1325.936,881.3035,45.59981,
1742678654427,19.76211,1737,,Right,1324.557,881.3035,45.59982,
1742678654427,19.76211,1737,,Center,1326.154,881.3035,45.59982,
1742678654455,19.79031,1739,,Left,1325.222,880.5746,45.60721,
1742678654455,19.79031,1739,,Right,1323.842,880.5746,45.60721,
1742678654455,19.79031,1739,,Center,1325.438,880.5746,45.60721,
1742678654483,19.81808,1741,,Left,1325.631,880.727,45.60122,
1742678654483,19.81808,1741,,Right,1324.251,880.727,45.60122,
1742678654483,19.81808,1741,,Center,1325.848,880.7271,45.60122,
1742678654511,19.84635,1743,,Left,1325.62,880.4789,45.59977,
1742678654511,19.84635,1743,,Right,1324.241,880.479,45.59977,
1742678654511,19.84635,1743,,Center,1325.837,880.479,45.59977,
1742678654538,19.87373,1745,,Left,1325.924,882.673,45.60902,
1742678654539,19.87373,1745,,Right,1324.544,882.673,45.60903,
1742678654539,19.87373,1745,,Center,1326.141,882.673,45.60902,
1742678654566,19.90097,1747,,Left,1326.178,883.5089,45.6101,
1742678654566,19.90097,1747,,Right,1324.799,883.5089,45.6101,
1742678654566,19.90097,1747,,Center,1326.396,883.509,45.6101,
1742678654594,19.92896,1749,,Left,1326.673,883.8746,45.604,
1742678654594,19.92896,1749,,Right,1325.294,883.8746,45.604,
1742678654594,19.92896,1749,,Center,1326.892,883.8746,45.604,
1742678654622,19.9572,1751,,Left,1328.299,884.3721,45.57938,
1742678654622,19.9572,1751,,Right,1326.919,884.3721,45.57937,
1742678654622,19.9572,1751,,Center,1328.522,884.3721,45.57938,
1742678654650,19.98536,1753,,Left,1328.037,884.6784,45.58583,
1742678654650,19.98536,1753,,Right,1326.657,884.6784,45.58583,
1742678654650,19.98536,1753,,Center,1328.26,884.6784,45.58583,
1742678654678,20.01373,1755,,Left,1390.004,898.7598,44.56023,
1742678654678,20.01373,1755,,Right,1388.592,898.7598,44.56023,
1742678654678,20.01373,1755,,Center,1390.354,898.7598,44.56023,
1742678654706,20.04108,1757,,Left,1565.193,993.5977,41.38622,
1742678654706,20.04108,1757,,Right,1563.673,993.5977,41.38622,
1742678654706,20.04108,1757,,Center,1565.897,993.5978,41.38622,
1742678654734,20.06845,1759,,Left,1592.511,1042.354,40.84391,
1742678654734,20.06845,1759,,Right,1590.971,1042.354,40.84391,
1742678654734,20.06845,1759,,Center,1593.269,1042.354,40.84391,
1742678654762,20.09663,1761,,Left,1592.052,1082.113,40.81565,
1742678654762,20.09663,1761,,Right,1590.511,1082.113,40.81565,
1742678654762,20.09663,1761,,Center,1592.809,1082.113,40.81565,
1742678654789,20.12448,1763,,Left,1583.04,1090.259,40.98745,
1742678654789,20.12448,1763,,Right,1581.505,1090.259,40.98745,
1742678654789,20.12448,1763,,Center,1583.779,1090.259,40.98745,
1742678654817,20.15263,1765,,Left,1576.002,1099.226,41.1144,
1742678654817,20.15263,1765,,Right,1574.472,1099.226,41.11439,
1742678654817,20.15263,1765,,Center,1576.726,1099.226,41.1144,
1742678654845,20.1811,1767,,Left,1575.461,1099.34,41.12527,
1742678654845,20.1811,1767,,Right,1573.932,1099.34,41.12527,
1742678654845,20.1811,1767,,Center,1576.185,1099.34,41.12527,
1742678654873,20.20826,1769,,Left,1584.345,1100.338,40.94042,
1742678654873,20.20826,1769,,Right,1582.808,1100.338,40.94043,
1742678654873,20.20826,1769,,Center,1585.086,1100.338,40.94043,
1742678654901,20.23553,1771,,Left,1584.691,1102.973,40.92749,
1742678654901,20.23553,1771,,Right,1583.154,1102.973,40.92749,
1742678654901,20.23553,1771,,Center,1585.432,1102.973,40.92749,
1742678654929,20.26351,1773,,Left,1585.326,1107.794,40.90327,
1742678654929,20.26351,1773,,Right,1583.788,1107.794,40.90326,
1742678654929,20.26351,1773,,Center,1586.069,1107.794,40.90327,
1742678654956,20.29151,1775,,Left,1585.61,1110.43,40.89101,
1742678654957,20.29151,1775,,Right,1584.072,1110.43,40.89101,
1742678654957,20.29151,1775,,Center,1586.353,1110.43,40.89101,
1742678654984,20.31987,1777,,Left,1587.207,1110.427,40.85822,
1742678654984,20.31987,1777,,Right,1585.667,1110.427,40.85822,
1742678654984,20.31987,1777,,Center,1587.953,1110.427,40.85822,
1742678655012,20.34745,1779,,Left,1587.431,1110.398,40.85371,
1742678655012,20.34745,1779,,Right,1585.891,1110.398,40.8537,
1742678655012,20.34745,1779,,Center,1588.178,1110.398,40.8537,
1742678655040,20.37497,1781,,Left,1588.508,1101.669,40.85188,
1742678655040,20.37497,1781,,Right,1586.968,1101.669,40.85187,
1742678655040,20.37497,1781,,Center,1589.257,1101.669,40.85188,
1742678655067,20.4021,1783,,Left,1587.671,1095.894,40.88124,
1742678655067,20.4021,1783,,Right,1586.132,1095.894,40.88124,
1742678655067,20.4021,1783,,Center,1588.419,1095.894,40.88124,
1742678655095,20.42997,1785,,Left,1587.193,1102.385,40.87733,
1742678655095,20.42997,1785,,Right,1585.654,1102.385,40.87734,
1742678655095,20.42997,1785,,Center,1587.94,1102.385,40.87733,
1742678655123,20.45809,1787,,Left,1577.063,1094.446,41.10247,
1742678655123,20.45809,1787,,Right,1575.533,1094.446,41.10247,
1742678655123,20.45809,1787,,Center,1577.791,1094.446,41.10248,
1742678655150,20.48623,1789,,Left,1576.382,1100.468,41.10386,
1742678655151,20.48623,1789,,Right,1574.851,1100.468,41.10387,
1742678655151,20.48623,1789,,Center,1577.108,1100.468,41.10386,
1742678655179,20.51428,1791,,Left,1574.614,1100.427,41.1403,
1742678655179,20.51428,1791,,Right,1573.085,1100.427,41.1403,
1742678655179,20.51428,1791,,Center,1575.336,1100.427,41.1403,
1742678655207,20.54173,1793,,Left,1569.604,1077.193,41.28605,
1742678655207,20.54173,1793,,Right,1568.08,1077.193,41.28605,
1742678655207,20.54173,1793,,Center,1570.317,1077.193,41.28605,
1742678655234,20.56916,1795,,Left,1075.837,1002.116,49.40593,
1742678655234,20.56916,1795,,Right,1074.563,1002.116,49.40593,
1742678655234,20.56916,1795,,Center,1075.525,1002.116,49.40593,
1742678655262,20.59731,1797,,Left,981.9507,955.9185,49.75717,
1742678655262,20.59731,1797,,Right,980.6863,955.9185,49.75717,
1742678655262,20.59731,1797,,Center,981.4241,955.9185,49.75718,
1742678655290,20.62519,1799,,Left,972.5692,956.3273,49.78072,
1742678655290,20.62519,1799,,Right,971.3054,956.3273,49.78072,
1742678655290,20.62519,1799,,Center,972.0211,956.3274,49.78072,
1742678655317,20.65339,1801,,Left,1209.383,1002.115,47.93854,
1742678655317,20.65339,1801,,Right,1208.071,1002.115,47.93854,
1742678655317,20.65339,1801,,Center,1209.362,1002.115,47.93854,
1742678655346,20.68116,1803,,Left,1180.477,1003.961,48.32693,
1742678655346,20.68116,1803,,Right,1179.175,1003.961,48.32693,
1742678655346,20.68116,1803,,Center,1180.394,1003.961,48.32693,
1742678655374,20.70878,1805,,Left,1480.318,1013.418,43.14292,
1742678655374,20.70878,1805,,Right,1478.86,1013.418,43.14292,
1742678655374,20.70878,1805,,Center,1480.856,1013.418,43.14292,
1742678655401,20.73606,1807,,Left,1486.847,1078.637,42.97725,
1742678655401,20.73606,1807,,Right,1485.383,1078.637,42.97726,
1742678655401,20.73606,1807,,Center,1487.397,1078.637,42.97726,
1742678655429,20.76415,1809,,Left,1417.725,1076.421,44.35365,
1742678655429,20.76415,1809,,Right,1416.306,1076.421,44.35365,
1742678655429,20.76415,1809,,Center,1418.136,1076.421,44.35364,
1742678655457,20.79233,1811,,Left,1397.5,1068.639,44.75629,
1742678655457,20.79233,1811,,Right,1396.094,1068.639,44.75629,
1742678655457,20.79233,1811,,Center,1397.871,1068.639,44.75629,
1742678655484,20.82012,1813,,Left,1355.03,1067.007,45.55414,
1742678655484,20.82012,1813,,Right,1353.648,1067.007,45.55415,
1742678655484,20.82012,1813,,Center,1355.314,1067.007,45.55415,
1742678655513,20.84764,1815,,Left,1328.825,1064.926,46.02959,
1742678655513,20.84764,1815,,Right,1327.458,1064.926,46.02959,
1742678655513,20.84764,1815,,Center,1329.055,1064.926,46.02959,
1742678655541,20.87573,1817,,Left,1302.385,1064.197,46.48962,
1742678655541,20.87573,1817,,Right,1301.031,1064.197,46.48962,
1742678655541,20.87573,1817,,Center,1302.561,1064.197,46.48962,
1742678655568,20.90313,1819,,Left,1271.163,1068.575,46.99916,
1742678655568,20.90313,1819,,Right,1269.824,1068.575,46.99916,
1742678655568,20.90313,1819,,Center,1271.273,1068.575,46.99916,
1742678655596,20.93105,1821,,Left,1253.842,1063.242,47.28145,
1742678655596,20.93105,1821,,Right,1252.512,1063.242,47.28146,
1742678655596,20.93105,1821,,Center,1253.916,1063.242,47.28146,
1742678655624,20.95958,1823,,Left,1233.821,1052.845,47.59871,
1742678655624,20.95958,1823,,Right,1232.499,1052.845,47.5987,
1742678655624,20.95958,1823,,Center,1233.852,1052.845,47.5987,
1742678655651,20.98731,1825,,Left,1214.832,1049.222,47.8772,
1742678655652,20.98731,1825,,Right,1213.517,1049.222,47.8772,
1742678655652,20.98731,1825,,Center,1214.823,1049.222,47.8772,
1742678655680,21.015,1827,,Left,1204.715,1050.332,48.0173,
1742678655680,21.015,1827,,Right,1203.405,1050.332,48.0173,
1742678655680,21.015,1827,,Center,1204.685,1050.332,48.0173,
1742678655708,21.04285,1829,,Left,1195.326,1051.53,48.1433,
1742678655708,21.04285,1829,,Right,1194.019,1051.53,48.14329,
1742678655708,21.04285,1829,,Center,1195.275,1051.53,48.14329,
1742678655735,21.06999,1831,,Left,1188.749,1051.65,48.23008,
1742678655735,21.06999,1831,,Right,1187.444,1051.65,48.23008,
1742678655735,21.06999,1831,,Center,1188.684,1051.65,48.23008,
1742678655763,21.09834,1833,,Left,1149.705,1051.052,48.70926,
1742678655763,21.09834,1833,,Right,1148.413,1051.052,48.70926,
1742678655763,21.09834,1833,,Center,1149.556,1051.052,48.70926,
1742678655791,21.1263,1835,,Left,994.6849,924.0121,49.55398,
1742678655791,21.1263,1835,,Right,993.4152,924.012,49.55399,
1742678655791,21.1263,1835,,Center,994.1854,924.0121,49.55399,
1742678655819,21.15443,1837,,Left,956.4538,891.639,49.41285,
1742678655819,21.15443,1837,,Right,955.1806,891.639,49.41285,
1742678655819,21.15443,1837,,Center,955.8635,891.6391,49.41286,
1742678655847,21.18225,1839,,Left,961.8178,892.7236,49.41456,
1742678655847,21.18225,1839,,Right,960.5447,892.7236,49.41456,
1742678655847,21.18225,1839,,Center,961.2399,892.7236,49.41456,
1742678655875,21.21022,1841,,Left,960.4128,892.0904,49.41159,
1742678655875,21.21022,1841,,Right,959.1395,892.0904,49.41159,
1742678655875,21.21022,1841,,Center,959.8317,892.0904,49.41158,
1742678655903,21.23781,1843,,Left,961.2013,895.2356,49.43474,
1742678655903,21.23781,1843,,Right,959.9288,895.2356,49.43474,
1742678655903,21.23781,1843,,Center,960.6223,895.2357,49.43475,
1742678655931,21.26571,1845,,Left,967.4337,894.7245,49.42119,
1742678655931,21.26571,1845,,Right,966.1608,894.7245,49.42119,
1742678655931,21.26571,1845,,Center,966.869,894.7245,49.4212,
1742678655959,21.29377,1847,,Left,966.801,891.2419,49.39533,
1742678655959,21.29377,1847,,Right,965.5273,891.2419,49.39533,
1742678655959,21.29377,1847,,Center,966.2345,891.2419,49.39533,
1742678655986,21.32141,1849,,Left,969.0671,889.4372,49.3772,
1742678655986,21.32141,1849,,Right,967.793,889.4372,49.3772,
1742678655986,21.32141,1849,,Center,968.5057,889.4373,49.3772,
1742678656014,21.34939,1851,,Left,972.3813,889.0911,49.36816,
1742678656014,21.34939,1851,,Right,971.1069,889.0911,49.36816,
1742678656014,21.34939,1851,,Center,971.8274,889.0911,49.36816,
1742678656042,21.37741,1853,,Left,979.1285,888.4842,49.34866,
1742678656042,21.37741,1853,,Right,977.8536,888.4842,49.34866,
1742678656042,21.37741,1853,,Center,978.59,888.4843,49.34866,
1742678656070,21.405,1855,,Left,976.2482,886.7603,49.34146,
1742678656070,21.405,1855,,Right,974.9732,886.7603,49.34146,
1742678656070,21.405,1855,,Center,975.703,886.7603,49.34146,
1742678656098,21.43233,1857,,Left,986.3059,884.8578,49.30116,
1742678656098,21.43233,1857,,Right,985.0298,884.8578,49.30116,
1742678656098,21.43233,1857,,Center,985.7836,884.8579,49.30115,
1742678656125,21.46047,1859,,Left,985.8668,883.0922,49.28793,
1742678656125,21.46047,1859,,Right,984.5905,883.0922,49.28793,
1742678656125,21.46047,1859,,Center,985.3434,883.0922,49.28794,
1742678656153,21.48839,1861,,Left,985.8232,882.8613,49.28616,
1742678656153,21.48839,1861,,Right,984.5468,882.8613,49.28617,
1742678656153,21.48839,1861,,Center,985.2996,882.8613,49.28617,
1742678656181,21.51611,1863,,Left,985.9127,882.3028,49.28133,
1742678656181,21.51611,1863,,Right,984.6361,882.3028,49.28133,
1742678656181,21.51611,1863,,Center,985.3893,882.3028,49.28133,
1742678656209,21.54419,1865,,Left,985.7015,890.04,49.34429,
1742678656209,21.54419,1865,,Right,984.4266,890.04,49.34429,
1742678656209,21.54419,1865,,Center,985.1783,890.04,49.34429,
1742678656237,21.57189,1867,,Left,989.213,889.9667,49.33377,
1742678656237,21.57189,1867,,Right,987.9376,889.9667,49.33378,
1742678656237,21.57189,1867,,Center,988.6979,889.9667,49.33378,
1742678656265,21.59996,1869,,Left,988.9972,886.7467,49.30878,
1742678656265,21.59996,1869,,Right,987.7213,886.7467,49.30878,
1742678656265,21.59996,1869,,Center,988.4814,886.7467,49.30878,
1742678656293,21.62792,1871,,Left,993.5063,887.4195,49.30051,
1742678656293,21.62792,1871,,Right,992.2302,887.4195,49.30051,
1742678656293,21.62792,1871,,Center,993.0008,887.4195,49.30051,
1742678656320,21.65602,1873,,Left,994.8148,891.7587,49.33051,
1742678656320,21.65602,1873,,Right,993.5394,891.7587,49.33051,
1742678656320,21.65602,1873,,Center,994.3127,891.7587,49.33051,
1742678656348,21.68363,1875,,Left,995.2646,892.2198,49.33261,
1742678656349,21.68363,1875,,Right,993.9893,892.2198,49.33261,
1742678656349,21.68363,1875,,Center,994.7637,892.2198,49.33261,
1742678656376,21.71179,1877,,Left,997.1604,892.1081,49.32547,
1742678656376,21.71179,1877,,Right,995.8849,892.1081,49.32547,
1742678656376,21.71179,1877,,Center,996.6638,892.1081,49.32547,
1742678656404,21.73911,1879,,Left,999.1876,891.7714,49.3159,
1742678656404,21.73911,1879,,Right,997.9119,891.7714,49.3159,
1742678656405,21.73911,1879,,Center,998.6955,891.7714,49.3159,
1742678656432,21.76669,1881,,Left,1119.044,932.7934,48.78122,
1742678656432,21.76669,1881,,Right,1117.754,932.7934,48.78122,
1742678656432,21.76669,1881,,Center,1118.824,932.7934,48.78122,
1742678656460,21.79453,1883,,Left,1263.344,1038.62,47.15478,
1742678656460,21.79453,1883,,Right,1262.01,1038.62,47.15479,
1742678656460,21.79453,1883,,Center,1263.438,1038.62,47.15478,
1742678656487,21.82268,1885,,Left,1266.756,1095.766,47.00388,
1742678656487,21.82268,1885,,Right,1265.418,1095.766,47.00388,
1742678656487,21.82268,1885,,Center,1266.856,1095.766,47.00388,
1742678656515,21.85068,1887,,Left,1267.984,1096.139,46.98318,
1742678656515,21.85068,1887,,Right,1266.645,1096.139,46.98319,
1742678656515,21.85068,1887,,Center,1268.087,1096.139,46.98319,
1742678656543,21.87882,1889,,Left,1262.168,1096.332,47.07457,
1742678656543,21.87882,1889,,Right,1260.832,1096.332,47.07458,
1742678656543,21.87882,1889,,Center,1262.259,1096.332,47.07458,
1742678656572,21.90638,1891,,Left,1259.618,1096.311,47.11464,
1742678656572,21.90638,1891,,Right,1258.283,1096.311,47.11464,
1742678656572,21.90638,1891,,Center,1259.703,1096.311,47.11464,
1742678656599,21.9335,1893,,Left,1258.304,1100.285,47.12244,
1742678656599,21.9335,1893,,Right,1256.969,1100.285,47.12244,
1742678656599,21.9335,1893,,Center,1258.387,1100.285,47.12244,
1742678656627,21.96163,1895,,Left,1261.955,1101.712,47.06063,
1742678656627,21.96163,1895,,Right,1260.619,1101.712,47.06063,
1742678656627,21.96163,1895,,Center,1262.045,1101.712,47.06064,
1742678656654,21.98964,1897,,Left,1262.097,1101.64,47.05866,
1742678656654,21.98964,1897,,Right,1260.76,1101.64,47.05866,
1742678656654,21.98964,1897,,Center,1262.187,1101.64,47.05866,
1742678656682,22.01741,1899,,Left,1261.988,1095.031,47.08147,
1742678656682,22.01741,1899,,Right,1260.651,1095.031,47.08147,
1742678656682,22.01741,1899,,Center,1262.078,1095.03,47.08147,
1742678656710,22.04576,1901,,Left,1262.568,1094.658,47.07346,
1742678656710,22.04576,1901,,Right,1261.231,1094.658,47.07346,
1742678656710,22.04576,1901,,Center,1262.659,1094.658,47.07346,
1742678656738,22.07343,1903,,Left,1262.747,1091.562,47.07977,
1742678656738,22.07343,1903,,Right,1261.41,1091.562,47.07976,
1742678656738,22.07343,1903,,Center,1262.839,1091.562,47.07976,
1742678656766,22.10057,1905,,Left,1263.393,1092.045,47.0682,
1742678656766,22.10057,1905,,Right,1262.056,1092.045,47.0682,
1742678656766,22.10057,1905,,Center,1263.486,1092.045,47.0682,
1742678656794,22.1286,1907,,Left,1265.608,1099.168,47.01144,
1742678656794,22.1286,1907,,Right,1264.27,1099.168,47.01144,
1742678656794,22.1286,1907,,Center,1265.706,1099.168,47.01144,
1742678656821,22.15671,1909,,Left,1266.571,1099.471,46.99525,
1742678656821,22.15671,1909,,Right,1265.232,1099.471,46.99525,
1742678656821,22.15671,1909,,Center,1266.67,1099.471,46.99525,
1742678656849,22.18451,1911,,Left,1266.569,1098.669,46.99786,
1742678656849,22.18451,1911,,Right,1265.23,1098.669,46.99787,
1742678656849,22.18451,1911,,Center,1266.668,1098.669,46.99786,
1742678656877,22.21324,1913,,Left,1266.706,1098.385,46.99657,
1742678656877,22.21324,1913,,Right,1265.368,1098.385,46.99657,
1742678656877,22.21324,1913,,Center,1266.806,1098.385,46.99657,
1742678656905,22.24032,1915,,Left,1269.144,1095.111,46.96795,
1742678656905,22.24032,1915,,Right,1267.804,1095.111,46.96795,
1742678656905,22.24032,1915,,Center,1269.249,1095.111,46.96795,
1742678656933,22.26755,1917,,Left,1267.134,1094.653,47.0013,
1742678656933,22.26755,1917,,Right,1265.795,1094.653,47.0013,
1742678656933,22.26755,1917,,Center,1267.235,1094.653,47.0013,
1742678656961,22.29578,1919,,Left,1271.101,1094.498,46.93848,
1742678656961,22.29578,1919,,Right,1269.761,1094.498,46.93848,
1742678656961,22.29578,1919,,Center,1271.21,1094.498,46.93848,
1742678656989,22.32381,1921,,Left,1270.998,1082.709,46.97197,
1742678656989,22.32381,1921,,Right,1269.659,1082.709,46.97197,
1742678656989,22.32381,1921,,Center,1271.108,1082.709,46.97197,
1742678657017,22.35204,1923,,Left,1279.87,1083.05,46.82758,
1742678657017,22.35204,1923,,Right,1278.527,1083.05,46.82758,
1742678657017,22.35204,1923,,Center,1279.998,1083.05,46.82758,
1742678657045,22.38076,1925,,Left,1209.263,1027.055,47.96195,
1742678657045,22.38076,1925,,Right,1207.951,1027.055,47.96194,
1742678657045,22.38076,1925,,Center,1209.242,1027.055,47.96195,
1742678657072,22.4078,1927,,Left,1067.967,916.1507,49.11942,
1742678657072,22.4078,1927,,Right,1066.686,916.1507,49.11942,
1742678657072,22.4078,1927,,Center,1067.633,916.1508,49.11942,
1742678657100,22.43481,1929,,Left,1065.029,899.3813,49.02679,
1742678657100,22.43481,1929,,Right,1063.746,899.3813,49.02679,
1742678657100,22.43481,1929,,Center,1064.686,899.3813,49.02679,
1742678657128,22.46288,1931,,Left,1056.44,901.7646,49.10215,
1742678657128,22.46288,1931,,Right,1055.158,901.7646,49.10215,
1742678657128,22.46288,1931,,Center,1056.078,901.7646,49.10215,
1742678657156,22.49112,1933,,Left,909.314,898.6942,49.45679,
1742678657156,22.49112,1933,,Right,908.0419,898.6942,49.45679,
1742678657156,22.49112,1933,,Center,908.6142,898.6943,49.45679,
1742678657184,22.51888,1935,,Left,735.6221,893.7892,48.34727,
1742678657184,22.51888,1935,,Right,734.3209,893.7892,48.34728,
1742678657184,22.51888,1935,,Center,734.5029,893.7893,48.34728,
1742678657212,22.54727,1937,,Left,736.0775,895.1584,48.36187,
1742678657212,22.54727,1937,,Right,734.7766,895.1584,48.36187,
1742678657212,22.54727,1937,,Center,734.9595,895.1584,48.36187,
1742678657239,22.57488,1939,,Left,603.5939,887.3947,46.55915,
1742678657239,22.57488,1939,,Right,602.2427,887.3947,46.55915,
1742678657239,22.57488,1939,,Center,602.142,887.3947,46.55915,
1742678657267,22.60197,1941,,Left,504.1307,873.3501,44.78669,
1742678657267,22.60197,1941,,Right,502.726,873.3501,44.78669,
1742678657267,22.60197,1941,,Center,502.4201,873.3502,44.78669,
1742678657295,22.63009,1943,,Left,502.8242,870.1895,44.74223,
1742678657295,22.63009,1943,,Right,501.4181,870.1895,44.74222,
1742678657295,22.63009,1943,,Center,501.1098,870.1895,44.74223,
1742678657323,22.65818,1945,,Left,501.3005,868.4113,44.70292,
1742678657323,22.65818,1945,,Right,499.8931,868.4113,44.70292,
1742678657323,22.65818,1945,,Center,499.5819,868.4114,44.70292,
1742678657350,22.68625,1947,,Left,500.894,869.4007,44.70225,
1742678657350,22.68625,1947,,Right,499.4866,869.4007,44.70226,
1742678657350,22.68625,1947,,Center,499.1746,869.4007,44.70225,
1742678657378,22.71389,1949,,Left,506.9166,871.0524,44.82166,
1742678657378,22.71389,1949,,Right,505.5129,871.0524,44.82166,
1742678657379,22.71389,1949,,Center,505.213,871.0524,44.82166,
1742678657406,22.74188,1951,,Left,517.1364,873.9496,45.0232,
1742678657407,22.74188,1951,,Right,515.7391,873.9496,45.0232,
1742678657407,22.74188,1951,,Center,515.4598,873.9497,45.0232,
1742678657434,22.76914,1953,,Left,520.5463,873.3271,45.07933,
1742678657434,22.76914,1953,,Right,519.1507,873.3271,45.07934,
1742678657434,22.76914,1953,,Center,518.8785,873.3271,45.07934,
1742678657462,22.79713,1955,,Left,524.6425,857.3635,45.03893,
1742678657462,22.79713,1955,,Right,523.2457,857.3635,45.03892,
1742678657462,22.79713,1955,,Center,522.9837,857.3635,45.03892,
1742678657490,22.82498,1957,,Left,535.3281,867.0015,45.29395,
1742678657490,22.82498,1957,,Right,533.9391,867.0015,45.29395,
1742678657490,22.82498,1957,,Center,533.6981,867.0016,45.29395,
1742678657517,22.85317,1959,,Left,540.6447,868.5823,45.39662,
1742678657517,22.85317,1959,,Right,539.2589,868.5823,45.39662,
1742678657517,22.85317,1959,,Center,539.0287,868.5823,45.39662,
1742678657545,22.8808,1961,,Left,542.5565,869.2258,45.43393,
1742678657545,22.8808,1961,,Right,541.1718,869.2258,45.43393,
1742678657545,22.8808,1961,,Center,540.9454,869.2259,45.43393,
1742678657573,22.90829,1963,,Left,605.4155,907.7891,46.71585,
1742678657573,22.90829,1963,,Right,604.0687,907.7891,46.71585,
1742678657573,22.90829,1963,,Center,603.97,907.7891,46.71585,
1742678657601,22.93548,1965,,Left,605.2455,914.9229,46.75371,
1742678657601,22.93548,1965,,Right,603.8999,914.9229,46.75371,
1742678657601,22.93548,1965,,Center,603.8003,914.9229,46.75372,
1742678657629,22.96369,1967,,Left,613.744,916.1041,46.89241,
1742678657629,22.96369,1967,,Right,612.4023,916.1041,46.89241,
1742678657629,22.96369,1967,,Center,612.3204,916.1042,46.89241,
1742678657657,22.99166,1969,,Left,616.6439,916.4998,46.93917,
1742678657657,22.99166,1969,,Right,615.3036,916.4998,46.93917,
1742678657657,22.99166,1969,,Center,615.228,916.4998,46.93918,
1742678657684,23.01977,1971,,Left,616.4344,916.0873,46.93367,
1742678657684,23.01977,1971,,Right,615.0939,916.0873,46.93367,
1742678657684,23.01977,1971,,Center,615.0178,916.0873,46.93367,
1742678657712,23.04792,1973,,Left,616.7242,916.6117,46.94102,
1742678657712,23.04792,1973,,Right,615.3839,916.6116,46.94102,
1742678657712,23.04792,1973,,Center,615.3083,916.6117,46.94102,
1742678657740,23.07516,1975,,Left,618.0773,917.0568,46.96418,
1742678657740,23.07516,1975,,Right,616.7377,917.0568,46.96418,
1742678657740,23.07516,1975,,Center,616.665,917.0568,46.96418,
1742678657768,23.10254,1977,,Left,624.5459,917.7717,47.06627,
1742678657768,23.10254,1977,,Right,623.2092,917.7717,47.06627,
1742678657768,23.10254,1977,,Center,623.1501,917.7717,47.06627,
1742678657796,23.13051,1979,,Left,630.1696,918.4787,47.1544,
1742678657796,23.13051,1979,,Right,628.8354,918.4787,47.1544,
1742678657796,23.13051,1979,,Center,628.7881,918.4788,47.1544,
1742678657823,23.1587,1981,,Left,634.8049,917.501,47.21765,
1742678657823,23.1587,1981,,Right,633.4724,917.501,47.21766,
1742678657824,23.1587,1981,,Center,633.4351,917.501,47.21766,
1742678657851,23.18672,1983,,Left,636.2823,920.3947,47.25526,
1742678657851,23.18672,1983,,Right,634.9509,920.3947,47.25526,
1742678657851,23.18672,1983,,Center,634.9165,920.3947,47.25526,
1742678657879,23.21447,1985,,Left,640.7034,921.5012,47.32587,
1742678657879,23.21447,1985,,Right,639.374,921.5012,47.32587,
1742678657879,23.21447,1985,,Center,639.3489,921.5012,47.32587,
1742678657907,23.2422,1987,,Left,644.3043,925.5406,47.39944,
1742678657907,23.2422,1987,,Right,642.9769,925.5406,47.39944,
1742678657907,23.2422,1987,,Center,642.9592,925.5406,47.39944,
1742678657935,23.26959,1989,,Left,646.0045,926.6777,47.42982,
1742678657935,23.26959,1989,,Right,644.6781,926.6777,47.42982,
1742678657935,23.26959,1989,,Center,644.6639,926.6778,47.42982,
1742678657963,23.29771,1991,,Left,652.6669,926.8459,47.52554,
1742678657963,23.29771,1991,,Right,651.3431,926.8459,47.52554,
1742678657963,23.29771,1991,,Center,651.3431,926.846,47.52553,
1742678657991,23.32569,1993,,Left,650.9467,923.1654,47.48172,
1742678657991,23.32569,1993,,Right,649.6217,923.1654,47.48172,
1742678657991,23.32569,1993,,Center,649.6183,923.1655,47.48172,
1742678658018,23.35375,1995,,Left,689.2288,923.428,47.99733,
1742678658018,23.35375,1995,,Right,687.918,923.428,47.99733,
1742678658018,23.35375,1995,,Center,687.9968,923.428,47.99733,
1742678658046,23.38163,1997,,Left,688.3389,923.9281,47.98876,
1742678658046,23.38163,1997,,Right,687.028,923.9281,47.98877,
1742678658046,23.38163,1997,,Center,687.1046,923.9282,47.98876,
1742678658074,23.4097,1999,,Left,940.321,925.4813,49.65774,
1742678658074,23.4097,1999,,Right,939.0541,925.4813,49.65775,
1742678658074,23.4097,1999,,Center,939.6962,925.4813,49.65775,
1742678658102,23.43711,2001,,Left,1103.136,894.8292,48.69044,
1742678658102,23.43711,2001,,Right,1101.844,894.8292,48.69044,
1742678658102,23.43711,2001,,Center,1102.878,894.8292,48.69044,
1742678658130,23.46479,2003,,Left,1132.227,886.2681,48.34817,
1742678658130,23.46479,2003,,Right,1130.926,886.2681,48.34817,
1742678658130,23.46479,2003,,Center,1132.032,886.2681,48.34817,
1742678658158,23.49301,2005,,Left,1136.367,880.6831,48.26232,
1742678658158,23.49301,2005,,Right,1135.064,880.6831,48.26232,
1742678658158,23.49301,2005,,Center,1136.181,880.6832,48.26232,
1742678658185,23.52087,2007,,Left,1135.204,880.2384,48.2709,
1742678658185,23.52087,2007,,Right,1133.901,880.2384,48.2709,
1742678658185,23.52087,2007,,Center,1135.015,880.2384,48.2709,
1742678658214,23.54889,2009,,Left,1135.051,879.9617,48.27031,
1742678658214,23.54889,2009,,Right,1133.748,879.9617,48.27032,
1742678658214,23.54889,2009,,Center,1134.862,879.9617,48.27032,
1742678658242,23.57665,2011,,Left,1135.553,880.4378,48.26887,
1742678658242,23.57665,2011,,Right,1134.249,880.4378,48.26887,
1742678658242,23.57665,2011,,Center,1135.365,880.4379,48.26887,
1742678658269,23.60418,2013,,Left,1135.53,882.3298,48.28392,
1742678658269,23.60418,2013,,Right,1134.227,882.3298,48.28392,
1742678658269,23.60418,2013,,Center,1135.342,882.3299,48.28392,
1742678658297,23.63232,2015,,Left,1136.487,883.582,48.28363,
1742678658298,23.63232,2015,,Right,1135.184,883.582,48.28363,
1742678658298,23.63232,2015,,Center,1136.301,883.582,48.28363,
1742678658325,23.66022,2017,,Left,1136.81,884.0414,48.28378,
1742678658325,23.66022,2017,,Right,1135.507,884.0414,48.28378,
1742678658325,23.66022,2017,,Center,1136.625,884.0414,48.28379,
1742678658353,23.68811,2019,,Left,1138.501,884.3984,48.2688,
1742678658353,23.68811,2019,,Right,1137.198,884.3984,48.2688,
1742678658353,23.68811,2019,,Center,1138.32,884.3985,48.2688,
1742678658381,23.71597,2021,,Left,1138.539,884.7232,48.27087,
1742678658381,23.71597,2021,,Right,1137.236,884.7232,48.27087,
1742678658381,23.71597,2021,,Center,1138.358,884.7232,48.27087,
1742678658409,23.74384,2023,,Left,1142.863,891.2859,48.27396,
1742678658409,23.74384,2023,,Right,1141.56,891.2859,48.27396,
1742678658409,23.74384,2023,,Center,1142.693,891.2859,48.27396,
1742678658437,23.77161,2025,,Left,1142.588,885.8914,48.23682,
1742678658437,23.77161,2025,,Right,1141.284,885.8914,48.23682,
1742678658437,23.77161,2025,,Center,1142.416,885.8914,48.23682,
1742678658465,23.79952,2027,,Left,1142.419,889.0242,48.26213,
1742678658465,23.79952,2027,,Right,1141.115,889.0242,48.26212,
1742678658465,23.79952,2027,,Center,1142.246,889.0242,48.26212,
1742678658492,23.82736,2029,,Left,1139.025,888.881,48.29714,
1742678658492,23.82736,2029,,Right,1137.723,888.881,48.29713,
1742678658492,23.82736,2029,,Center,1138.846,888.881,48.29713,
1742678658520,23.85518,2031,,Left,1134.995,889.5423,48.34422,
1742678658520,23.85518,2031,,Right,1133.694,889.5423,48.34422,
1742678658520,23.85518,2031,,Center,1134.807,889.5424,48.34422,
1742678658548,23.88298,2033,,Left,1134.858,889.6758,48.34664,
1742678658548,23.88298,2033,,Right,1133.557,889.6758,48.34664,
1742678658548,23.88298,2033,,Center,1134.67,889.6758,48.34664,
1742678658576,23.911,2035,,Left,1132.506,889.3962,48.36881,
1742678658576,23.911,2035,,Right,1131.205,889.3962,48.36881,
1742678658576,23.911,2035,,Center,1132.312,889.3962,48.36881,
1742678658604,23.93859,2037,,Left,1133.222,883.6022,48.31757,
1742678658604,23.93859,2037,,Right,1131.92,883.6022,48.31757,
1742678658604,23.93859,2037,,Center,1133.029,883.6022,48.31757,
1742678658631,23.96606,2039,,Left,1133.119,883.4937,48.31779,
1742678658632,23.96606,2039,,Right,1131.817,883.4937,48.31779,
1742678658632,23.96606,2039,,Center,1132.926,883.4937,48.31779,
1742678658659,23.99409,2041,,Left,1202.081,922.2757,47.7565,
1742678658659,23.99409,2041,,Right,1200.764,922.2757,47.7565,
1742678658659,23.99409,2041,,Center,1202.041,922.2757,47.7565,
1742678658687,24.02198,2043,,Left,1325.839,1041.899,46.10404,
1742678658687,24.02198,2043,,Right,1324.475,1041.899,46.10404,
1742678658687,24.02198,2043,,Center,1326.064,1041.899,46.10405,
1742678658715,24.04988,2045,,Left,1323.961,1042.009,46.13713,
1742678658715,24.04988,2045,,Right,1322.597,1042.009,46.13713,
1742678658715,24.04988,2045,,Center,1324.182,1042.009,46.13713,
1742678658743,24.07781,2047,,Left,1339.437,1105.928,45.74286,
1742678658743,24.07781,2047,,Right,1338.062,1105.928,45.74286,
1742678658743,24.07781,2047,,Center,1339.688,1105.928,45.74286,
1742678658771,24.10564,2049,,Left,1351.58,1106.059,45.52405,
1742678658771,24.10564,2049,,Right,1350.198,1106.059,45.52405,
1742678658771,24.10564,2049,,Center,1351.856,1106.059,45.52406,
1742678658798,24.13285,2051,,Left,1341.457,1104.438,45.71156,
1742678658798,24.13285,2051,,Right,1340.081,1104.438,45.71156,
1742678658798,24.13285,2051,,Center,1341.712,1104.438,45.71155,
1742678658826,24.16109,2053,,Left,1348.024,1104.242,45.59416,
1742678658826,24.16109,2053,,Right,1346.644,1104.242,45.59417,
1742678658826,24.16109,2053,,Center,1348.293,1104.242,45.59416,
1742678658853,24.18898,2055,,Left,1349.51,1105.681,45.56275,
1742678658853,24.18898,2055,,Right,1348.13,1105.681,45.56274,
1742678658853,24.18898,2055,,Center,1349.782,1105.681,45.56275,
1742678658881,24.21657,2057,,Left,1350.779,1105.354,45.5409,
1742678658881,24.21657,2057,,Right,1349.397,1105.354,45.5409,
1742678658881,24.21657,2057,,Center,1351.053,1105.354,45.5409,
1742678658909,24.24445,2059,,Left,1352.097,1109.755,45.50249,
1742678658910,24.24445,2059,,Right,1350.714,1109.755,45.50249,
1742678658910,24.24445,2059,,Center,1352.374,1109.755,45.50249,
1742678658938,24.27237,2061,,Left,1352.418,1109.082,45.49893,
1742678658938,24.27237,2061,,Right,1351.035,1109.082,45.49894,
1742678658938,24.27237,2061,,Center,1352.696,1109.082,45.49893,
1742678658965,24.29983,2063,,Left,1354.26,1099.428,45.49578,
1742678658965,24.29983,2063,,Right,1352.877,1099.428,45.49578,
1742678658965,24.29983,2063,,Center,1354.542,1099.428,45.49578,
1742678658993,24.32777,2065,,Left,1357.082,1097.495,45.4499,
1742678658993,24.32777,2065,,Right,1355.698,1097.495,45.4499,
1742678658993,24.32777,2065,,Center,1357.37,1097.495,45.44989,
1742678659020,24.35612,2067,,Left,1357.102,1093.396,45.46075,
1742678659020,24.35612,2067,,Right,1355.719,1093.396,45.46075,
1742678659020,24.35612,2067,,Center,1357.39,1093.396,45.46076,
1742678659049,24.3837,2069,,Left,1357.065,1092.912,45.46272,
1742678659049,24.3837,2069,,Right,1355.681,1092.912,45.46272,
1742678659049,24.3837,2069,,Center,1357.353,1092.912,45.46272,
1742678659077,24.4119,2071,,Left,1356.699,1093.435,45.46805,
1742678659077,24.4119,2071,,Right,1355.315,1093.435,45.46805,
1742678659077,24.4119,2071,,Center,1356.986,1093.435,45.46805,
1742678659105,24.43971,2073,,Left,1356.552,1094.599,45.46758,
1742678659105,24.43971,2073,,Right,1355.169,1094.599,45.46758,
1742678659105,24.43971,2073,,Center,1356.839,1094.599,45.46758,
1742678659132,24.46689,2075,,Left,1356.289,1097.196,45.46521,
1742678659132,24.46689,2075,,Right,1354.905,1097.196,45.46521,
1742678659132,24.46689,2075,,Center,1356.575,1097.196,45.46521,
1742678659160,24.49506,2077,,Left,1197.087,1093.368,48.03286,
1742678659160,24.49506,2077,,Right,1195.777,1093.368,48.03286,
1742678659160,24.49506,2077,,Center,1197.039,1093.368,48.03286,
1742678659188,24.52311,2079,,Left,969.9031,1052.033,49.93819,
1742678659188,24.52311,2079,,Right,968.6434,1052.033,49.93819,
1742678659188,24.52311,2079,,Center,969.3508,1052.033,49.93819,
1742678659216,24.55101,2081,,Left,971.4282,1051.945,49.9353,
1742678659216,24.55101,2081,,Right,970.1682,1051.945,49.9353,
1742678659216,24.55101,2081,,Center,970.8793,1051.945,49.9353,
1742678659244,24.57903,2083,,Left,805.4169,1008.376,49.4757,
1742678659244,24.57903,2083,,Right,804.1453,1008.376,49.4757,
1742678659244,24.57903,2083,,Center,804.4753,1008.376,49.4757,
1742678659272,24.60668,2085,,Left,674.8138,971.7805,48.01759,
1742678659272,24.60668,2085,,Right,673.5035,971.7805,48.01759,
1742678659272,24.60668,2085,,Center,673.5484,971.7805,48.01759,
1742678659300,24.63468,2087,,Left,590.0601,948.0596,46.66736,
1742678659300,24.63468,2087,,Right,588.7119,948.0596,46.66736,
1742678659300,24.63468,2087,,Center,588.5781,948.0596,46.66736,
1742678659327,24.66272,2089,,Left,558.1608,916.9578,45.99279,
1742678659328,24.66272,2089,,Right,556.7928,916.9578,45.99279,
1742678659328,24.66272,2089,,Center,556.5945,916.9578,45.9928,
1742678659355,24.69074,2091,,Left,556.916,915.6038,45.96451,
1742678659355,24.69074,2091,,Right,555.5472,915.6038,45.96452,
1742678659355,24.69074,2091,,Center,555.3466,915.6038,45.96452,
1742678659383,24.7183,2093,,Left,560.1526,915.7849,46.02061,
1742678659383,24.7183,2093,,Right,558.7856,915.7849,46.02061,
1742678659383,24.7183,2093,,Center,558.5915,915.7849,46.02061,
1742678659411,24.74662,2095,,Left,560.2454,915.6337,46.0214,
1742678659411,24.74662,2095,,Right,558.8783,915.6337,46.0214,
1742678659411,24.74662,2095,,Center,558.6844,915.6337,46.0214,
1742678659439,24.774,2097,,Left,558.4782,913.1268,45.97809,
1742678659439,24.774,2097,,Right,557.1099,913.1268,45.97809,
1742678659439,24.774,2097,,Center,556.9125,913.1268,45.97809,
1742678659466,24.80129,2099,,Left,554.4283,912.7073,45.90668,
1742678659466,24.80129,2099,,Right,553.0578,912.7073,45.90668,
1742678659466,24.80129,2099,,Center,552.8522,912.7074,45.90668,
1742678659494,24.82938,2101,,Left,554.7377,913.8604,45.91811,
1742678659494,24.82938,2101,,Right,553.3677,913.8604,45.91811,
1742678659494,24.82938,2101,,Center,553.1624,913.8604,45.91811,
1742678659522,24.85747,2103,,Left,554.1481,917.9425,45.92917,
1742678659522,24.85747,2103,,Right,552.7783,917.9425,45.92917,
1742678659522,24.85747,2103,,Center,552.5715,917.9426,45.92917,
1742678659550,24.88558,2105,,Left,557.255,917.2645,45.9789,
1742678659550,24.88558,2105,,Right,555.8867,917.2645,45.97891,
1742678659550,24.88558,2105,,Center,555.6864,917.2645,45.9789,
1742678659578,24.91389,2107,,Left,557.5948,917.3839,45.98536,
1742678659578,24.91389,2107,,Right,556.2268,917.3839,45.98536,
1742678659578,24.91389,2107,,Center,556.0272,917.3839,45.98536,
1742678659606,24.9413,2109,,Left,557.4441,916.486,45.97813,
1742678659606,24.9413,2109,,Right,556.0757,916.486,45.97812,
1742678659606,24.9413,2109,,Center,555.876,916.486,45.97813,
1742678659634,24.96873,2111,,Left,556.2158,911.286,45.92967,
1742678659634,24.96873,2111,,Right,554.846,911.286,45.92967,
1742678659634,24.96873,2111,,Center,554.6441,911.286,45.92967,
1742678659662,24.99669,2113,,Left,555.4424,910.262,45.91092,
1742678659662,24.99669,2113,,Right,554.0721,910.262,45.91091,
1742678659662,24.99669,2113,,Center,553.8687,910.2621,45.91091,
1742678659690,25.02463,2115,,Left,555.1412,914.709,45.92949,
1742678659690,25.02463,2115,,Right,553.7714,914.709,45.92948,
1742678659690,25.02463,2115,,Center,553.567,914.709,45.92948,
1742678659717,25.05277,2117,,Left,558.1056,915.7066,45.98535,
1742678659717,25.05277,2117,,Right,556.7375,915.7066,45.98535,
1742678659717,25.05277,2117,,Center,556.5391,915.7067,45.98535,
1742678659745,25.08052,2119,,Left,557.3829,915.7983,45.97348,
1742678659745,25.08052,2119,,Right,556.0143,915.7983,45.97348,
1742678659745,25.08052,2119,,Center,555.8145,915.7983,45.97348,
1742678659773,25.1081,2121,,Left,558.3035,912.1981,45.97014,
1742678659773,25.1081,2121,,Right,556.9349,912.1981,45.97014,
1742678659773,25.1081,2121,,Center,556.7372,912.1981,45.97014,
1742678659801,25.1355,2123,,Left,555.0278,913.3348,45.92028,
1742678659801,25.1355,2123,,Right,553.6578,913.3348,45.92028,
1742678659801,25.1355,2123,,Center,553.4533,913.3348,45.92028,
1742678659829,25.16351,2125,,Left,555.7366,914.2957,45.93748,
1742678659829,25.16351,2125,,Right,554.3671,914.2957,45.93748,
1742678659829,25.16351,2125,,Center,554.1639,914.2957,45.93748,
1742678659857,25.19164,2127,,Left,770.5982,935.7956,48.95096,
1742678659857,25.19164,2127,,Right,769.313,935.7956,48.95096,
1742678659857,25.19164,2127,,Center,769.5685,935.7956,48.95096,
1742678659884,25.2199,2129,,Left,975.1807,935.202,49.67179,
1742678659884,25.2199,2129,,Right,973.9142,935.202,49.67179,
1742678659884,25.2199,2129,,Center,974.6372,935.202,49.67179,
1742678659912,25.24754,2131,,Left,975.4303,935.7899,49.67447,
1742678659912,25.24754,2131,,Right,974.1638,935.7899,49.67447,
1742678659912,25.24754,2131,,Center,974.8874,935.7899,49.67446,
1742678659939,25.27449,2133,,Left,1115.405,895.1788,48.58015,
1742678659939,25.27449,2133,,Right,1114.11,895.1788,48.58015,
1742678659939,25.27449,2133,,Center,1115.174,895.1789,48.58015,
1742678659967,25.30215,2135,,Left,1166.156,893.339,48.02649,
1742678659967,25.30215,2135,,Right,1164.846,893.339,48.02649,
1742678659967,25.30215,2135,,Center,1166.036,893.3391,48.02649,
1742678659995,25.33043,2137,,Left,1172.98,892.9105,47.94217,
1742678659995,25.33043,2137,,Right,1171.667,892.9105,47.94217,
1742678659995,25.33043,2137,,Center,1172.874,892.9105,47.94217,
1742678660023,25.35843,2139,,Left,1172.863,892.3065,47.9393,
1742678660023,25.35843,2139,,Right,1171.551,892.3065,47.9393,
1742678660023,25.35843,2139,,Center,1172.757,892.3065,47.9393,
1742678660050,25.38654,2141,,Left,1173.012,885.3933,47.88733,
1742678660050,25.38654,2141,,Right,1171.698,885.3933,47.88733,
1742678660050,25.38654,2141,,Center,1172.906,885.3934,47.88733,
1742678660079,25.41439,2143,,Left,1173.017,885.5333,47.88829,
1742678660079,25.41439,2143,,Right,1171.703,885.5333,47.88829,
1742678660079,25.41439,2143,,Center,1172.911,885.5333,47.8883,
1742678660107,25.44196,2145,,Left,1171.526,884.5323,47.89873,
1742678660107,25.44196,2145,,Right,1170.212,884.5323,47.89873,
1742678660107,25.44196,2145,,Center,1171.416,884.5324,47.89873,
1742678660134,25.46902,2147,,Left,1172.058,881.8262,47.87199,
1742678660134,25.46902,2147,,Right,1170.744,881.8262,47.87198,
1742678660134,25.46902,2147,,Center,1171.949,881.8262,47.87199,
1742678660162,25.49736,2149,,Left,1172.834,883.5347,47.87563,
1742678660162,25.49736,2149,,Right,1171.52,883.5347,47.87563,
1742678660162,25.49736,2149,,Center,1172.727,883.5347,47.87563,
1742678660190,25.52533,2151,,Left,1176.104,883.1164,47.83305,
1742678660190,25.52533,2151,,Right,1174.789,883.1164,47.83305,
1742678660190,25.52533,2151,,Center,1176.005,883.1164,47.83305,
1742678660218,25.55351,2153,,Left,1175.755,884.2153,47.8455,
1742678660218,25.55351,2153,,Right,1174.441,884.2153,47.8455,
1742678660218,25.55351,2153,,Center,1175.655,884.2153,47.8455,
1742678660246,25.58121,2155,,Left,1176.255,883.6928,47.83555,
1742678660246,25.58121,2155,,Right,1174.939,883.6928,47.83555,
1742678660246,25.58121,2155,,Center,1176.155,883.6929,47.83555,
1742678660274,25.609,2157,,Left,1175.815,886.2859,47.8601,
1742678660274,25.609,2157,,Right,1174.5,886.2859,47.8601,
1742678660274,25.609,2157,,Center,1175.715,886.286,47.8601,
1742678660302,25.6363,2159,,Left,1176.007,888.0422,47.87067,
1742678660302,25.6363,2159,,Right,1174.693,888.0422,47.87067,
1742678660302,25.6363,2159,,Center,1175.908,888.0422,47.87067,
1742678660329,25.6644,2161,,Left,1179.213,886.2874,47.81865,
1742678660329,25.6644,2161,,Right,1177.898,886.2874,47.81865,
1742678660329,25.6644,2161,,Center,1179.121,886.2874,47.81865,
1742678660357,25.69241,2163,,Left,1184.98,885.9029,47.74433,
1742678660357,25.69241,2163,,Right,1183.662,885.9029,47.74433,
1742678660357,25.69241,2163,,Center,1184.9,885.9029,47.74433,
1742678660385,25.72045,2165,,Left,1179.499,883.0854,47.79136,
1742678660385,25.72045,2165,,Right,1178.182,883.0854,47.79136,
1742678660385,25.72045,2165,,Center,1179.406,883.0855,47.79137,
1742678660413,25.74812,2167,,Left,1180.829,883.2169,47.77596,
1742678660413,25.74812,2167,,Right,1179.512,883.2169,47.77596,
1742678660413,25.74812,2167,,Center,1180.74,883.2169,47.77596,
1742678660441,25.77588,2169,,Left,1154.996,885.0401,48.09425,
1742678660441,25.77588,2169,,Right,1153.688,885.0401,48.09425,
1742678660441,25.77588,2169,,Center,1154.851,885.0402,48.09425,
1742678660469,25.80313,2171,,Left,1154.347,886.1768,48.11005,
1742678660469,25.80313,2171,,Right,1153.039,886.1768,48.11005,
1742678660469,25.80313,2171,,Center,1154.201,886.1768,48.11005,
1742678660496,25.83125,2173,,Left,1155.416,885.8692,48.09573,
1742678660496,25.83125,2173,,Right,1154.107,885.8692,48.09573,
1742678660496,25.83125,2173,,Center,1155.271,885.8693,48.09573,
1742678660524,25.85942,2175,,Left,1155.371,892.7687,48.14683,
1742678660524,25.85942,2175,,Right,1154.064,892.7687,48.14683,
1742678660524,25.85942,2175,,Center,1155.228,892.7687,48.14683,
1742678660551,25.88749,2177,,Left,1154.824,888.2123,48.11984,
1742678660552,25.88749,2177,,Right,1153.516,888.2123,48.11984,
1742678660552,25.88749,2177,,Center,1154.678,888.2124,48.11984,
1742678660580,25.91476,2179,,Left,1154.661,888.6927,48.12523,
1742678660580,25.91476,2179,,Right,1153.354,888.6927,48.12523,
1742678660580,25.91476,2179,,Center,1154.516,888.6928,48.12523,
1742678660608,25.94295,2181,,Left,1154.305,893.559,48.16451,
1742678660608,25.94295,2181,,Right,1152.999,893.559,48.16451,
1742678660608,25.94295,2181,,Center,1154.159,893.559,48.1645,
1742678660635,25.97017,2183,,Left,1153.32,895.1166,48.18663,
1742678660635,25.97017,2183,,Right,1152.015,895.1166,48.18663,
1742678660635,25.97017,2183,,Center,1153.173,895.1167,48.18663,
1742678660663,25.99816,2185,,Left,1151.649,894.8724,48.2036,
1742678660663,25.99816,2185,,Right,1150.343,894.8724,48.2036,
1742678660663,25.99816,2185,,Center,1151.497,894.8725,48.2036,
1742678660691,26.02626,2187,,Left,1151.157,894.4862,48.20635,
1742678660691,26.02626,2187,,Right,1149.852,894.4862,48.20635,
1742678660691,26.02626,2187,,Center,1151.005,894.4863,48.20635,
1742678660719,26.05421,2189,,Left,1151.446,895.8223,48.21262,
1742678660719,26.05421,2189,,Right,1150.141,895.8223,48.21262,
1742678660719,26.05421,2189,,Center,1151.294,895.8223,48.21262,
1742678660747,26.08182,2191,,Left,1151.261,895.5731,48.21292,
1742678660747,26.08182,2191,,Right,1149.956,895.5731,48.21292,
1742678660747,26.08182,2191,,Center,1151.109,895.5731,48.21291,
1742678660775,26.10995,2193,,Left,1223.527,921.862,47.45842,
1742678660775,26.10995,2193,,Right,1222.202,921.862,47.45842,
1742678660775,26.10995,2193,,Center,1223.533,921.8621,47.45842,
1742678660803,26.13765,2195,,Left,1365.811,1044.756,45.37821,
1742678660803,26.13765,2195,,Right,1364.425,1044.756,45.37821,
1742678660803,26.13765,2195,,Center,1366.118,1044.756,45.37821,
1742678660831,26.1657,2197,,Left,1409.293,1099.772,44.46329,
1742678660831,26.1657,2197,,Right,1407.879,1099.772,44.46329,
1742678660831,26.1657,2197,,Center,1409.688,1099.772,44.46329,
1742678660859,26.19369,2199,,Left,1409.148,1100.032,44.46538,
1742678660859,26.19369,2199,,Right,1407.733,1100.032,44.46538,
1742678660859,26.19369,2199,,Center,1409.541,1100.032,44.46538,
1742678660886,26.22141,2201,,Left,1399.527,1090.989,44.67318,
1742678660886,26.22141,2201,,Right,1398.119,1090.989,44.67318,
1742678660886,26.22141,2201,,Center,1399.902,1090.989,44.67318,
1742678660914,26.24911,2203,,Left,1399.432,1090.617,44.67592,
1742678660914,26.24911,2203,,Right,1398.023,1090.617,44.67592,
1742678660914,26.24911,2203,,Center,1399.806,1090.617,44.67592,
1742678660942,26.27729,2205,,Left,1399.439,1081.284,44.69649,
1742678660942,26.27729,2205,,Right,1398.031,1081.284,44.69649,
1742678660942,26.27729,2205,,Center,1399.814,1081.284,44.69649,
1742678660970,26.30496,2207,,Left,1396.569,1088.557,44.73546,
1742678660970,26.30496,2207,,Right,1395.162,1088.557,44.73546,
1742678660970,26.30496,2207,,Center,1396.938,1088.557,44.73546,
1742678660997,26.33229,2209,,Left,1403.888,1088.346,44.59598,
1742678660997,26.33229,2209,,Right,1402.477,1088.346,44.59598,
1742678660997,26.33229,2209,,Center,1404.271,1088.346,44.59598,
1742678661025,26.36036,2211,,Left,1402.071,1088.552,44.63029,
1742678661025,26.36036,2211,,Right,1400.661,1088.552,44.63029,
1742678661025,26.36036,2211,,Center,1402.45,1088.552,44.63029,
1742678661053,26.38836,2213,,Left,1401.796,1090.413,44.63118,
1742678661053,26.38836,2213,,Right,1400.386,1090.413,44.63118,
1742678661053,26.38836,2213,,Center,1402.175,1090.413,44.63118,
1742678661081,26.41616,2215,,Left,1401.419,1090.593,44.63793,
1742678661081,26.41616,2215,,Right,1400.01,1090.593,44.63793,
1742678661081,26.41616,2215,,Center,1401.798,1090.593,44.63793,
1742678661109,26.44421,2217,,Left,1401.209,1091.302,44.64025,
1742678661109,26.44421,2217,,Right,1399.8,1091.302,44.64025,
1742678661109,26.44421,2217,,Center,1401.587,1091.302,44.64025,
1742678661137,26.47191,2219,,Left,1399.901,1091.408,44.66499,
1742678661137,26.47191,2219,,Right,1398.492,1091.408,44.66499,
1742678661137,26.47191,2219,,Center,1400.276,1091.408,44.66499,
1742678661165,26.49918,2221,,Left,1371.104,1083.217,45.22709,
1742678661165,26.49918,2221,,Right,1369.713,1083.217,45.2271,
1742678661165,26.49918,2221,,Center,1371.421,1083.217,45.22709,
1742678661192,26.52751,2223,,Left,1365.857,1083.067,45.32476,
1742678661192,26.52751,2223,,Right,1364.469,1083.067,45.32476,
1742678661192,26.52751,2223,,Center,1366.163,1083.067,45.32476,
1742678661220,26.55541,2225,,Left,1366.097,1083.278,45.31985,
1742678661220,26.55541,2225,,Right,1364.709,1083.278,45.31985,
1742678661220,26.55541,2225,,Center,1366.404,1083.278,45.31985,
1742678661248,26.58331,2227,,Left,1366.4,1083.54,45.31366,
1742678661248,26.58331,2227,,Right,1365.012,1083.54,45.31366,
1742678661248,26.58331,2227,,Center,1366.707,1083.54,45.31366,
1742678661276,26.61141,2229,,Left,1362.545,1081.948,45.38834,
1742678661276,26.61141,2229,,Right,1361.159,1081.948,45.38834,
1742678661276,26.61141,2229,,Center,1362.844,1081.948,45.38834,
1742678661304,26.63869,2231,,Left,1362.694,1086.323,45.37577,
1742678661304,26.63869,2231,,Right,1361.307,1086.323,45.37577,
1742678661304,26.63869,2231,,Center,1362.994,1086.323,45.37577,
1742678661331,26.66605,2233,,Left,1362.51,1079.402,45.39435,
1742678661332,26.66605,2233,,Right,1361.124,1079.402,45.39435,
1742678661332,26.66605,2233,,Center,1362.809,1079.402,45.39435,
1742678661359,26.69439,2235,,Left,1370.631,1089.098,45.22231,
1742678661359,26.69439,2235,,Right,1369.24,1089.098,45.22231,
1742678661359,26.69439,2235,,Center,1370.947,1089.098,45.22231,
1742678661387,26.72242,2237,,Left,1369.327,1078.967,45.26904,
1742678661387,26.72242,2237,,Right,1367.938,1078.967,45.26905,
1742678661387,26.72242,2237,,Center,1369.641,1078.967,45.26905,
1742678661415,26.75022,2239,,Left,1369.535,1087.31,45.24696,
1742678661415,26.75022,2239,,Right,1368.145,1087.31,45.24697,
1742678661415,26.75022,2239,,Center,1369.849,1087.31,45.24696,
1742678661443,26.77833,2241,,Left,1369.345,1087.12,45.25093,
1742678661443,26.77833,2241,,Right,1367.955,1087.12,45.25094,
1742678661443,26.77833,2241,,Center,1369.659,1087.12,45.25094,
1742678661471,26.80615,2243,,Left,1368.515,1076.724,45.28859,
1742678661471,26.80615,2243,,Right,1367.125,1076.724,45.28859,
1742678661471,26.80615,2243,,Center,1368.827,1076.724,45.28859,
1742678661499,26.83323,2245,,Left,1353.164,1063.083,45.59373,
1742678661499,26.83323,2245,,Right,1351.784,1063.083,45.59373,
1742678661499,26.83323,2245,,Center,1353.445,1063.083,45.59373,
1742678661526,26.86135,2247,,Left,1206.347,947.9952,47.82423,
1742678661526,26.86135,2247,,Right,1205.031,947.9952,47.82423,
1742678661527,26.86135,2247,,Center,1206.318,947.9952,47.82423,
1742678661554,26.88975,2249,,Left,1124.638,886.6159,48.42719,
1742678661554,26.88975,2249,,Right,1123.339,886.6159,48.42719,
1742678661554,26.88975,2249,,Center,1124.427,886.616,48.42719,
1742678661582,26.91697,2251,,Left,1125.203,886.3911,48.41988,
1742678661582,26.91697,2251,,Right,1123.904,886.3911,48.41988,
1742678661582,26.91697,2251,,Center,1124.993,886.3911,48.41988,
1742678661610,26.94537,2253,,Left,1122.228,877.7519,48.38135,
1742678661610,26.94537,2253,,Right,1120.928,877.7519,48.38135,
1742678661610,26.94537,2253,,Center,1122.011,877.752,48.38135,
1742678661638,26.97318,2255,,Left,1121.872,877.5102,48.38287,
1742678661638,26.97318,2255,,Right,1120.572,877.5102,48.38286,
1742678661638,26.97318,2255,,Center,1121.653,877.5102,48.38287,
1742678661666,27.00037,2257,,Left,1124.397,877.9066,48.36135,
1742678661666,27.00037,2257,,Right,1123.096,877.9066,48.36135,
1742678661666,27.00037,2257,,Center,1124.184,877.9066,48.36135,
1742678661693,27.02833,2259,,Left,1124.611,884.2289,48.40908,
1742678661693,27.02833,2259,,Right,1123.312,884.2289,48.40909,
1742678661693,27.02833,2259,,Center,1124.4,884.2289,48.40908,
1742678661721,27.05663,2261,,Left,1147.336,882.4331,48.15917,
1742678661721,27.05663,2261,,Right,1146.03,882.4331,48.15917,
1742678661721,27.05663,2261,,Center,1147.174,882.4331,48.15917,
1742678661749,27.08418,2263,,Left,1150.067,888.9578,48.17839,
1742678661749,27.08418,2263,,Right,1148.761,888.9578,48.17839,
1742678661749,27.08418,2263,,Center,1149.911,888.9578,48.1784,
1742678661777,27.11263,2265,,Left,1149.751,889.7476,48.18768,
1742678661777,27.11263,2265,,Right,1148.446,889.7476,48.18767,
1742678661777,27.11263,2265,,Center,1149.595,889.7476,48.18768,
1742678661805,27.13987,2267,,Left,1151.934,889.6545,48.16278,
1742678661805,27.13987,2267,,Right,1150.628,889.6545,48.16277,
1742678661805,27.13987,2267,,Center,1151.783,889.6545,48.16277,
1742678661832,27.16746,2269,,Left,1155.785,889.64,48.11946,
1742678661832,27.16746,2269,,Right,1154.477,889.64,48.11946,
1742678661832,27.16746,2269,,Center,1155.642,889.6401,48.11946,
1742678661861,27.1955,2271,,Left,1156.176,889.2265,48.11202,
1742678661861,27.1955,2271,,Right,1154.868,889.2265,48.11201,
1742678661861,27.1955,2271,,Center,1156.034,889.2266,48.11201,
1742678661889,27.22367,2273,,Left,1155.062,889.3314,48.12536,
1742678661889,27.22367,2273,,Right,1153.755,889.3314,48.12535,
1742678661889,27.22367,2273,,Center,1154.917,889.3315,48.12536,
1742678661916,27.25194,2275,,Left,1154.57,891.058,48.14352,
1742678661916,27.25194,2275,,Right,1153.263,891.058,48.14352,
1742678661917,27.25194,2275,,Center,1154.424,891.058,48.14352,
1742678661944,27.27972,2277,,Left,1154.676,891.6461,48.14659,
1742678661944,27.27972,2277,,Right,1153.369,891.6461,48.14659,
1742678661944,27.27972,2277,,Center,1154.531,891.6461,48.14659,
1742678661972,27.30687,2279,,Left,1101.746,907.8851,48.79386,
1742678661972,27.30687,2279,,Right,1100.457,907.8851,48.79386,
1742678661972,27.30687,2279,,Center,1101.486,907.8851,48.79386,
1742678661999,27.33426,2281,,Left,912.3149,933.586,49.68826,
1742678661999,27.33426,2281,,Right,911.0487,933.586,49.68826,
1742678661999,27.33426,2281,,Center,911.6251,933.586,49.68826,
1742678662028,27.36252,2283,,Left,785.1736,939.8447,49.09791,
1742678662028,27.36252,2283,,Right,783.8923,939.8447,49.09791,
1742678662028,27.36252,2283,,Center,784.1799,939.8448,49.09791,
1742678662055,27.39083,2285,,Left,680.0674,941.6354,47.97148,
1742678662055,27.39083,2285,,Right,678.756,941.6354,47.97148,
1742678662055,27.39083,2285,,Center,678.8137,941.6354,47.97148,
1742678662084,27.4188,2287,,Left,658.8123,940.7482,47.67965,
1742678662084,27.4188,2287,,Right,657.4928,940.7482,47.67965,
1742678662084,27.4188,2287,,Center,657.5049,940.7482,47.67965,
1742678662112,27.44732,2289,,Left,659.3471,941.0659,47.6886,
1742678662112,27.44732,2289,,Right,658.028,941.0659,47.6886,
1742678662112,27.44732,2289,,Center,658.0412,941.0659,47.6886,
1742678662139,27.47441,2291,,Left,654.2095,940.4205,47.6136,
1742678662139,27.47441,2291,,Right,652.8882,940.4205,47.6136,
1742678662139,27.47441,2291,,Center,652.8906,940.4205,47.6136,
1742678662167,27.50188,2293,,Left,651.9518,940.4188,47.58165,
1742678662167,27.50188,2293,,Right,650.6296,940.4188,47.58165,
1742678662167,27.50188,2293,,Center,650.6271,940.4188,47.58165,
1742678662195,27.52989,2295,,Left,651.4426,933.7077,47.54282,
1742678662195,27.52989,2295,,Right,650.1193,933.7077,47.54281,
1742678662195,27.52989,2295,,Center,650.1161,933.7078,47.54282,
1742678662223,27.55798,2297,,Left,651.9352,931.9073,47.54096,
1742678662223,27.55798,2297,,Right,650.6118,931.9073,47.54095,
1742678662223,27.55798,2297,,Center,650.6099,931.9073,47.54095,
1742678662249,27.58607,2299,,Left,650.9623,931.3137,47.5242,
1742678662249,27.58607,2299,,Right,649.6385,931.3137,47.5242,
1742678662249,27.58607,2299,,Center,649.6345,931.3138,47.5242,
1742678662278,27.61336,2301,,Left,651.5748,930.9564,47.5311,
1742678662278,27.61336,2301,,Right,650.2513,930.9564,47.5311,
1742678662278,27.61336,2301,,Center,650.2486,930.9565,47.5311,
1742678662306,27.64092,2303,,Left,651.0258,929.9103,47.51806,
1742678662306,27.64092,2303,,Right,649.7017,929.9103,47.51806,
1742678662306,27.64092,2303,,Center,649.698,929.9103,47.51806,
1742678662333,27.66816,2305,,Left,652.1248,934.5565,47.55662,
1742678662333,27.66816,2305,,Right,650.8019,934.5565,47.55661,
1742678662333,27.66816,2305,,Center,650.8002,934.5565,47.55662,
1742678662361,27.6965,2307,,Left,656.3304,931.8115,47.60238,
1742678662362,27.6965,2307,,Right,655.0088,931.8115,47.60238,
1742678662362,27.6965,2307,,Center,655.0162,931.8115,47.60238,
1742678662389,27.72449,2309,,Left,660.8494,931.8773,47.66562,
1742678662389,27.72449,2309,,Right,659.5295,931.8773,47.66561,
1742678662389,27.72449,2309,,Center,659.5466,931.8773,47.66561,
1742678662417,27.75269,2311,,Left,662.4078,932.0269,47.68784,
1742678662417,27.75269,2311,,Right,661.0884,932.0269,47.68784,
1742678662417,27.75269,2311,,Center,661.1089,932.0269,47.68784,
1742678662445,27.78077,2313,,Left,661.0577,931.7227,47.66768,
1742678662445,27.78077,2313,,Right,659.7379,931.7227,47.66768,
1742678662445,27.78077,2313,,Center,659.7554,931.7227,47.66768,
1742678662473,27.80867,2315,,Left,724.0657,948.7476,48.54052,
1742678662473,27.80867,2315,,Right,722.7697,948.7476,48.54051,
1742678662473,27.80867,2315,,Center,722.9222,948.7476,48.54051,
1742678662501,27.83593,2317,,Left,980.1294,1022.527,49.92451,
1742678662501,27.83593,2317,,Right,978.8693,1022.527,49.92451,
1742678662501,27.83593,2317,,Center,979.6007,1022.527,49.92451,
1742678662529,27.8637,2319,,Left,1169.567,1062.996,48.45841,
1742678662529,27.8637,2319,,Right,1168.268,1062.996,48.45842,
1742678662529,27.8637,2319,,Center,1169.46,1062.996,48.45841,
1742678662557,27.89168,2321,,Left,1337.325,1077.537,45.8557,
1742678662557,27.89168,2321,,Right,1335.953,1077.537,45.8557,
1742678662557,27.89168,2321,,Center,1337.573,1077.537,45.8557,
1742678662585,27.91982,2323,,Left,1363.858,1078.566,45.37126,
1742678662585,27.91982,2323,,Right,1362.471,1078.566,45.37126,
1742678662585,27.91982,2323,,Center,1364.16,1078.566,45.37126,
1742678662613,27.94834,2325,,Left,1364.45,1078.554,45.36033,
1742678662613,27.94834,2325,,Right,1363.063,1078.554,45.36033,
1742678662613,27.94834,2325,,Center,1364.753,1078.554,45.36034,
1742678662640,27.97552,2327,,Left,1369.074,1077.23,45.27723,
1742678662640,27.97552,2327,,Right,1367.685,1077.23,45.27723,
1742678662640,27.97552,2327,,Center,1369.387,1077.23,45.27723,
1742678662668,28.00266,2329,,Left,1366.907,1077.09,45.31766,
1742678662668,28.00266,2329,,Right,1365.519,1077.09,45.31766,
1742678662668,28.00266,2329,,Center,1367.216,1077.09,45.31765,
1742678662696,28.03074,2331,,Left,1367.687,1076.672,45.30401,
1742678662696,28.03074,2331,,Right,1366.298,1076.672,45.30401,
1742678662696,28.03074,2331,,Center,1367.997,1076.672,45.30401,
1742678662724,28.05884,2333,,Left,1368.311,1072.553,45.29997,
1742678662724,28.05884,2333,,Right,1366.923,1072.553,45.29997,
1742678662724,28.05884,2333,,Center,1368.623,1072.553,45.29997,
1742678662750,28.08688,2335,,Left,1366.739,1068.79,45.33541,
1742678662751,28.08688,2335,,Right,1365.351,1068.79,45.3354,
1742678662751,28.08688,2335,,Center,1367.047,1068.79,45.33541,
1742678662779,28.11427,2337,,Left,1367.098,1068.576,45.32912,
1742678662779,28.11427,2337,,Right,1365.71,1068.576,45.32911,
1742678662779,28.11427,2337,,Center,1367.407,1068.576,45.32912,
1742678662807,28.14183,2339,,Left,1366.659,1068.362,45.33757,
1742678662807,28.14183,2339,,Right,1365.271,1068.362,45.33757,
1742678662807,28.14183,2339,,Center,1366.967,1068.361,45.33757,
1742678662834,28.16899,2341,,Left,1365.472,1069.54,45.35771,
1742678662834,28.16899,2341,,Right,1364.085,1069.54,45.35771,
1742678662834,28.16899,2341,,Center,1365.777,1069.54,45.35771,
1742678662862,28.19715,2343,,Left,1369.097,1067.48,45.29364,
1742678662862,28.19715,2343,,Right,1367.708,1067.48,45.29364,
1742678662862,28.19715,2343,,Center,1369.41,1067.48,45.29364,
1742678662890,28.22527,2345,,Left,1370.765,1066.044,45.26472,
1742678662890,28.22527,2345,,Right,1369.375,1066.044,45.26472,
1742678662890,28.22527,2345,,Center,1371.082,1066.044,45.26472,
1742678662918,28.25348,2347,,Left,1371.15,1061.577,45.26364,
1742678662918,28.25348,2347,,Right,1369.76,1061.577,45.26363,
1742678662918,28.25348,2347,,Center,1371.468,1061.577,45.26363,
1742678662946,28.2813,2349,,Left,1372.038,1061.366,45.24733,
1742678662946,28.2813,2349,,Right,1370.648,1061.366,45.24733,
1742678662946,28.2813,2349,,Center,1372.358,1061.366,45.24733,
1742678662974,28.30906,2351,,Left,1232.041,975.2108,47.55556,
1742678662974,28.30906,2351,,Right,1230.718,975.2108,47.55556,
1742678662974,28.30906,2351,,Center,1232.068,975.2108,47.55556,
1742678663001,28.33617,2353,,Left,1170.291,894.6207,47.98655,
1742678663001,28.33617,2353,,Right,1168.979,894.6207,47.98655,
1742678663001,28.33617,2353,,Center,1170.18,894.6208,47.98655,
1742678663029,28.36431,2355,,Left,1163.992,895.538,48.06741,
1742678663029,28.36431,2355,,Right,1162.683,895.538,48.06741,
1742678663029,28.36431,2355,,Center,1163.867,895.538,48.06741,
1742678663057,28.39239,2357,,Left,1163.286,892.5216,48.05434,
1742678663057,28.39239,2357,,Right,1161.976,892.5216,48.05434,
1742678663057,28.39239,2357,,Center,1163.159,892.5216,48.05434,
1742678663084,28.42067,2359,,Left,1167.742,892.4941,48.00185,
1742678663084,28.42067,2359,,Right,1166.431,892.4941,48.00185,
1742678663085,28.42067,2359,,Center,1167.625,892.4942,48.00185,
1742678663113,28.44812,2361,,Left,1167.826,892.5504,48.00119,
1742678663113,28.44812,2361,,Right,1166.515,892.5504,48.00119,
1742678663113,28.44812,2361,,Center,1167.709,892.5504,48.00119,
1742678663141,28.47598,2363,,Left,1171.145,893.9224,47.97139,
1742678663141,28.47598,2363,,Right,1169.833,893.9224,47.97138,
1742678663141,28.47598,2363,,Center,1171.036,893.9225,47.97139,
1742678663168,28.50336,2365,,Left,1169.162,897.5999,48.02063,
1742678663168,28.50336,2365,,Right,1167.852,897.5999,48.02063,
1742678663168,28.50336,2365,,Center,1169.049,897.6,48.02063,
1742678663196,28.5313,2367,,Left,1168.862,899.9953,48.04051,
1742678663197,28.5313,2367,,Right,1167.553,899.9953,48.04051,
1742678663197,28.5313,2367,,Center,1168.749,899.9954,48.04051,
1742678663224,28.5595,2369,,Left,1168.993,899.2444,48.03386,
1742678663224,28.5595,2369,,Right,1167.684,899.2444,48.03386,
1742678663224,28.5595,2369,,Center,1168.88,899.2444,48.03386,
1742678663251,28.58725,2371,,Left,1168.846,896.4919,48.01676,
1742678663251,28.58725,2371,,Right,1167.536,896.4919,48.01676,
1742678663252,28.58725,2371,,Center,1168.732,896.492,48.01676,
1742678663280,28.61506,2373,,Left,1167.667,896.5574,48.03121,
1742678663280,28.61506,2373,,Right,1166.357,896.5574,48.03121,
1742678663280,28.61506,2373,,Center,1167.551,896.5575,48.03122,
1742678663308,28.64304,2375,,Left,1165.939,894.1266,48.03466,
1742678663308,28.64304,2375,,Right,1164.629,894.1266,48.03466,
1742678663308,28.64304,2375,,Center,1165.818,894.1267,48.03466,
1742678663335,28.67036,2377,,Left,1161.624,894.3927,48.08691,
1742678663335,28.67036,2377,,Right,1160.315,894.3927,48.08691,
1742678663336,28.67036,2377,,Center,1161.494,894.3927,48.0869,
1742678663364,28.69852,2379,,Left,1156.062,894.7825,48.15337,
1742678663364,28.69852,2379,,Right,1154.756,894.7825,48.15337,
1742678663364,28.69852,2379,,Center,1155.92,894.7826,48.15337,
1742678663392,28.72663,2381,,Left,1095.237,909.3429,48.86028,
1742678663392,28.72663,2381,,Right,1093.95,909.3429,48.86028,
1742678663392,28.72663,2381,,Center,1094.963,909.343,48.86028,
1742678663419,28.75451,2383,,Left,909.1827,914.5358,49.5678,
1742678663419,28.75451,2383,,Right,907.9135,914.5358,49.5678,
1742678663419,28.75451,2383,,Center,908.4841,914.5358,49.5678,
1742678663447,28.78255,2385,,Left,910.4929,914.9816,49.57273,
1742678663447,28.78255,2385,,Right,909.2238,914.9816,49.57272,
1742678663447,28.78255,2385,,Center,909.7974,914.9816,49.57272,
1742678663475,28.81029,2387,,Left,767.5281,926.4188,48.87206,
1742678663475,28.81029,2387,,Right,766.2408,926.4188,48.87206,
1742678663475,28.81029,2387,,Center,766.4904,926.4188,48.87206,
1742678663503,28.83809,2389,,Left,689.3713,937.1755,48.07065,
1742678663503,28.83809,2389,,Right,688.0624,937.1755,48.07065,
1742678663503,28.83809,2389,,Center,688.1406,937.1756,48.07064,
1742678663532,28.86602,2391,,Left,689.0491,939.7516,48.0789,
1742678663532,28.86602,2391,,Right,687.7406,939.7516,48.0789,
1742678663532,28.86602,2391,,Center,687.8177,939.7516,48.0789,
1742678663559,28.89403,2393,,Left,689.329,939.2903,48.08025,
1742678663559,28.89403,2393,,Right,688.0205,939.2903,48.08025,
1742678663559,28.89403,2393,,Center,688.0984,939.2903,48.08025,
1742678663586,28.92193,2395,,Left,689.3885,939.0575,48.07988,
1742678663587,28.92193,2395,,Right,688.08,939.0575,48.07988,
1742678663587,28.92193,2395,,Center,688.158,939.0575,48.07989,
1742678663615,28.94987,2397,,Left,690.0778,939.1555,48.08916,
1742678663615,28.94987,2397,,Right,688.7696,939.1555,48.08916,
1742678663615,28.94987,2397,,Center,688.849,939.1555,48.08916,
1742678663642,28.97766,2399,,Left,691.9141,929.9915,48.06661,
1742678663642,28.97766,2399,,Right,690.6052,929.9915,48.0666,
1742678663642,28.97766,2399,,Center,690.6893,929.9915,48.06661,
1742678663671,29.00526,2401,,Left,691.6847,929.949,48.06351,
1742678663671,29.00526,2401,,Right,690.3757,929.949,48.06351,
1742678663671,29.00526,2401,,Center,690.4593,929.949,48.06351,
1742678663698,29.0327,2403,,Left,692.5999,929.404,48.07215,
1742678663698,29.0327,2403,,Right,691.2912,929.404,48.07215,
1742678663698,29.0327,2403,,Center,691.3767,929.404,48.07215,
1742678663726,29.06081,2405,,Left,692.1029,931.3354,48.07595,
1742678663726,29.06081,2405,,Right,690.7943,931.3354,48.07596,
1742678663726,29.06081,2405,,Center,690.8787,931.3354,48.07595,
1742678663754,29.08873,2407,,Left,694.019,932.5311,48.10612,
1742678663754,29.08873,2407,,Right,692.7112,932.5311,48.10612,
1742678663754,29.08873,2407,,Center,692.7996,932.5311,48.10612,
1742678663782,29.1165,2409,,Left,693.8926,932.1245,48.10241,
1742678663782,29.1165,2409,,Right,692.5847,932.1245,48.10241,
1742678663782,29.1165,2409,,Center,692.6728,932.1245,48.10241,
1742678663810,29.14449,2411,,Left,854.0347,972.9772,49.68676,
1742678663810,29.14449,2411,,Right,852.7686,972.9772,49.68676,
1742678663810,29.14449,2411,,Center,853.2091,972.9772,49.68676,
1742678663837,29.17241,2413,,Left,1058.362,1006.033,49.53985,
1742678663838,29.17241,2413,,Right,1057.092,1006.033,49.53985,
1742678663838,29.17241,2413,,Center,1058.011,1006.033,49.53985,
1742678663865,29.19987,2415,,Left,1223.945,1029.94,47.75404,
1742678663865,29.19987,2415,,Right,1222.628,1029.94,47.75404,
1742678663865,29.19987,2415,,Center,1223.956,1029.94,47.75404,
1742678663893,29.22779,2417,,Left,1352.701,1048.478,45.61732,
1742678663893,29.22779,2417,,Right,1351.322,1048.478,45.61732,
1742678663893,29.22779,2417,,Center,1352.981,1048.478,45.61732,
1742678663920,29.25597,2419,,Left,1411.321,1058.393,44.5032,
1742678663920,29.25597,2419,,Right,1409.907,1058.393,44.5032,
1742678663920,29.25597,2419,,Center,1411.72,1058.393,44.5032,
1742678663949,29.28381,2421,,Left,1410.98,1058.348,44.50985,
1742678663949,29.28381,2421,,Right,1409.567,1058.348,44.50985,
1742678663949,29.28381,2421,,Center,1411.379,1058.348,44.50985,
1742678663977,29.31208,2423,,Left,1412.193,1061.1,44.48329,
1742678663977,29.31208,2423,,Right,1410.779,1061.1,44.48329,
1742678663977,29.31208,2423,,Center,1412.594,1061.1,44.48329,
1742678664005,29.33955,2425,,Left,1396.718,1070.199,44.76847,
1742678664005,29.33955,2425,,Right,1395.313,1070.199,44.76847,
1742678664005,29.33955,2425,,Center,1397.088,1070.199,44.76847,
1742678664032,29.36665,2427,,Left,1392.586,1070.488,44.84679,
1742678664032,29.36665,2427,,Right,1391.183,1070.488,44.84679,
1742678664032,29.36665,2427,,Center,1392.947,1070.488,44.84679,
1742678664060,29.39497,2429,,Left,1392.457,1072.101,44.84663,
1742678664060,29.39497,2429,,Right,1391.054,1072.101,44.84663,
1742678664060,29.39497,2429,,Center,1392.818,1072.101,44.84663,
1742678664087,29.42287,2431,,Left,1391.599,1078.592,44.85123,
1742678664087,29.42287,2431,,Right,1390.196,1078.592,44.85123,
1742678664087,29.42287,2431,,Center,1391.958,1078.592,44.85123,
1742678664115,29.45074,2433,,Left,1391.239,1078.72,44.85786,
1742678664115,29.45074,2433,,Right,1389.836,1078.72,44.85786,
1742678664115,29.45074,2433,,Center,1391.597,1078.72,44.85786,
1742678664143,29.4784,2435,,Left,1381.809,1075.657,45.04199,
1742678664143,29.4784,2435,,Right,1380.412,1075.657,45.04199,
1742678664143,29.4784,2435,,Center,1382.148,1075.657,45.04199,
1742678664171,29.50605,2437,,Left,1382.133,1077.104,45.0332,
1742678664171,29.50605,2437,,Right,1380.736,1077.104,45.0332,
1742678664171,29.50605,2437,,Center,1382.473,1077.104,45.0332,
1742678664199,29.53344,2439,,Left,1387.526,1074.482,44.93617,
1742678664199,29.53344,2439,,Right,1386.126,1074.482,44.93616,
1742678664199,29.53344,2439,,Center,1387.877,1074.482,44.93616,
1742678664227,29.56158,2441,,Left,1388.045,1075.081,44.92528,
1742678664227,29.56158,2441,,Right,1386.644,1075.081,44.92528,
1742678664227,29.56158,2441,,Center,1388.396,1075.081,44.92528,
1742678664255,29.58987,2443,,Left,1375.165,1073.69,45.17022,
1742678664255,29.58987,2443,,Right,1373.773,1073.69,45.17022,
1742678664255,29.58987,2443,,Center,1375.491,1073.689,45.17022,
1742678664283,29.61788,2445,,Left,1375.429,1073.465,45.16569,
1742678664283,29.61788,2445,,Right,1374.036,1073.465,45.16569,
1742678664283,29.61788,2445,,Center,1375.755,1073.465,45.16569,
1742678664311,29.64612,2447,,Left,1360.188,1068.715,45.45659,
1742678664311,29.64612,2447,,Right,1358.804,1068.715,45.4566,
1742678664311,29.64612,2447,,Center,1360.483,1068.715,45.45659,
1742678664338,29.67361,2449,,Left,1357.507,1066.453,45.50938,
1742678664338,29.67361,2449,,Right,1356.125,1066.453,45.50938,
1742678664339,29.67361,2449,,Center,1357.797,1066.453,45.50938,
1742678664366,29.70095,2451,,Left,1356.983,1066.638,45.5187,
1742678664366,29.70095,2451,,Right,1355.601,1066.638,45.5187,
1742678664366,29.70095,2451,,Center,1357.271,1066.638,45.5187,
1742678664394,29.72883,2453,,Left,1356.872,1064.742,45.5235,
1742678664394,29.72883,2453,,Right,1355.49,1064.742,45.5235,
1742678664394,29.72883,2453,,Center,1357.16,1064.742,45.5235,
1742678664421,29.75706,2455,,Left,1356.885,1060.741,45.52862,
1742678664421,29.75706,2455,,Right,1355.503,1060.741,45.52861,
1742678664421,29.75706,2455,,Center,1357.173,1060.741,45.52862,
1742678664450,29.78463,2457,,Left,1357.188,1061.443,45.52216,
1742678664450,29.78463,2457,,Right,1355.806,1061.443,45.52216,
1742678664450,29.78463,2457,,Center,1357.477,1061.443,45.52216,
1742678664478,29.81331,2459,,Left,1320.9,1001.294,46.17163,
1742678664478,29.81331,2459,,Right,1319.537,1001.294,46.17163,
1742678664478,29.81331,2459,,Center,1321.114,1001.294,46.17163,
1742678664505,29.84066,2461,,Left,1245.82,835.2419,46.50407,
1742678664505,29.84066,2461,,Right,1244.467,835.2419,46.50407,
1742678664505,29.84066,2461,,Center,1245.864,835.242,46.50407,
1742678664533,29.86791,2463,,Left,1216.21,676.9178,44.96392,
1742678664533,29.86791,2463,,Right,1214.811,676.9178,44.96392,
1742678664533,29.86791,2463,,Center,1216.162,676.9178,44.96392,
1742678664561,29.89645,2465,,Left,1153.994,499.4667,42.52644,
1742678664561,29.89645,2465,,Right,1152.514,499.4667,42.52644,
1742678664561,29.89645,2465,,Center,1153.76,499.4669,42.52644,
1742678664589,29.92403,2467,,Left,1159.134,346.1581,39.52451,
1742678664589,29.92403,2467,,Right,1157.542,346.1581,39.52452,
1742678664589,29.92403,2467,,Center,1158.856,346.1583,39.52451,
1742678664617,29.95228,2469,,Left,1158.226,351.2342,39.62946,
1742678664617,29.95228,2469,,Right,1156.639,351.2342,39.62946,
1742678664617,29.95228,2469,,Center,1157.949,351.2344,39.62946,
1742678664645,29.98091,2471,,Left,1155.197,300.8683,38.6646,
1742678664645,29.98091,2471,,Right,1153.569,300.8683,38.6646,
1742678664645,29.98091,2471,,Center,1154.892,300.8684,38.6646,
1742678664673,30.00807,2473,,Left,1163.994,274.0482,38.09285,
1742678664673,30.00807,2473,,Right,1162.342,274.0482,38.09286,
1742678664673,30.00807,2473,,Center,1163.697,274.0484,38.09285,
1742678664703,30.03532,2475,,Left,1161.231,268.4976,38.00156,
1742678664703,30.03532,2475,,Right,1159.575,268.4976,38.00156,
1742678664703,30.03532,2475,,Center,1160.926,268.4978,38.00156,
1742678664715,30.05202,2476,,Left,1159.822,270.1752,38.04203,
1742678664715,30.05202,2476,,Right,1158.168,270.1752,38.04203,
1742678664715,30.05202,2476,,Center,1159.515,270.1754,38.04203,
1742678664742,30.07769,2478,,Left,1161.236,268.1767,37.9954,
1742678664742,30.07769,2478,,Right,1159.581,268.1767,37.9954,
1742678664742,30.07769,2478,,Center,1160.932,268.1769,37.9954,
1742678664770,30.10529,2480,,Left,1167.766,265.874,37.91342,
1742678664770,30.10529,2480,,Right,1166.107,265.874,37.91342,
1742678664770,30.10529,2480,,Center,1167.475,265.8742,37.91342,
1742678664797,30.13243,2482,,Left,1163.714,298.9656,38.57723,
1742678664797,30.13243,2482,,Right,1162.083,298.9656,38.57723,
1742678664797,30.13243,2482,,Center,1163.427,298.9658,38.57723,
1742678664825,30.16072,2484,,Left,1154.191,301.6047,38.68499,
1742678664825,30.16072,2484,,Right,1152.565,301.6047,38.68499,
1742678664825,30.16072,2484,,Center,1153.885,301.6049,38.685,
1742678664853,30.18839,2486,,Left,1143.826,292.4456,38.56475,
1742678664853,30.18839,2486,,Right,1142.194,292.4456,38.56475,
1742678664853,30.18839,2486,,Center,1143.493,292.4458,38.56475,
1742678664881,30.2165,2488,,Left,1144.152,288.7457,38.49057,
1742678664881,30.2165,2488,,Right,1142.517,288.7457,38.49057,
1742678664881,30.2165,2488,,Center,1143.818,288.7458,38.49057,
1742678664909,30.24445,2490,,Left,1139.27,308.5946,38.90635,
1742678664909,30.24445,2490,,Right,1137.653,308.5946,38.90635,
1742678664909,30.24445,2490,,Center,1138.933,308.5948,38.90635,
1742678664937,30.27205,2492,,Left,1018.163,636.485,45.85818,
1742678664937,30.27205,2492,,Right,1016.791,636.485,45.85818,
1742678664937,30.27205,2492,,Center,1017.667,636.4852,45.85818,
1742678664965,30.29941,2494,,Left,1003.218,794.8013,48.3201,
1742678664965,30.29941,2494,,Right,1001.915,794.8013,48.3201,
1742678664965,30.29941,2494,,Center,1002.722,794.8014,48.3201,
1742678664992,30.32756,2496,,Left,979.1687,881.6143,49.29261,
1742678664992,30.32756,2496,,Right,977.8923,881.6143,49.29261,
1742678664992,30.32756,2496,,Center,978.6296,881.6144,49.29261,
1742678665020,30.35534,2498,,Left,973.8586,883.6016,49.32082,
1742678665020,30.35534,2498,,Right,972.583,883.6016,49.32082,
1742678665020,30.35534,2498,,Center,973.3076,883.6017,49.32082,
1742678665048,30.38332,2500,,Left,974.3518,885.1039,49.33213,
1742678665048,30.38332,2500,,Right,973.0765,885.1039,49.33213,
1742678665048,30.38332,2500,,Center,973.8021,885.104,49.33213,
1742678665076,30.41141,2502,,Left,929.9722,885.9065,49.37704,
1742678665076,30.41141,2502,,Right,928.698,885.9065,49.37705,
1742678665076,30.41141,2502,,Center,929.3195,885.9066,49.37704,
1742678665104,30.4389,2504,,Left,863.7581,839.2786,48.80194,
1742678665104,30.4389,2504,,Right,862.4689,839.2786,48.80194,
1742678665104,30.4389,2504,,Center,862.9435,839.2787,48.80194,
1742678665132,30.46642,2506,,Left,860.1401,837.1417,48.76523,
1742678665132,30.46642,2506,,Right,858.85,837.1417,48.76524,
1742678665132,30.46642,2506,,Center,859.3167,837.1418,48.76523,
1742678665159,30.49459,2508,,Left,861.953,922.1287,49.4806,
1742678665159,30.49459,2508,,Right,860.6815,922.1287,49.4806,
1742678665159,30.49459,2508,,Center,861.1432,922.1288,49.4806,
1742678665187,30.52247,2510,,Left,862.6356,927.8817,49.5179,
1742678665187,30.52247,2510,,Right,861.3651,927.8817,49.5179,
1742678665187,30.52247,2510,,Center,861.8278,927.8817,49.5179,
1742678665215,30.55029,2512,,Left,855.3702,921.8052,49.44984,
1742678665215,30.55029,2512,,Right,854.098,921.8052,49.44984,
1742678665215,30.55029,2512,,Center,854.5447,921.8052,49.44985,
1742678665243,30.57848,2514,,Left,855.1318,920.6651,49.44168,
1742678665243,30.57848,2514,,Right,853.8594,920.6651,49.44167,
1742678665243,30.57848,2514,,Center,854.3057,920.6651,49.44167,
1742678665271,30.60631,2516,,Left,854.6124,917.1801,49.41724,
1742678665271,30.60631,2516,,Right,853.3394,917.1801,49.41724,
1742678665271,30.60631,2516,,Center,853.7847,917.1801,49.41724,
1742678665299,30.63332,2518,,Left,854.7724,916.5839,49.41415,
1742678665299,30.63332,2518,,Right,853.4991,916.5839,49.41415,
1742678665299,30.63332,2518,,Center,853.945,916.5839,49.41415,
1742678665326,30.66166,2520,,Left,855.2055,918.1315,49.42597,
1742678665326,30.66166,2520,,Right,853.9327,918.1315,49.42597,
1742678665326,30.66166,2520,,Center,854.3793,918.1315,49.42597,
1742678665354,30.68977,2522,,Left,855.7806,919.398,49.43652,
1742678665354,30.68977,2522,,Right,854.5079,919.398,49.43652,
1742678665354,30.68977,2522,,Center,854.9558,919.398,49.43652,
1742678665382,30.71759,2524,,Left,856.2891,916.3527,49.41946,
1742678665382,30.71759,2524,,Right,855.0161,916.3527,49.41946,
1742678665382,30.71759,2524,,Center,855.4653,916.3527,49.41946,
1742678665410,30.74554,2526,,Left,857.3778,918.2498,49.43642,
1742678665410,30.74554,2526,,Right,856.1052,918.2498,49.43642,
1742678665410,30.74554,2526,,Center,856.5568,918.2498,49.43643,
1742678665438,30.7734,2528,,Left,858.8547,919.7183,49.45216,
1742678665438,30.7734,2528,,Right,857.5825,919.7183,49.45216,
1742678665438,30.7734,2528,,Center,858.0374,919.7183,49.45216,
1742678665466,30.8006,2530,,Left,866.1169,920.4609,49.48695,
1742678665466,30.8006,2530,,Right,864.8456,920.4609,49.48696,
1742678665466,30.8006,2530,,Center,865.3169,920.4609,49.48695,
1742678665494,30.82871,2532,,Left,865.9863,921.2302,49.49125,
1742678665494,30.82871,2532,,Right,864.7151,921.2302,49.49125,
1742678665494,30.82871,2532,,Center,865.1861,921.2302,49.49125,
1742678665521,30.85701,2534,,Left,867.6943,920.0354,49.49054,
1742678665521,30.85701,2534,,Right,866.423,920.0354,49.49054,
1742678665521,30.85701,2534,,Center,866.8979,920.0354,49.49054,
1742678665549,30.88461,2536,,Left,886.1696,871.1403,49.18243,
1742678665549,30.88461,2536,,Right,884.8904,871.1403,49.18243,
1742678665549,30.88461,2536,,Center,885.4123,871.1403,49.18243,
1742678665577,30.91314,2538,,Left,886.7036,872.7596,49.19813,
1742678665577,30.91314,2538,,Right,885.4249,872.7596,49.19813,
1742678665577,30.91314,2538,,Center,885.9478,872.7597,49.19813,
1742678665605,30.94099,2540,,Left,949.478,658.1115,46.38161,
1742678665606,30.94099,2540,,Right,948.1215,658.1115,46.38161,
1742678665606,30.94099,2540,,Center,948.8296,658.1116,46.3816,
1742678665633,30.96788,2542,,Left,977.606,526.1433,43.89133,
1742678665633,30.96788,2542,,Right,976.1727,526.1433,43.89134,
1742678665634,30.96788,2542,,Center,976.9846,526.1434,43.89133,
1742678665661,30.99603,2544,,Left,979.2844,422.5242,41.79548,
1742678665661,30.99603,2544,,Right,977.7791,422.5242,41.79548,
1742678665661,30.99603,2544,,Center,978.6309,422.5243,41.79548,
1742678665689,31.02377,2546,,Left,965.8611,405.6452,41.46452,
1742678665689,31.02377,2546,,Right,964.3439,405.6452,41.46452,
1742678665689,31.02377,2546,,Center,965.1703,405.6454,41.46452,
1742678665717,31.05188,2548,,Left,959.1077,405.9881,41.47732,
1742678665717,31.05188,2548,,Right,957.5909,405.9881,41.47732,
1742678665717,31.05188,2548,,Center,958.4014,405.9883,41.47732,
1742678665745,31.08045,2550,,Left,958.538,409.7327,41.55488,
1742678665745,31.08045,2550,,Right,957.0241,409.7327,41.55489,
1742678665745,31.08045,2550,,Center,957.8318,409.7328,41.55488,
1742678665772,31.10763,2552,,Left,957.5965,409.4014,41.54874,
1742678665772,31.10763,2552,,Right,956.0823,409.4014,41.54874,
1742678665772,31.10763,2552,,Center,956.888,409.4016,41.54874,
1742678665800,31.13469,2554,,Left,967.8704,418.0192,41.71714,
1742678665800,31.13469,2554,,Right,966.3622,418.0192,41.71714,
1742678665800,31.13469,2554,,Center,967.1888,418.0194,41.71714,
1742678665828,31.16297,2556,,Left,968.5426,432.2908,42.00942,
1742678665828,31.16297,2556,,Right,967.045,432.2908,42.00942,
1742678665828,31.16297,2556,,Center,967.8679,432.2909,42.00942,
1742678665856,31.19116,2558,,Left,974.0991,437.3802,42.10701,
1742678665856,31.19116,2558,,Right,972.6049,437.3802,42.10701,
1742678665856,31.19116,2558,,Center,973.4391,437.3803,42.10701,
1742678665884,31.21887,2560,,Left,974.0954,448.0146,42.32442,
1742678665884,31.21887,2560,,Right,972.6089,448.0146,42.32442,
1742678665884,31.21887,2560,,Center,973.4392,448.0147,42.32442,
1742678665912,31.24738,2562,,Left,976.5703,454.9402,42.46231,
1742678665912,31.24738,2562,,Right,975.0888,454.9402,42.46231,
1742678665912,31.24738,2562,,Center,975.9224,454.9402,42.46231,
1742678665939,31.27471,2564,,Left,979.8409,469.0616,42.74453,
1742678665939,31.27471,2564,,Right,978.3691,469.0616,42.74453,
1742678665939,31.27471,2564,,Center,979.2055,469.0618,42.74453,
1742678665967,31.30183,2566,,Left,979.4589,451.2474,42.38287,
1742678665967,31.30183,2566,,Right,977.9745,451.2474,42.38287,
1742678665967,31.30183,2566,,Center,978.8162,451.2475,42.38287,
1742678665995,31.32984,2568,,Left,1040.675,419.0775,41.57432,
1742678665995,31.32984,2568,,Right,1039.162,419.0775,41.57432,
1742678665995,31.32984,2568,,Center,1040.161,419.0776,41.57433,
1742678666023,31.358,2570,,Left,1135.615,404.4898,40.81758,
1742678666023,31.358,2570,,Right,1134.073,404.4898,40.81758,
1742678666023,31.358,2570,,Center,1135.307,404.49,40.81758,
1742678666051,31.38638,2572,,Left,1175.225,422.6401,40.89719,
1742678666051,31.38638,2572,,Right,1173.687,422.6401,40.89719,
1742678666051,31.38638,2572,,Center,1175.012,422.6403,40.89719,
1742678666079,31.41439,2574,,Left,1174.877,420.9185,40.86676,
1742678666079,31.41439,2574,,Right,1173.338,420.9185,40.86676,
1742678666079,31.41439,2574,,Center,1174.662,420.9186,40.86676,
1742678666107,31.44176,2576,,Left,1176.422,428.4575,40.99992,
1742678666107,31.44176,2576,,Right,1174.888,428.4575,40.99992,
1742678666107,31.44176,2576,,Center,1176.214,428.4577,40.99992,
1742678666134,31.46922,2578,,Left,1136.718,560.634,43.79876,
1742678666135,31.46922,2578,,Right,1135.282,560.634,43.79876,
1742678666135,31.46922,2578,,Center,1136.466,560.6341,43.79876,
1742678666162,31.49727,2580,,Left,1069.995,793.0435,47.95403,
1742678666162,31.49727,2580,,Right,1068.684,793.0435,47.95403,
1742678666162,31.49727,2580,,Center,1069.65,793.0436,47.95403,
1742678666190,31.52501,2582,,Left,1034.096,853.4114,48.82995,
1742678666190,31.52501,2582,,Right,1032.808,853.4114,48.82994,
1742678666190,31.52501,2582,,Center,1033.679,853.4114,48.82994,
1742678666217,31.55353,2584,,Left,939.9571,954.8999,49.81115,
1742678666217,31.55353,2584,,Right,938.6941,954.8999,49.81115,
1742678666217,31.55353,2584,,Center,939.3333,954.8999,49.81115,
1742678666245,31.5805,2586,,Left,941.5035,951.1763,49.79416,
1742678666245,31.5805,2586,,Right,940.2401,951.1763,49.79416,
1742678666245,31.5805,2586,,Center,940.8831,951.1763,49.79416,
1742678666272,31.60771,2588,,Left,940.0241,1024.795,49.98012,
1742678666272,31.60771,2588,,Right,938.7654,1024.795,49.98012,
1742678666272,31.60771,2588,,Center,939.4026,1024.795,49.98012,
1742678666300,31.63509,2590,,Left,900.3174,1039.628,49.94221,
1742678666300,31.63509,2590,,Right,899.0576,1039.628,49.94221,
1742678666300,31.63509,2590,,Center,899.6028,1039.628,49.94221,
1742678666328,31.6636,2592,,Left,899.2366,1044.346,49.93728,
1742678666328,31.6636,2592,,Right,897.9768,1044.346,49.93728,
1742678666328,31.6636,2592,,Center,898.5195,1044.346,49.93728,
1742678666356,31.69151,2594,,Left,900.9238,1044.714,49.94051,
1742678666356,31.69151,2594,,Right,899.664,1044.714,49.94051,
1742678666356,31.69151,2594,,Center,900.2106,1044.714,49.94051,
1742678666384,31.7198,2596,,Left,902.037,1042.127,49.94443,
1742678666384,31.7198,2596,,Right,900.7773,1042.127,49.94443,
1742678666384,31.7198,2596,,Center,901.3265,1042.127,49.94443,
1742678666413,31.74832,2598,,Left,902.4865,1041.106,49.94583,
1742678666413,31.74832,2598,,Right,901.2269,1041.106,49.94582,
1742678666413,31.74832,2598,,Center,901.7772,1041.106,49.94582,
1742678666440,31.77625,2600,,Left,902.7207,1037.978,49.94759,
1742678666440,31.77625,2600,,Right,901.4611,1037.978,49.94759,
1742678666440,31.77625,2600,,Center,902.0118,1037.978,49.94759,
1742678666468,31.80346,2602,,Left,901.7401,1037.419,49.94576,
1742678666468,31.80346,2602,,Right,900.4804,1037.419,49.94576,
1742678666468,31.80346,2602,,Center,901.0289,1037.419,49.94576,
1742678666496,31.83122,2604,,Left,902.0215,1037.421,49.94628,
1742678666496,31.83122,2604,,Right,900.7618,1037.421,49.94628,
1742678666496,31.83122,2604,,Center,901.311,1037.421,49.94628,
1742678666525,31.85946,2606,,Left,902.4059,1038.367,49.9467,
1742678666525,31.85946,2606,,Right,901.1463,1038.367,49.94671,
1742678666525,31.85946,2606,,Center,901.6964,1038.367,49.9467,
1742678666552,31.88746,2608,,Left,904.8229,1036.258,49.95193,
1742678666552,31.88746,2608,,Right,903.5635,1036.258,49.95193,
1742678666552,31.88746,2608,,Center,904.1191,1036.258,49.95193,
1742678666577,31.91486,2610,,Left,905.4449,1034.91,49.95333,
1742678666577,31.91486,2610,,Right,904.1854,1034.91,49.95333,
1742678666577,31.91486,2610,,Center,904.7425,1034.91,49.95333,
1742678666604,31.93933,2612,,Left,905.4705,1032.021,49.95356,
1742678666604,31.93933,2612,,Right,904.2111,1032.021,49.95356,
1742678666604,31.93933,2612,,Center,904.7682,1032.021,49.95356,
1742678666631,31.96655,2614,,Left,905.1505,1029.78,49.95282,
1742678666631,31.96655,2614,,Right,903.891,1029.78,49.95282,
1742678666632,31.96655,2614,,Center,904.4473,1029.78,49.95282,
1742678666660,31.99436,2616,,Left,866.1299,1001.711,49.81235,
1742678666660,31.99436,2616,,Right,864.8669,1001.711,49.81235,
1742678666660,31.99436,2616,,Center,865.3341,1001.711,49.81234,
1742678666687,32.02295,2618,,Left,860.9217,998.2057,49.78415,
1742678666687,32.02295,2618,,Right,859.658,998.2057,49.78415,
1742678666687,32.02295,2618,,Center,860.1133,998.2057,49.78416,
1742678666734,32.06535,2620,,Left,860.9427,994.2831,49.77614,
1742678666734,32.06535,2620,,Right,859.6788,994.2831,49.77614,
1742678666734,32.06535,2620,,Center,860.1343,994.2831,49.77615,
1742678666755,32.08858,2621,,Left,860.9705,995.5029,49.77885,
1742678666755,32.08858,2621,,Right,859.7066,995.5029,49.77885,
1742678666755,32.08858,2621,,Center,860.1622,995.5029,49.77885,
1742678666764,32.10609,2622,,Left,861.0776,995.0253,49.77843,
1742678666764,32.10609,2622,,Right,859.8137,995.0253,49.77843,
1742678666764,32.10609,2622,,Center,860.2696,995.0253,49.77844,
1742678666792,32.12889,2624,,Left,861.0268,995.1728,49.77856,
1742678666792,32.12889,2624,,Right,859.7629,995.1728,49.77856,
1742678666792,32.12889,2624,,Center,860.2186,995.1728,49.77857,
1742678666818,32.15425,2626,,Left,861.0506,994.8102,49.7779,
1742678666818,32.15425,2626,,Right,859.7867,994.8102,49.7779,
1742678666818,32.15425,2626,,Center,860.2426,994.8102,49.7779,
1742678666846,32.18531,2628,,Left,860.9753,994.4627,49.77684,
1742678666846,32.18531,2628,,Right,859.7115,994.4627,49.77684,
1742678666846,32.18531,2628,,Center,860.1671,994.4627,49.77684,
1742678666873,32.20895,2630,,Left,860.7869,994.294,49.7757,
1742678666873,32.20895,2630,,Right,859.5229,994.294,49.77569,
1742678666873,32.20895,2630,,Center,859.978,994.2941,49.7757,
1742678666888,32.22623,2631,,Left,861.0587,994.3475,49.777,
1742678666888,32.22623,2631,,Right,859.7947,994.3475,49.777,
1742678666888,32.22623,2631,,Center,860.2505,994.3475,49.77701,
1742678666917,32.25284,2633,,Left,861.2839,994.1826,49.77767,
1742678666917,32.25284,2633,,Right,860.02,994.1826,49.77768,
1742678666917,32.25284,2633,,Center,860.4764,994.1826,49.77767,
1742678666946,32.28082,2635,,Left,861.4965,993.5614,49.77723,
1742678666946,32.28082,2635,,Right,860.2327,993.5614,49.77723,
1742678666946,32.28082,2635,,Center,860.6895,993.5614,49.77723,
1742678666974,32.31057,2637,,Left,861.1595,993.9197,49.7766,
1742678666974,32.31057,2637,,Right,859.8956,993.9197,49.77661,
1742678666974,32.31057,2637,,Center,860.3517,993.9197,49.77661,
1742678666999,32.33659,2639,,Left,861.1095,994.1803,49.77697,
1742678666999,32.33659,2639,,Right,859.8456,994.1803,49.77698,
1742678666999,32.33659,2639,,Center,860.3016,994.1803,49.77697,
1742678667028,32.36399,2641,,Left,860.9395,994.0087,49.77586,
1742678667028,32.36399,2641,,Right,859.6755,994.0087,49.77587,
1742678667028,32.36399,2641,,Center,860.1311,994.0087,49.77586,
1742678667056,32.39111,2643,,Left,860.9349,993.9767,49.77575,
1742678667056,32.39111,2643,,Right,859.671,993.9767,49.77575,
1742678667056,32.39111,2643,,Center,860.1265,993.9767,49.77575,
1742678667082,32.41979,2645,,Left,860.8894,993.8432,49.77523,
1742678667082,32.41979,2645,,Right,859.6254,993.8432,49.77522,
1742678667082,32.41979,2645,,Center,860.0809,993.8433,49.77522,
1742678667111,32.44526,2647,,Left,860.8965,993.8817,49.77533,
1742678667111,32.44526,2647,,Right,859.6326,993.8817,49.77533,
1742678667111,32.44526,2647,,Center,860.088,993.8817,49.77533,
1742678667139,32.47509,2649,,Left,860.7692,994.0601,49.77518,
1742678667140,32.47509,2649,,Right,859.5052,994.0601,49.77518,
1742678667140,32.47509,2649,,Center,859.9604,994.0601,49.77518,
1742678667166,32.5036,2651,,Left,860.9764,994.2755,49.77653,
1742678667166,32.5036,2651,,Right,859.7125,994.2755,49.77653,
1742678667166,32.5036,2651,,Center,860.1682,994.2755,49.77653,
1742678667194,32.5286,2653,,Left,861.1688,994.2366,49.77725,
1742678667194,32.5286,2653,,Right,859.9048,994.2366,49.77726,
1742678667194,32.5286,2653,,Center,860.361,994.2366,49.77725,
1742678667223,32.55739,2655,,Left,861.2883,994.2032,49.77768,
1742678667223,32.55739,2655,,Right,860.0244,994.2032,49.77768,
1742678667223,32.55739,2655,,Center,860.4808,994.2032,49.77768,
1742678667253,32.58826,2657,,Left,861.1814,994.2847,49.77738,
1742678667253,32.58826,2657,,Right,859.9175,994.2847,49.77738,
1742678667253,32.58826,2657,,Center,860.3735,994.2847,49.77738,
1742678667279,32.61543,2659,,Left,861.3773,994.4359,49.77853,
1742678667279,32.61543,2659,,Right,860.1134,994.4359,49.77853,
1742678667279,32.61543,2659,,Center,860.57,994.4359,49.77853,
1742678667308,32.64422,2661,,Left,861.3679,994.6895,49.77902,
1742678667308,32.64422,2661,,Right,860.104,994.6895,49.77902,
1742678667308,32.64422,2661,,Center,860.5605,994.6895,49.77902,
1742678667333,32.67028,2663,,Left,861.1725,994.7701,49.77836,
1742678667333,32.67028,2663,,Right,859.9087,994.7701,49.77836,
1742678667334,32.67028,2663,,Center,860.3647,994.7701,49.77836,
1742678667361,32.70034,2665,,Left,861.0348,994.6071,49.77743,
1742678667361,32.70034,2665,,Right,859.7709,994.6071,49.77743,
1742678667361,32.70034,2665,,Center,860.2266,994.6071,49.77743,
1742678667386,32.72415,2667,,Left,861.1152,994.4252,49.77738,
1742678667386,32.72415,2667,,Right,859.8513,994.4252,49.77737,
1742678667386,32.72415,2667,,Center,860.3072,994.4252,49.77737,
1742678667415,32.75141,2669,,Left,861.1217,994.3462,49.77723,
1742678667415,32.75141,2669,,Right,859.8578,994.3462,49.77723,
1742678667415,32.75141,2669,,Center,860.3137,994.3462,49.77723,
1742678667442,32.77809,2671,,Left,861.0974,994.2911,49.77699,
1742678667442,32.77809,2671,,Right,859.8335,994.2911,49.77699,
1742678667442,32.77809,2671,,Center,860.2894,994.2911,49.777,
1742678667472,32.80626,2673,,Left,861.1484,994.2681,49.77716,
1742678667472,32.80626,2673,,Right,859.8845,994.2681,49.77716,
1742678667472,32.80626,2673,,Center,860.3405,994.2681,49.77716,
1742678667500,32.83447,2675,,Left,860.942,994.3594,49.77646,
1742678667500,32.83447,2675,,Right,859.678,994.3594,49.77646,
1742678667500,32.83447,2675,,Center,860.1335,994.3594,49.77646,
1742678667527,32.86351,2677,,Left,860.8364,994.5928,49.77656,
1742678667527,32.86351,2677,,Right,859.5724,994.5928,49.77657,
1742678667527,32.86351,2677,,Center,860.0278,994.5928,49.77656,
1742678667556,32.89038,2679,,Left,860.7111,994.9092,49.77673,
1742678667556,32.89038,2679,,Right,859.4472,994.9092,49.77672,
1742678667556,32.89038,2679,,Center,859.9022,994.9092,49.77673,
1742678667585,32.91996,2681,,Left,860.8047,994.3277,49.77589,
1742678667585,32.91996,2681,,Right,859.5408,994.3277,49.77589,
1742678667585,32.91996,2681,,Center,859.996,994.3277,49.77589,
1742678667614,32.94884,2683,,Left,860.8378,994.0162,49.77536,
1742678667614,32.94884,2683,,Right,859.5739,994.0162,49.77536,
1742678667614,32.94884,2683,,Center,860.0292,994.0162,49.77536,
1742678667640,32.97565,2685,,Left,860.9352,993.942,49.77562,
1742678667640,32.97565,2685,,Right,859.6713,993.942,49.77562,
1742678667640,32.97565,2685,,Center,860.1268,993.942,49.77562,
1742678667667,33.00109,2687,,Left,861.1613,994.1931,49.77714,
1742678667667,33.00109,2687,,Right,859.8973,994.1931,49.77714,
1742678667667,33.00109,2687,,Center,860.3534,994.1931,49.77714,
1742678667695,33.03016,2689,,Left,861.08,994.4274,49.77728,
1742678667695,33.03016,2689,,Right,859.8161,994.4274,49.77728,
1742678667695,33.03016,2689,,Center,860.272,994.4274,49.77728,
1742678667724,33.05877,2691,,Left,860.8419,994.1925,49.77578,
1742678667724,33.05877,2691,,Right,859.578,994.1925,49.77578,
1742678667724,33.05877,2691,,Center,860.0333,994.1926,49.77577,
1742678667753,33.08791,2693,,Left,860.7136,994.0767,49.77497,
1742678667753,33.08791,2693,,Right,859.4496,994.0767,49.77497,
1742678667753,33.08791,2693,,Center,859.9047,994.0767,49.77497,
1742678667778,33.11518,2695,,Left,860.6095,994.3351,49.77509,
1742678667778,33.11518,2695,,Right,859.3455,994.3351,49.77509,
1742678667778,33.11518,2695,,Center,859.8003,994.3351,49.77509,
1742678667807,33.14138,2697,,Left,860.5515,994.4774,49.77516,
1742678667807,33.14138,2697,,Right,859.2875,994.4774,49.77516,
1742678667807,33.14138,2697,,Center,859.7422,994.4774,49.77516,
1742678667833,33.16808,2699,,Left,860.4318,994.2376,49.77412,
1742678667833,33.16808,2699,,Right,859.1678,994.2376,49.77412,
1742678667833,33.16808,2699,,Center,859.6222,994.2376,49.77412,
1742678667862,33.19682,2701,,Left,861.0059,993.6602,49.77531,
1742678667862,33.19682,2701,,Right,859.7419,993.6602,49.77531,
1742678667862,33.19682,2701,,Center,860.1977,993.6602,49.77531,
1742678667891,33.22553,2703,,Left,861.3647,993.5536,49.77657,
1742678667891,33.22553,2703,,Right,860.1008,993.5536,49.77657,
1742678667891,33.22553,2703,,Center,860.5574,993.5536,49.77657,
1742678667917,33.25444,2705,,Left,861.3283,994.0206,49.77746,
1742678667917,33.25444,2705,,Right,860.0644,994.0206,49.77746,
1742678667917,33.25444,2705,,Center,860.5208,994.0206,49.77746,
1742678667945,33.28104,2707,,Left,861.4133,994.1163,49.77799,
1742678667945,33.28104,2707,,Right,860.1495,994.1163,49.77799,
1742678667945,33.28104,2707,,Center,860.6061,994.1163,49.77799,
1742678667973,33.30775,2709,,Left,861.5324,994.3688,49.77903,
1742678667973,33.30775,2709,,Right,860.2686,994.3688,49.77903,
1742678667973,33.30775,2709,,Center,860.7254,994.3688,49.77903,
1742678668002,33.33613,2711,,Left,861.0151,994.516,49.77713,
1742678668002,33.33613,2711,,Right,859.7512,994.516,49.77713,
1742678668002,33.33613,2711,,Center,860.2069,994.516,49.77713,
1742678668029,33.36529,2713,,Left,861.0433,994.3345,49.77687,
1742678668029,33.36529,2713,,Right,859.7794,994.3345,49.77687,
1742678668029,33.36529,2713,,Center,860.2351,994.3345,49.77687,
1742678668057,33.39267,2715,,Left,860.9688,994.3281,49.77654,
1742678668057,33.39267,2715,,Right,859.7049,994.3281,49.77654,
1742678668057,33.39267,2715,,Center,860.1605,994.3281,49.77654,
1742678668086,33.42122,2717,,Left,861.014,994.2759,49.77657,
1742678668086,33.42122,2717,,Right,859.7501,994.2759,49.77657,
1742678668086,33.42122,2717,,Center,860.2058,994.2759,49.77657,
1742678668114,33.44874,2719,,Left,861.2014,994.2735,49.77742,
1742678668114,33.44874,2719,,Right,859.9376,994.2735,49.77742,
1742678668114,33.44874,2719,,Center,860.3937,994.2735,49.77743,
1742678668142,33.4773,2721,,Left,860.954,994.852,49.77764,
1742678668142,33.4773,2721,,Right,859.6901,994.852,49.77764,
1742678668142,33.4773,2721,,Center,860.1456,994.852,49.77765,
1742678668171,33.506,2723,,Left,860.675,994.7371,49.77625,
1742678668171,33.506,2723,,Right,859.411,994.7371,49.77625,
1742678668171,33.506,2723,,Center,859.866,994.7371,49.77625,
1742678668196,33.53163,2725,,Left,860.9623,994.1147,49.77615,
1742678668196,33.53163,2725,,Right,859.6984,994.1147,49.77615,
1742678668196,33.53163,2725,,Center,860.154,994.1147,49.77615,
1742678668225,33.56055,2727,,Left,861.2174,993.8532,49.77668,
1742678668225,33.56055,2727,,Right,859.9535,993.8532,49.77668,
1742678668225,33.56055,2727,,Center,860.4097,993.8532,49.77668,
1742678668251,33.58829,2729,,Left,861.2387,993.6059,49.77625,
1742678668251,33.58829,2729,,Right,859.9747,993.6059,49.77625,
1742678668251,33.58829,2729,,Center,860.431,993.6059,49.77625,
1742678668280,33.6156,2731,,Left,861.3054,993.8611,49.77704,
1742678668280,33.6156,2731,,Right,860.0414,993.8611,49.77704,
1742678668280,33.6156,2731,,Center,860.4978,993.8611,49.77704,
1742678668309,33.6436,2733,,Left,861.1567,994.0016,49.77673,
1742678668309,33.6436,2733,,Right,859.8928,994.0016,49.77673,
1742678668309,33.6436,2733,,Center,860.3488,994.0017,49.77673,
1742678668337,33.6726,2735,,Left,861.1847,994.1559,49.77719,
1742678668338,33.6726,2735,,Right,859.9208,994.1559,49.77719,
1742678668338,33.6726,2735,,Center,860.3768,994.1559,49.77719,
1742678668363,33.69802,2737,,Left,861.267,994.1057,49.77743,
1742678668363,33.69802,2737,,Right,860.0031,994.1057,49.77743,
1742678668363,33.69802,2737,,Center,860.4594,994.1057,49.77743,
1742678668391,33.72665,2739,,Left,861.2026,993.9206,49.77673,
1742678668391,33.72665,2739,,Right,859.9387,993.9206,49.77673,
1742678668391,33.72665,2739,,Center,860.3948,993.9206,49.77674,
1742678668418,33.75502,2741,,Left,861.1279,994.1606,49.77694,
1742678668418,33.75502,2741,,Right,859.864,994.1606,49.77694,
1742678668418,33.75502,2741,,Center,860.3199,994.1606,49.77694,
1742678668446,33.78177,2743,,Left,861.0404,994.4979,49.77731,
1742678668446,33.78177,2743,,Right,859.7766,994.4979,49.7773,
1742678668446,33.78177,2743,,Center,860.2323,994.4979,49.7773,
1742678668475,33.80993,2745,,Left,860.6401,994.8434,49.77631,
1742678668475,33.80993,2745,,Right,859.3762,994.8434,49.77631,
1742678668475,33.80993,2745,,Center,859.831,994.8434,49.7763,
1742678668504,33.83896,2747,,Left,860.5434,994.3101,49.77474,
1742678668504,33.83896,2747,,Right,859.2794,994.3101,49.77473,
1742678668504,33.83896,2747,,Center,859.734,994.3101,49.77473,
1742678668532,33.86769,2749,,Left,860.8843,994.1107,49.77575,
1742678668532,33.86769,2749,,Right,859.6204,994.1107,49.77575,
1742678668532,33.86769,2749,,Center,860.0759,994.1107,49.77575,
1742678668557,33.89321,2751,,Left,861.079,994.0015,49.77634,
1742678668557,33.89321,2751,,Right,859.8151,994.0015,49.77634,
1742678668557,33.89321,2751,,Center,860.2709,994.0015,49.77634,
1742678668584,33.92071,2753,,Left,861.0118,994.3856,49.77687,
1742678668584,33.92071,2753,,Right,859.748,994.3856,49.77687,
1742678668584,33.92071,2753,,Center,860.2037,994.3856,49.77687,
1742678668613,33.94859,2755,,Left,861.4017,994.567,49.77892,
1742678668613,33.94859,2755,,Right,860.1378,994.567,49.77892,
1742678668613,33.94859,2755,,Center,860.5944,994.567,49.77892,
1742678668642,33.97701,2757,,Left,861.2601,994.5922,49.77837,
1742678668642,33.97701,2757,,Right,859.9962,994.5922,49.77837,
1742678668642,33.97701,2757,,Center,860.4525,994.5922,49.77837,
1742678668671,34.0057,2759,,Left,861.3965,994.4969,49.77869,
1742678668671,34.0057,2759,,Right,860.1327,994.4969,49.77869,
1742678668671,34.0057,2759,,Center,860.5893,994.4969,49.77869,
1742678668696,34.03143,2761,,Left,861.4663,994.3905,49.77878,
1742678668696,34.03143,2761,,Right,860.2025,994.3905,49.77878,
1742678668696,34.03143,2761,,Center,860.6592,994.3905,49.77879,
1742678668725,34.06077,2763,,Left,861.227,994.472,49.77794,
1742678668725,34.06077,2763,,Right,859.9631,994.472,49.77794,
1742678668725,34.06077,2763,,Center,860.4193,994.472,49.77794,
1742678668751,34.08895,2765,,Left,861.2756,994.4073,49.77801,
1742678668751,34.08895,2765,,Right,860.0117,994.4073,49.778,
1742678668751,34.08895,2765,,Center,860.468,994.4073,49.778,
1742678668780,34.11516,2767,,Left,861.3249,994.6771,49.77878,
1742678668780,34.11516,2767,,Right,860.061,994.6771,49.77878,
1742678668780,34.11516,2767,,Center,860.5175,994.6771,49.77878,
1742678668809,34.1448,2769,,Left,860.9656,995.1949,49.77836,
1742678668809,34.1448,2769,,Right,859.7017,995.1949,49.77836,
1742678668809,34.1448,2769,,Center,860.1573,995.1949,49.77836,
1742678668838,34.17309,2771,,Left,860.884,995.4045,49.7785,
1742678668838,34.17309,2771,,Right,859.6201,995.4045,49.7785,
1742678668838,34.17309,2771,,Center,860.0755,995.4045,49.77851,
1742678668864,34.19886,2773,,Left,860.9323,995.1072,49.77813,
1742678668864,34.19886,2773,,Right,859.6684,995.1072,49.77813,
1742678668864,34.19886,2773,,Center,860.124,995.1072,49.77813,
1742678668891,34.22678,2775,,Left,861.2136,994.7565,49.77863,
1742678668891,34.22678,2775,,Right,859.9498,994.7565,49.77863,
1742678668891,34.22678,2775,,Center,860.4059,994.7565,49.77863,
1742678668919,34.2544,2777,,Left,861.1269,994.2217,49.77718,
1742678668919,34.2544,2777,,Right,859.863,994.2217,49.77718,
1742678668919,34.2544,2777,,Center,860.3189,994.2217,49.77718,
1742678668948,34.28351,2779,,Left,861.312,993.8434,49.77715,
1742678668948,34.28351,2779,,Right,860.0481,993.8434,49.77715,
1742678668948,34.28351,2779,,Center,860.5045,993.8434,49.77715,
1742678668976,34.31253,2781,,Left,861.4816,993.7516,49.77764,
1742678668976,34.31253,2781,,Right,860.2177,993.7516,49.77764,
1742678668976,34.31253,2781,,Center,860.6745,993.7516,49.77765,
1742678669003,34.33744,2783,,Left,861.3456,994.0504,49.77775,
1742678669003,34.33744,2783,,Right,860.0818,994.0504,49.77775,
1742678669003,34.33744,2783,,Center,860.5382,994.0504,49.77775,
1742678669032,34.36641,2785,,Left,861.202,994.2245,49.7775,
1742678669032,34.36641,2785,,Right,859.938,994.2245,49.7775,
1742678669032,34.36641,2785,,Center,860.3942,994.2245,49.7775,
1742678669061,34.39565,2787,,Left,861.0441,994.1981,49.77673,
1742678669061,34.39565,2787,,Right,859.7802,994.1981,49.77673,
1742678669061,34.39565,2787,,Center,860.236,994.1982,49.77673,
1742678669087,34.42421,2789,,Left,861.2975,993.9631,49.77728,
1742678669087,34.42421,2789,,Right,860.0336,993.9631,49.77728,
1742678669087,34.42421,2789,,Center,860.4899,993.9631,49.77728,
1742678669115,34.4506,2791,,Left,861.1907,994.3469,49.77763,
1742678669115,34.4506,2791,,Right,859.9268,994.3469,49.77763,
1742678669115,34.4506,2791,,Center,860.3829,994.347,49.77763,
1742678669144,34.47943,2793,,Left,860.9574,994.7684,49.77754,
1742678669144,34.47943,2793,,Right,859.6935,994.7684,49.77754,
1742678669144,34.47943,2793,,Center,860.1491,994.7684,49.77754,
1742678669172,34.50734,2795,,Left,860.8266,994.6412,49.77667,
1742678669172,34.50734,2795,,Right,859.5627,994.6412,49.77667,
1742678669172,34.50734,2795,,Center,860.018,994.6412,49.77667,
1742678669199,34.53321,2797,,Left,861.0475,994.3649,49.77701,
1742678669199,34.53321,2797,,Right,859.7836,994.3649,49.77702,
1742678669199,34.53321,2797,,Center,860.2394,994.3649,49.77702,
1742678669227,34.56163,2799,,Left,861.1022,994.3744,49.77726,
1742678669227,34.56163,2799,,Right,859.8383,994.3744,49.77726,
1742678669227,34.56163,2799,,Center,860.2942,994.3744,49.77726,
1742678669253,34.5909,2801,,Left,861.0983,994.5746,49.77768,
1742678669253,34.5909,2801,,Right,859.8345,994.5746,49.77768,
1742678669253,34.5909,2801,,Center,860.2903,994.5746,49.77768,
1742678669281,34.61658,2803,,Left,860.9293,995.0699,49.77796,
1742678669281,34.61658,2803,,Right,859.6654,995.0699,49.77796,
1742678669281,34.61658,2803,,Center,860.1209,995.0699,49.77796,
1742678669310,34.64539,2805,,Left,861.137,995.0172,49.77877,
1742678669310,34.64539,2805,,Right,859.8731,995.0172,49.77877,
1742678669310,34.64539,2805,,Center,860.3291,995.0172,49.77877,
1742678669338,34.67377,2807,,Left,861.0428,994.9923,49.77829,
1742678669338,34.67377,2807,,Right,859.7789,994.9923,49.77828,
1742678669338,34.67377,2807,,Center,860.2347,994.9923,49.77829,
1742678669364,34.69925,2809,,Left,860.9574,995.4103,49.77876,
1742678669364,34.69925,2809,,Right,859.6935,995.4103,49.77876,
1742678669365,34.69925,2809,,Center,860.1491,995.4103,49.77876,
1742678669393,34.72786,2811,,Left,860.787,996.627,49.78051,
1742678669393,34.72786,2811,,Right,859.5232,996.627,49.78051,
1742678669393,34.72786,2811,,Center,859.9783,996.627,49.78051,
1742678669419,34.75661,2813,,Left,860.7948,997.3412,49.78193,
1742678669419,34.75661,2813,,Right,859.5311,997.3412,49.78193,
1742678669419,34.75661,2813,,Center,859.9861,997.3412,49.78193,
1742678669447,34.78342,2815,,Left,861.2014,998.4419,49.78568,
1742678669447,34.78342,2815,,Right,859.9377,998.4419,49.78568,
1742678669447,34.78342,2815,,Center,860.3937,998.4419,49.78568,
1742678669476,34.81453,2817,,Left,861.3792,997.6569,49.78491,
1742678669476,34.81453,2817,,Right,860.1155,997.6569,49.78491,
1742678669476,34.81453,2817,,Center,860.5719,997.6569,49.7849,
1742678669504,34.83749,2819,,Left,861.4086,996.0378,49.78179,
1742678669504,34.83749,2819,,Right,860.1448,996.0378,49.78179,
1742678669504,34.83749,2819,,Center,860.6014,996.0378,49.78179,
1742678669532,34.86597,2821,,Left,861.7036,995.48,49.78191,
1742678669532,34.86597,2821,,Right,860.4399,995.48,49.78191,
1742678669532,34.86597,2821,,Center,860.8972,995.48,49.78191,
1742678669559,34.89558,2823,,Left,861.7068,995.7283,49.78251,
1742678669559,34.89558,2823,,Right,860.4431,995.7283,49.7825,
1742678669559,34.89558,2823,,Center,860.9003,995.7283,49.7825,
1742678669587,34.92239,2825,,Left,861.3553,995.3262,49.78018,
1742678669587,34.92239,2825,,Right,860.0916,995.3262,49.78018,
1742678669587,34.92239,2825,,Center,860.548,995.3262,49.78017,
1742678669617,34.95148,2827,,Left,860.8821,995.1447,49.77778,
1742678669617,34.95148,2827,,Right,859.6182,995.1447,49.77778,
1742678669617,34.95148,2827,,Center,860.0736,995.1448,49.77778,
1742678669645,34.98066,2829,,Left,860.857,994.8747,49.77713,
1742678669645,34.98066,2829,,Right,859.5931,994.8747,49.77713,
1742678669645,34.98066,2829,,Center,860.0485,994.8747,49.77713,
1742678669672,35.00669,2831,,Left,860.7067,994.5419,49.77576,
1742678669672,35.00669,2831,,Right,859.4428,994.5419,49.77576,
1742678669672,35.00669,2831,,Center,859.8978,994.5419,49.77576,
1742678669699,35.0332,2833,,Left,861.1381,994.1315,49.77679,
1742678669699,35.0332,2833,,Right,859.8741,994.1315,49.77679,
1742678669699,35.0332,2833,,Center,860.3301,994.1315,49.77679,
1742678669727,35.0621,2835,,Left,861.2761,993.6804,49.77644,
1742678669727,35.0621,2835,,Right,860.0122,993.6804,49.77644,
1742678669727,35.0621,2835,,Center,860.4685,993.6804,49.77644,
1742678669756,35.09089,2837,,Left,860.9743,994.0162,49.77592,
1742678669756,35.09089,2837,,Right,859.7104,994.0162,49.77592,
1742678669756,35.09089,2837,,Center,860.166,994.0162,49.77592,
1742678669782,35.11871,2839,,Left,860.9526,994.154,49.77617,
1742678669782,35.11871,2839,,Right,859.6887,994.154,49.77617,
1742678669782,35.11871,2839,,Center,860.1443,994.154,49.77617,
1742678669810,35.14513,2841,,Left,861.0269,994.4028,49.77704,
1742678669810,35.14513,2841,,Right,859.7631,994.4028,49.77704,
1742678669810,35.14513,2841,,Center,860.2188,994.4028,49.77704,
1742678669839,35.17447,2843,,Left,861.225,994.0737,49.7772,
1742678669839,35.17447,2843,,Right,859.9611,994.0737,49.77719,
1742678669839,35.17447,2843,,Center,860.4173,994.0737,49.77719,
1742678669865,35.20006,2845,,Left,861.1563,994.2919,49.77739,
1742678669866,35.20006,2845,,Right,859.8924,994.2919,49.7774,
1742678669866,35.20006,2845,,Center,860.3484,994.2919,49.77739,
1742678669894,35.22796,2847,,Left,861.5157,994.4574,49.77932,
1742678669894,35.22796,2847,,Right,860.252,994.4574,49.77932,
1742678669894,35.22796,2847,,Center,860.7088,994.4574,49.77932,
1742678669923,35.25824,2849,,Left,861.5333,994.0574,49.77853,
1742678669923,35.25824,2849,,Right,860.2694,994.0574,49.77852,
1742678669923,35.25824,2849,,Center,860.7263,994.0574,49.77852,
1742678669949,35.28683,2851,,Left,861.6428,994.062,49.77897,
1742678669949,35.28683,2851,,Right,860.379,994.062,49.77898,
1742678669949,35.28683,2851,,Center,860.8362,994.062,49.77898,
1742678669977,35.31265,2853,,Left,861.7342,994.4488,49.78021,
1742678669977,35.31265,2853,,Right,860.4704,994.4488,49.78022,
1742678669977,35.31265,2853,,Center,860.9277,994.4489,49.78021,
1742678670006,35.34095,2855,,Left,862.095,993.9308,49.78054,
1742678670006,35.34095,2855,,Right,860.8312,993.9308,49.78053,
1742678670006,35.34095,2855,,Center,861.2894,993.9308,49.78054,
1742678670035,35.36924,2857,,Left,861.7756,994.4932,49.78034,
1742678670035,35.36924,2857,,Right,860.5117,994.4932,49.78035,
1742678670035,35.36924,2857,,Center,860.9692,994.4932,49.78035,
1742678670060,35.39589,2859,,Left,861.6541,994.4148,49.77963,
1742678670060,35.39589,2859,,Right,860.3903,994.4148,49.77963,
1742678670060,35.39589,2859,,Center,860.8474,994.4148,49.77963,
1742678670089,35.42356,2861,,Left,861.2459,994.8223,49.77873,
1742678670089,35.42356,2861,,Right,859.9821,994.8223,49.77873,
1742678670089,35.42356,2861,,Center,860.4383,994.8223,49.77873,
1742678670116,35.45289,2863,,Left,861.1198,994.6272,49.77778,
1742678670116,35.45289,2863,,Right,859.8559,994.6272,49.77778,
1742678670116,35.45289,2863,,Center,860.3118,994.6273,49.77778,
1742678670144,35.47956,2865,,Left,861.1006,994.8522,49.77813,
1742678670144,35.47956,2865,,Right,859.8367,994.8522,49.77813,
1742678670144,35.47956,2865,,Center,860.2927,994.8522,49.77812,
1742678670173,35.50763,2867,,Left,861.2888,995.1332,49.77953,
1742678670173,35.50763,2867,,Right,860.025,995.1332,49.77953,
1742678670173,35.50763,2867,,Center,860.4813,995.1332,49.77953,
1742678670199,35.53355,2869,,Left,861.5743,995.2667,49.78101,
1742678670199,35.53355,2869,,Right,860.3105,995.2667,49.78101,
1742678670199,35.53355,2869,,Center,860.7675,995.2667,49.78101,
1742678670228,35.56353,2871,,Left,861.8165,996.033,49.78364,
1742678670228,35.56353,2871,,Right,860.5528,996.033,49.78363,
1742678670228,35.56353,2871,,Center,861.0103,996.033,49.78364,
1742678670257,35.59179,2873,,Left,862.2043,996.5073,49.78625,
1742678670257,35.59179,2873,,Right,860.9407,996.5073,49.78625,
1742678670257,35.59179,2873,,Center,861.399,996.5073,49.78625,
1742678670283,35.62091,2875,,Left,862.2867,996.0079,49.78558,
1742678670283,35.62091,2875,,Right,861.0231,996.0079,49.78558,
1742678670283,35.62091,2875,,Center,861.4816,996.0079,49.78558,
1742678670311,35.64743,2877,,Left,862.1204,995.2007,49.78321,
1742678670311,35.64743,2877,,Right,860.8566,995.2007,49.78322,
1742678670311,35.64743,2877,,Center,861.3149,995.2007,49.78322,
1742678670340,35.67512,2879,,Left,862.2921,995.1741,49.78385,
1742678670340,35.67512,2879,,Right,861.0284,995.1741,49.78386,
1742678670340,35.67512,2879,,Center,861.4869,995.1741,49.78385,
1742678670369,35.70379,2881,,Left,862.2859,995.798,49.78513,
1742678670369,35.70379,2881,,Right,861.0222,995.798,49.78513,
1742678670369,35.70379,2881,,Center,861.4807,995.798,49.78513,
1742678670396,35.73255,2883,,Left,862.4382,995.2717,49.78474,
1742678670396,35.73255,2883,,Right,861.1744,995.2717,49.78475,
1742678670396,35.73255,2883,,Center,861.6334,995.2717,49.78475,
1742678670423,35.75816,2885,,Left,862.1626,995.6985,49.78447,
1742678670423,35.75816,2885,,Right,860.8989,995.6985,49.78447,
1742678670423,35.75816,2885,,Center,861.3572,995.6985,49.78447,
1742678670452,35.7867,2887,,Left,862.6273,996.1526,49.78742,
1742678670452,35.7867,2887,,Right,861.3636,996.1526,49.78742,
1742678670452,35.7867,2887,,Center,861.8229,996.1526,49.78742,
1742678670480,35.81594,2889,,Left,863.5802,997.3607,49.79373,
1742678670480,35.81594,2889,,Right,862.3167,997.3607,49.79373,
1742678670480,35.81594,2889,,Center,862.7782,997.3607,49.79373,
1742678670507,35.84252,2891,,Left,864.4475,997.546,49.79755,
1742678670507,35.84252,2891,,Right,863.1841,997.546,49.79755,
1742678670507,35.84252,2891,,Center,863.6476,997.546,49.79755,
1742678670536,35.87037,2893,,Left,865.2457,998.4138,49.8025,
1742678670536,35.87037,2893,,Right,863.9825,998.4138,49.8025,
1742678670536,35.87037,2893,,Center,864.4477,998.4138,49.80251,
1742678670565,35.8991,2895,,Left,867.4918,1000.701,49.81587,
1742678670565,35.8991,2895,,Right,866.2289,1000.701,49.81587,
1742678670565,35.8991,2895,,Center,866.6992,1000.701,49.81587,
1742678670591,35.92727,2897,,Left,871.5684,1002.09,49.83386,
1742678670591,35.92727,2897,,Right,870.3059,1002.09,49.83386,
1742678670591,35.92727,2897,,Center,870.7855,1002.09,49.83386,
1742678670617,35.95409,2899,,Left,870.196,1001.477,49.82771,
1742678670617,35.95409,2899,,Right,868.9335,1001.477,49.82771,
1742678670617,35.95409,2899,,Center,869.4099,1001.477,49.82771,
1742678670646,35.98137,2901,,Left,868.6585,998.6375,49.81674,
1742678670646,35.98137,2901,,Right,867.3956,998.6375,49.81674,
1742678670646,35.98137,2901,,Center,867.8687,998.6375,49.81674,
1742678670675,36.00956,2903,,Left,867.794,995.937,49.80787,
1742678670675,36.00956,2903,,Right,866.5309,995.937,49.80787,
1742678670675,36.00956,2903,,Center,867.002,995.937,49.80787,
1742678670704,36.03842,2905,,Left,865.9022,995.0402,49.79836,
1742678670704,36.03842,2905,,Right,864.6388,995.0402,49.79836,
1742678670704,36.03842,2905,,Center,865.1057,995.0403,49.79836,
1742678670729,36.06476,2907,,Left,866.8438,994.5077,49.80105,
1742678670729,36.06476,2907,,Right,865.5805,994.5077,49.80106,
1742678670729,36.06476,2907,,Center,866.0494,994.5077,49.80105,
1742678670757,36.09248,2909,,Left,867.213,997.5848,49.80904,
1742678670758,36.09248,2909,,Right,865.9499,997.5848,49.80904,
1742678670758,36.09248,2909,,Center,866.4197,997.5848,49.80904,
1742678670784,36.12101,2911,,Left,863.4935,993.9384,49.7859,
1742678670784,36.12101,2911,,Right,862.2298,993.9384,49.7859,
1742678670784,36.12101,2911,,Center,862.6912,993.9384,49.7859,
1742678670812,36.14833,2913,,Left,862.8374,994.5349,49.7844,
1742678670812,36.14833,2913,,Right,861.5737,994.5349,49.7844,
1742678670812,36.14833,2913,,Center,862.0336,994.5349,49.7844,
1742678670841,36.17635,2915,,Left,864.8099,997.8581,49.79955,
1742678670842,36.17635,2915,,Right,863.5466,997.8581,49.79955,
1742678670842,36.17635,2915,,Center,864.0109,997.8581,49.79955,
1742678670870,36.20473,2917,,Left,863.9279,998.7706,49.79765,
1742678670870,36.20473,2917,,Right,862.6644,998.7706,49.79765,
1742678670870,36.20473,2917,,Center,863.1267,998.7706,49.79766,
1742678670896,36.23088,2919,,Left,865.8386,996.0129,49.79992,
1742678670896,36.23088,2919,,Right,864.5753,996.0129,49.79992,
1742678670896,36.23088,2919,,Center,865.0419,996.0129,49.79992,
1742678670924,36.25891,2921,,Left,864.679,992.0695,49.78663,
1742678670924,36.25891,2921,,Right,863.4154,992.0695,49.78663,
1742678670924,36.25891,2921,,Center,863.8795,992.0695,49.78663,
1742678670951,36.2882,2923,,Left,863.8791,993.9068,49.78752,
1742678670951,36.2882,2923,,Right,862.6155,993.9068,49.78752,
1742678670951,36.2882,2923,,Center,863.0778,993.9068,49.78752,
1742678670979,36.31541,2925,,Left,864.2847,994.8943,49.79137,
1742678670979,36.31541,2925,,Right,863.0212,994.8943,49.79137,
1742678670979,36.31541,2925,,Center,863.4843,994.8943,49.79137,
1742678671009,36.34327,2927,,Left,864.1633,996.7991,49.79493,
1742678671009,36.34327,2927,,Right,862.8999,996.7991,49.79493,
1742678671009,36.34327,2927,,Center,863.3627,996.7991,49.79492,
1742678671037,36.37287,2929,,Left,863.9811,997.3907,49.79538,
1742678671037,36.37287,2929,,Right,862.7177,997.3907,49.79539,
1742678671037,36.37287,2929,,Center,863.1801,997.3907,49.79538,
1742678671063,36.39764,2931,,Left,863.9717,996.5461,49.79384,
1742678671063,36.39764,2931,,Right,862.7082,996.5461,49.79385,
1742678671063,36.39764,2931,,Center,863.1707,996.5461,49.79385,
1742678671092,36.42642,2933,,Left,865.3309,997.3202,49.80114,
1742678671092,36.42642,2933,,Right,864.0676,997.3202,49.80114,
1742678671092,36.42642,2933,,Center,864.5331,997.3202,49.80114,
1742678671118,36.4557,2935,,Left,865.6124,995.4421,49.79842,
1742678671118,36.4557,2935,,Right,864.3491,995.4421,49.79842,
1742678671118,36.4557,2935,,Center,864.8152,995.4421,49.79842,
1742678671146,36.48184,2937,,Left,866.6732,995.2063,49.80236,
1742678671146,36.48184,2937,,Right,865.4099,995.2063,49.80235,
1742678671146,36.48184,2937,,Center,865.8785,995.2063,49.80235,
1742678671175,36.51003,2939,,Left,866.2078,995.9816,49.80209,
1742678671175,36.51003,2939,,Right,864.9446,995.9816,49.80209,
1742678671175,36.51003,2939,,Center,865.4121,995.9816,49.80209,
1742678671204,36.53875,2941,,Left,864.8268,994.7245,49.79368,
1742678671204,36.53875,2941,,Right,863.5633,994.7245,49.79368,
1742678671204,36.53875,2941,,Center,864.0276,994.7245,49.79368,
1742678671229,36.56539,2943,,Left,862.6202,992.9655,49.78075,
1742678671229,36.56539,2943,,Right,861.3564,992.9655,49.78075,
1742678671229,36.56539,2943,,Center,861.8159,992.9655,49.78075,
1742678671258,36.59296,2945,,Left,863.6298,993.9355,49.78691,
1742678671258,36.59296,2945,,Right,862.3662,993.9355,49.78691,
1742678671258,36.59296,2945,,Center,862.8279,993.9355,49.7869,
1742678671287,36.62183,2947,,Left,863.7743,995.173,49.79012,
1742678671287,36.62183,2947,,Right,862.5107,995.173,49.79013,
1742678671287,36.62183,2947,,Center,862.9727,995.173,49.79013,
1742678671316,36.65108,2949,,Left,861.118,993.3184,49.77478,
1742678671316,36.65108,2949,,Right,859.8541,993.3184,49.77478,
1742678671316,36.65108,2949,,Center,860.3101,993.3184,49.77478,
1742678671342,36.67877,2951,,Left,859.5289,992.8981,49.76694,
1742678671342,36.67877,2951,,Right,858.2648,992.8981,49.76694,
1742678671343,36.67877,2951,,Center,858.7172,992.8981,49.76694,
1742678671369,36.70409,2953,,Left,858.1517,994.8245,49.76518,
1742678671370,36.70409,2953,,Right,856.8874,994.8245,49.76518,
1742678671370,36.70409,2953,,Center,857.3366,994.8245,49.76518,
1742678671399,36.73291,2955,,Left,856.8509,993.6849,49.75702,
1742678671399,36.73291,2955,,Right,855.5865,993.6849,49.75702,
1742678671399,36.73291,2955,,Center,856.0328,993.6849,49.75703,
1742678671425,36.76163,2957,,Left,855.1982,992.2232,49.74658,
1742678671425,36.76163,2957,,Right,853.9335,992.2232,49.74658,
1742678671425,36.76163,2957,,Center,854.3761,992.2232,49.74658,
1742678671453,36.78804,2959,,Left,853.8704,989.4926,49.7339,
1742678671453,36.78804,2959,,Right,852.6053,989.4926,49.73391,
1742678671453,36.78804,2959,,Center,853.045,989.4926,49.7339,
1742678671482,36.81701,2961,,Left,852.2643,986.9429,49.72001,
1742678671482,36.81701,2961,,Right,850.999,986.9429,49.72001,
1742678671482,36.81701,2961,,Center,851.4349,986.9429,49.72001,
1742678671511,36.8456,2963,,Left,851.8796,987.884,49.72073,
1742678671511,36.8456,2963,,Right,850.6143,987.884,49.72073,
1742678671511,36.8456,2963,,Center,851.0494,987.8839,49.72073,
1742678671539,36.87435,2965,,Left,851.2882,987.2192,49.71609,
1742678671539,36.87435,2965,,Right,850.0227,987.2192,49.71609,
1742678671539,36.87435,2965,,Center,850.4565,987.2192,49.71609,
1742678671565,36.9002,2967,,Left,850.7971,986.4062,49.71167,
1742678671565,36.9002,2967,,Right,849.5316,986.4062,49.71167,
1742678671565,36.9002,2967,,Center,849.9642,986.4063,49.71167,
1742678671593,36.92786,2969,,Left,852.1896,987.7938,49.72199,
1742678671593,36.92786,2969,,Right,850.9243,987.7938,49.72198,
1742678671593,36.92786,2969,,Center,851.3602,987.7938,49.72199,
1742678671622,36.95699,2971,,Left,853.7712,988.8992,49.73224,
1742678671622,36.95699,2971,,Right,852.5062,988.8992,49.73224,
1742678671622,36.95699,2971,,Center,852.9456,988.8993,49.73224,
1742678671651,36.98619,2973,,Left,854.8875,986.3395,49.73096,
1742678671651,36.98619,2973,,Right,853.6224,986.3395,49.73096,
1742678671651,36.98619,2973,,Center,854.0645,986.3395,49.73096,
1742678671676,37.01356,2975,,Left,855.4921,986.3221,49.73375,
1742678671676,37.01356,2975,,Right,854.2271,986.3221,49.73375,
1742678671676,37.01356,2975,,Center,854.6705,986.3221,49.73376,
1742678671704,37.03843,2977,,Left,855.9315,988.8989,49.74226,
1742678671704,37.03843,2977,,Right,854.6667,988.8989,49.74226,
1742678671704,37.03843,2977,,Center,855.111,988.8989,49.74226,
1742678671733,37.06741,2979,,Left,856.3872,989.7631,49.74642,
1742678671733,37.06741,2979,,Right,855.1225,989.7631,49.74641,
1742678671733,37.06741,2979,,Center,855.5677,989.7631,49.74641,
1742678671760,37.09621,2981,,Left,856.6636,990.3389,49.74895,
1742678671760,37.09621,2981,,Right,855.399,990.3389,49.74895,
1742678671760,37.09621,2981,,Center,855.8449,990.3389,49.74895,
1742678671786,37.12284,2983,,Left,857.3521,991.1716,49.75391,
1742678671786,37.12284,2983,,Right,856.0876,991.1716,49.75391,
1742678671786,37.12284,2983,,Center,856.5352,991.1716,49.75391,
1742678671815,37.15022,2985,,Left,858.8002,992.5774,49.76346,
1742678671815,37.15022,2985,,Right,857.5359,992.5774,49.76347,
1742678671815,37.15022,2985,,Center,857.9866,992.5774,49.76347,
1742678671844,37.17941,2987,,Left,859.9053,993.5106,49.77029,
1742678671844,37.17941,2987,,Right,858.6413,993.5106,49.77029,
1742678671844,37.17941,2987,,Center,859.0944,993.5107,49.77029,
1742678671871,37.20625,2989,,Left,859.9349,993.5948,49.77073,
1742678671871,37.20625,2989,,Right,858.6708,993.5948,49.77073,
1742678671871,37.20625,2989,,Center,859.1241,993.5948,49.77073,
1742678671900,37.23516,2991,,Left,860.4082,994.6266,49.77481,
1742678671900,37.23516,2991,,Right,859.1442,994.6266,49.77481,
1742678671900,37.23516,2991,,Center,859.5985,994.6266,49.7748,
1742678671928,37.26361,2993,,Left,861.2416,996.5009,49.78248,
1742678671928,37.26361,2993,,Right,859.9778,996.5009,49.78248,
1742678671928,37.26361,2993,,Center,860.434,996.5009,49.78248,
1742678671954,37.29108,2995,,Left,861.6424,996.776,49.7849,
1742678671954,37.29108,2995,,Right,860.3787,996.776,49.7849,
1742678671954,37.29108,2995,,Center,860.8358,996.776,49.78491,
1742678671983,37.31802,2997,,Left,861.0999,995.3985,49.77977,
1742678671983,37.31802,2997,,Right,859.8361,995.3985,49.77977,
1742678671983,37.31802,2997,,Center,860.292,995.3985,49.77977,
1742678672012,37.34663,2999,,Left,860.6888,994.1074,49.77532,
1742678672012,37.34663,2999,,Right,859.4249,994.1074,49.77532,
1742678672012,37.34663,2999,,Center,859.8799,994.1074,49.77532,
1742678672040,37.37636,3001,,Left,860.5933,994.1004,49.77498,
1742678672040,37.37636,3001,,Right,859.3293,994.1004,49.77498,
1742678672040,37.37636,3001,,Center,859.7841,994.1004,49.77498,
1742678672067,37.40213,3003,,Left,860.1664,993.912,49.77273,
1742678672067,37.40213,3003,,Right,858.9024,993.912,49.77273,
1742678672067,37.40213,3003,,Center,859.3561,993.912,49.77273,
1742678672095,37.43054,3005,,Left,860.0184,993.6175,49.7714,
1742678672095,37.43054,3005,,Right,858.7544,993.6175,49.7714,
1742678672095,37.43054,3005,,Center,859.2079,993.6175,49.7714,
1742678672122,37.45771,3007,,Left,859.9988,993.2443,49.77042,
1742678672122,37.45771,3007,,Right,858.7347,993.2443,49.77042,
1742678672122,37.45771,3007,,Center,859.1881,993.2443,49.77042,
1742678672150,37.48556,3009,,Left,860.0866,993.5941,49.7715,
1742678672150,37.48556,3009,,Right,858.8225,993.5941,49.7715,
1742678672150,37.48556,3009,,Center,859.2762,993.5941,49.77149,
1742678672179,37.5141,3011,,Left,860.1893,993.5576,49.77179,
1742678672179,37.5141,3011,,Right,858.9253,993.5576,49.7718,
1742678672179,37.5141,3011,,Center,859.3792,993.5576,49.7718,
1742678672208,37.54261,3013,,Left,860.0099,992.9553,49.76955,
1742678672208,37.54261,3013,,Right,858.7458,992.9553,49.76955,
1742678672208,37.54261,3013,,Center,859.1993,992.9553,49.76955,
1742678672234,37.56924,3015,,Left,859.4921,992.9507,49.76719,
1742678672234,37.56924,3015,,Right,858.228,992.9507,49.76719,
1742678672234,37.56924,3015,,Center,858.6802,992.9507,49.76719,
1742678672262,37.59691,3017,,Left,859.2334,993.5888,49.76741,
1742678672262,37.59691,3017,,Right,857.9693,993.5888,49.76741,
1742678672262,37.59691,3017,,Center,858.421,993.5889,49.76741,
1742678672289,37.62474,3019,,Left,859.5087,994.0497,49.76963,
1742678672289,37.62474,3019,,Right,858.2446,994.0497,49.76963,
1742678672289,37.62474,3019,,Center,858.697,994.0497,49.76963,
1742678672316,37.65363,3021,,Left,859.6166,994.0979,49.77016,
1742678672316,37.65363,3021,,Right,858.3525,994.0979,49.77015,
1742678672316,37.65363,3021,,Center,858.8051,994.0979,49.77015,
1742678672345,37.67963,3023,,Left,859.8604,994.6507,49.77241,
1742678672345,37.67963,3023,,Right,858.5964,994.6507,49.77241,
1742678672345,37.67963,3023,,Center,859.0495,994.6507,49.77241,
1742678672374,37.70839,3025,,Left,859.8047,994.7458,49.77234,
1742678672374,37.70839,3025,,Right,858.5407,994.7458,49.77234,
1742678672374,37.70839,3025,,Center,858.9937,994.7458,49.77234,
1742678672402,37.73689,3027,,Left,859.834,994.4247,49.77183,
1742678672402,37.73689,3027,,Right,858.5699,994.4247,49.77183,
1742678672402,37.73689,3027,,Center,859.023,994.4247,49.77184,
1742678672430,37.76561,3029,,Left,859.8099,994.7004,49.77233,
1742678672430,37.76561,3029,,Right,858.5459,994.7004,49.77233,
1742678672430,37.76561,3029,,Center,858.9988,994.7004,49.77233,
1742678672456,37.79143,3031,,Left,860.0018,994.4156,49.77256,
1742678672456,37.79143,3031,,Right,858.7378,994.4156,49.77256,
1742678672456,37.79143,3031,,Center,859.1912,994.4156,49.77256,
1742678672484,37.81956,3033,,Left,859.7606,994.0193,49.7706,
1742678672484,37.81956,3033,,Right,858.4965,994.0193,49.77059,
1742678672484,37.81956,3033,,Center,858.9494,994.0193,49.77059,
1742678672513,37.84786,3035,,Left,859.6996,993.9395,49.77018,
1742678672513,37.84786,3035,,Right,858.4355,993.9395,49.77018,
1742678672513,37.84786,3035,,Center,858.8883,993.9395,49.77018,
1742678672541,37.8768,3037,,Left,859.7709,993.9545,49.77056,
1742678672541,37.8768,3037,,Right,858.5068,993.9545,49.77056,
1742678672541,37.8768,3037,,Center,858.9597,993.9545,49.77056,
1742678672568,37.90408,3039,,Left,859.9007,994.0719,49.77144,
1742678672568,37.90408,3039,,Right,858.6367,994.0719,49.77143,
1742678672568,37.90408,3039,,Center,859.0898,994.0719,49.77143,
1742678672596,37.93087,3041,,Left,860.3666,994.2992,49.77402,
1742678672596,37.93087,3041,,Right,859.1027,994.2992,49.77402,
1742678672596,37.93087,3041,,Center,859.5569,994.2992,49.77402,
1742678672622,37.95768,3043,,Left,860.461,994.0064,49.77384,
1742678672622,37.95768,3043,,Right,859.197,994.0064,49.77384,
1742678672622,37.95768,3043,,Center,859.6514,994.0064,49.77384,
1742678672651,37.98571,3045,,Left,860.6765,993.4424,49.77355,
1742678672651,37.98571,3045,,Right,859.4125,993.4424,49.77354,
1742678672651,37.98571,3045,,Center,859.8676,993.4424,49.77355,
1742678672680,38.01466,3047,,Left,860.5143,994.0371,49.77411,
1742678672680,38.01466,3047,,Right,859.2503,994.0371,49.77411,
1742678672680,38.01466,3047,,Center,859.7049,994.0371,49.7741,
1742678672708,38.04393,3049,,Left,860.2126,993.6721,49.77196,
1742678672708,38.04393,3049,,Right,858.9485,993.6721,49.77196,
1742678672708,38.04393,3049,,Center,859.4025,993.6721,49.77196,
1742678672734,38.06937,3051,,Left,860.2562,993.587,49.7719,
1742678672735,38.06937,3051,,Right,858.9921,993.587,49.7719,
1742678672735,38.06937,3051,,Center,859.4462,993.587,49.7719,
1742678672763,38.0976,3053,,Left,860.5541,994.6952,49.77557,
1742678672763,38.0976,3053,,Right,859.2902,994.6952,49.77557,
1742678672763,38.0976,3053,,Center,859.7448,994.6952,49.77557,
1742678672792,38.12619,3055,,Left,860.7614,995.1078,49.77729,
1742678672792,38.12619,3055,,Right,859.4974,995.1078,49.77729,
1742678672792,38.12619,3055,,Center,859.9526,995.1078,49.77729,
1742678672818,38.15495,3057,,Left,860.7623,994.8343,49.77671,
1742678672818,38.15495,3057,,Right,859.4984,994.8343,49.77671,
1742678672818,38.15495,3057,,Center,859.9535,994.8343,49.77671,
1742678672847,38.18232,3059,,Left,860.6837,994.6044,49.77586,
1742678672847,38.18232,3059,,Right,859.4197,994.6044,49.77587,
1742678672847,38.18232,3059,,Center,859.8748,994.6044,49.77586,
1742678672876,38.21068,3061,,Left,860.9784,994.7933,49.77754,
1742678672876,38.21068,3061,,Right,859.7145,994.7933,49.77754,
1742678672876,38.21068,3061,,Center,860.1702,994.7933,49.77754,
1742678672904,38.23895,3063,,Left,860.7772,994.2681,49.77557,
1742678672904,38.23895,3063,,Right,859.5132,994.2681,49.77557,
1742678672904,38.23895,3063,,Center,859.9684,994.2681,49.77557,
1742678672930,38.26574,3065,,Left,860.8909,993.9967,49.77541,
1742678672930,38.26574,3065,,Right,859.6269,993.9967,49.77541,
1742678672930,38.26574,3065,,Center,860.0824,993.9967,49.77541,
1742678672958,38.29293,3067,,Left,860.8728,993.8181,49.77493,
1742678672958,38.29293,3067,,Right,859.6088,993.8181,49.77493,
1742678672958,38.29293,3067,,Center,860.0643,993.8181,49.77493,
1742678672987,38.32227,3069,,Left,860.8786,994.0756,49.77552,
1742678672987,38.32227,3069,,Right,859.6147,994.0756,49.77551,
1742678672987,38.32227,3069,,Center,860.0701,994.0756,49.77551,
1742678673013,38.35152,3071,,Left,860.6785,994.1995,49.7749,
1742678673013,38.35152,3071,,Right,859.4146,994.1995,49.7749,
1742678673013,38.35152,3071,,Center,859.8695,994.1995,49.7749,
1742678673041,38.37701,3073,,Left,860.7398,994.7538,49.77637,
1742678673041,38.37701,3073,,Right,859.476,994.7538,49.77637,
1742678673041,38.37701,3073,,Center,859.931,994.7538,49.77637,
1742678673070,38.40527,3075,,Left,860.4977,995.1237,49.77613,
1742678673070,38.40527,3075,,Right,859.2338,995.1237,49.77613,
1742678673070,38.40527,3075,,Center,859.6883,995.1237,49.77613,
1742678673095,38.43188,3077,,Left,859.8024,995.0224,49.77295,
1742678673095,38.43188,3077,,Right,858.5385,995.0224,49.77295,
1742678673095,38.43188,3077,,Center,858.9913,995.0224,49.77295,
1742678673124,38.4583,3079,,Left,859.9852,995.1709,49.77414,
1742678673124,38.4583,3079,,Right,858.7213,995.1709,49.77414,
1742678673124,38.4583,3079,,Center,859.1746,995.171,49.77414,
1742678673152,38.48882,3081,,Left,859.9611,994.7053,49.77306,
1742678673152,38.48882,3081,,Right,858.6971,994.7053,49.77306,
1742678673152,38.48882,3081,,Center,859.1503,994.7053,49.77306,
1742678673181,38.51637,3083,,Left,859.8901,994.062,49.7714,
1742678673181,38.51637,3083,,Right,858.6261,994.062,49.7714,
1742678673181,38.51637,3083,,Center,859.0792,994.062,49.7714,
1742678673210,38.54461,3085,,Left,860.5726,994.0875,49.77443,
1742678673210,38.54461,3085,,Right,859.3087,994.0875,49.77443,
1742678673210,38.54461,3085,,Center,859.7634,994.0875,49.77443,
1742678673237,38.57445,3087,,Left,860.4765,993.892,49.77353,
1742678673237,38.57445,3087,,Right,859.2125,993.892,49.77354,
1742678673237,38.57445,3087,,Center,859.667,993.892,49.77353,
1742678673263,38.59826,3089,,Left,860.4119,994.4026,49.77434,
1742678673263,38.59826,3089,,Right,859.1479,994.4026,49.77434,
1742678673263,38.59826,3089,,Center,859.6022,994.4026,49.77433,
1742678673291,38.62648,3091,,Left,859.9908,995.228,49.77426,
1742678673291,38.62648,3091,,Right,858.7269,995.228,49.77426,
1742678673291,38.62648,3091,,Center,859.1802,995.228,49.77426,
1742678673320,38.65453,3093,,Left,860.4756,995.2002,49.7763,
1742678673320,38.65453,3093,,Right,859.2117,995.2002,49.7763,
1742678673320,38.65453,3093,,Center,859.6662,995.2002,49.7763,
1742678673348,38.68372,3095,,Left,860.9673,994.5073,49.77692,
1742678673348,38.68372,3095,,Right,859.7034,994.5073,49.77692,
1742678673348,38.68372,3095,,Center,860.1591,994.5073,49.77692,
1742678673374,38.70934,3097,,Left,861.3884,994.5201,49.77872,
1742678673374,38.70934,3097,,Right,860.1246,994.5201,49.77872,
1742678673374,38.70934,3097,,Center,860.5811,994.5201,49.77872,
1742678673399,38.73471,3099,,Left,862.0576,994.666,49.78193,
1742678673399,38.73471,3099,,Right,860.7938,994.666,49.78193,
1742678673399,38.73471,3099,,Center,861.2518,994.666,49.78193,
1742678673426,38.76307,3101,,Left,862.2755,994.8251,49.78324,
1742678673426,38.76307,3101,,Right,861.0117,994.8251,49.78324,
1742678673426,38.76307,3101,,Center,861.4703,994.8251,49.78324,
1742678673454,38.78987,3103,,Left,862.1309,995.3426,49.78378,
1742678673454,38.78987,3103,,Right,860.8671,995.3426,49.78378,
1742678673454,38.78987,3103,,Center,861.3254,995.3426,49.78378,
1742678673483,38.81829,3105,,Left,861.2686,994.9359,49.7793,
1742678673483,38.81829,3105,,Right,860.0048,994.9359,49.77929,
1742678673483,38.81829,3105,,Center,860.4611,994.9359,49.77929,
1742678673512,38.84687,3107,,Left,860.9251,994.6034,49.7771,
1742678673512,38.84687,3107,,Right,859.6612,994.6034,49.77711,
1742678673512,38.84687,3107,,Center,860.1167,994.6034,49.7771,
1742678673541,38.87593,3109,,Left,860.6939,994.4749,49.77582,
1742678673541,38.87593,3109,,Right,859.43,994.4749,49.77582,
1742678673541,38.87593,3109,,Center,859.8849,994.4749,49.77582,
1742678673569,38.90359,3111,,Left,860.3198,994.2661,49.7737,
1742678673569,38.90359,3111,,Right,859.0558,994.2661,49.77371,
1742678673569,38.90359,3111,,Center,859.5099,994.2662,49.7737,
1742678673595,38.93187,3113,,Left,860.3376,993.9336,49.77305,
1742678673595,38.93187,3113,,Right,859.0737,993.9336,49.77305,
1742678673595,38.93187,3113,,Center,859.5278,993.9336,49.77305,
1742678673623,38.95818,3115,,Left,860.5282,994.0818,49.77417,
1742678673623,38.95818,3115,,Right,859.2642,994.0818,49.77417,
1742678673624,38.95818,3115,,Center,859.7188,994.0819,49.77417,
1742678673650,38.98778,3117,,Left,860.8159,994.0862,49.77539,
1742678673650,38.98778,3117,,Right,859.5519,994.0862,49.77539,
1742678673650,38.98778,3117,,Center,860.0072,994.0862,49.77539,
1742678673678,39.01283,3119,,Left,861.2207,994.1888,49.77731,
1742678673678,39.01283,3119,,Right,859.9568,994.1888,49.77731,
1742678673678,39.01283,3119,,Center,860.413,994.1888,49.77731,
1742678673707,39.043,3121,,Left,861.2621,994.5043,49.77818,
1742678673707,39.043,3121,,Right,859.9983,994.5043,49.77818,
1742678673707,39.043,3121,,Center,860.4545,994.5043,49.77818,
1742678673735,39.07028,3123,,Left,861.0331,994.5428,49.77727,
1742678673735,39.07028,3123,,Right,859.7692,994.5428,49.77726,
1742678673735,39.07028,3123,,Center,860.225,994.5428,49.77726,
1742678673764,39.099,3125,,Left,860.9391,994.6584,49.77708,
1742678673764,39.099,3125,,Right,859.6752,994.6584,49.77709,
1742678673764,39.099,3125,,Center,860.1307,994.6584,49.77708,
1742678673793,39.1273,3127,,Left,861.1144,994.7117,49.77795,
1742678673793,39.1273,3127,,Right,859.8505,994.7117,49.77795,
1742678673793,39.1273,3127,,Center,860.3065,994.7117,49.77795,
1742678673819,39.15645,3129,,Left,861.1476,994.6378,49.778,
1742678673819,39.15645,3129,,Right,859.8838,994.6378,49.778,
1742678673819,39.15645,3129,,Center,860.3398,994.6378,49.778,
1742678673845,39.18152,3131,,Left,861.0114,994.8464,49.77788,
1742678673845,39.18152,3131,,Right,859.7475,994.8464,49.77787,
1742678673845,39.18152,3131,,Center,860.2032,994.8464,49.77788,
1742678673874,39.20888,3133,,Left,860.9189,994.4083,49.7766,
1742678673874,39.20888,3133,,Right,859.655,994.4083,49.7766,
1742678673874,39.20888,3133,,Center,860.1105,994.4083,49.7766,
1742678673903,39.23772,3135,,Left,860.8464,993.9531,49.77526,
1742678673903,39.23772,3135,,Right,859.5825,993.9531,49.77526,
1742678673903,39.23772,3135,,Center,860.0378,993.9531,49.77526,
1742678673929,39.26442,3137,,Left,860.7352,994.0198,49.77492,
1742678673929,39.26442,3137,,Right,859.4713,994.0198,49.77493,
1742678673929,39.26442,3137,,Center,859.9264,994.0198,49.77492,
1742678673957,39.29298,3139,,Left,860.6818,994.2785,49.77526,
1742678673957,39.29298,3139,,Right,859.4178,994.2785,49.77526,
1742678673957,39.29298,3139,,Center,859.8728,994.2786,49.77526,
1742678673986,39.32117,3141,,Left,860.5775,994.1846,49.77457,
1742678673986,39.32117,3141,,Right,859.3135,994.1846,49.77457,
1742678673986,39.32117,3141,,Center,859.7683,994.1847,49.77457,
1742678674015,39.35014,3143,,Left,860.7806,994.1356,49.77536,
1742678674015,39.35014,3143,,Right,859.5167,994.1356,49.77536,
1742678674015,39.35014,3143,,Center,859.9719,994.1356,49.77536,
1742678674043,39.37841,3145,,Left,860.7277,994.02,49.77487,
1742678674043,39.37841,3145,,Right,859.4638,994.02,49.77487,
1742678674043,39.37841,3145,,Center,859.9188,994.02,49.77488,
1742678674070,39.40485,3147,,Left,860.9011,994.2079,49.77602,
1742678674070,39.40485,3147,,Right,859.6371,994.2079,49.77602,
1742678674070,39.40485,3147,,Center,860.0927,994.2079,49.77602,
1742678674098,39.43394,3149,,Left,861.1781,994.5879,49.77802,
1742678674098,39.43394,3149,,Right,859.9142,994.5879,49.77803,
1742678674098,39.43394,3149,,Center,860.3702,994.5879,49.77803,
1742678674125,39.45998,3151,,Left,861.3439,994.7332,49.77905,
1742678674125,39.45998,3151,,Right,860.0801,994.7332,49.77905,
1742678674125,39.45998,3151,,Center,860.5365,994.7332,49.77905,
1742678674153,39.48865,3153,,Left,861.2336,994.5705,49.77822,
1742678674153,39.48865,3153,,Right,859.9698,994.5705,49.77821,
1742678674153,39.48865,3153,,Center,860.426,994.5705,49.77822,
1742678674180,39.51778,3155,,Left,861.3702,994.4329,49.77846,
1742678674180,39.51778,3155,,Right,860.1064,994.4329,49.77845,
1742678674180,39.51778,3155,,Center,860.5629,994.4329,49.77845,
1742678674207,39.54268,3157,,Left,861.4474,994.2029,49.77831,
1742678674207,39.54268,3157,,Right,860.1836,994.2029,49.77831,
1742678674207,39.54268,3157,,Center,860.6402,994.2029,49.77831,
1742678674237,39.57087,3159,,Left,861.3212,9