TimeStamp,Delta_TP9,Delta_AF7,Delta_AF8,Delta_TP10,Theta_TP9,Theta_AF7,Theta_AF8,Theta_TP10,Alpha_TP9,Alpha_AF7,Alpha_AF8,Alpha_TP10,Beta_TP9,Beta_AF7,Beta_AF8,Beta_TP10,Gamma_TP9,Gamma_AF7,Gamma_AF8,Gamma_TP10,RAW_TP9,RAW_AF7,RAW_AF8,RAW_TP10,AUX_RIGHT,AUX_LEFT,Accelerometer_X,Accelerometer_Y,Accelerometer_Z,Gyro_X,Gyro_Y,Gyro_Z,HeadBandOn,HSI_TP9,HSI_AF7,HSI_AF8,HSI_TP10,Battery,Elements
2025-03-25 16:04:35.068,,,,,,,,,,,,,,,,,,,,,,,,,,,,,,,,,,,,,,,/muse/event/connected MuseS-9CF6
2025-03-25 16:04:35.121,,,,,,,,,,,,,,,,,,,,,,,,,,,,,,,,,,,,,,,/muse/elements/blink
2025-03-25 16:04:35.579,0.6650190124106601,0.7658374983172157,0.8217419140577746,0.1989770083426564,-0.04511476248305871,0.5390416485947624,0.5975283727362117,0.3175029589258025,0.9539925061808547,0.8627097874036102,0.397435094590281,1.026987529017459,0.8175718974959296,1.266072813516363,0.694092918358034,0.733203298058128,0.6523561302397216,1.207751548222222,0.4056386821118591,0.3652935935025489,780.4761904761905,807.4725274725275,794.981684981685,779.6703296703297,805.8608058608058,659.1941391941392,-0.283752,0.071960,0.951416,2.512207,-7.611389,-0.889740,1,1,1,1,1,95.000000
2025-03-25 16:04:36.073,0.6650190124106601,0.7658374983172157,0.8246758478522603,0.1989770083426564,-0.04511476248305871,0.5390416485947624,0.7132032732784591,0.3175029589258025,0.9539925061808547,0.8627097874036102,0.3025904832228011,1.026987529017459,0.8175718974959296,1.266072813516363,0.765375163590491,0.733203298058128,0.6523561302397216,1.207751548222222,0.5112252116462171,0.3652935935025489,833.6630036630037,822.7838827838829,763.1501831501831,844.1391941391942,832.0512820512821,706.7399267399268,-0.299194,0.040405,1.014832,9.577789,10.796509,-1.876678,1,1,1,1,1,95.000000
2025-03-25 16:04:36.134,,,,,,,,,,,,,,,,,,,,,,,,,,,,,,,,,,,,,,,/muse/elements/blink
2025-03-25 16:04:36.569,0.6650190124106601,0.7658374983172157,0.9021941908196268,0.1989770083426564,-0.04511476248305871,0.5390416485947624,0.5799407744449561,0.3175029589258025,0.9539925061808547,0.8627097874036102,0.2626250362556828,1.026987529017459,0.8175718974959296,1.266072813516363,0.7815249862066607,0.733203298058128,0.6523561302397216,1.207751548222222,0.6170445080148628,0.3652935935025489,818.7545787545788,791.3553113553114,806.6666666666667,825.2014652014652,877.1794871794872,757.9120879120879,-0.443115,0.067383,0.888306,-4.239349,-1.398163,1.839294,1,1,1,1,1,95.000000
2025-03-25 16:04:37.069,0.6650190124106601,0.4457469355204051,0.8359398261699349,0.1989770083426564,-0.04511476248305871,0.1491189810972177,0.00785016565230401,0.3175029589258025,0.9539925061808547,0.4240129564784919,0.2081425545931858,1.026987529017459,0.8175718974959296,1.258324479533952,0.7090207898019592,0.733203298058128,0.6523561302397216,1.028648440340005,0.5371803954054603,0.3652935935025489,790.952380952381,771.2087912087912,790.952380952381,802.2344322344322,794.1758241758242,605.2014652014652,-0.434143,0.022644,0.885254,-1.592560,-3.895416,0.142059,1,2,1,1,2,95.000000
2025-03-25 16:04:37.569,0.6650190124106601,0.6561387993880026,0.9132264413426266,0.1989770083426564,-0.04511476248305871,0.3230940463923047,0.0943446539051891,0.3175029589258025,0.9539925061808547,0.4740484750720751,0.3117814946120675,1.026987529017459,0.8175718974959296,1.291717975477812,0.6453128144088668,0.733203298058128,0.6523561302397216,1.042131796795475,0.4556336387531014,0.3652935935025489,788.1318681318681,810.2930402930403,800.6227106227107,776.0439560439561,825.2014652014652,676.9230769230769,-0.436157,0.056152,0.862305,1.532745,-5.278625,0.927124,1,2,1,1,2,95.000000
2025-03-25 16:04:38.069,0.6650190124106601,0.6561387993880026,0.9507654100144718,0.1989770083426564,-0.04511476248305871,0.3230940463923047,0.1557418446948376,0.3175029589258025,0.9539925061808547,0.4740484750720751,0.2681941231790507,1.026987529017459,0.8175718974959296,1.291717975477812,0.6231583456531938,0.733203298058128,0.6523561302397216,1.042131796795475,0.4179732159327636,0.3652935935025489,795.7875457875458,802.6373626373627,797.8021978021978,784.9084249084249,727.6923076923077,628.974358974359,-0.351074,0.009033,0.919250,-3.215027,-12.359161,-5.510406,1,2,1,1,2,95.000000
2025-03-25 16:04:38.568,0.6650190124106601,0.717607580426577,0.9661292276102361,0.1989770083426564,-0.04511476248305871,0.4064400560538274,0.1990202739000163,0.3175029589258025,0.9539925061808547,0.4740484750720751,0.3756862073255078,1.026987529017459,0.8175718974959296,1.307542161667315,0.4736497648843343,0.733203298058128,0.6523561302397216,1.006068493926885,0.2206219069327158,0.3652935935025489,793.7728937728938,780.4761904761905,805.0549450549451,789.7435897435897,711.978021978022,653.1501831501831,-0.271484,0.010315,0.960449,1.525269,0.702820,-2.743988,1,2,1,1,2,95.000000
2025-03-25 16:04:39.069,0.6650190124106601,0.717607580426577,0.5116024240039039,0.1989770083426564,-0.04511476248305871,0.4064400560538274,0.05523102377493845,0.3175029589258025,0.9539925061808547,0.4740484750720751,0.2817077069724627,1.026987529017459,0.8175718974959296,1.307542161667315,0.2241304327801072,0.733203298058128,0.6523561302397216,1.006068493926885,-0.07655041824443221,0.3652935935025489,672.4908424908425,749.047619047619,845.3479853479854,693.8461538461538,795.7875457875458,614.4688644688645,-0.311768,-0.018066,0.925476,0.874786,2.886047,6.250610,1,2,1,1,2,95.000000
2025-03-25 16:04:39.146,,,,,,,,,,,,,,,,,,,,,,,,,,,,,,,,,,,,,,,/muse/elements/blink
2025-03-25 16:04:39.575,0.6650190124106601,0.717607580426577,0.5119357115886067,0.1989770083426564,-0.04511476248305871,0.4064400560538274,0.09124064392382608,0.3175029589258025,0.9539925061808547,0.4740484750720751,0.2084718041151027,1.026987529017459,0.8175718974959296,1.307542161667315,0.09247429882325049,0.733203298058128,0.6523561302397216,1.006068493926885,-0.05460777396588511,0.3652935935025489,806.6666666666667,815.5311355311355,798.2051282051282,808.6813186813187,674.5054945054945,478.6813186813187,-0.315613,0.025818,0.936768,-0.747681,-2.295380,1.697235,1,2,1,1,2,95.000000
2025-03-25 16:04:40.069,0.6650190124106601,0.717607580426577,0.5119357115886067,0.1989770083426564,-0.04511476248305871,0.4064400560538274,0.09124064392382608,0.3175029589258025,0.9539925061808547,0.4740484750720751,0.2084718041151027,1.026987529017459,0.8175718974959296,1.307542161667315,0.09247429882325049,0.733203298058128,0.6523561302397216,1.006068493926885,-0.05460777396588511,0.3652935935025489,786.5201465201466,781.2820512820513,796.5934065934066,780.8791208791209,897.7289377289378,880,-0.263123,0.015564,0.959290,0.037384,-9.757233,7.237549,1,2,1,1,2,95.000000
2025-03-25 16:04:40.361,,,,,,,,,,,,,,,,,,,,,,,,,,,,,,,,,,,,,,,/muse/elements/blink
2025-03-25 16:04:40.577,0.6650190124106601,0.717607580426577,0.5708343497966782,0.1989770083426564,-0.04511476248305871,0.4064400560538274,0.1339319047311753,0.3175029589258025,0.9539925061808547,0.4740484750720751,0.05618315409253346,1.026987529017459,0.8175718974959296,1.307542161667315,0.08371038581061868,0.733203298058128,0.6523561302397216,1.006068493926885,0.1100229968932448,0.3652935935025489,791.3553113553114,800.6227106227107,797.3992673992674,819.5604395604396,819.5604395604396,760.3296703296703,-0.265198,0.097229,0.940918,-6.056213,2.235565,38.228912,1,2,1,1,2,95.000000
2025-03-25 16:04:41.070,0.6650190124106601,0.717607580426577,0.5708343497966782,0.1989770083426564,-0.04511476248305871,0.4064400560538274,0.1339319047311753,0.3175029589258025,0.9539925061808547,0.4740484750720751,0.05618315409253346,1.026987529017459,0.8175718974959296,1.307542161667315,0.08371038581061868,0.733203298058128,0.6523561302397216,1.006068493926885,0.1100229968932448,0.3652935935025489,805.8608058608058,817.5457875457876,788.1318681318681,801.8315018315019,746.2271062271062,682.967032967033,-0.277649,0.053894,0.944885,2.459869,4.015045,-9.689941,1,2,1,1,2,95.000000
2025-03-25 16:04:41.568,0.6650190124106601,0.717607580426577,0.5708343497966782,0.1989770083426564,-0.04511476248305871,0.4064400560538274,0.1339319047311753,0.3175029589258025,0.9539925061808547,0.4740484750720751,0.05618315409253346,1.026987529017459,0.8175718974959296,1.307542161667315,0.08371038581061868,0.733203298058128,0.6523561302397216,1.006068493926885,0.1100229968932448,0.3652935935025489,796.996336996337,800.2197802197802,793.7728937728938,815.934065934066,878.3882783882784,821.5750915750916,-0.313049,0.031311,0.945618,0.418701,4.725342,-3.693542,1,2,1,1,2,95.000000
2025-03-25 16:04:42.020,,,,,,,,,,,,,,,,,,,,,,,,,,,,,,,,,,,,,,,/muse/elements/blink
2025-03-25 16:04:42.079,0.6650190124106601,0.717607580426577,0.6914622087884965,0.1989770083426564,-0.04511476248305871,0.4064400560538274,0.2250225741780097,0.3175029589258025,0.9539925061808547,0.4740484750720751,0.4292573082313614,1.026987529017459,0.8175718974959296,1.307542161667315,0.9748694258830128,0.733203298058128,0.6523561302397216,1.006068493926885,0.9035561797564999,0.3652935935025489,786.5201465201466,767.985347985348,805.0549450549451,781.6849816849817,652.7472527472528,403.7362637362638,-0.378845,0.026978,0.904114,3.641205,-1.816864,-3.910370,1,2,1,1,2,95.000000
2025-03-25 16:04:42.570,0.6650190124106601,0.717607580426577,0.7429547616166553,0.1989770083426564,-0.04511476248305871,0.4064400560538274,0.402934347392885,0.3175029589258025,0.9539925061808547,0.4740484750720751,0.8451934106669979,1.026987529017459,0.8175718974959296,1.307542161667315,1.007816902677702,0.733203298058128,0.6523561302397216,1.006068493926885,0.9299720549924585,0.3652935935025489,774.8351648351648,772.4175824175825,773.6263736263736,787.7289377289378,988.3882783882784,1027.875457875458,-0.230469,0.028992,0.983643,2.549591,-10.975952,0.074768,1,2,1,1,2,95.000000
2025-03-25 16:04:43.069,0.6650190124106601,0.717607580426577,0.6838953723185649,0.1989770083426564,-0.04511476248305871,0.4064400560538274,0.3685746560293247,0.3175029589258025,0.9539925061808547,0.4740484750720751,0.8451934106669979,1.026987529017459,0.8175718974959296,1.307542161667315,1.02111606305162,0.733203298058128,0.6523561302397216,1.006068493926885,0.9383244667753445,0.3652935935025489,800.2197802197802,794.981684981685,790.952380952381,792.967032967033,762.7472527472528,587.0695970695971,-0.212769,0.042419,0.967651,0.755157,-1.196289,-2.444916,1,2,1,1,2,95.000000
2025-03-25 16:04:43.577,0.6650190124106601,-0.04749321947501405,0.6861138884838245,0.1989770083426564,-0.04511476248305871,-0.1901291177896327,0.4317284835396902,0.3175029589258025,0.9539925061808547,0.2654252151363783,0.8363763974680058,1.026987529017459,0.8175718974959296,1.070780587432105,0.9769378321466502,0.733203298058128,0.6523561302397216,0.9530497742030207,0.8710118046961707,0.3652935935025489,808.2783882783883,794.1758241758242,801.8315018315019,790.1465201465202,808.2783882783883,705.1282051282052,-0.208984,0.043152,0.970215,1.188812,-1.420593,-2.826233,1,2,1,1,2,95.000000
2025-03-25 16:04:43.943,,,,,,,,,,,,,,,,,,,,,,,,,,,,,,,,,,,,,,,/muse/elements/blink
2025-03-25 16:04:44.073,0.6650190124106601,0.4209467546532832,0.1386599224690118,0.1989770083426564,-0.04511476248305871,0.05973737745569436,-0.2135881630653937,0.3175029589258025,0.9539925061808547,0.3080908530954167,0.03771711913627176,1.026987529017459,0.8175718974959296,1.015098250581695,0.7025202144745765,0.733203298058128,0.6523561302397216,0.8768111728334225,0.3527291601720872,0.3652935935025489,774.4322344322345,801.025641025641,795.7875457875458,782.4908424908425,826.8131868131868,785.7142857142858,-0.207520,0.045532,0.974243,4.403839,-0.179443,-12.523651,1,2,1,1,2,95.000000
2025-03-25 16:04:44.569,0.6650190124106601,0.7104525770304475,0.4430750147239556,0.1989770083426564,-0.04511476248305871,0.4313539377185784,0.1248675860212152,0.3175029589258025,0.9539925061808547,0.5366456431230719,0.3693834513822566,1.026987529017459,0.8175718974959296,1.015089925632538,0.6689459597877143,0.733203298058128,0.6523561302397216,0.9051634078749543,0.3254143428836592,0.3652935935025489,793.3699633699634,805.4578754578755,798.6080586080586,794.1758241758242,824.7985347985348,672.4908424908425,-0.218506,0.039795,0.971069,0.112152,0.142059,-2.669220,1,2,1,1,2,95.000000
2025-03-25 16:04:45.073,0.6650190124106601,0.8117269070451756,0.9420682480325091,0.1989770083426564,-0.04511476248305871,0.5246953374091075,0.2902657086722479,0.3175029589258025,0.9539925061808547,0.5133469215662958,0.4682949467730604,1.026987529017459,0.8175718974959296,1.03722183444018,0.4627918930710648,0.733203298058128,0.6523561302397216,0.9505196567669335,0.09469707243130264,0.3652935935025489,805.0549450549451,809.8901098901099,792.1611721611722,789.3406593406594,781.2820512820513,664.8351648351648,-0.255920,0.039246,0.964539,0.194397,1.330872,-0.134583,1,2,1,1,2,95.000000
2025-03-25 16:04:45.572,0.1156243460364739,1.020019591502659,0.9105425021714344,-0.1252859243130191,0.1391726331027595,0.724770170047733,0.2818375353720704,0.3060563687841016,0.4805183413915108,0.4090693013333854,0.4682949467730604,0.569325467564228,0.5836565943198001,1.040288255888323,0.3134714306958921,0.3612236959921993,0.1827371755067051,1.015491271227537,-0.02658866025595934,0.3341941716187986,786.5201465201466,802.2344322344322,813.919413919414,794.981684981685,843.3333333333334,778.0586080586081,-0.259583,0.045227,0.965454,0.553284,-1.286011,-1.884155,1,1,1,1,1,95.000000
2025-03-25 16:04:46.068,0.2241694794389552,-0.4393233920055443,0.7755751410483124,0.2575866710315373,0.05160822016041544,0.05065721737404447,0.2379038720107017,0.3183611934128399,0.5985893090982503,0.3281705037142064,0.5355819509376846,0.6187447906528656,0.5672939344943466,1.167860790301441,0.3027741300036826,0.3942662289177185,0.3865953101782402,0.8683746534879284,0.0939073942167778,0.3501824230760556,787.3260073260074,803.4432234432235,797.8021978021978,789.7435897435897,843.3333333333334,745.4212454212454,-0.272949,0.025818,0.944702,2.669220,-1.263580,-9.301147,1,1,1,1,1,95.000000
2025-03-25 16:04:46.569,0.2099548736829137,-0.5282515275058841,0.2462871529805918,0.2945295240781635,-0.01806485145592479,0.01844962490853237,0.02062979933005115,0.3064567163037685,0.6508638468020367,0.5552117583058046,0.3921165385507552,0.6182562036828084,0.6283418211777797,1.138947594326506,0.3897607392033833,0.5122290395472645,0.4124789154979122,0.8593557037700202,0.1634747504363492,0.3199477123159895,790.1465201465202,791.7582417582418,794.1758241758242,797.8021978021978,803.4432234432235,631.3919413919414,-0.286377,0.068359,0.977417,2.901001,7.738495,1.996307,1,1,1,1,1,95.000000
2025-03-25 16:04:47.084,0.3515273691915795,-0.2424757842232917,0.2809319768053139,0.4673033538398656,0.1700567720388396,-0.03762030875814486,0.0163325463689876,0.3446062818215593,0.806414135018351,0.5946363203768569,0.3920878447237813,0.4680332880097868,0.7926296006101301,1.130664644432574,0.5131715709760691,0.64167232962277,0.4917127685765651,0.9174688142627737,0.2750534930941395,0.2831130192215111,715.2014652014652,801.025641025641,805.4578754578755,705.5311355311355,856.2271062271062,711.1721611721612,-0.344910,0.001038,0.913147,1.734619,-1.039276,1.831818,1,1,1,1,1,95.000000
2025-03-25 16:04:47.328,,,,,,,,,,,,,,,,,,,,,,,,,,,,,,,,,,,,,,,/muse/elements/blink
2025-03-25 16:04:47.568,0.3340670702752987,-0.1712556305629477,0.3220408514037643,0.4281721344990735,0.2394849871680639,0.0118486985784186,0.008183920089754758,0.364992903251128,0.7860638543341021,0.5791106339866654,0.3832310341280438,0.4331082456515519,0.8551406803018173,1.071141658245921,0.5448684527182582,0.6973063682147957,0.45023036596794,0.9678305686932805,0.2461253313254772,0.2336423569839947,790.1465201465202,797.3992673992674,804.6520146520147,801.8315018315019,823.1868131868132,741.3919413919414,-0.325317,0.018433,0.943909,0.635529,0.216827,0.396271,1,1,1,1,1,95.000000
2025-03-25 16:04:48.070,0.3976675184907824,0.2081935275987565,0.5185033753596315,0.5052102451147999,0.4118905360916541,0.1391523523508067,0.1332150131870639,0.4317683457080475,0.7662732414646374,0.5909085694587679,0.4330229964674628,0.3905581927743323,0.9371437397913586,0.9987308287319238,0.473976357762849,0.7081078125573972,0.4635359215502608,1.007698899163704,0.2134718790523924,0.2262678843439738,815.5311355311355,815.934065934066,797.8021978021978,806.2637362637363,732.9304029304029,697.4725274725275,-0.358826,0.034485,0.917236,0.792542,-1.405640,0.007477,1,1,1,1,1,95.000000
2025-03-25 16:04:48.569,0.4002653562350119,0.3621299887405438,0.4318896887690566,0.5431984553123285,0.452830710836895,0.2773116811928903,0.1407548866846221,0.423132884965427,0.7558103471500792,0.5703340503380155,0.3852453766562881,0.3799000533126157,0.9639537190425259,0.8991617501553137,0.3859975805783695,0.6992055684898287,0.4789889088741399,1.017579897156338,0.06822600312230942,0.2464258495026534,796.5934065934066,832.4542124542124,811.5018315018315,801.4285714285714,830.0366300366301,726.4835164835165,-0.321472,0.024536,0.947327,-0.426178,-1.667328,1.076660,1,1,1,1,1,95.000000
2025-03-25 16:04:49.075,1.21566549039821,0.5665946868240772,0.5752889589030019,0.9901426583961096,0.4139862400077734,0.3916901829235683,0.3724311625154261,0.5741649617067854,0.7557017525338633,0.7446549207006131,0.5447710786472919,0.9001898776986509,0.6356793455910911,0.8722087601805806,0.3697816498573924,0.5566548712916464,0.3986273033416848,0.9725437804930163,-0.06555702148111746,0.332304555703531,784.5054945054945,827.2161172161173,792.1611721611722,786.5201465201466,986.7765567765568,1033.113553113553,-0.319885,0.145813,0.906616,10.975952,1.682281,10.168457,1,1,1,1,1,95.000000
2025-03-25 16:04:49.569,1.084673434364938,0.6169540271548416,0.8144986863226853,0.8644982282025044,0.3916801761804051,0.445058364140898,0.4866726897858532,0.6734897222244124,0.8545149227707406,0.7335635235634473,0.572681732044984,0.9589142583196342,0.7033644782778012,0.8745211322220583,0.505316130800918,0.6531581295520527,0.4872501094652504,0.9600427429734983,-0.05145097661497444,0.3554009365346268,816.3369963369963,782.893772893773,811.5018315018315,812.3076923076924,872.7472527472528,832.4542124542124,-0.347290,0.003601,0.928101,-6.497345,-3.072968,-0.171967,1,1,1,1,1,95.000000
2025-03-25 16:04:50.069,1.067328414226985,0.6943711072900159,0.9039694147746018,0.870123976926407,0.4513594517905063,0.4890248091247987,0.5409427414707086,0.8005841113500465,1.052553935336006,0.7044762638295573,0.5655960267519443,0.9216335063952888,0.7346955429052019,0.7827933962932069,0.5339582065198738,0.642722254789542,0.4927499758938758,0.8968024561443509,0.130978822114718,0.3856149927912455,851.3919413919414,806.6666666666667,806.6666666666667,868.3150183150184,680.5494505494506,482.3076923076923,-0.343018,-0.041931,1.020203,1.128998,-6.011353,-5.846863,1,1,1,1,1,95.000000
2025-03-25 16:04:50.120,,,,,,,,,,,,,,,,,,,,,,,,,,,,,,,,,,,,,,,/muse/elements/blink
2025-03-25 16:04:50.569,0.7519113779185068,0.3456759387568136,0.8084338059405287,0.6303720966070987,0.4108544666472207,0.2413559399958272,0.4181503583332088,0.8857352021841349,1.008150437798971,0.3824923492278326,0.5619600910497505,0.898124783427355,0.789571820261557,1.118627189968397,0.5124624045848039,0.7040646566768622,0.5452272291376452,0.9328752794973112,0.1949928408577223,0.4012326936237606,803.040293040293,813.5164835164835,803.4432234432235,787.3260073260074,799.0109890109891,648.3150183150183,-0.378784,0.025696,0.929626,-1.764526,2.078552,2.915955,1,1,1,1,1,95.000000
2025-03-25 16:04:51.069,0.6844615461626076,0.4193420343655398,0.4129575784878087,0.6830592723771968,0.4842922954066753,0.206606396862932,0.1601997393552657,1.035516311837058,1.008150437798971,0.4872703420972942,0.546706999152911,0.86048800982476,0.8118947528664827,1.138041437063596,0.4961531898188952,0.6325027797872844,0.5314463381524477,0.9114275295039996,0.2519288589413583,0.466465514446104,794.5787545787546,797.8021978021978,815.1282051282052,798.2051282051282,815.934065934066,765.1648351648352,-0.403809,0.004517,0.904053,6.661835,5.742188,-2.901001,1,1,1,1,1,95.000000
2025-03-25 16:04:51.577,0.6844615461626076,0.581317615525796,0.3661250671091474,0.7675583931180932,0.4842922954066753,0.4238299095928944,0.1043898861265722,0.2838561916817923,1.008150437798971,0.5632110680262357,0.4316957214984355,0.686850517744794,0.8118947528664827,1.204502317591429,0.5244482109678177,0.7277621841405982,0.5314463381524477,1.001368042467477,0.2421441341056354,0.3753923461890828,792.967032967033,769.5970695970697,820.7692307692308,804.2490842490843,710.7692307692308,593.919413919414,-0.503601,0.000610,0.849976,-3.678589,-1.226196,1.181335,1,1,1,1,1,95.000000
2025-03-25 16:04:52.068,0.5294509942448354,0.7290432889352225,0.4416821935291669,0.5823485641253932,0.3067035445072737,0.5398330806182319,0.1119364567107993,0.192617214663567,1.167811703831016,0.5349620759453166,0.7135853468888889,0.7428717250200848,0.7679400228568225,1.279819890090755,0.5657389913438715,0.6402069795963893,0.5204544672487602,1.077795857571604,0.3762088550224342,0.4059870765999035,777.2527472527473,823.5897435897436,797.8021978021978,796.1904761904763,821.5750915750916,753.0769230769231,-0.505798,0.012817,0.804138,-2.392578,-9.398346,5.734711,1,1,1,1,1,95.000000
2025-03-25 16:04:52.469,,,,,,,,,,,,,,,,,,,,,,,,,,,,,,,,,,,,,,,/muse/elements/blink
2025-03-25 16:04:52.573,0.5055071770557631,0.7582095311149318,0.4876193896728895,0.5465754693615297,0.3585311430932782,0.6011197836311504,0.1733121767735504,0.2064393967585984,1.229444941822669,0.5338675286854951,0.7226638464512833,0.7563346590146195,0.7603234181160237,1.307568095922662,0.6044106147235979,0.6188883303033655,0.5924075966774714,1.124289782334379,0.3790668370329086,0.4031741317192253,866.3003663003664,774.4322344322345,798.2051282051282,873.956043956044,761.941391941392,585.4578754578755,-0.261719,0.025574,0.932678,4.942169,-4.291687,-1.988831,1,1,1,1,1,95.000000
2025-03-25 16:04:53.069,0.4386460040302458,0.286241627568422,0.3162007220853308,0.3890755134126771,0.3347796469837109,0.4902768704284931,0.1864029101267453,0.1641694917549308,1.216445735914067,0.6815886982909455,0.6684038986712242,0.7062645764017867,0.7959909701491702,1.029902986061429,0.5979856416397591,0.5513323471973935,0.6419111879635941,1.029068346389688,0.3716145163290009,0.4176521760976722,782.4908424908425,790.1465201465202,801.4285714285714,798.6080586080586,933.1868131868132,827.6190476190476,-0.243042,0.015625,0.976379,2.684174,-4.972076,2.945862,1,1,1,1,1,95.000000
2025-03-25 16:04:53.410,,,,,,,,,,,,,,,,,,,,,,,,,,,,,,,,,,,,,,,/muse/elements/blink
2025-03-25 16:04:53.569,0.5058331297393697,0.3481500941711306,0.1222080890036412,0.3195150545035199,0.3765653791551067,0.3855673442142001,0.1669137032576392,0.1552015186425242,1.157376140996677,0.7797084697146238,0.7187240084794205,0.4861387295141438,0.8279799235511882,1.241368385736964,0.6249396376728265,0.5542146676981823,0.7421386857881055,0.9847753193873963,0.3193759439904598,0.4168596355594277,814.7252747252747,785.3113553113553,809.8901098901099,804.2490842490843,784.9084249084249,632.6007326007326,-0.368469,0.032898,0.917114,8.336639,17.533112,-21.652832,1,1,1,1,1,95.000000
2025-03-25 16:04:54.080,0.5058331297393697,0.4698369275173139,0.3217741139514749,0.3195150545035199,0.3765653791551067,0.4234172714712263,0.3297414548459834,0.1552015186425242,1.157376140996677,0.983748507399736,0.5897561229326135,0.4861387295141438,0.8279799235511882,1.319282754958682,0.7116841330618342,0.5542146676981823,0.7421386857881055,0.9730235532509185,0.3579687557037343,0.4168596355594277,807.8754578754579,818.3516483516484,805.8608058608058,803.8461538461539,809.4871794871796,703.5164835164835,-0.434204,-0.013855,0.882751,2.564545,1.405640,-3.058014,1,1,1,1,1,95.000000
2025-03-25 16:04:54.569,0.5058331297393697,0.5101920885427862,0.4036187081293764,0.3195150545035199,0.3765653791551067,0.3441611805633623,0.3500010308324194,0.1552015186425242,1.157376140996677,1.002309591331189,0.5151558459476688,0.4861387295141438,0.8279799235511882,1.355334036834179,0.6985909028735006,0.5542146676981823,0.7421386857881055,0.9293725067776603,0.3708431618109267,0.4168596355594277,783.6996336996338,785.3113553113553,809.4871794871796,802.6373626373627,886.4468864468864,755.8974358974359,-0.325256,-0.000549,0.905701,2.220612,-23.903351,-8.598328,1,1,1,1,1,95.000000
2025-03-25 16:04:55.069,1.546082986208793,0.60472806086177,0.5639397186537342,1.499424504686391,1.192806237021152,0.3684610387657256,0.3834267323685056,1.284836655789282,1.30020603226394,0.9825502440720886,0.5068074207019186,1.14125023596208,0.6375032582612568,1.312687848352795,0.6585137134307786,0.5471640753464516,0.5401042545610808,0.9440995669516195,0.3324391606048587,0.4806962627465872,813.919413919414,777.6556776556777,818.3516483516484,817.1428571428571,764.7619047619048,616.4835164835165,-0.274414,0.015625,0.952209,3.858032,1.674805,-11.947937,1,1,1,1,1,95.000000
2025-03-25 16:04:55.568,1.528734453235018,0.5735467911652501,0.7364824241085296,1.499424504686391,1.133407368384448,0.1596291307724484,0.440631409358974,1.284836655789282,1.30020603226394,0.6006466516813039,0.5265338454810996,1.14125023596208,0.6368439125317242,1.094943176416879,0.4999044952690324,0.5471640753464516,0.5409787405695049,0.9352726423270098,0.2643206940232714,0.4806962627465872,846.5567765567765,780.8791208791209,817.948717948718,857.8388278388279,799.4139194139194,655.5677655677656,-0.311035,0.075256,0.940979,19.506989,2.833710,-47.926331,1,1,1,1,1,95.000000
2025-03-25 16:04:55.619,,,,,,,,,,,,,,,,,,,,,,,,,,,,,,,,,,,,,,,/muse/elements/blink
2025-03-25 16:04:56.070,1.56624518600973,0.5735467911652501,0.8478058639725166,1.555527586045523,1.153703401388466,0.1596291307724484,0.5032968666227479,1.333164885643542,1.298601195607935,0.6006466516813039,0.5194143295862458,1.13553659129788,0.639082177793398,1.094943176416879,0.4831927493465717,0.5321924787872294,0.5652344637853879,0.9352726423270098,0.2788401503047969,0.4981359119415819,778.8644688644689,795.3846153846154,803.4432234432235,791.3553113553114,834.0659340659341,666.4468864468864,-0.355469,0.008057,0.923645,14.355469,0.710297,-32.516632,1,1,1,1,1,95.000000
2025-03-25 16:04:56.569,1.572701286132793,0.5735467911652501,1.106085412282045,1.555527586045523,1.04884966240769,0.1596291307724484,0.7569825679387395,1.333164885643542,1.238645170731685,0.6006466516813039,0.5736083188265092,1.13553659129788,0.6455716672762767,1.094943176416879,0.5844559279529312,0.5321924787872294,0.575251459754861,0.9352726423270098,0.2964115205186068,0.4981359119415819,807.8754578754579,814.7252747252747,796.996336996337,806.6666666666667,778.0586080586081,655.5677655677656,-0.369873,0.008911,0.924805,0.874786,-1.323395,-2.639313,1,1,1,1,1,95.000000
2025-03-25 16:04:57.069,0.36036273437248,0.5735467911652501,1.189064770811308,1.555527586045523,0.6837472462246506,0.1596291307724484,0.7866592637752452,1.333164885643542,1.01828190589029,0.6006466516813039,0.5258434890803099,1.13553659129788,0.6371879736452849,1.094943176416879,0.4724339014209591,0.5321924787872294,0.3579095046962472,0.9352726423270098,0.07834107089984642,0.4981359119415819,792.1611721611722,802.6373626373627,802.2344322344322,796.1904761904763,786.5201465201466,653.5531135531136,-0.367554,-0.003235,0.909485,2.340240,-2.003784,3.506622,1,1,1,1,1,95.000000
2025-03-25 16:04:57.569,0.3527975806830464,0.5735467911652501,0.9848962308102727,0.4146742600438747,0.6368887206321374,0.1596291307724484,0.5830498949636176,0.5301982036540419,1.128124792344115,0.6006466516813039,0.5258434890803099,0.8306657130433756,0.6337532799472931,1.094943176416879,0.3855419974137291,0.583543693127936,0.2622090461127081,0.9352726423270098,-0.003359130517284373,0.2254327694568733,794.1758241758242,801.8315018315019,794.981684981685,790.5494505494506,749.4505494505495,566.5201465201466,-0.366211,0.031616,0.921326,1.046753,-0.837402,1.368256,1,1,1,1,1,95.000000
2025-03-25 16:04:58.069,0.439356852244508,0.1986806945974556,0.7904708775499673,0.7430360614990776,0.6037770179272229,-0.1820456715248426,0.3922098512489612,0.5833482132430654,1.128124792344115,0.3455656713250165,0.5700269253286318,0.8579031876592097,0.6310022767763929,1.091975525809318,0.3422393640237866,0.5219049583100646,0.2389665882234254,0.602317465899988,-0.03685251317223406,0.1918951936450409,809.4871794871796,825.2014652014652,791.7582417582418,810.6959706959707,1011.758241758242,1130.21978021978,-0.330200,-0.017639,0.948364,-14.639587,-2.579498,24.748230,1,1,1,1,1,95.000000
2025-03-25 16:04:58.569,0.8422320868992347,0.1986806945974556,0.4416732617326292,1.041222429737043,0.724276572010995,-0.1820456715248426,0.08204257889937759,0.7707640863000317,1.072186718456684,0.3455656713250165,0.4179598635866366,1.091090154572014,0.6743143717671065,1.091975525809318,0.2878835665271594,0.5368238605223109,0.2286597407878033,0.602317465899988,-0.04155605026621552,0.2321977825279912,643.8827838827839,759.92673992674,850.1831501831502,680.5494505494506,799.0109890109891,647.1062271062272,-0.288696,-0.047852,0.939697,-16.561127,-14.662018,61.571503,1,1,1,1,1,95.000000
2025-03-25 16:04:58.668,,,,,,,,,,,,,,,,,,,,,,,,,,,,,,,,,,,,,,,/muse/elements/blink
2025-03-25 16:04:59.074,1.067924716016059,0.1986806945974556,0.5225247088884247,1.186220110977189,0.8170615341797954,-0.1820456715248426,0.2055715601082878,0.8251948138511861,1.036563498983961,0.3455656713250165,0.2940857715761647,1.074179506311267,0.7303934423624224,1.091975525809318,0.2823990069523894,0.5081042228089637,0.2694625183441058,0.602317465899988,-0.09566607239046702,0.2526416354916174,806.2637362637363,829.6336996336996,786.5201465201466,807.8754578754579,813.5164835164835,786.5201465201466,-0.246216,0.010254,0.946045,-14.362946,5.076752,36.367188,1,1,1,1,1,95.000000
2025-03-25 16:04:59.569,1.067924716016059,0.1986806945974556,0.6106621551649758,1.352836370494475,0.8170615341797954,-0.1820456715248426,0.2567933573548454,0.9437561891647931,1.036563498983961,0.3455656713250165,0.2903118162953152,1.06947965103237,0.7303934423624224,1.091975525809318,0.2863016478422744,0.584675455325498,0.2694625183441058,0.602317465899988,-0.1143128855884323,0.3599140848277717,812.3076923076924,810.6959706959707,795.7875457875458,809.4871794871796,856.6300366300367,831.6483516483516,-0.289795,0.016357,0.943604,-3.327179,-0.261688,11.058197,1,1,1,1,1,95.000000
2025-03-25 16:05:00.072,1.067924716016059,0.1986806945974556,0.6106621551649758,1.397007354813647,0.8170615341797954,-0.1820456715248426,0.2567933573548454,1.008463491921574,1.036563498983961,0.3455656713250165,0.2903118162953152,1.054729485466888,0.7303934423624224,1.091975525809318,0.2863016478422744,0.5969663895230163,0.2694625183441058,0.602317465899988,-0.1143128855884323,0.3725420113302428,786.9230769230769,786.5201465201466,798.6080586080586,785.3113553113553,784.5054945054945,774.4322344322345,-0.296875,-0.055298,0.960754,0.366364,-4.545898,-8.800201,1,1,1,1,1,95.000000
2025-03-25 16:05:00.569,1.121262241132258,0.7177804980117444,0.5096396955092342,1.172522251230547,1.007703999595647,0.8156305277938826,0.2758240601348561,0.8303583525736825,1.00561218029203,0.7967516584091723,0.3765960838364272,0.9412244165485093,0.7316346258651771,1.126029444021364,0.475510068224694,0.7918453858892305,0.3987778781346614,0.8317013702623481,0.08407470850405643,0.3669332759609253,795.7875457875458,778.4615384615385,823.5897435897436,835.2747252747253,902.967032967033,1010.952380952381,-0.296509,-0.023193,0.934753,-16.949921,-1.315918,42.221527,1,1,1,1,1,95.000000
2025-03-25 16:05:01.070,1.007452565447191,0.7177804980117444,0.5227831955744556,1.172522251230547,0.9785275413170035,0.8156305277938826,0.2660018004567213,0.8303583525736825,1.00561218029203,0.7967516584091723,0.3770143202944447,0.9412244165485093,0.7419409310652926,1.126029444021364,0.4563800228046051,0.7918453858892305,0.386806575226584,0.8317013702623481,0.05763841520753851,0.3669332759609253,795.3846153846154,821.1721611721612,789.7435897435897,811.9047619047619,808.6813186813187,658.3882783882784,-0.318848,0.039490,0.943115,-15.342407,2.841187,25.832367,1,1,1,1,1,95.000000
2025-03-25 16:05:01.569,0.9753780705210995,0.6181429085225278,0.6004029328816812,1.0955228778326,1.09587229334495,0.7297327236787683,0.8128961367136808,0.9819685570676903,1.121820242008178,0.7267286146654874,0.8120026969174106,1.111642805218881,0.6990697864283859,1.199455207369701,0.4657789641518315,0.7408771846085288,0.4044773652827757,0.8713074643172475,0.02074317162567834,0.4338007666030853,806.2637362637363,803.8461538461539,808.2783882783883,807.4725274725275,713.5897435897436,483.5164835164835,-0.336670,-0.055420,0.930359,-0.209351,-3.641205,-15.484467,1,1,1,1,1,95.000000
2025-03-25 16:05:01.934,,,,,,,,,,,,,,,,,,,,,,,,,,,,,,,,,,,,,,,/muse/elements/blink
2025-03-25 16:05:02.069,0.8301242931421022,0.5195471332283648,0.725218817494837,0.85912197369552,1.142220384320003,0.6410707405401341,0.9595893550130447,0.9945612459833673,1.074813887989215,0.6854725152608464,0.8118501331126851,0.9781024626646684,0.677423996815073,1.210029333932223,0.4523868658353897,0.6704949354424734,0.3696684755490655,0.9045524617068135,0.07074482771097129,0.4567523834010282,805.0549450549451,759.5238095238095,826.4102564102565,841.7216117216118,1008.131868131868,1100.805860805861,-0.274841,0.011963,0.989685,51.126404,-3.491669,-94.589081,1,1,1,1,1,95.000000
2025-03-25 16:05:02.569,0.8677430948017839,0.5195471332283648,0.7457162411251068,0.85912197369552,1.246698164524323,0.6410707405401341,1.026282633019776,0.9945612459833673,1.074813887989215,0.6854725152608464,0.7705637105519962,0.9781024626646684,0.6111107042839119,1.210029333932223,0.4784219373753769,0.6704949354424734,0.3698085896770877,0.9045524617068135,0.1086496588542042,0.4567523834010282,807.8754578754579,927.1428571428572,804.2490842490843,806.2637362637363,452.0879120879121,0,-0.180542,0.013123,1.012268,12.643280,47.776794,-19.843445,1,1,1,1,1,95.000000
2025-03-25 16:05:02.639,,,,,,,,,,,,,,,,,,,,,,,,,,,,,,,,,,,,,,,/muse/elements/jaw_clench
2025-03-25 16:05:02.732,,,,,,,,,,,,,,,,,,,,,,,,,,,,,,,,,,,,,,,/muse/elements/blink
2025-03-25 16:05:03.069,0.8308098295273536,0.5195471332283648,0.6829644758352722,0.7811050561018128,1.150294982977291,0.6410707405401341,0.8572318161020082,0.9332231763783958,1.047171635802574,0.6854725152608464,0.6883584811108441,0.8424740417740419,0.5651154515397774,1.210029333932223,0.4473878631548204,0.6508847357372812,0.2298255278622446,0.9045524617068135,0.04276480397010864,0.4216448872334926,888.8644688644689,763.1501831501831,796.5934065934066,883.2234432234433,948.901098901099,1015.384615384615,-0.406006,0.012329,0.805054,-5.532837,-20.643463,4.097290,1,1,1,1,1,95.000000
2025-03-25 16:05:03.569,0.8308098295273536,0.5195471332283648,0.6829644758352722,0.7811050561018128,1.150294982977291,0.6410707405401341,0.8572318161020082,0.9332231763783958,1.047171635802574,0.6854725152608464,0.6883584811108441,0.8424740417740419,0.5651154515397774,1.210029333932223,0.4473878631548204,0.6508847357372812,0.2298255278622446,0.9045524617068135,0.04276480397010864,0.4216448872334926,812.3076923076924,817.1428571428571,797.3992673992674,809.8901098901099,788.1318681318681,583.4432234432235,0.016541,0.249451,1.083374,11.491852,-4.605713,20.979919,1,1,1,1,1,95.000000
2025-03-25 16:05:04.068,,,,,,,,,,,,,,,,,,,,,,,,,,,,,,,,,,,,,,,/muse/elements/blink
2025-03-25 16:05:04.083,0.8308098295273536,0.5195471332283648,0.6829644758352722,0.7811050561018128,1.150294982977291,0.6410707405401341,0.8572318161020082,0.9332231763783958,1.047171635802574,0.6854725152608464,0.6883584811108441,0.8424740417740419,0.5651154515397774,1.210029333932223,0.4473878631548204,0.6508847357372812,0.2298255278622446,0.9045524617068135,0.04276480397010864,0.4216448872334926,760.7326007326008,735.7509157509157,830.4395604395604,827.6190476190476,481.0989010989011,0,-0.077881,0.081116,0.957764,22.318268,22.378082,-101.235962,1,1,1,1,1,95.000000
2025-03-25 16:05:04.237,,,,,,,,,,,,,,,,,,,,,,,,,,,,,,,,,,,,,,,/muse/elements/jaw_clench
2025-03-25 16:05:04.575,0.8308098295273536,0.5195471332283648,0.6829644758352722,0.7811050561018128,1.150294982977291,0.6410707405401341,0.8572318161020082,0.9332231763783958,1.047171635802574,0.6854725152608464,0.6883584811108441,0.8424740417740419,0.5651154515397774,1.210029333932223,0.4473878631548204,0.6508847357372812,0.2298255278622446,0.9045524617068135,0.04276480397010864,0.4216448872334926,782.893772893773,786.9230769230769,788.1318681318681,780.4761904761905,1141.501831501831,1446.923076923077,-0.378845,0.052368,0.880066,2.803802,3.185120,-0.104675,1,2,1,1,2,95.000000
2025-03-25 16:05:05.068,0.8308098295273536,0.5195471332283648,0.6829644758352722,0.7811050561018128,1.150294982977291,0.6410707405401341,0.8572318161020082,0.9332231763783958,1.047171635802574,0.6854725152608464,0.6883584811108441,0.8424740417740419,0.5651154515397774,1.210029333932223,0.4473878631548204,0.6508847357372812,0.2298255278622446,0.9045524617068135,0.04276480397010864,0.4216448872334926,804.2490842490843,803.8461538461539,810.2930402930403,827.6190476190476,833.6630036630037,711.1721611721612,-0.421997,0.136047,0.858887,-7.162781,-3.177643,23.918304,1,2,1,1,2,95.000000
2025-03-25 16:05:05.571,0.8308098295273536,0.5195471332283648,0.6829644758352722,0.7811050561018128,1.150294982977291,0.6410707405401341,0.8572318161020082,0.9332231763783958,1.047171635802574,0.6854725152608464,0.6883584811108441,0.8424740417740419,0.5651154515397774,1.210029333932223,0.4473878631548204,0.6508847357372812,0.2298255278622446,0.9045524617068135,0.04276480397010864,0.4216448872334926,775.6410256410256,814.7252747252747,763.1501831501831,761.5384615384615,1213.223443223443,1442.087912087912,-0.029724,-0.105835,0.971863,-14.878845,-23.424835,120.354156,1,2,1,1,2,95.000000
2025-03-25 16:05:06.070,0.8308098295273536,0.5195471332283648,0.6829644758352722,0.7811050561018128,1.150294982977291,0.6410707405401341,0.8572318161020082,0.9332231763783958,1.047171635802574,0.6854725152608464,0.6883584811108441,0.8424740417740419,0.5651154515397774,1.210029333932223,0.4473878631548204,0.6508847357372812,0.2298255278622446,0.9045524617068135,0.04276480397010864,0.4216448872334926,850.989010989011,819.5604395604396,773.6263736263736,795.7875457875458,1164.468864468864,1376.007326007326,0.056030,0.077026,0.940369,1.854248,13.690033,57.122803,1,2,1,1,2,95.000000
2025-03-25 16:05:06.483,,,,,,,,,,,,,,,,,,,,,,,,,,,,,,,,,,,,,,,/muse/elements/blink
2025-03-25 16:05:06.569,0.8308098295273536,0.5195471332283648,0.6829644758352722,0.7811050561018128,1.150294982977291,0.6410707405401341,0.8572318161020082,0.9332231763783958,1.047171635802574,0.6854725152608464,0.6883584811108441,0.8424740417740419,0.5651154515397774,1.210029333932223,0.4473878631548204,0.6508847357372812,0.2298255278622446,0.9045524617068135,0.04276480397010864,0.4216448872334926,840.5128205128206,823.992673992674,828.8278388278388,838.0952380952381,810.6959706959707,873.5531135531136,-0.246887,0.018738,0.921753,-31.537170,19.738770,65.347290,1,2,1,1,2,95.000000
2025-03-25 16:05:06.577,,,,,,,,,,,,,,,,,,,,,,,,,,,,,,,,,,,,,,,/muse/elements/jaw_clench
2025-03-25 16:05:06.814,,,,,,,,,,,,,,,,,,,,,,,,,,,,,,,,,,,,,,,/muse/elements/jaw_clench
2025-03-25 16:05:07.069,0.8308098295273536,0.5195471332283648,0.6829644758352722,0.7811050561018128,1.150294982977291,0.6410707405401341,0.8572318161020082,0.9332231763783958,1.047171635802574,0.6854725152608464,0.6883584811108441,0.8424740417740419,0.5651154515397774,1.210029333932223,0.4473878631548204,0.6508847357372812,0.2298255278622446,0.9045524617068135,0.04276480397010864,0.4216448872334926,800.6227106227107,809.0842490842491,785.7142857142858,794.1758241758242,716.8131868131868,454.9084249084249,-0.327820,0.049072,0.916504,-1.996307,2.265472,5.136566,1,2,1,1,2,95.000000
2025-03-25 16:05:07.569,0.8308098295273536,0.5195471332283648,0.6829644758352722,0.7811050561018128,1.150294982977291,0.6410707405401341,0.8572318161020082,0.9332231763783958,1.047171635802574,0.6854725152608464,0.6883584811108441,0.8424740417740419,0.5651154515397774,1.210029333932223,0.4473878631548204,0.6508847357372812,0.2298255278622446,0.9045524617068135,0.04276480397010864,0.4216448872334926,840.5128205128206,838.0952380952381,775.6410256410256,846.959706959707,724.0659340659341,572.5641025641025,-0.195007,0.107117,0.951111,42.565460,-8.665619,-135.053558,1,2,1,1,2,95.000000
2025-03-25 16:05:07.647,,,,,,,,,,,,,,,,,,,,,,,,,,,,,,,,,,,,,,,/muse/elements/blink
2025-03-25 16:05:08.081,0.8308098295273536,0.5195471332283648,0.6829644758352722,0.7811050561018128,1.150294982977291,0.6410707405401341,0.8572318161020082,0.9332231763783958,1.047171635802574,0.6854725152608464,0.6883584811108441,0.8424740417740419,0.5651154515397774,1.210029333932223,0.4473878631548204,0.6508847357372812,0.2298255278622446,0.9045524617068135,0.04276480397010864,0.4216448872334926,782.893772893773,810.2930402930403,776.0439560439561,798.2051282051282,786.9230769230769,916.6666666666667,-0.242126,0.051392,0.975891,32.793274,5.330963,-102.207947,1,2,1,1,2,95.000000
2025-03-25 16:05:08.569,0.8308098295273536,0.5195471332283648,0.6829644758352722,0.7811050561018128,1.150294982977291,0.6410707405401341,0.8572318161020082,0.9332231763783958,1.047171635802574,0.6854725152608464,0.6883584811108441,0.8424740417740419,0.5651154515397774,1.210029333932223,0.4473878631548204,0.6508847357372812,0.2298255278622446,0.9045524617068135,0.04276480397010864,0.4216448872334926,788.9377289377289,804.6520146520147,805.0549450549451,769.5970695970697,880,734.1391941391942,-0.349426,0.070190,0.934448,3.207550,-1.472931,-5.263672,1,2,1,1,2,95.000000
2025-03-25 16:05:09.069,0.8308098295273536,0.5195471332283648,0.6829644758352722,0.7811050561018128,1.150294982977291,0.6410707405401341,0.8572318161020082,0.9332231763783958,1.047171635802574,0.6854725152608464,0.6883584811108441,0.8424740417740419,0.5651154515397774,1.210029333932223,0.4473878631548204,0.6508847357372812,0.2298255278622446,0.9045524617068135,0.04276480397010864,0.4216448872334926,789.7435897435897,824.3956043956044,798.6080586080586,806.6666666666667,789.7435897435897,567.7289377289377,-0.345215,0.077271,0.932129,-4.590759,0.149536,-3.274841,1,2,1,1,2,95.000000
2025-03-25 16:05:09.569,-0.1596590504165718,0.5195471332283648,0.6829644758352722,0.5759635909549421,0.2383019172595978,0.6410707405401341,0.8572318161020082,0.5026677232262636,1.143272695522592,0.6854725152608464,0.6883584811108441,1.201577710327255,1.436631448745665,1.210029333932223,0.4473878631548204,1.335781018782955,1.362157770441104,0.9045524617068135,0.04276480397010864,1.529491299393831,796.5934065934066,769.5970695970697,794.5787545787546,793.3699633699634,830.4395604395604,682.1611721611722,-0.367981,0.047974,0.916382,2.841187,1.106567,0.276642,1,1,1,1,1,95.000000
2025-03-25 16:05:10.069,-0.1205987424721396,0.5195471332283648,0.6829644758352722,0.5397684320352699,0.1915071794766781,0.6410707405401341,0.8572318161020082,0.5754154831261935,1.146049433846651,0.6854725152608464,0.6883584811108441,1.201798357384438,1.334302939554415,1.210029333932223,0.4473878631548204,1.239814639068144,1.45733730705508,0.9045524617068135,0.04276480397010864,1.531473741967501,788.5347985347986,796.1904761904763,800.2197802197802,799.4139194139194,777.6556776556777,659.5970695970697,-0.360352,0.055786,0.920837,-1.300964,-0.224304,3.259888,1,1,1,1,1,95.000000
2025-03-25 16:05:10.569,-0.1205987424721396,0.5195471332283648,0.1888909952462335,0.4350258012330901,0.1915071794766781,0.6410707405401341,0.1618345274860238,0.4487333711784444,1.146049433846651,0.6854725152608464,0.4710505923950107,1.083045411118355,1.334302939554415,1.210029333932223,1.017922847863836,1.141349906346723,1.45733730705508,0.9045524617068135,0.8987431107943935,1.415091917155535,772.4175824175825,816.7399267399268,792.1611721611722,784.9084249084249,726.0805860805862,550.4029304029305,-0.341797,0.043762,0.921814,0.104675,-3.013153,2.429962,1,1,1,1,1,95.000000
2025-03-25 16:05:11.069,0.1001385370493778,0.5195471332283648,0.4019148551693916,0.3753866446647393,0.3629350214003352,0.6410707405401341,0.2197668639047319,0.4535935839870883,1.007616234119428,0.6854725152608464,0.5564416219913454,0.9790575114692606,1.247113154344718,1.210029333932223,1.026400306095866,1.136285031308161,1.407654149768583,0.9045524617068135,0.8795180187584628,1.350852232065047,789.7435897435897,740.1831501831502,841.7216117216118,834.0659340659341,731.7216117216118,757.9120879120879,-0.140869,0.016785,1.010681,-51.537628,-3.633728,166.097260,1,1,1,1,1,95.000000
2025-03-25 16:05:11.569,0.4130239515319669,0.5195471332283648,0.4909709172259738,0.6229932938398967,0.7156870437091208,0.6410707405401341,0.2665656880332928,0.5032879090886164,1.010349563324582,0.6854725152608464,0.5545493225710594,1.069376173627017,1.289353974671313,1.210029333932223,0.9913533488603413,1.300769482460505,1.210684983106463,0.9045524617068135,0.8179519428179343,1.162645195612694,789.3406593406594,787.3260073260074,766.3736263736264,792.5641025641025,850.1831501831502,865.4945054945056,-0.279053,0.100769,0.958801,-25.196838,5.293579,65.676270,1,1,1,1,1,95.000000
2025-03-25 16:05:12.069,0.4130239515319669,0.5195471332283648,0.6331776036606453,0.7977577029136773,0.7156870437091208,0.6410707405401341,0.309340867127022,0.5718395924275728,1.010349563324582,0.6854725152608464,0.5342695110823232,1.083604913917689,1.289353974671313,1.210029333932223,1.011894702306141,1.419703937178901,1.210684983106463,0.9045524617068135,0.8157570025480563,1.20576902815794,792.967032967033,793.7728937728938,810.6959706959707,802.2344322344322,666.8498168498169,366.2637362637363,-0.332581,0.045837,0.917480,4.897308,-1.128998,-21.817322,1,1,1,1,1,95.000000
2025-03-25 16:05:12.569,0.4607235829762082,0.5195471332283648,0.6331776036606453,0.9547777488254606,0.7851785330665334,0.6410707405401341,0.309340867127022,0.6334111306701371,1.003331670098321,0.6854725152608464,0.5342695110823232,1.083419893056453,1.276779674342879,1.210029333932223,1.011894702306141,1.508592357553223,1.199420489382872,0.9045524617068135,0.8157570025480563,1.238975758710393,797.8021978021978,805.0549450549451,801.8315018315019,790.952380952381,743.0036630036631,710.7692307692308,-0.298706,-0.047729,0.951904,-0.912170,2.654266,6.908569,1,1,1,1,1,95.000000
2025-03-25 16:05:13.068,0.4607235829762082,0.5195471332283648,0.6331776036606453,1.130735156548986,0.7851785330665334,0.6410707405401341,0.309340867127022,0.4024161343926658,1.003331670098321,0.6854725152608464,0.5342695110823232,1.019611082875413,1.276779674342879,1.210029333932223,1.011894702306141,1.619621087112761,1.199420489382872,0.9045524617068135,0.8157570025480563,1.296136475781062,797.3992673992674,776.8498168498169,808.2783882783883,807.8754578754579,817.948717948718,720.8424908424909,-0.285522,0.012390,0.954773,44.913177,6.564636,-111.561432,1,1,1,1,1,95.000000
2025-03-25 16:05:13.570,0.4607235829762082,0.5195471332283648,0.6331776036606453,1.130735156548986,0.7851785330665334,0.6410707405401341,0.309340867127022,0.4024161343926658,1.003331670098321,0.6854725152608464,0.5342695110823232,1.019611082875413,1.276779674342879,1.210029333932223,1.011894702306141,1.619621087112761,1.199420489382872,0.9045524617068135,0.8157570025480563,1.296136475781062,798.6080586080586,812.3076923076924,810.6959706959707,800.2197802197802,897.7289377289378,877.5824175824176,-0.437012,0.093262,0.851746,9.002075,-4.732819,-39.402771,1,1,1,1,1,95.000000
2025-03-25 16:05:13.888,,,,,,,,,,,,,,,,,,,,,,,,,,,,,,,,,,,,,,,/muse/elements/blink
2025-03-25 16:05:14.069,0.4607235829762082,0.5195471332283648,0.6331776036606453,1.130735156548986,0.7851785330665334,0.6410707405401341,0.309340867127022,0.4024161343926658,1.003331670098321,0.6854725152608464,0.5342695110823232,1.019611082875413,1.276779674342879,1.210029333932223,1.011894702306141,1.619621087112761,1.199420489382872,0.9045524617068135,0.8157570025480563,1.296136475781062,787.7289377289378,772.014652014652,808.6813186813187,814.7252747252747,817.1428571428571,742.1978021978023,-0.276123,-0.015564,0.955750,20.695801,2.721558,-40.913086,1,1,1,1,1,95.000000
2025-03-25 16:05:14.576,0.4607235829762082,0.5195471332283648,0.6331776036606453,1.130735156548986,0.7851785330665334,0.6410707405401341,0.309340867127022,0.4024161343926658,1.003331670098321,0.6854725152608464,0.5342695110823232,1.019611082875413,1.276779674342879,1.210029333932223,1.011894702306141,1.619621087112761,1.199420489382872,0.9045524617068135,0.8157570025480563,1.296136475781062,796.5934065934066,815.5311355311355,792.967032967033,799.4139194139194,802.6373626373627,662.014652014652,-0.314087,-0.058594,0.926392,-11.559143,-2.803802,27.043610,1,2,1,1,2,95.000000
2025-03-25 16:05:14.910,,,,,,,,,,,,,,,,,,,,,,,,,,,,,,,,,,,,,,,/muse/elements/blink
2025-03-25 16:05:15.069,0.4607235829762082,0.5195471332283648,0.6331776036606453,1.130735156548986,0.7851785330665334,0.6410707405401341,0.309340867127022,0.4024161343926658,1.003331670098321,0.6854725152608464,0.5342695110823232,1.019611082875413,1.276779674342879,1.210029333932223,1.011894702306141,1.619621087112761,1.199420489382872,0.9045524617068135,0.8157570025480563,1.296136475781062,802.6373626373627,840.9157509157509,765.1648351648352,783.2967032967033,693.4432234432235,491.1721611721612,-0.173706,0.039368,0.974609,-29.608154,-6.504822,125.827179,1,2,1,1,2,95.000000
2025-03-25 16:05:15.569,0.4607235829762082,0.5195471332283648,0.6331776036606453,1.130735156548986,0.7851785330665334,0.6410707405401341,0.309340867127022,0.4024161343926658,1.003331670098321,0.6854725152608464,0.5342695110823232,1.019611082875413,1.276779674342879,1.210029333932223,1.011894702306141,1.619621087112761,1.199420489382872,0.9045524617068135,0.8157570025480563,1.296136475781062,807.4725274725275,800.2197802197802,780.4761904761905,798.6080586080586,826.4102564102565,730.1098901098901,-0.235413,0.034912,0.974609,-19.110718,-0.239258,53.668518,1,2,1,1,2,95.000000
2025-03-25 16:05:16.069,0.4607235829762082,0.5195471332283648,0.6331776036606453,1.130735156548986,0.7851785330665334,0.6410707405401341,0.309340867127022,0.4024161343926658,1.003331670098321,0.6854725152608464,0.5342695110823232,1.019611082875413,1.276779674342879,1.210029333932223,1.011894702306141,1.619621087112761,1.199420489382872,0.9045524617068135,0.8157570025480563,1.296136475781062,823.1868131868132,808.2783882783883,801.8315018315019,821.1721611721612,979.5238095238095,960.1831501831502,-0.293945,0.002319,0.943054,-4.942169,2.407532,2.676697,1,2,1,1,2,95.000000
2025-03-25 16:05:16.573,0.4607235829762082,0.5195471332283648,0.6331776036606453,0.5011863540198441,0.7851785330665334,0.6410707405401341,0.309340867127022,0.5401087824910764,1.003331670098321,0.6854725152608464,0.5342695110823232,0.7949336024065004,1.276779674342879,1.210029333932223,1.011894702306141,1.479763949536967,1.199420489382872,0.9045524617068135,0.8157570025480563,1.49108995452171,793.3699633699634,793.3699633699634,793.7728937728938,785.3113553113553,787.7289377289378,654.3589743589744,-0.318176,-0.023926,0.942810,0.859833,-0.643005,-2.444916,1,1,1,1,1,95.000000
2025-03-25 16:05:17.069,0.4607235829762082,0.3340268317312416,0.2405466390010695,0.5011863540198441,0.7851785330665334,-0.04452483898065725,0.2177446165538674,0.5401087824910764,1.003331670098321,0.6208704893761735,0.7200708525161025,0.7949336024065004,1.276779674342879,1.224520173598012,1.183040496428155,1.479763949536967,1.199420489382872,1.288181641827429,1.169379755908755,1.49108995452171,759.5238095238095,889.6703296703297,813.919413919414,721.6483516483516,671.2820512820513,517.7655677655678,-0.255066,0.057251,0.904297,32.995148,-7.117920,-104.847260,1,1,1,1,1,95.000000
2025-03-25 16:05:17.267,,,,,,,,,,,,,,,,,,,,,,,,,,,,,,,,,,,,,,,/muse/elements/blink
2025-03-25 16:05:17.569,0.8399128619663182,0.3340268317312416,0.2405466390010695,0.5011863540198441,0.7489149834014687,-0.04452483898065725,0.2177446165538674,0.5401087824910764,0.8352409631448109,0.6208704893761735,0.7200708525161025,0.7949336024065004,1.277056723723813,1.224520173598012,1.183040496428155,1.479763949536967,1.16828544261223,1.288181641827429,1.169379755908755,1.49108995452171,838.0952380952381,810.6959706959707,794.5787545787546,815.934065934066,841.7216117216118,747.8388278388279,-0.116577,0.060242,1.002319,57.788239,5.465546,-190.441742,1,1,1,1,1,95.000000
2025-03-25 16:05:18.075,0.9027067903131957,0.3340268317312416,0.1621151404178005,0.5579060333160238,0.8125969497575274,-0.04452483898065725,0.1910204027166036,0.488383204970192,0.7712441788268427,0.6208704893761735,0.6692053192240499,0.7797101293253936,1.294962704051877,1.224520173598012,1.147645119658105,1.481640939061715,1.11376824412296,1.288181641827429,1.136416438342987,1.488175536824463,618.4981684981685,750.6593406593407,853.4065934065934,653.956043956044,650.3296703296703,372.7106227106227,-0.164490,-0.186951,0.989502,-67.537994,-21.174316,147.031403,1,1,1,1,1,95.000000
2025-03-25 16:05:18.257,,,,,,,,,,,,,,,,,,,,,,,,,,,,,,,,,,,,,,,/muse/elements/blink
2025-03-25 16:05:18.569,0.9027067903131957,0.3340268317312416,0.1033097545719644,0.5579060333160238,0.8125969497575274,-0.04452483898065725,0.222787206842196,0.488383204970192,0.7712441788268427,0.6208704893761735,0.6297974346000732,0.7797101293253936,1.294962704051877,1.224520173598012,1.116895506759475,1.481640939061715,1.11376824412296,1.288181641827429,1.099018196825964,1.488175536824463,843.3333333333334,784.1025641025641,847.7655677655678,838.4981684981685,547.5824175824176,0,-0.191895,0.020935,0.948486,-48.973083,-26.886597,140.429382,1,1,1,1,1,95.000000
2025-03-25 16:05:19.069,0.9027067903131957,0.3340268317312416,0.1033097545719644,0.5579060333160238,0.8125969497575274,-0.04452483898065725,0.222787206842196,0.488383204970192,0.7712441788268427,0.6208704893761735,0.6297974346000732,0.7797101293253936,1.294962704051877,1.224520173598012,1.116895506759475,1.481640939061715,1.11376824412296,1.288181641827429,1.099018196825964,1.488175536824463,813.5164835164835,810.2930402930403,812.7106227106227,761.1355311355312,1083.076923076923,1154.395604395604,-0.348145,-0.018921,0.743042,4.403839,4.149628,-20.441589,1,1,1,1,1,95.000000
2025-03-25 16:05:19.569,0.9027067903131957,0.3340268317312416,0.1033097545719644,0.5579060333160238,0.8125969497575274,-0.04452483898065725,0.222787206842196,0.488383204970192,0.7712441788268427,0.6208704893761735,0.6297974346000732,0.7797101293253936,1.294962704051877,1.224520173598012,1.116895506759475,1.481640939061715,1.11376824412296,1.288181641827429,1.099018196825964,1.488175536824463,773.2234432234433,842.1245421245421,801.8315018315019,721.6483516483516,83.40659340659342,0,-0.409363,0.135742,1.397705,23.379974,-18.273315,-17.929382,1,1,1,1,1,95.000000
2025-03-25 16:05:19.700,,,,,,,,,,,,,,,,,,,,,,,,,,,,,,,,,,,,,,,/muse/elements/blink
2025-03-25 16:05:20.069,0.9027067903131957,0.3340268317312416,0.1033097545719644,0.5579060333160238,0.8125969497575274,-0.04452483898065725,0.222787206842196,0.488383204970192,0.7712441788268427,0.6208704893761735,0.6297974346000732,0.7797101293253936,1.294962704051877,1.224520173598012,1.116895506759475,1.481640939061715,1.11376824412296,1.288181641827429,1.099018196825964,1.488175536824463,742.1978021978023,784.1025641025641,795.3846153846154,765.5677655677656,883.2234432234433,575.3846153846154,-0.201477,-0.048584,1.470215,-4.687958,0.889740,-11.843262,1,1,1,1,1,95.000000
2025-03-25 16:05:20.316,,,,,,,,,,,,,,,,,,,,,,,,,,,,,,,,,,,,,,,/muse/elements/blink
2025-03-25 16:05:20.569,0.9027067903131957,0.3340268317312416,0.1033097545719644,0.5579060333160238,0.8125969497575274,-0.04452483898065725,0.222787206842196,0.488383204970192,0.7712441788268427,0.6208704893761735,0.6297974346000732,0.7797101293253936,1.294962704051877,1.224520173598012,1.116895506759475,1.481640939061715,1.11376824412296,1.288181641827429,1.099018196825964,1.488175536824463,780.4761904761905,772.8205128205128,793.3699633699634,707.948717948718,264.3223443223443,1.208791208791209,-0.198181,-0.066772,1.001038,-6.108551,9.630127,-14.893799,1,2,1,1,2,95.000000
2025-03-25 16:05:20.825,,,,,,,,,,,,,,,,,,,,,,,,,,,,,,,,,,,,,,,/muse/elements/blink
2025-03-25 16:05:21.076,0.9027067903131957,0.3340268317312416,0.1033097545719644,0.5579060333160238,0.8125969497575274,-0.04452483898065725,0.222787206842196,0.488383204970192,0.7712441788268427,0.6208704893761735,0.6297974346000732,0.7797101293253936,1.294962704051877,1.224520173598012,1.116895506759475,1.481640939061715,1.11376824412296,1.288181641827429,1.099018196825964,1.488175536824463,831.6483516483516,784.1025641025641,783.2967032967033,773.2234432234433,972.2710622710623,880,-0.290771,0.026184,1.258911,-13.495636,0.971985,6.250610,1,2,1,1,2,95.000000
2025-03-25 16:05:21.569,1.420943018281035,0.3340268317312416,0.1033097545719644,0.5579060333160238,1.633912067925164,-0.04452483898065725,0.222787206842196,0.488383204970192,1.424123556026542,0.6208704893761735,0.6297974346000732,0.7797101293253936,1.489173222348707,1.224520173598012,1.116895506759475,1.481640939061715,1.411076114612078,1.288181641827429,1.099018196825964,1.488175536824463,829.6336996336996,833.6630036630037,813.1135531135532,886.4468864468864,1031.098901098901,1498.095238095238,-0.271179,-0.123413,1.144226,-4.157104,-1.517792,-5.981445,1,1,1,1,1,95.000000
2025-03-25 16:05:22.069,1.401113689231981,0.3340268317312416,0.1033097545719644,0.5579060333160238,1.535197402601707,-0.04452483898065725,0.222787206842196,0.488383204970192,1.485026380839513,0.6208704893761735,0.6297974346000732,0.7797101293253936,1.493515135716341,1.224520173598012,1.116895506759475,1.481640939061715,1.316335058386573,1.288181641827429,1.099018196825964,1.488175536824463,799.0109890109891,810.2930402930403,778.0586080586081,768.3882783882784,375.1282051282051,23.36996336996337,-0.214050,0.104248,0.881653,-4.029999,-3.401947,7.484283,1,1,1,1,1,95.000000
2025-03-25 16:05:22.579,1.328545432117497,0.3340268317312416,0.1033097545719644,0.5579060333160238,1.51013027340236,-0.04452483898065725,0.222787206842196,0.488383204970192,1.447037992485183,0.6208704893761735,0.6297974346000732,0.7797101293253936,1.493624520346919,1.224520173598012,1.116895506759475,1.481640939061715,1.237077062403229,1.288181641827429,1.099018196825964,1.488175536824463,792.967032967033,803.040293040293,816.7399267399268,821.978021978022,426.3003663003663,0,-0.181641,-0.012085,0.893921,1.749573,3.342133,-9.002075,1,1,1,1,1,95.000000
2025-03-25 16:05:23.072,1.306866032584359,0.3340268317312416,0.1033097545719644,0.5579060333160238,1.415839564100812,-0.04452483898065725,0.222787206842196,0.488383204970192,1.318903239348979,0.6208704893761735,0.6297974346000732,0.7797101293253936,1.492923109852406,1.224520173598012,1.116895506759475,1.481640939061715,1.164512863290352,1.288181641827429,1.099018196825964,1.488175536824463,827.2161172161173,812.7106227106227,808.6813186813187,799.0109890109891,449.2673992673993,0,-0.177551,0.095825,0.890869,-0.957031,-11.708679,-2.661743,1,1,1,1,1,95.000000
2025-03-25 16:05:23.287,,,,,,,,,,,,,,,,,,,,,,,,,,,,,,,,,,,,,,,/muse/elements/blink
2025-03-25 16:05:23.464,,,,,,,,,,,,,,,,,,,,,,,,,,,,,,,,,,,,,,,/muse/elements/blink
2025-03-25 16:05:23.570,1.25216590159885,0.3340268317312416,0.1033097545719644,0.5579060333160238,1.498747851170531,-0.04452483898065725,0.222787206842196,0.488383204970192,1.183685160565221,0.6208704893761735,0.6297974346000732,0.7797101293253936,1.470736474133716,1.224520173598012,1.116895506759475,1.481640939061715,1.223779552893426,1.288181641827429,1.099018196825964,1.488175536824463,826.007326007326,776.8498168498169,809.0842490842491,825.6043956043957,510.9157509157509,65.67765567765568,-0.152527,-0.011719,0.804932,1.256104,-13.121796,1.914062,1,1,1,1,1,95.000000
2025-03-25 16:05:24.076,1.25216590159885,0.3340268317312416,0.1033097545719644,0.5579060333160238,1.498747851170531,-0.04452483898065725,0.222787206842196,0.488383204970192,1.183685160565221,0.6208704893761735,0.6297974346000732,0.7797101293253936,1.470736474133716,1.224520173598012,1.116895506759475,1.481640939061715,1.223779552893426,1.288181641827429,1.099018196825964,1.488175536824463,817.948717948718,773.6263736263736,823.5897435897436,798.6080586080586,733.3333333333334,518.5714285714286,-0.143250,0.168762,0.875366,15.738678,0.351410,-40.636444,1,1,1,1,1,95.000000
2025-03-25 16:05:24.569,1.25216590159885,0.3340268317312416,0.1033097545719644,0.5579060333160238,1.498747851170531,-0.04452483898065725,0.222787206842196,0.488383204970192,1.183685160565221,0.6208704893761735,0.6297974346000732,0.7797101293253936,1.470736474133716,1.224520173598012,1.116895506759475,1.481640939061715,1.223779552893426,1.288181641827429,1.099018196825964,1.488175536824463,781.2820512820513,858.6446886446887,775.6410256410256,799.0109890109891,1587.142857142857,1622.197802197802,-0.083313,0.006042,1.006409,24.665985,0.134583,-106.933289,1,1,1,1,1,95.000000
2025-03-25 16:05:24.580,,,,,,,,,,,,,,,,,,,,,,,,,,,,,,,,,,,,,,,/muse/elements/blink
2025-03-25 16:05:24.753,,,,,,,,,,,,,,,,,,,,,,,,,,,,,,,,,,,,,,,/muse/elements/blink
2025-03-25 16:05:25.068,1.25216590159885,0.3340268317312416,0.1033097545719644,0.5579060333160238,1.498747851170531,-0.04452483898065725,0.222787206842196,0.488383204970192,1.183685160565221,0.6208704893761735,0.6297974346000732,0.7797101293253936,1.470736474133716,1.224520173598012,1.116895506759475,1.481640939061715,1.223779552893426,1.288181641827429,1.099018196825964,1.488175536824463,763.5531135531136,778.8644688644689,816.3369963369963,881.2087912087912,969.8534798534798,1450.14652014652,-0.207947,0.196289,0.898010,24.464111,-0.471039,-27.948303,1,2,1,1,2,95.000000
2025-03-25 16:05:25.114,,,,,,,,,,,,,,,,,,,,,,,,,,,,,,,,,,,,,,,/muse/elements/blink
2025-03-25 16:05:25.194,,,,,,,,,,,,,,,,,,,,,,,,,,,,,,,,,,,,,,,/muse/elements/jaw_clench
2025-03-25 16:05:25.569,1.25216590159885,0.3340268317312416,0.1033097545719644,0.5579060333160238,1.498747851170531,-0.04452483898065725,0.222787206842196,0.488383204970192,1.183685160565221,0.6208704893761735,0.6297974346000732,0.7797101293253936,1.470736474133716,1.224520173598012,1.116895506759475,1.481640939061715,1.223779552893426,1.288181641827429,1.099018196825964,1.488175536824463,761.941391941392,821.978021978022,763.1501831501831,734.1391941391942,440.4029304029304,0,-0.244934,0.175720,0.992065,37.249451,-7.723541,-97.691956,1,2,1,1,2,95.000000
2025-03-25 16:05:25.799,,,,,,,,,,,,,,,,,,,,,,,,,,,,,,,,,,,,,,,/muse/elements/blink
2025-03-25 16:05:26.075,1.25216590159885,0.3340268317312416,0.1033097545719644,0.5579060333160238,1.498747851170531,-0.04452483898065725,0.222787206842196,0.488383204970192,1.183685160565221,0.6208704893761735,0.6297974346000732,0.7797101293253936,1.470736474133716,1.224520173598012,1.116895506759475,1.481640939061715,1.223779552893426,1.288181641827429,1.099018196825964,1.488175536824463,817.1428571428571,765.9706959706959,797.8021978021978,772.4175824175825,780.0732600732601,505.6776556776557,-0.154968,0.016785,0.965881,32.905426,0.867310,-112.204437,1,2,1,1,2,95.000000
2025-03-25 16:05:26.569,1.25216590159885,0.3340268317312416,0.1033097545719644,0.5579060333160238,1.498747851170531,-0.04452483898065725,0.222787206842196,0.488383204970192,1.183685160565221,0.6208704893761735,0.6297974346000732,0.7797101293253936,1.470736474133716,1.224520173598012,1.116895506759475,1.481640939061715,1.223779552893426,1.288181641827429,1.099018196825964,1.488175536824463,804.6520146520147,765.9706959706959,805.4578754578755,799.4139194139194,829.2307692307693,635.0183150183151,-0.353027,0.082275,0.890320,-2.699127,4.575806,0.269165,1,2,1,1,2,95.000000
2025-03-25 16:05:27.069,1.25216590159885,0.3340268317312416,0.1033097545719644,0.5579060333160238,1.498747851170531,-0.04452483898065725,0.222787206842196,0.488383204970192,1.183685160565221,0.6208704893761735,0.6297974346000732,0.7797101293253936,1.470736474133716,1.224520173598012,1.116895506759475,1.481640939061715,1.223779552893426,1.288181641827429,1.099018196825964,1.488175536824463,654.3589743589744,702.3076923076924,836.0805860805862,701.5018315018315,757.5091575091575,678.5347985347986,-0.352234,0.004761,0.961609,-12.157288,1.884155,27.021179,1,2,1,1,2,95.000000
2025-03-25 16:05:27.215,,,,,,,,,,,,,,,,,,,,,,,,,,,,,,,,,,,,,,,/muse/elements/blink
2025-03-25 16:05:27.576,1.25216590159885,0.3340268317312416,0.1033097545719644,0.5579060333160238,1.498747851170531,-0.04452483898065725,0.222787206842196,0.488383204970192,1.183685160565221,0.6208704893761735,0.6297974346000732,0.7797101293253936,1.470736474133716,1.224520173598012,1.116895506759475,1.481640939061715,1.223779552893426,1.288181641827429,1.099018196825964,1.488175536824463,838.901098901099,844.1391941391942,803.8461538461539,801.025641025641,808.6813186813187,828.4249084249085,-0.476074,0.051575,0.866150,-5.637512,-14.602203,8.015137,1,2,1,1,2,95.000000
2025-03-25 16:05:28.072,1.25216590159885,0.3340268317312416,0.1033097545719644,0.5579060333160238,1.498747851170531,-0.04452483898065725,0.222787206842196,0.488383204970192,1.183685160565221,0.6208704893761735,0.6297974346000732,0.7797101293253936,1.470736474133716,1.224520173598012,1.116895506759475,1.481640939061715,1.223779552893426,1.288181641827429,1.099018196825964,1.488175536824463,773.2234432234433,723.2600732600732,828.021978021978,794.981684981685,848.974358974359,734.1391941391942,-0.273132,0.010681,0.925476,-38.707428,-22.572479,125.251465,1,2,1,1,2,95.000000
2025-03-25 16:05:28.326,,,,,,,,,,,,,,,,,,,,,,,,,,,,,,,,,,,,,,,/muse/elements/jaw_clench
2025-03-25 16:05:28.423,,,,,,,,,,,,,,,,,,,,,,,,,,,,,,,,,,,,,,,/muse/elements/blink
2025-03-25 16:05:28.572,1.25216590159885,0.3340268317312416,0.1033097545719644,0.5579060333160238,1.498747851170531,-0.04452483898065725,0.222787206842196,0.488383204970192,1.183685160565221,0.6208704893761735,0.6297974346000732,0.7797101293253936,1.470736474133716,1.224520173598012,1.116895506759475,1.481640939061715,1.223779552893426,1.288181641827429,1.099018196825964,1.488175536824463,802.6373626373627,801.4285714285714,815.1282051282052,792.967032967033,1025.054945054945,1046.007326007326,-0.165466,0.000305,0.991943,-30.610046,0.777588,76.270905,1,2,1,1,2,95.000000
2025-03-25 16:05:29.069,1.25216590159885,0.3340268317312416,0.1033097545719644,0.5579060333160238,1.498747851170531,-0.04452483898065725,0.222787206842196,0.488383204970192,1.183685160565221,0.6208704893761735,0.6297974346000732,0.7797101293253936,1.470736474133716,1.224520173598012,1.116895506759475,1.481640939061715,1.223779552893426,1.288181641827429,1.099018196825964,1.488175536824463,775.2380952380953,809.0842490842491,788.5347985347986,787.7289377289378,1466.263736263736,1620.18315018315,-0.285889,0.129578,0.984558,-6.826324,9.914246,28.636169,1,2,1,1,2,95.000000
2025-03-25 16:05:29.572,1.25216590159885,0.3340268317312416,0.1033097545719644,0.5579060333160238,1.498747851170531,-0.04452483898065725,0.222787206842196,0.488383204970192,1.183685160565221,0.6208704893761735,0.6297974346000732,0.7797101293253936,1.470736474133716,1.224520173598012,1.116895506759475,1.481640939061715,1.223779552893426,1.288181641827429,1.099018196825964,1.488175536824463,814.3223443223443,815.1282051282052,819.1575091575091,826.8131868131868,564.9084249084249,225.2380952380952,-0.240601,0.312805,0.802490,10.542297,-3.835602,-76.719513,1,2,1,1,2,95.000000
2025-03-25 16:05:29.959,,,,,,,,,,,,,,,,,,,,,,,,,,,,,,,,,,,,,,,/muse/elements/blink
2025-03-25 16:05:30.069,1.25216590159885,0.3340268317312416,0.1033097545719644,0.5579060333160238,1.498747851170531,-0.04452483898065725,0.222787206842196,0.488383204970192,1.183685160565221,0.6208704893761735,0.6297974346000732,0.7797101293253936,1.470736474133716,1.224520173598012,1.116895506759475,1.481640939061715,1.223779552893426,1.288181641827429,1.099018196825964,1.488175536824463,809.4871794871796,760.7326007326008,816.3369963369963,812.7106227106227,522.6007326007326,46.73992673992674,-0.147400,-0.113220,1.016052,59.343414,-15.693817,-148.429565,1,2,1,1,2,95.000000
2025-03-25 16:05:30.569,1.25216590159885,0.3340268317312416,0.1033097545719644,0.5579060333160238,1.498747851170531,-0.04452483898065725,0.222787206842196,0.488383204970192,1.183685160565221,0.6208704893761735,0.6297974346000732,0.7797101293253936,1.470736474133716,1.224520173598012,1.116895506759475,1.481640939061715,1.223779552893426,1.288181641827429,1.099018196825964,1.488175536824463,719.2307692307693,796.996336996337,777.6556776556777,718.021978021978,543.1501831501831,0,-0.333740,0.266846,0.897034,-12.538605,-2.661743,22.841644,1,2,1,1,2,95.000000
2025-03-25 16:05:31.069,1.25216590159885,0.3340268317312416,0.1033097545719644,0.5579060333160238,1.498747851170531,-0.04452483898065725,0.222787206842196,0.488383204970192,1.183685160565221,0.6208704893761735,0.6297974346000732,0.7797101293253936,1.470736474133716,1.224520173598012,1.116895506759475,1.481640939061715,1.223779552893426,1.288181641827429,1.099018196825964,1.488175536824463,745.4212454212454,832.0512820512821,784.5054945054945,739.3772893772893,812.3076923076924,857.4358974358975,-0.243835,0.142029,0.950317,-0.381317,-5.256195,2.056122,1,2,1,1,2,95.000000
2025-03-25 16:05:31.272,,,,,,,,,,,,,,,,,,,,,,,,,,,,,,,,,,,,,,,/muse/elements/blink
2025-03-25 16:05:31.571,1.25216590159885,0.3340268317312416,0.1033097545719644,0.5579060333160238,1.498747851170531,-0.04452483898065725,0.222787206842196,0.488383204970192,1.183685160565221,0.6208704893761735,0.6297974346000732,0.7797101293253936,1.470736474133716,1.224520173598012,1.116895506759475,1.481640939061715,1.223779552893426,1.288181641827429,1.099018196825964,1.488175536824463,855.0183150183151,867.1062271062272,792.967032967033,822.7838827838829,365.4578754578754,0,-0.313660,0.004944,0.928711,4.957123,10.280609,-6.661835,1,2,1,1,2,95.000000
2025-03-25 16:05:32.069,1.25216590159885,0.3340268317312416,0.1033097545719644,0.5579060333160238,1.498747851170531,-0.04452483898065725,0.222787206842196,0.488383204970192,1.183685160565221,0.6208704893761735,0.6297974346000732,0.7797101293253936,1.470736474133716,1.224520173598012,1.116895506759475,1.481640939061715,1.223779552893426,1.288181641827429,1.099018196825964,1.488175536824463,794.5787545787546,800.2197802197802,791.3553113553114,774.0293040293041,737.7655677655678,342.0879120879121,-0.412354,0.204285,0.868469,-0.523376,4.134674,1.846771,1,2,1,1,2,95.000000
2025-03-25 16:05:32.569,1.25216590159885,0.3340268317312416,0.1033097545719644,0.5579060333160238,1.498747851170531,-0.04452483898065725,0.222787206842196,0.488383204970192,1.183685160565221,0.6208704893761735,0.6297974346000732,0.7797101293253936,1.470736474133716,1.224520173598012,1.116895506759475,1.481640939061715,1.223779552893426,1.288181641827429,1.099018196825964,1.488175536824463,826.007326007326,847.7655677655678,788.9377289377289,807.8754578754579,652.3443223443223,701.5018315018315,-0.325867,0.045288,0.989990,-37.952271,-9.316101,98.903198,1,2,1,1,2,95.000000
2025-03-25 16:05:33.069,1.25216590159885,0.3340268317312416,0.1033097545719644,0.5579060333160238,1.498747851170531,-0.04452483898065725,0.222787206842196,0.488383204970192,1.183685160565221,0.6208704893761735,0.6297974346000732,0.7797101293253936,1.470736474133716,1.224520173598012,1.116895506759475,1.481640939061715,1.223779552893426,1.288181641827429,1.099018196825964,1.488175536824463,775.6410256410256,786.9230769230769,808.2783882783883,780.4761904761905,658.7912087912088,228.8644688644689,-0.228210,-0.016846,0.998047,-22.609863,-3.701019,54.401245,1,2,1,1,2,95.000000
2025-03-25 16:05:33.575,1.25216590159885,0.3340268317312416,0.1033097545719644,0.5579060333160238,1.498747851170531,-0.04452483898065725,0.222787206842196,0.488383204970192,1.183685160565221,0.6208704893761735,0.6297974346000732,0.7797101293253936,1.470736474133716,1.224520173598012,1.116895506759475,1.481640939061715,1.223779552893426,1.288181641827429,1.099018196825964,1.488175536824463,786.9230769230769,754.6886446886447,814.3223443223443,809.8901098901099,1010.952380952381,1095.567765567765,-0.240845,0.138367,0.944824,-26.841736,5.525360,78.327026,1,2,1,1,2,95.000000
2025-03-25 16:05:34.069,1.25216590159885,0.3340268317312416,0.1033097545719644,0.5579060333160238,1.498747851170531,-0.04452483898065725,0.222787206842196,0.488383204970192,1.183685160565221,0.6208704893761735,0.6297974346000732,0.7797101293253936,1.470736474133716,1.224520173598012,1.116895506759475,1.481640939061715,1.223779552893426,1.288181641827429,1.099018196825964,1.488175536824463,810.6959706959707,820.7692307692308,780.0732600732601,806.2637362637363,851.7948717948718,742.1978021978023,-0.347656,0.115845,0.928345,-7.304840,5.547791,23.387451,1,2,1,1,2,95.000000
2025-03-25 16:05:34.569,1.25216590159885,0.3340268317312416,0.1033097545719644,0.5579060333160238,1.498747851170531,-0.04452483898065725,0.222787206842196,0.488383204970192,1.183685160565221,0.6208704893761735,0.6297974346000732,0.7797101293253936,1.470736474133716,1.224520173598012,1.116895506759475,1.481640939061715,1.223779552893426,1.288181641827429,1.099018196825964,1.488175536824463,817.1428571428571,793.3699633699634,814.7252747252747,804.2490842490843,809.0842490842491,689.8168498168499,-0.354187,0.070312,0.912659,3.379517,1.263580,-3.835602,1,2,1,1,2,95.000000
2025-03-25 16:05:35.069,1.25927477356366,0.3340268317312416,0.1033097545719644,0.5579060333160238,1.167245888812078,-0.04452483898065725,0.222787206842196,0.488383204970192,1.158973473991245,0.6208704893761735,0.6297974346000732,0.7797101293253936,1.442643988731366,1.224520173598012,1.116895506759475,1.481640939061715,1.345464829175833,1.288181641827429,1.099018196825964,1.488175536824463,801.025641025641,792.5641025641025,808.2783882783883,791.7582417582418,818.3516483516484,754.2857142857143,-0.369690,0.074890,0.916260,7.043152,-6.474915,-21.047211,1,1,1,1,1,95.000000
2025-03-25 16:05:35.568,0.6577536132741978,0.3340268317312416,0.1033097545719644,0.2598875194365671,0.5997807318371761,-0.04452483898065725,0.222787206842196,0.06115114488586838,1.124016172703754,0.6208704893761735,0.6297974346000732,0.7825530967785727,1.187026012006901,1.224520173598012,1.116895506759475,1.121438477794181,1.048726559873023,1.288181641827429,1.099018196825964,0.8959032129152987,810.6959706959707,856.2271062271062,768.3882783882784,796.996336996337,811.9047619047619,695.4578754578755,-0.278931,0.111694,0.950623,59.874268,-4.545898,-139.599457,1,1,1,1,1,95.000000
2025-03-25 16:05:36.069,0.9695944112236443,0.3340268317312416,0.1033097545719644,0.6515532752345261,0.7478196078815653,-0.04452483898065725,0.222787206842196,0.4811976514159644,1.12639337019894,0.6208704893761735,0.6297974346000732,1.112058754026576,1.210091651792675,1.224520173598012,1.116895506759475,1.152902404479307,1.05211239952462,1.288181641827429,1.099018196825964,0.9002611844460504,799.0109890109891,831.6483516483516,775.6410256410256,808.2783882783883,733.7362637362637,525.4212454212454,-0.398621,0.028259,0.885986,30.580139,-0.254211,-66.797791,1,1,1,1,1,95.000000
2025-03-25 16:05:36.570,1.002877822882989,0.3340268317312416,0.1033097545719644,1.170381405674206,0.8555150018487533,-0.04452483898065725,0.222787206842196,0.7142321118749645,1.258542022981661,0.6208704893761735,0.6297974346000732,1.205857443414665,1.150313116293931,1.224520173598012,1.116895506759475,1.204571786655297,1.105616425096835,1.288181641827429,1.099018196825964,0.9317941640052648,779.2673992673992,761.941391941392,790.5494505494506,782.4908424908425,865.8974358974359,780.4761904761905,-0.397400,0.052124,0.908813,1.218719,-0.411224,-0.515900,1,1,1,1,1,95.000000
2025-03-25 16:05:37.069,1.047254339534269,0.3340268317312416,0.1033097545719644,1.244563003337716,0.9270478287658168,-0.04452483898065725,0.222787206842196,0.8185588441090743,1.251211247040904,0.6208704893761735,0.6297974346000732,1.226638056133071,1.102722804584524,1.224520173598012,1.116895506759475,1.261378715475475,1.1901343395519,1.288181641827429,1.099018196825964,0.9131047964713722,842.5274725274726,811.0989010989011,809.4871794871796,818.3516483516484,808.6813186813187,662.4175824175825,-0.397888,0.104736,0.905457,-2.130890,-2.100983,1.929016,1,1,1,1,1,95.000000
2025-03-25 16:05:37.569,0.955361837610334,0.3340268317312416,0.8030532552194352,1.207346268699047,0.852169482935634,-0.04452483898065725,0.390652807158778,0.7881459048179906,1.343100858484956,0.6208704893761735,0.4496782349339265,1.155972328519202,1.025924458478413,1.224520173598012,1.272772755830999,1.265381473285978,1.144918736521171,1.288181641827429,0.7594644747412799,0.9245796203133363,806.6666666666667,787.7289377289378,807.4725274725275,828.4249084249085,842.9304029304029,815.934065934066,-0.401123,0.062683,0.901733,0.523376,-0.052338,-0.127106,1,1,1,1,1,95.000000
2025-03-25 16:05:38.069,0.8949325172361581,0.7964830325267869,0.7454776243341522,0.8735253667826903,0.7919185583966106,0.5396327372452477,0.334813887532442,0.6674361479203491,1.486343318347301,0.9166622301045457,0.5541543964551647,1.254148493701122,1.033060156768015,1.071666459403467,1.266684117381368,1.196613960352376,1.072841960796051,0.9797150729062778,0.7782338850067769,0.8904972339775832,800.6227106227107,817.948717948718,812.7106227106227,785.7142857142858,819.96336996337,825.6043956043957,-0.387024,0.068115,0.916138,-0.553284,-2.138367,-2.990723,1,1,1,1,1,95.000000
2025-03-25 16:05:38.569,0.8904899392337832,0.9591070052609525,0.6799335072409428,0.5041560757044384,0.8369777705472876,0.7100302161223393,0.314068947097376,0.4964528040917109,1.479080122543044,1.025732789800701,0.583153034850496,1.253943859837106,1.079564976607021,1.056646353043659,1.199082715950672,1.145566143064917,0.8701919181274039,1.015931050166565,0.7516581364608511,0.8606652472176566,779.2673992673992,792.1611721611722,809.0842490842491,809.8901098901099,776.0439560439561,649.5238095238095,-0.398254,0.073853,0.907349,0.762634,1.465454,0.538330,1,1,1,1,1,95.000000
2025-03-25 16:05:39.069,0.6945920469339325,0.9591070052609525,0.4675523597792151,0.5140785703630923,0.7550837267329135,0.7100302161223393,0.05836076905340043,0.3453295608146962,1.465525552691623,1.025732789800701,0.6398948345613453,1.306425001089923,1.083297493643736,1.056646353043659,1.03779360169961,1.08062538289289,0.81977655002183,1.015931050166565,0.738698957653829,0.7807602294509358,779.2673992673992,801.025641025641,812.3076923076924,808.2783882783883,755.4945054945055,633.8095238095239,-0.390320,0.089905,0.907654,-0.500946,-1.188812,0.852356,1,1,1,1,1,95.000000
2025-03-25 16:05:39.569,0.6622371029298383,1.11011125303874,0.7400911092051419,0.7949230462368717,0.77870495563655,0.8607838019562485,0.2819255983789451,0.3444273974562824,1.309066630895543,1.025732789800701,0.6413061616986098,1.251877517160016,1.091789178198065,1.009839901449149,0.9589170614175168,1.088219566251265,0.8651177827664969,1.090508614367303,0.6803917298590436,0.7474715576487373,794.981684981685,791.3553113553114,807.8754578754579,793.3699633699634,768.3882783882784,711.978021978022,-0.390015,0.085022,0.904724,1.936493,-0.171967,0.822449,1,1,1,1,1,95.000000
2025-03-25 16:05:40.069,0.5728609800420174,1.11011125303874,0.6579057403322769,0.829060918717539,0.5876507529934831,0.8607838019562485,0.2040093059583956,0.415241702150872,1.216041661793608,1.025732789800701,0.7853187644308551,0.967065925126489,1.059643098117501,1.009839901449149,1.002452282013111,1.075213163507862,0.8772994480284382,1.090508614367303,0.6600345686577755,0.6855634790447485,795.7875457875458,810.6959706959707,804.6520146520147,803.4432234432235,831.6483516483516,705.5311355311355,-0.378052,0.104126,0.922058,-1.502838,-3.192596,-0.000000,1,1,1,1,1,95.000000
2025-03-25 16:05:40.520,,,,,,,,,,,,,,,,,,,,,,,,,,,,,,,,,,,,,,,/muse/elements/blink
2025-03-25 16:05:40.568,1.038544936825988,1.11011125303874,0.7317985465489381,0.9611795147427085,0.7598055290196328,0.8607838019562485,0.2943049590905048,0.7426067966272475,1.235931104059254,1.025732789800701,0.822726684295326,0.8211489720541686,1.074106776930373,1.009839901449149,1.006403668349124,1.06870505252292,0.8629475156464749,1.090508614367303,0.6075707169067041,0.7007644027979368,832.8571428571429,809.4871794871796,804.2490842490843,837.2893772893773,784.5054945054945,833.6630036630037,-0.386719,0.092957,0.909729,-1.323395,-2.011261,6.415100,1,1,1,1,1,95.000000
2025-03-25 16:05:41.069,1.185936938526412,1.11011125303874,0.3994400885242028,0.7745289908957051,0.791815608962723,0.8607838019562485,0.1159764618369144,0.7574281311700388,1.235157478236447,1.025732789800701,0.7812354437484794,0.7469678146482296,1.064410044405798,1.009839901449149,1.030017350577434,1.047121064893361,0.7776197997009121,1.090508614367303,0.5761891710062492,0.6121412219383729,821.1721611721612,786.9230769230769,823.1868131868132,820.7692307692308,789.3406593406594,656.7765567765568,-0.374451,0.075317,0.911621,1.779480,-2.699127,-3.753357,1,1,1,1,1,95.000000
2025-03-25 16:05:41.569,1.433683167882335,1.11011125303874,0.4972159059175859,0.9133290640179359,0.9777292502253615,0.8607838019562485,0.1879328073298583,0.9039893449884169,1.226540995360523,1.025732789800701,0.7812354437484794,0.7241456878870414,1.122445059084205,1.009839901449149,0.9902913669370024,1.054158033783357,0.8280049948568354,1.090508614367303,0.5258569457039312,0.644276662625392,799.4139194139194,806.2637362637363,804.6520146520147,796.996336996337,713.1868131868132,595.5311355311355,-0.378479,0.068237,0.913330,-0.411224,-2.355194,3.043060,1,1,1,1,1,95.000000
2025-03-25 16:05:42.068,0.2372933663647348,-0.1014144775487509,0.2331223523729635,-0.05409470302031959,0.5850326811522402,-0.1542121652701673,0.3335304976268871,0.4489005607350598,0.9077568422242855,0.3175266906058198,0.4246601869514563,0.595469355174048,1.05958600177922,1.135682821586209,0.890562158026742,0.8968494377567892,0.6551965105235668,0.776937291100264,0.5232615000269607,0.6312504009806365,785.7142857142858,800.6227106227107,800.6227106227107,800.2197802197802,888.4615384615385,765.5677655677656,-0.369629,0.073486,0.924133,-0.299072,-2.661743,0.717773,1,1,1,1,1,95.000000
2025-03-25 16:05:42.569,0.09449627731835009,0.1099659533299461,0.2071726807362135,-0.1072198634672296,0.4738512436256658,-0.0746159375372898,0.1815211561221928,0.4455150626377015,1.048229127982908,0.5977068022593829,0.6355069570587708,0.7178046866284205,1.083234274225568,1.103356623066706,0.8253369163446154,0.8944984416833989,0.6591239688640237,0.853676922415518,0.615936684781644,0.7154902383077939,788.9377289377289,805.0549450549451,796.996336996337,800.6227106227107,765.5677655677656,626.959706959707,-0.367188,0.074341,0.918640,-0.157013,-1.315918,-1.502838,1,1,1,1,1,95.000000
2025-03-25 16:05:43.069,0.1440846565693927,0.07748409225062425,0.08891311857396424,-0.1367970269144261,0.3667266918215138,-0.1296077348916207,0.01570426873525468,0.3388363073344758,1.136222498765368,0.601262024486543,0.6603574877064756,0.7718151151621899,1.024173890420472,1.111088954998771,0.8629467401848951,0.8948938954657324,0.7355436431520749,0.8471051066662052,0.5914955149017168,0.7070341279253932,784.5054945054945,791.3553113553114,793.7728937728938,821.978021978022,883.2234432234433,733.7362637362637,-0.299866,-0.044800,0.949097,-27.955780,-11.596527,75.538177,1,1,1,1,1,95.000000
2025-03-25 16:05:43.454,,,,,,,,,,,,,,,,,,,,,,,,,,,,,,,,,,,,,,,/muse/elements/blink
2025-03-25 16:05:43.587,0.1293254959214381,0.1452296488539318,0.3470035598397273,-0.0172482933461698,0.1928302005559071,-0.117809240760413,0.1082374174882813,0.2766565707015555,1.107065394194869,0.598764999567916,0.7189859924311875,0.7532131041701926,0.9972008396283774,1.098249226896313,0.8936339119737868,0.8894421820515515,0.7916510069831637,0.8783500810360152,0.5859898846525514,0.7403498707122663,822.3809523809524,808.6813186813187,764.3589743589744,809.0842490842491,822.7838827838829,753.8827838827839,-0.195740,0.091797,0.994629,-30.834351,6.063690,127.404785,1,1,1,1,1,95.000000
2025-03-25 16:05:44.069,0.2284800306391741,0.05725899228109192,0.4071860208792063,0.04584536643633713,0.06564254217260361,-0.257863512034671,0.1837140188578137,0.1285948673350261,1.0832946434079,0.4380067812862184,0.7051634298359345,0.7130876161923085,0.9098584534416744,1.11569806559339,0.9539380137502816,0.8860836966686525,0.8510698042632827,0.8552844127043536,0.5146893018778381,0.7159691526005506,795.3846153846154,807.8754578754579,792.1611721611722,786.9230769230769,775.6410256410256,686.996336996337,-0.333069,0.110657,0.940796,-11.379700,2.878571,23.664093,1,1,1,1,1,95.000000
2025-03-25 16:05:44.579,0.3586984273206847,0.05725899228109192,0.6446257543993305,0.2070890544306735,0.0474568705567214,-0.257863512034671,0.4316803967906203,0.009318875364888886,0.969878162790305,0.4380067812862184,0.696007514707946,0.4521165317397432,0.8415249813084359,1.11569806559339,1.02756311352399,0.8674460243988059,0.9233560975861163,0.8552844127043536,0.3131020598521463,0.678849737463085,768.7912087912088,809.4871794871796,836.0805860805862,788.5347985347986,763.1501831501831,566.9230769230769,-0.318420,0.057373,0.917175,13.413391,-4.329071,-31.372681,1,1,1,1,1,95.000000
2025-03-25 16:05:44.983,,,,,,,,,,,,,,,,,,,,,,,,,,,,,,,,,,,,,,,/muse/elements/blink
2025-03-25 16:05:45.069,0.3586984273206847,0.05725899228109192,0.6446257543993305,0.2070890544306735,0.0474568705567214,-0.257863512034671,0.4316803967906203,0.009318875364888886,0.969878162790305,0.4380067812862184,0.696007514707946,0.4521165317397432,0.8415249813084359,1.11569806559339,1.02756311352399,0.8674460243988059,0.9233560975861163,0.8552844127043536,0.3131020598521463,0.678849737463085,806.2637362637363,796.5934065934066,801.025641025641,815.1282051282052,687.3992673992674,217.5824175824176,-0.030579,0.090393,1.010315,77.915802,-17.787323,-228.752899,1,1,1,1,1,95.000000
2025-03-25 16:05:45.568,0.3586984273206847,0.05725899228109192,0.6446257543993305,0.2070890544306735,0.0474568705567214,-0.257863512034671,0.4316803967906203,0.009318875364888886,0.969878162790305,0.4380067812862184,0.696007514707946,0.4521165317397432,0.8415249813084359,1.11569806559339,1.02756311352399,0.8674460243988059,0.9233560975861163,0.8552844127043536,0.3131020598521463,0.678849737463085,846.1538461538462,829.2307692307693,820.7692307692308,898.1318681318681,1306.300366300366,1615.750915750916,-0.406433,0.081116,0.807373,-22.819214,7.364655,28.389435,1,1,1,1,1,95.000000
2025-03-25 16:05:46.069,0.3586984273206847,0.05725899228109192,0.6446257543993305,0.2070890544306735,0.0474568705567214,-0.257863512034671,0.4316803967906203,0.009318875364888886,0.969878162790305,0.4380067812862184,0.696007514707946,0.4521165317397432,0.8415249813084359,1.11569806559339,1.02756311352399,0.8674460243988059,0.9233560975861163,0.8552844127043536,0.3131020598521463,0.678849737463085,799.0109890109891,851.3919413919414,759.92673992674,790.1465201465202,1423.956043956044,1620.18315018315,-0.057190,0.120178,1.134399,-53.272247,-0.523376,191.421204,1,2,1,1,2,95.000000
2025-03-25 16:05:46.078,,,,,,,,,,,,,,,,,,,,,,,,,,,,,,,,,,,,,,,/muse/elements/blink
2025-03-25 16:05:46.575,0.3586984273206847,0.05725899228109192,0.6446257543993305,0.2070890544306735,0.0474568705567214,-0.257863512034671,0.4316803967906203,0.009318875364888886,0.969878162790305,0.4380067812862184,0.696007514707946,0.4521165317397432,0.8415249813084359,1.11569806559339,1.02756311352399,0.8674460243988059,0.9233560975861163,0.8552844127043536,0.3131020598521463,0.678849737463085,846.5567765567765,824.7985347985348,786.5201465201466,859.8534798534798,879.1941391941392,1000.07326007326,-0.386902,-0.109009,1.059753,2.594452,7.274933,1.278534,1,2,1,1,2,95.000000
2025-03-25 16:05:47.074,0.3586984273206847,0.05725899228109192,0.6446257543993305,0.2070890544306735,0.0474568705567214,-0.257863512034671,0.4316803967906203,0.009318875364888886,0.969878162790305,0.4380067812862184,0.696007514707946,0.4521165317397432,0.8415249813084359,1.11569806559339,1.02756311352399,0.8674460243988059,0.9233560975861163,0.8552844127043536,0.3131020598521463,0.678849737463085,778.4615384615385,765.1648351648352,831.6483516483516,805.4578754578755,587.8754578754579,205.8974358974359,-0.176697,0.057678,0.930725,5.727234,-4.837494,-23.978119,1,2,1,1,2,95.000000
2025-03-25 16:05:47.569,0.3586984273206847,0.05725899228109192,0.6446257543993305,0.2070890544306735,0.0474568705567214,-0.257863512034671,0.4316803967906203,0.009318875364888886,0.969878162790305,0.4380067812862184,0.696007514707946,0.4521165317397432,0.8415249813084359,1.11569806559339,1.02756311352399,0.8674460243988059,0.9233560975861163,0.8552844127043536,0.3131020598521463,0.678849737463085,811.9047619047619,766.3736263736264,781.2820512820513,800.6227106227107,343.6996336996337,0,-0.076294,-0.150513,0.869751,25.226746,-6.788940,-55.051727,1,2,1,1,2,95.000000
2025-03-25 16:05:47.920,,,,,,,,,,,,,,,,,,,,,,,,,,,,,,,,,,,,,,,/muse/elements/blink
2025-03-25 16:05:48.071,0.3586984273206847,0.05725899228109192,0.6446257543993305,0.2070890544306735,0.0474568705567214,-0.257863512034671,0.4316803967906203,0.009318875364888886,0.969878162790305,0.4380067812862184,0.696007514707946,0.4521165317397432,0.8415249813084359,1.11569806559339,1.02756311352399,0.8674460243988059,0.9233560975861163,0.8552844127043536,0.3131020598521463,0.678849737463085,803.040293040293,823.992673992674,813.919413919414,804.6520146520147,490.7692307692308,24.17582417582418,-0.092529,-0.105408,0.896179,-21.817322,2.340240,39.828949,1,2,1,1,2,95.000000
2025-03-25 16:05:48.358,,,,,,,,,,,,,,,,,,,,,,,,,,,,,,,,,,,,,,,/muse/elements/blink
2025-03-25 16:05:48.434,,,,,,,,,,,,,,,,,,,,,,,,,,,,,,,,,,,,,,,/muse/elements/jaw_clench
2025-03-25 16:05:48.530,,,,,,,,,,,,,,,,,,,,,,,,,,,,,,,,,,,,,,,/muse/elements/blink
2025-03-25 16:05:48.569,0.3586984273206847,0.05725899228109192,0.6446257543993305,0.2070890544306735,0.0474568705567214,-0.257863512034671,0.4316803967906203,0.009318875364888886,0.969878162790305,0.4380067812862184,0.696007514707946,0.4521165317397432,0.8415249813084359,1.11569806559339,1.02756311352399,0.8674460243988059,0.9233560975861163,0.8552844127043536,0.3131020598521463,0.678849737463085,966.6300366300367,904.981684981685,852.1978021978023,945.6776556776557,482.7106227106227,74.54212454212454,-0.357788,0.084839,0.744385,-18.265839,-0.837402,26.737061,1,2,1,1,2,95.000000
2025-03-25 16:05:49.041,,,,,,,,,,,,,,,,,,,,,,,,,,,,,,,,,,,,,,,/muse/elements/blink
2025-03-25 16:05:49.069,0.3586984273206847,0.05725899228109192,0.6446257543993305,0.2070890544306735,0.0474568705567214,-0.257863512034671,0.4316803967906203,0.009318875364888886,0.969878162790305,0.4380067812862184,0.696007514707946,0.4521165317397432,0.8415249813084359,1.11569806559339,1.02756311352399,0.8674460243988059,0.9233560975861163,0.8552844127043536,0.3131020598521463,0.678849737463085,794.5787545787546,751.8681318681319,784.1025641025641,859.047619047619,896.9230769230769,927.5457875457876,0.077820,0.062988,0.890259,41.608429,-28.127747,-150.104370,1,2,1,1,2,95.000000
2025-03-25 16:05:49.324,,,,,,,,,,,,,,,,,,,,,,,,,,,,,,,,,,,,,,,/muse/elements/jaw_clench
2025-03-25 16:05:49.572,0.3586984273206847,0.05725899228109192,0.6446257543993305,0.2070890544306735,0.0474568705567214,-0.257863512034671,0.4316803967906203,0.009318875364888886,0.969878162790305,0.4380067812862184,0.696007514707946,0.4521165317397432,0.8415249813084359,1.11569806559339,1.02756311352399,0.8674460243988059,0.9233560975861163,0.8552844127043536,0.3131020598521463,0.678849737463085,895.7142857142858,794.981684981685,821.5750915750916,867.1062271062272,474.2490842490843,132.1611721611722,-0.015320,-0.040466,0.841553,2.033691,2.086029,1.315918,1,2,1,1,2,95.000000
2025-03-25 16:05:49.675,,,,,,,,,,,,,,,,,,,,,,,,,,,,,,,,,,,,,,,/muse/elements/blink
2025-03-25 16:05:49.918,,,,,,,,,,,,,,,,,,,,,,,,,,,,,,,,,,,,,,,/muse/elements/blink
2025-03-25 16:05:50.069,0.3586984273206847,0.05725899228109192,0.6446257543993305,0.2070890544306735,0.0474568705567214,-0.257863512034671,0.4316803967906203,0.009318875364888886,0.969878162790305,0.4380067812862184,0.696007514707946,0.4521165317397432,0.8415249813084359,1.11569806559339,1.02756311352399,0.8674460243988059,0.9233560975861163,0.8552844127043536,0.3131020598521463,0.678849737463085,835.6776556776557,805.0549450549451,791.7582417582418,840.9157509157509,1140.695970695971,1385.677655677656,-0.115173,0.173157,0.868896,5.884247,8.889923,-6.714172,1,2,1,1,2,95.000000
2025-03-25 16:05:50.569,0.3586984273206847,0.05725899228109192,0.6446257543993305,0.2070890544306735,0.0474568705567214,-0.257863512034671,0.4316803967906203,0.009318875364888886,0.969878162790305,0.4380067812862184,0.696007514707946,0.4521165317397432,0.8415249813084359,1.11569806559339,1.02756311352399,0.8674460243988059,0.9233560975861163,0.8552844127043536,0.3131020598521463,0.678849737463085,791.3553113553114,702.3076923076924,890.8791208791209,856.2271062271062,979.92673992674,1151.172161172161,-0.185181,-0.082886,0.923096,-13.017120,7.088013,74.977417,1,2,1,4,2,95.000000
2025-03-25 16:05:50.814,,,,,,,,,,,,,,,,,,,,,,,,,,,,,,,,,,,,,,,/muse/elements/blink
2025-03-25 16:05:51.059,,,,,,,,,,,,,,,,,,,,,,,,,,,,,,,,,,,,,,,/muse/elements/blink
2025-03-25 16:05:51.072,0.3586984273206847,0.05725899228109192,0.6446257543993305,0.2070890544306735,0.0474568705567214,-0.257863512034671,0.4316803967906203,0.009318875364888886,0.969878162790305,0.4380067812862184,0.696007514707946,0.4521165317397432,0.8415249813084359,1.11569806559339,1.02756311352399,0.8674460243988059,0.9233560975861163,0.8552844127043536,0.3131020598521463,0.678849737463085,841.3186813186813,813.5164835164835,803.4432234432235,847.7655677655678,734.5421245421246,682.5641025641025,-0.224121,-0.016724,1.171509,9.712372,10.168457,40.838318,1,2,1,1,2,95.000000
2025-03-25 16:05:51.569,0.3586984273206847,0.05725899228109192,0.6446257543993305,0.2070890544306735,0.0474568705567214,-0.257863512034671,0.4316803967906203,0.009318875364888886,0.969878162790305,0.4380067812862184,0.696007514707946,0.4521165317397432,0.8415249813084359,1.11569806559339,1.02756311352399,0.8674460243988059,0.9233560975861163,0.8552844127043536,0.3131020598521463,0.678849737463085,836.0805860805862,802.2344322344322,811.9047619047619,848.5714285714286,137.8021978021978,0.4029304029304029,-0.342041,0.153076,0.998718,-17.757416,16.934967,39.178467,1,2,1,1,2,95.000000
2025-03-25 16:05:51.756,,,,,,,,,,,,,,,,,,,,,,,,,,,,,,,,,,,,,,,/muse/elements/jaw_clench
2025-03-25 16:05:52.069,0.3586984273206847,0.05725899228109192,0.6446257543993305,0.2070890544306735,0.0474568705567214,-0.257863512034671,0.4316803967906203,0.009318875364888886,0.969878162790305,0.4380067812862184,0.696007514707946,0.4521165317397432,0.8415249813084359,1.11569806559339,1.02756311352399,0.8674460243988059,0.9233560975861163,0.8552844127043536,0.3131020598521463,0.678849737463085,809.4871794871796,826.007326007326,786.1172161172161,778.8644688644689,812.7106227106227,649.1208791208792,-0.351868,-0.056641,0.942444,-54.109650,-5.136566,94.357300,1,2,1,1,2,95.000000
2025-03-25 16:05:52.089,,,,,,,,,,,,,,,,,,,,,,,,,,,,,,,,,,,,,,,/muse/elements/blink
2025-03-25 16:05:52.577,0.3586984273206847,0.05725899228109192,0.6446257543993305,0.2070890544306735,0.0474568705567214,-0.257863512034671,0.4316803967906203,0.009318875364888886,0.969878162790305,0.4380067812862184,0.696007514707946,0.4521165317397432,0.8415249813084359,1.11569806559339,1.02756311352399,0.8674460243988059,0.9233560975861163,0.8552844127043536,0.3131020598521463,0.678849737463085,827.2161172161173,796.5934065934066,769.1941391941392,787.3260073260074,617.2893772893773,463.7728937728938,-0.313965,0.097168,0.942871,-6.175842,-20.897675,7.192688,1,2,1,1,2,95.000000
2025-03-25 16:05:52.982,,,,,,,,,,,,,,,,,,,,,,,,,,,,,,,,,,,,,,,/muse/elements/jaw_clench
2025-03-25 16:05:53.069,0.3586984273206847,0.05725899228109192,0.6446257543993305,0.2070890544306735,0.0474568705567214,-0.257863512034671,0.4316803967906203,0.009318875364888886,0.969878162790305,0.4380067812862184,0.696007514707946,0.4521165317397432,0.8415249813084359,1.11569806559339,1.02756311352399,0.8674460243988059,0.9233560975861163,0.8552844127043536,0.3131020598521463,0.678849737463085,895.3113553113553,786.5201465201466,815.934065934066,917.0695970695971,86.22710622710623,0,-0.374512,0.059692,0.793091,-2.796326,9.428253,-14.878845,1,2,1,1,2,95.000000
2025-03-25 16:05:53.126,,,,,,,,,,,,,,,,,,,,,,,,,,,,,,,,,,,,,,,/muse/elements/blink
2025-03-25 16:05:53.569,0.3586984273206847,0.05725899228109192,0.6446257543993305,0.2070890544306735,0.0474568705567214,-0.257863512034671,0.4316803967906203,0.009318875364888886,0.969878162790305,0.4380067812862184,0.696007514707946,0.4521165317397432,0.8415249813084359,1.11569806559339,1.02756311352399,0.8674460243988059,0.9233560975861163,0.8552844127043536,0.3131020598521463,0.678849737463085,826.4102564102565,815.5311355311355,809.8901098901099,815.934065934066,506.8864468864469,244.981684981685,-0.424072,-0.028809,0.873840,1.996307,6.654358,-4.396362,1,2,1,1,2,95.000000
2025-03-25 16:05:54.079,0.3586984273206847,0.05725899228109192,0.6446257543993305,0.2070890544306735,0.0474568705567214,-0.257863512034671,0.4316803967906203,0.009318875364888886,0.969878162790305,0.4380067812862184,0.696007514707946,0.4521165317397432,0.8415249813084359,1.11569806559339,1.02756311352399,0.8674460243988059,0.9233560975861163,0.8552844127043536,0.3131020598521463,0.678849737463085,769.5970695970697,764.3589743589744,787.3260073260074,791.7582417582418,924.3223443223443,1208.791208791209,-0.438049,0.019958,0.889343,8.680573,-6.183319,-23.155670,1,2,1,1,2,95.000000
2025-03-25 16:05:54.579,0.3586984273206847,0.05725899228109192,0.6446257543993305,0.2070890544306735,0.0474568705567214,-0.257863512034671,0.4316803967906203,0.009318875364888886,0.969878162790305,0.4380067812862184,0.696007514707946,0.4521165317397432,0.8415249813084359,1.11569806559339,1.02756311352399,0.8674460243988059,0.9233560975861163,0.8552844127043536,0.3131020598521463,0.678849737463085,757.1062271062272,750.2564102564103,799.0109890109891,762.7472527472528,860.6593406593407,1019.010989010989,-0.288391,-0.067017,0.973022,32.703552,-2.871094,-74.977417,1,2,1,1,2,95.000000
2025-03-25 16:05:55.069,0.3586984273206847,0.05725899228109192,0.6446257543993305,0.2070890544306735,0.0474568705567214,-0.257863512034671,0.4316803967906203,0.009318875364888886,0.969878162790305,0.4380067812862184,0.696007514707946,0.4521165317397432,0.8415249813084359,1.11569806559339,1.02756311352399,0.8674460243988059,0.9233560975861163,0.8552844127043536,0.3131020598521463,0.678849737463085,797.3992673992674,822.3809523809524,813.919413919414,765.1648351648352,885.2380952380953,611.2454212454213,-0.330566,-0.096741,0.926208,-4.523468,-3.446808,15.813446,1,2,1,1,2,95.000000
2025-03-25 16:05:55.547,,,,,,,,,,,,,,,,,,,,,,,,,,,,,,,,,,,,,,,/muse/elements/blink
2025-03-25 16:05:55.569,0.3586984273206847,0.05725899228109192,0.6446257543993305,0.2070890544306735,0.0474568705567214,-0.257863512034671,0.4316803967906203,0.009318875364888886,0.969878162790305,0.4380067812862184,0.696007514707946,0.4521165317397432,0.8415249813084359,1.11569806559339,1.02756311352399,0.8674460243988059,0.9233560975861163,0.8552844127043536,0.3131020598521463,0.678849737463085,832.4542124542124,855.8241758241759,800.2197802197802,809.4871794871796,888.0586080586081,968.6446886446887,-0.308777,0.079102,0.938904,-35.036316,12.994690,91.994629,1,2,1,1,2,95.000000
2025-03-25 16:05:56.069,0.3586984273206847,0.05725899228109192,0.6446257543993305,0.2070890544306735,0.0474568705567214,-0.257863512034671,0.4316803967906203,0.009318875364888886,0.969878162790305,0.4380067812862184,0.696007514707946,0.4521165317397432,0.8415249813084359,1.11569806559339,1.02756311352399,0.8674460243988059,0.9233560975861163,0.8552844127043536,0.3131020598521463,0.678849737463085,809.4871794871796,809.0842490842491,805.4578754578755,812.7106227106227,812.7106227106227,723.2600732600732,-0.219604,0.083374,1.001770,-41.900024,-12.493744,142.246246,1,2,1,1,2,95.000000
2025-03-25 16:05:56.570,0.3586984273206847,0.05725899228109192,0.6446257543993305,0.2070890544306735,0.0474568705567214,-0.257863512034671,0.4316803967906203,0.009318875364888886,0.969878162790305,0.4380067812862184,0.696007514707946,0.4521165317397432,0.8415249813084359,1.11569806559339,1.02756311352399,0.8674460243988059,0.9233560975861163,0.8552844127043536,0.3131020598521463,0.678849737463085,822.3809523809524,794.5787545787546,784.1025641025641,777.2527472527473,740.1831501831502,290.9157509157509,-0.317932,0.019836,0.962769,-5.959015,2.639313,3.693542,1,2,1,1,2,95.000000
2025-03-25 16:05:57.072,0.3586984273206847,0.05725899228109192,0.6446257543993305,0.2070890544306735,0.0474568705567214,-0.257863512034671,0.4316803967906203,0.009318875364888886,0.969878162790305,0.4380067812862184,0.696007514707946,0.4521165317397432,0.8415249813084359,1.11569806559339,1.02756311352399,0.8674460243988059,0.9233560975861163,0.8552844127043536,0.3131020598521463,0.678849737463085,777.2527472527473,756.3003663003664,852.6007326007326,790.952380952381,898.5347985347986,751.8681318681319,-0.269531,0.273193,0.910889,24.000549,-9.996490,-88.615112,1,2,1,1,2,95.000000
2025-03-25 16:05:57.386,,,,,,,,,,,,,,,,,,,,,,,,,,,,,,,,,,,,,,,/muse/elements/blink
2025-03-25 16:05:57.569,0.3586984273206847,0.05725899228109192,0.6446257543993305,0.2070890544306735,0.0474568705567214,-0.257863512034671,0.4316803967906203,0.009318875364888886,0.969878162790305,0.4380067812862184,0.696007514707946,0.4521165317397432,0.8415249813084359,1.11569806559339,1.02756311352399,0.8674460243988059,0.9233560975861163,0.8552844127043536,0.3131020598521463,0.678849737463085,791.3553113553114,707.948717948718,840.1098901098901,810.2930402930403,1251.501831501831,1594.798534798535,-0.183411,-0.017456,1.010071,54.468536,-10.213318,-156.302643,1,2,1,1,2,95.000000
2025-03-25 16:05:58.076,0.3586984273206847,0.05725899228109192,0.6446257543993305,0.2070890544306735,0.0474568705567214,-0.257863512034671,0.4316803967906203,0.009318875364888886,0.969878162790305,0.4380067812862184,0.696007514707946,0.4521165317397432,0.8415249813084359,1.11569806559339,1.02756311352399,0.8674460243988059,0.9233560975861163,0.8552844127043536,0.3131020598521463,0.678849737463085,726.8864468864469,825.2014652014652,799.4139194139194,708.7545787545788,280.0366300366301,0,-0.189697,-0.113953,0.967163,-55.814362,-14.093781,148.212738,1,2,1,1,2,95.000000
2025-03-25 16:05:58.282,,,,,,,,,,,,,,,,,,,,,,,,,,,,,,,,,,,,,,,/muse/elements/blink
2025-03-25 16:05:58.570,0.3586984273206847,0.05725899228109192,0.6446257543993305,0.2070890544306735,0.0474568705567214,-0.257863512034671,0.4316803967906203,0.009318875364888886,0.969878162790305,0.4380067812862184,0.696007514707946,0.4521165317397432,0.8415249813084359,1.11569806559339,1.02756311352399,0.8674460243988059,0.9233560975861163,0.8552844127043536,0.3131020598521463,0.678849737463085,778.4615384615385,773.2234432234433,838.0952380952381,868.3150183150184,1257.142857142857,1616.959706959707,-0.127441,0.155640,1.053040,-32.479248,3.379517,129.745026,1,2,1,1,2,95.000000
2025-03-25 16:05:59.069,0.3586984273206847,0.05725899228109192,0.6446257543993305,0.2070890544306735,0.0474568705567214,-0.257863512034671,0.4316803967906203,0.009318875364888886,0.969878162790305,0.4380067812862184,0.696007514707946,0.4521165317397432,0.8415249813084359,1.11569806559339,1.02756311352399,0.8674460243988059,0.9233560975861163,0.8552844127043536,0.3131020598521463,0.678849737463085,779.6703296703297,793.3699633699634,798.6080586080586,766.3736263736264,316.3003663003663,0,-0.329224,-0.016724,0.770996,13.413391,-1.039276,-25.525818,1,2,1,1,2,95.000000
2025-03-25 16:05:59.499,,,,,,,,,,,,,,,,,,,,,,,,,,,,,,,,,,,,,,,/muse/elements/blink
2025-03-25 16:05:59.569,0.3586984273206847,0.05725899228109192,0.6446257543993305,0.2070890544306735,0.0474568705567214,-0.257863512034671,0.4316803967906203,0.009318875364888886,0.969878162790305,0.4380067812862184,0.696007514707946,0.4521165317397432,0.8415249813084359,1.11569806559339,1.02756311352399,0.8674460243988059,0.9233560975861163,0.8552844127043536,0.3131020598521463,0.678849737463085,822.7838827838829,808.6813186813187,793.3699633699634,838.0952380952381,847.3626373626374,810.6959706959707,-0.084045,0.014709,0.792847,18.878937,0.814972,-91.067505,1,2,1,1,2,95.000000
2025-03-25 16:06:00.069,0.3586984273206847,0.05725899228109192,0.6446257543993305,0.2070890544306735,0.0474568705567214,-0.257863512034671,0.4316803967906203,0.009318875364888886,0.969878162790305,0.4380067812862184,0.696007514707946,0.4521165317397432,0.8415249813084359,1.11569806559339,1.02756311352399,0.8674460243988059,0.9233560975861163,0.8552844127043536,0.3131020598521463,0.678849737463085,807.8754578754579,828.021978021978,812.3076923076924,794.981684981685,461.7582417582418,159.5604395604396,-0.135376,-0.025513,0.829529,7.192688,3.215027,4.874878,1,2,1,1,2,95.000000
2025-03-25 16:06:00.536,,,,,,,,,,,,,,,,,,,,,,,,,,,,,,,,,,,,,,,/muse/elements/blink
2025-03-25 16:06:00.569,0.3586984273206847,0.05725899228109192,0.6446257543993305,0.2070890544306735,0.0474568705567214,-0.257863512034671,0.4316803967906203,0.009318875364888886,0.969878162790305,0.4380067812862184,0.696007514707946,0.4521165317397432,0.8415249813084359,1.11569806559339,1.02756311352399,0.8674460243988059,0.9233560975861163,0.8552844127043536,0.3131020598521463,0.678849737463085,791.3553113553114,783.2967032967033,801.4285714285714,807.0695970695971,840.1098901098901,890.8791208791209,-0.159790,0.092346,0.707520,-5.046844,-5.144043,-1.570129,1,2,1,1,2,95.000000
2025-03-25 16:06:01.069,0.3586984273206847,0.05725899228109192,0.6446257543993305,0.2070890544306735,0.0474568705567214,-0.257863512034671,0.4316803967906203,0.009318875364888886,0.969878162790305,0.4380067812862184,0.696007514707946,0.4521165317397432,0.8415249813084359,1.11569806559339,1.02756311352399,0.8674460243988059,0.9233560975861163,0.8552844127043536,0.3131020598521463,0.678849737463085,815.5311355311355,782.0879120879121,794.1758241758242,816.7399267399268,589.0842490842491,72.52747252747253,-0.243896,-0.101807,0.773560,-9.241333,4.957123,1.241150,1,2,1,1,2,95.000000
2025-03-25 16:06:01.569,1.136934003691758,0.05725899228109192,0.6446257543993305,0.2070890544306735,1.354309850684108,-0.257863512034671,0.4316803967906203,0.009318875364888886,1.341040525713367,0.4380067812862184,0.696007514707946,0.4521165317397432,1.51560908687737,1.11569806559339,1.02756311352399,0.8674460243988059,1.231162562668192,0.8552844127043536,0.3131020598521463,0.678849737463085,803.8461538461539,819.1575091575091,805.8608058608058,838.0952380952381,1389.304029304029,1622.197802197802,-0.233765,0.216370,1.047729,12.179718,-14.714355,0.807495,1,1,1,1,1,95.000000
2025-03-25 16:06:02.070,1.201406231892473,0.05725899228109192,0.6446257543993305,0.2070890544306735,1.456151297674721,-0.257863512034671,0.4316803967906203,0.009318875364888886,1.423150852845849,0.4380067812862184,0.696007514707946,0.4521165317397432,1.558425120892869,1.11569806559339,1.02756311352399,0.8674460243988059,1.30652679935753,0.8552844127043536,0.3131020598521463,0.678849737463085,778.0586080586081,782.893772893773,763.956043956044,807.8754578754579,459.3406593406593,0,-0.190674,0.014221,1.079651,0.291595,-8.089905,9.091797,1,1,1,1,1,95.000000
2025-03-25 16:06:02.130,,,,,,,,,,,,,,,,,,,,,,,,,,,,,,,,,,,,,,,/muse/elements/blink
2025-03-25 16:06:02.569,1.192486481481258,0.05725899228109192,0.6446257543993305,0.2070890544306735,1.431111794769544,-0.257863512034671,0.4316803967906203,0.009318875364888886,1.399559559257221,0.4380067812862184,0.696007514707946,0.4521165317397432,1.599795008722794,1.11569806559339,1.02756311352399,0.8674460243988059,1.293844553966925,0.8552844127043536,0.3131020598521463,0.678849737463085,681.7582417582418,808.6813186813187,767.5824175824176,597.5457875457876,0,0,-0.237244,0.083740,1.400818,7.402039,-9.301147,-16.673279,1,1,1,1,1,95.000000
2025-03-25 16:06:02.735,,,,,,,,,,,,,,,,,,,,,,,,,,,,,,,,,,,,,,,/muse/elements/blink
2025-03-25 16:06:03.077,1.28082152326563,0.05725899228109192,0.6446257543993305,0.2070890544306735,1.548151842665493,-0.257863512034671,0.4316803967906203,0.009318875364888886,1.333835177430829,0.4380067812862184,0.696007514707946,0.4521165317397432,1.644907907568908,1.11569806559339,1.02756311352399,0.8674460243988059,1.404669918979619,0.8552844127043536,0.3131020598521463,0.678849737463085,774.4322344322345,794.5787545787546,801.8315018315019,728.4981684981685,904.1758241758242,768.3882783882784,-0.271362,0.004333,1.202637,-15.140533,-2.190704,3.828125,1,1,1,1,1,95.000000
2025-03-25 16:06:03.569,1.28082152326563,0.05725899228109192,0.6446257543993305,0.2070890544306735,1.548151842665493,-0.257863512034671,0.4316803967906203,0.009318875364888886,1.333835177430829,0.4380067812862184,0.696007514707946,0.4521165317397432,1.644907907568908,1.11569806559339,1.02756311352399,0.8674460243988059,1.404669918979619,0.8552844127043536,0.3131020598521463,0.678849737463085,874.7619047619048,810.6959706959707,844.5421245421246,915.8608058608058,935.6043956043957,1223.296703296703,-0.199402,-0.058411,0.999817,6.056213,-3.147736,-43.731842,1,1,1,1,1,95.000000
2025-03-25 16:06:03.671,,,,,,,,,,,,,,,,,,,,,,,,,,,,,,,,,,,,,,,/muse/elements/blink
2025-03-25 16:06:03.870,,,,,,,,,,,,,,,,,,,,,,,,,,,,,,,,,,,,,,,/muse/elements/blink
2025-03-25 16:06:04.069,1.28082152326563,0.05725899228109192,0.6446257543993305,0.2070890544306735,1.548151842665493,-0.257863512034671,0.4316803967906203,0.009318875364888886,1.333835177430829,0.4380067812862184,0.696007514707946,0.4521165317397432,1.644907907568908,1.11569806559339,1.02756311352399,0.8674460243988059,1.404669918979619,0.8552844127043536,0.3131020598521463,0.678849737463085,796.5934065934066,794.5787545787546,803.8461538461539,745.0183150183151,448.4615384615385,0,-0.165039,0.260620,0.922180,27.051086,7.207642,-49.578705,1,1,1,1,1,95.000000
2025-03-25 16:06:04.573,1.28082152326563,0.05725899228109192,0.6446257543993305,0.2070890544306735,1.548151842665493,-0.257863512034671,0.4316803967906203,0.009318875364888886,1.333835177430829,0.4380067812862184,0.696007514707946,0.4521165317397432,1.644907907568908,1.11569806559339,1.02756311352399,0.8674460243988059,1.404669918979619,0.8552844127043536,0.3131020598521463,0.678849737463085,809.4871794871796,770,815.934065934066,745.8241758241759,299.7802197802198,0,-0.174133,-0.057190,0.879333,11.716156,1.256104,-79.799957,1,2,1,4,2,95.000000
2025-03-25 16:06:05.081,1.28082152326563,0.05725899228109192,0.6446257543993305,0.2070890544306735,1.548151842665493,-0.257863512034671,0.4316803967906203,0.009318875364888886,1.333835177430829,0.4380067812862184,0.696007514707946,0.4521165317397432,1.644907907568908,1.11569806559339,1.02756311352399,0.8674460243988059,1.404669918979619,0.8552844127043536,0.3131020598521463,0.678849737463085,812.7106227106227,802.6373626373627,806.2637362637363,767.1794871794872,1072.197802197802,1004.505494505495,-0.194275,0.183411,1.004578,34.408264,-4.658051,-81.422424,1,2,1,1,2,95.000000
2025-03-25 16:06:05.572,1.28082152326563,0.05725899228109192,0.6446257543993305,0.2070890544306735,1.548151842665493,-0.257863512034671,0.4316803967906203,0.009318875364888886,1.333835177430829,0.4380067812862184,0.696007514707946,0.4521165317397432,1.644907907568908,1.11569806559339,1.02756311352399,0.8674460243988059,1.404669918979619,0.8552844127043536,0.3131020598521463,0.678849737463085,796.996336996337,846.959706959707,726.0805860805862,795.7875457875458,386.007326007326,0,-0.310303,0.070068,0.937500,19.873352,9.787140,-37.264404,1,2,1,4,2,95.000000
2025-03-25 16:06:06.069,1.28082152326563,0.05725899228109192,0.6446257543993305,0.2070890544306735,1.548151842665493,-0.257863512034671,0.4316803967906203,0.009318875364888886,1.333835177430829,0.4380067812862184,0.696007514707946,0.4521165317397432,1.644907907568908,1.11569806559339,1.02756311352399,0.8674460243988059,1.404669918979619,0.8552844127043536,0.3131020598521463,0.678849737463085,750.6593406593407,794.5787545787546,827.2161172161173,785.7142857142858,664.4322344322344,349.3406593406593,-0.203857,-0.087769,0.976501,23.103333,-1.136475,-65.549164,1,2,1,1,2,95.000000
2025-03-25 16:06:06.569,1.28082152326563,0.05725899228109192,0.6446257543993305,0.2070890544306735,1.548151842665493,-0.257863512034671,0.4316803967906203,0.009318875364888886,1.333835177430829,0.4380067812862184,0.696007514707946,0.4521165317397432,1.644907907568908,1.11569806559339,1.02756311352399,0.8674460243988059,1.404669918979619,0.8552844127043536,0.3131020598521463,0.678849737463085,804.6520146520147,808.6813186813187,791.3553113553114,842.1245421245421,1219.67032967033,1616.556776556777,-0.375671,0.134949,0.920898,10.056305,2.056122,-7.334747,1,2,1,1,2,95.000000
2025-03-25 16:06:07.069,1.28082152326563,0.05725899228109192,0.6446257543993305,0.2070890544306735,1.548151842665493,-0.257863512034671,0.4316803967906203,0.009318875364888886,1.333835177430829,0.4380067812862184,0.696007514707946,0.4521165317397432,1.644907907568908,1.11569806559339,1.02756311352399,0.8674460243988059,1.404669918979619,0.8552844127043536,0.3131020598521463,0.678849737463085,840.1098901098901,800.2197802197802,821.978021978022,857.032967032967,818.3516483516484,832.8571428571429,-0.495667,0.009521,0.875244,-12.448883,15.417175,25.249176,1,2,1,1,2,95.000000
2025-03-25 16:06:07.147,,,,,,,,,,,,,,,,,,,,,,,,,,,,,,,,,,,,,,,/muse/elements/blink
2025-03-25 16:06:07.569,1.28082152326563,0.05725899228109192,0.6446257543993305,0.2070890544306735,1.548151842665493,-0.257863512034671,0.4316803967906203,0.009318875364888886,1.333835177430829,0.4380067812862184,0.696007514707946,0.4521165317397432,1.644907907568908,1.11569806559339,1.02756311352399,0.8674460243988059,1.404669918979619,0.8552844127043536,0.3131020598521463,0.678849737463085,823.1868131868132,826.8131868131868,815.5311355311355,821.1721611721612,595.5311355311355,436.3736263736264,-0.485291,-0.021423,0.869995,-37.241974,-2.056122,47.051544,1,2,1,1,2,95.000000
2025-03-25 16:06:08.080,1.28082152326563,0.05725899228109192,0.6446257543993305,0.2070890544306735,1.548151842665493,-0.257863512034671,0.4316803967906203,0.009318875364888886,1.333835177430829,0.4380067812862184,0.696007514707946,0.4521165317397432,1.644907907568908,1.11569806559339,1.02756311352399,0.8674460243988059,1.404669918979619,0.8552844127043536,0.3131020598521463,0.678849737463085,749.8534798534798,869.5238095238095,776.0439560439561,704.7252747252747,847.3626373626374,843.7362637362637,-0.363037,0.053223,0.916138,28.172607,-25.466003,-57.541504,1,2,1,1,2,95.000000
2025-03-25 16:06:08.210,,,,,,,,,,,,,,,,,,,,,,,,,,,,,,,,,,,,,,,/muse/elements/blink
2025-03-25 16:06:08.569,1.28082152326563,0.05725899228109192,0.6446257543993305,0.2070890544306735,1.548151842665493,-0.257863512034671,0.4316803967906203,0.009318875364888886,1.333835177430829,0.4380067812862184,0.696007514707946,0.4521165317397432,1.644907907568908,1.11569806559339,1.02756311352399,0.8674460243988059,1.404669918979619,0.8552844127043536,0.3131020598521463,0.678849737463085,819.5604395604396,828.8278388278388,788.1318681318681,792.1611721611722,850.1831501831502,745.8241758241759,-0.345886,-0.053894,0.910645,14.594727,4.157104,-39.141083,1,2,1,1,2,95.000000
2025-03-25 16:06:09.069,1.28082152326563,0.05725899228109192,0.6446257543993305,0.2070890544306735,1.548151842665493,-0.257863512034671,0.4316803967906203,0.009318875364888886,1.333835177430829,0.4380067812862184,0.696007514707946,0.4521165317397432,1.644907907568908,1.11569806559339,1.02756311352399,0.8674460243988059,1.404669918979619,0.8552844127043536,0.3131020598521463,0.678849737463085,784.1025641025641,790.1465201465202,786.1172161172161,796.5934065934066,724.8717948717949,427.9120879120879,-0.369080,0.002808,0.912170,-1.487885,-4.306641,13.204041,1,2,1,1,2,95.000000
2025-03-25 16:06:09.569,1.28082152326563,0.05725899228109192,0.6446257543993305,0.2070890544306735,1.548151842665493,-0.257863512034671,0.4316803967906203,0.009318875364888886,1.333835177430829,0.4380067812862184,0.696007514707946,0.4521165317397432,1.644907907568908,1.11569806559339,1.02756311352399,0.8674460243988059,1.404669918979619,0.8552844127043536,0.3131020598521463,0.678849737463085,754.2857142857143,732.1245421245421,826.8131868131868,784.5054945054945,736.5567765567765,553.6263736263736,-0.285706,-0.028259,0.948120,-24.052887,-8.209534,94.566650,1,2,1,1,2,95.000000
2025-03-25 16:06:10.078,1.100017940007868,0.05725899228109192,0.548730802343955,0.8351029200555536,0.584547700910278,-0.257863512034671,0.5989568119488803,0.3794130591436943,0.9850386620880303,0.4380067812862184,0.7755077653204508,0.741669385424466,1.301334674413639,1.11569806559339,1.208964952688244,1.376698866752974,1.08958456651715,0.8552844127043536,1.116167464890588,0.922050801165365,790.1465201465202,845.7509157509157,787.3260073260074,848.5714285714286,1235.787545787546,1621.391941391941,-0.229797,0.150269,0.943726,-22.415466,2.871094,55.462952,1,1,1,1,1,95.000000
2025-03-25 16:06:10.569,1.100017940007868,0.05725899228109192,0.548730802343955,0.9960152820277997,0.584547700910278,-0.257863512034671,0.5989568119488803,0.5939670999081917,0.9850386620880303,0.4380067812862184,0.7755077653204508,0.846356423046112,1.301334674413639,1.11569806559339,1.208964952688244,1.332071176341975,1.08958456651715,0.8552844127043536,1.116167464890588,0.8949682365253697,841.7216117216118,811.5018315018315,810.2930402930403,882.8205128205128,1388.095238095238,1621.794871794872,-0.257263,-0.091736,0.941772,-24.112701,-3.603821,40.030823,1,1,1,1,1,95.000000
2025-03-25 16:06:11.083,1.248667454231542,0.05725899228109192,0.548730802343955,0.9960152820277997,0.943558697653907,-0.257863512034671,0.5989568119488803,0.5939670999081917,1.10727005448824,0.4380067812862184,0.7755077653204508,0.846356423046112,1.302052938324477,1.11569806559339,1.208964952688244,1.332071176341975,1.128143396212044,0.8552844127043536,1.116167464890588,0.8949682365253697,816.3369963369963,817.5457875457876,792.5641025641025,790.5494505494506,699.4871794871796,583.8461538461538,-0.326721,0.036499,0.944092,-10.288086,2.033691,26.527710,1,1,1,1,1,95.000000
2025-03-25 16:06:11.569,1.296025878299891,0.05725899228109192,0.548730802343955,1.11141849663304,1.002200520733124,-0.257863512034671,0.5989568119488803,0.6829302470083205,1.083391496606116,0.4380067812862184,0.7755077653204508,0.8401881977925195,1.304894856459007,1.11569806559339,1.208964952688244,1.319577070603333,1.137217934964398,0.8552844127043536,1.116167464890588,0.8779294661011371,770.8058608058608,804.6520146520147,806.2637362637363,779.6703296703297,768.3882783882784,591.5018315018315,-0.323242,0.049377,0.933838,-0.598145,1.256104,3.865509,1,1,1,1,1,95.000000
2025-03-25 16:06:12.069,1.286876838007891,0.05725899228109192,0.548730802343955,1.11141849663304,0.9474584424753619,-0.257863512034671,0.5989568119488803,0.6829302470083205,1.180135641550841,0.4380067812862184,0.7755077653204508,0.8401881977925195,1.392351925407558,1.11569806559339,1.208964952688244,1.319577070603333,1.045778708975073,0.8552844127043536,1.116167464890588,0.8779294661011371,839.7069597069598,834.0659340659341,765.1648351648352,796.5934065934066,805.8608058608058,730.1098901098901,-0.335327,0.041870,0.928528,15.282593,-4.530945,-28.666077,1,1,1,1,1,95.000000
2025-03-25 16:06:12.570,1.083832542098531,0.05725899228109192,0.548730802343955,0.3476281995659687,0.6471956918390144,-0.257863512034671,0.5989568119488803,0.4851390468320721,1.087145282092167,0.4380067812862184,0.7755077653204508,0.8389588081614169,1.327742948685415,1.11569806559339,1.208964952688244,1.172128122221493,1.081623117390918,0.8552844127043536,1.116167464890588,1.043363642982195,775.2380952380953,883.2234432234433,756.3003663003664,757.1062271062272,834.8717948717949,700.2930402930403,-0.253479,0.064148,0.965271,45.421600,-7.327271,-132.675934,1,1,1,1,1,95.000000
2025-03-25 16:06:12.743,,,,,,,,,,,,,,,,,,,,,,,,,,,,,,,,,,,,,,,/muse/elements/blink
2025-03-25 16:06:13.076,0.862039334788766,0.05725899228109192,0.548730802343955,0.3476281995659687,0.521448871827111,-0.257863512034671,0.5989568119488803,0.4851390468320721,0.9856243983451101,0.4380067812862184,0.7755077653204508,0.8389588081614169,1.286173591544597,1.11569806559339,1.208964952688244,1.172128122221493,1.114800049962204,0.8552844127043536,1.116167464890588,1.043363642982195,829.2307692307693,782.0879120879121,802.6373626373627,803.8461538461539,970.6593406593407,1170.10989010989,-0.368042,0.031128,0.931335,22.766876,1.600037,-70.992279,1,1,1,1,1,95.000000
2025-03-25 16:06:13.572,0.6496203428108489,0.05725899228109192,0.548730802343955,0.3476281995659687,0.3941187542414643,-0.257863512034671,0.5989568119488803,0.4851390468320721,0.8722252623119816,0.4380067812862184,0.7755077653204508,0.8389588081614169,1.200108212796398,1.11569806559339,1.208964952688244,1.172128122221493,1.205880078786767,0.8552844127043536,1.116167464890588,1.043363642982195,799.8168498168499,807.8754578754579,803.8461538461539,846.959706959707,1280.915750915751,1621.794871794872,-0.341614,0.008545,0.938171,4.426270,-1.114044,-7.013245,1,1,1,1,1,95.000000
2025-03-25 16:06:14.070,0.6496203428108489,0.05725899228109192,0.548730802343955,0.3476281995659687,0.3941187542414643,-0.257863512034671,0.5989568119488803,0.4851390468320721,0.8722252623119816,0.4380067812862184,0.7755077653204508,0.8389588081614169,1.200108212796398,1.11569806559339,1.208964952688244,1.172128122221493,1.205880078786767,0.8552844127043536,1.116167464890588,1.043363642982195,784.5054945054945,801.4285714285714,791.3553113553114,807.0695970695971,766.3736263736264,591.0989010989011,-0.331360,0.010071,0.893494,8.463745,-1.256104,-5.876770,1,1,1,1,1,95.000000
2025-03-25 16:06:14.573,0.6496203428108489,0.05725899228109192,0.7609729382001338,0.3476281995659687,0.3941187542414643,-0.257863512034671,0.6223724510804304,0.4851390468320721,0.8722252623119816,0.4380067812862184,0.6316285090374342,0.8389588081614169,1.200108212796398,1.11569806559339,1.16152018439089,1.172128122221493,1.205880078786767,0.8552844127043536,0.9656504962384005,1.043363642982195,801.4285714285714,871.941391941392,766.7765567765568,788.1318681318681,798.2051282051282,635.8241758241759,-0.129150,-0.045898,1.018677,-63.597717,-11.222687,179.854584,1,1,1,1,1,95.000000
2025-03-25 16:06:15.070,0.6496203428108489,0.05725899228109192,0.7609729382001338,0.3476281995659687,0.3941187542414643,-0.257863512034671,0.6223724510804304,0.4851390468320721,0.8722252623119816,0.4380067812862184,0.6316285090374342,0.8389588081614169,1.200108212796398,1.11569806559339,1.16152018439089,1.172128122221493,1.205880078786767,0.8552844127043536,0.9656504962384005,1.043363642982195,824.3956043956044,840.5128205128206,813.1135531135532,809.4871794871796,953.7362637362637,1019.010989010989,-0.277283,0.072449,0.957275,-16.082611,1.719666,56.472321,1,1,1,1,1,95.000000
2025-03-25 16:06:15.570,0.6496203428108489,0.05725899228109192,0.7499528331908177,0.3476281995659687,0.3941187542414643,-0.257863512034671,0.5173142416345533,0.4851390468320721,0.8722252623119816,0.4380067812862184,0.5485045571148947,0.8389588081614169,1.200108212796398,1.11569806559339,1.198730632401118,1.172128122221493,1.205880078786767,0.8552844127043536,1.015022856465097,1.043363642982195,751.8681318681319,899.3406593406594,772.4175824175825,662.014652014652,584.6520146520147,4.432234432234432,-0.127563,0.054138,1.040344,86.686096,-6.759033,-202.434540,1,2,1,1,2,95.000000
2025-03-25 16:06:15.765,,,,,,,,,,,,,,,,,,,,,,,,,,,,,,,,,,,,,,,/muse/elements/blink
2025-03-25 16:06:16.069,0.6496203428108489,0.05725899228109192,0.7499528331908177,0.3476281995659687,0.3941187542414643,-0.257863512034671,0.5173142416345533,0.4851390468320721,0.8722252623119816,0.4380067812862184,0.5485045571148947,0.8389588081614169,1.200108212796398,1.11569806559339,1.198730632401118,1.172128122221493,1.205880078786767,0.8552844127043536,1.015022856465097,1.043363642982195,814.3223443223443,738.1684981684982,820.7692307692308,810.2930402930403,972.2710622710623,670.0732600732601,-0.387329,-0.052979,0.864258,11.559143,1.398163,-39.656982,1,2,1,1,2,95.000000
2025-03-25 16:06:16.565,,,,,,,,,,,,,,,,,,,,,,,,,,,,,,,,,,,,,,,/muse/elements/blink
2025-03-25 16:06:16.580,0.6496203428108489,0.05725899228109192,0.7499528331908177,0.3476281995659687,0.3941187542414643,-0.257863512034671,0.5173142416345533,0.4851390468320721,0.8722252623119816,0.4380067812862184,0.5485045571148947,0.8389588081614169,1.200108212796398,1.11569806559339,1.198730632401118,1.172128122221493,1.205880078786767,0.8552844127043536,1.015022856465097,1.043363642982195,823.5897435897436,823.992673992674,755.0915750915751,776.0439560439561,584.2490842490843,0,-0.187256,0.004517,0.722229,-37.227020,0.949554,114.013824,1,2,1,1,2,95.000000
2025-03-25 16:06:16.877,,,,,,,,,,,,,,,,,,,,,,,,,,,,,,,,,,,,,,,/muse/elements/blink
2025-03-25 16:06:17.069,0.6496203428108489,0.05725899228109192,0.7499528331908177,0.3476281995659687,0.3941187542414643,-0.257863512034671,0.5173142416345533,0.4851390468320721,0.8722252623119816,0.4380067812862184,0.5485045571148947,0.8389588081614169,1.200108212796398,1.11569806559339,1.198730632401118,1.172128122221493,1.205880078786767,0.8552844127043536,1.015022856465097,1.043363642982195,802.6373626373627,820.7692307692308,828.4249084249085,782.893772893773,1012.161172161172,1015.384615384615,-0.076904,-0.061096,1.039856,-51.201172,-9.652557,106.626740,1,2,1,1,2,95.000000
2025-03-25 16:06:17.569,0.6496203428108489,0.05725899228109192,0.7499528331908177,0.3476281995659687,0.3941187542414643,-0.257863512034671,0.5173142416345533,0.4851390468320721,0.8722252623119816,0.4380067812862184,0.5485045571148947,0.8389588081614169,1.200108212796398,1.11569806559339,1.198730632401118,1.172128122221493,1.205880078786767,0.8552844127043536,1.015022856465097,1.043363642982195,847.7655677655678,819.1575091575091,803.8461538461539,820.3663003663004,1048.021978021978,1162.051282051282,-0.311157,-0.063721,0.753418,-7.970276,10.160980,3.454285,1,2,1,1,2,95.000000
2025-03-25 16:06:17.587,,,,,,,,,,,,,,,,,,,,,,,,,,,,,,,,,,,,,,,/muse/elements/blink
2025-03-25 16:06:17.873,,,,,,,,,,,,,,,,,,,,,,,,,,,,,,,,,,,,,,,/muse/elements/jaw_clench
2025-03-25 16:06:17.968,,,,,,,,,,,,,,,,,,,,,,,,,,,,,,,,,,,,,,,/muse/elements/blink
2025-03-25 16:06:18.073,0.6496203428108489,0.05725899228109192,0.7499528331908177,0.3476281995659687,0.3941187542414643,-0.257863512034671,0.5173142416345533,0.4851390468320721,0.8722252623119816,0.4380067812862184,0.5485045571148947,0.8389588081614169,1.200108212796398,1.11569806559339,1.198730632401118,1.172128122221493,1.205880078786767,0.8552844127043536,1.015022856465097,1.043363642982195,811.0989010989011,786.9230769230769,778.4615384615385,794.1758241758242,1053.260073260073,1110.07326007326,-0.064209,0.018616,1.257874,38.184052,-10.998383,-99.456482,1,2,1,1,2,95.000000
2025-03-25 16:06:18.570,0.6496203428108489,0.05725899228109192,0.7499528331908177,0.3476281995659687,0.3941187542414643,-0.257863512034671,0.5173142416345533,0.4851390468320721,0.8722252623119816,0.4380067812862184,0.5485045571148947,0.8389588081614169,1.200108212796398,1.11569806559339,1.198730632401118,1.172128122221493,1.205880078786767,0.8552844127043536,1.015022856465097,1.043363642982195,728.901098901099,734.1391941391942,863.4798534798535,781.6849816849817,969.047619047619,1254.322344322344,-0.167053,-0.214355,0.970154,-41.062622,8.964691,141.498566,1,2,1,1,2,95.000000
2025-03-25 16:06:18.812,,,,,,,,,,,,,,,,,,,,,,,,,,,,,,,,,,,,,,,/muse/elements/jaw_clench
2025-03-25 16:06:19.070,0.6496203428108489,0.05725899228109192,0.7499528331908177,0.3476281995659687,0.3941187542414643,-0.257863512034671,0.5173142416345533,0.4851390468320721,0.8722252623119816,0.4380067812862184,0.5485045571148947,0.8389588081614169,1.200108212796398,1.11569806559339,1.198730632401118,1.172128122221493,1.205880078786767,0.8552844127043536,1.015022856465097,1.043363642982195,823.5897435897436,802.6373626373627,826.8131868131868,780.4761904761905,6.043956043956044,5.641025641025641,-0.389832,0.122009,1.241333,33.840027,6.430054,-17.682648,1,2,1,1,2,95.000000
2025-03-25 16:06:19.172,,,,,,,,,,,,,,,,,,,,,,,,,,,,,,,,,,,,,,,/muse/elements/blink
2025-03-25 16:06:19.570,0.6496203428108489,0.05725899228109192,0.7499528331908177,0.3476281995659687,0.3941187542414643,-0.257863512034671,0.5173142416345533,0.4851390468320721,0.8722252623119816,0.4380067812862184,0.5485045571148947,0.8389588081614169,1.200108212796398,1.11569806559339,1.198730632401118,1.172128122221493,1.205880078786767,0.8552844127043536,1.015022856465097,1.043363642982195,777.2527472527473,793.7728937728938,784.5054945054945,721.6483516483516,284.4688644688645,0,-0.432678,-0.099670,1.381592,-2.459869,-5.577698,6.459961,1,2,1,1,2,95.000000
2025-03-25 16:06:20.070,0.6496203428108489,0.05725899228109192,0.7499528331908177,0.3476281995659687,0.3941187542414643,-0.257863512034671,0.5173142416345533,0.4851390468320721,0.8722252623119816,0.4380067812862184,0.5485045571148947,0.8389588081614169,1.200108212796398,1.11569806559339,1.198730632401118,1.172128122221493,1.205880078786767,0.8552844127043536,1.015022856465097,1.043363642982195,836.4835164835165,811.0989010989011,751.0622710622711,853.8095238095239,1534.358974358974,1622.197802197802,-0.127991,-0.018921,1.062622,25.122070,-2.198181,-106.402435,1,2,1,1,2,95.000000
2025-03-25 16:06:20.118,,,,,,,,,,,,,,,,,,,,,,,,,,,,,,,,,,,,,,,/muse/elements/blink
2025-03-25 16:06:20.305,,,,,,,,,,,,,,,,,,,,,,,,,,,,,,,,,,,,,,,/muse/elements/blink
2025-03-25 16:06:20.570,0.6496203428108489,0.05725899228109192,0.7499528331908177,0.3476281995659687,0.3941187542414643,-0.257863512034671,0.5173142416345533,0.4851390468320721,0.8722252623119816,0.4380067812862184,0.5485045571148947,0.8389588081614169,1.200108212796398,1.11569806559339,1.198730632401118,1.172128122221493,1.205880078786767,0.8552844127043536,1.015022856465097,1.043363642982195,857.8388278388279,812.7106227106227,805.8608058608058,855.0183150183151,982.7472527472528,1196.300366300366,-0.048828,0.132385,1.068420,-1.271057,0.157013,12.590942,1,2,1,1,2,95.000000
2025-03-25 16:06:20.745,,,,,,,,,,,,,,,,,,,,,,,,,,,,,,,,,,,,,,,/muse/elements/blink
2025-03-25 16:06:21.069,0.6496203428108489,0.05725899228109192,0.7499528331908177,0.3476281995659687,0.3941187542414643,-0.257863512034671,0.5173142416345533,0.4851390468320721,0.8722252623119816,0.4380067812862184,0.5485045571148947,0.8389588081614169,1.200108212796398,1.11569806559339,1.198730632401118,1.172128122221493,1.205880078786767,0.8552844127043536,1.015022856465097,1.043363642982195,790.1465201465202,765.1648351648352,823.1868131868132,796.1904761904763,254.2490842490843,0,-0.100220,-0.046204,0.891846,5.547791,-1.614990,3.798218,1,2,1,1,2,95.000000
2025-03-25 16:06:21.514,,,,,,,,,,,,,,,,,,,,,,,,,,,,,,,,,,,,,,,/muse/elements/blink
2025-03-25 16:06:21.573,0.6496203428108489,0.05725899228109192,0.7499528331908177,0.3476281995659687,0.3941187542414643,-0.257863512034671,0.5173142416345533,0.4851390468320721,0.8722252623119816,0.4380067812862184,0.5485045571148947,0.8389588081614169,1.200108212796398,1.11569806559339,1.198730632401118,1.172128122221493,1.205880078786767,0.8552844127043536,1.015022856465097,1.043363642982195,832.4542124542124,806.2637362637363,844.1391941391942,791.3553113553114,546.7765567765568,29.41391941391942,-0.059448,0.086243,0.804749,-8.568420,3.992615,24.815521,1,2,1,1,2,95.000000
2025-03-25 16:06:21.851,,,,,,,,,,,,,,,,,,,,,,,,,,,,,,,,,,,,,,,/muse/elements/blink
2025-03-25 16:06:22.040,,,,,,,,,,,,,,,,,,,,,,,,,,,,,,,,,,,,,,,/muse/elements/jaw_clench
2025-03-25 16:06:22.069,0.6496203428108489,0.05725899228109192,0.7499528331908177,0.3476281995659687,0.3941187542414643,-0.257863512034671,0.5173142416345533,0.4851390468320721,0.8722252623119816,0.4380067812862184,0.5485045571148947,0.8389588081614169,1.200108212796398,1.11569806559339,1.198730632401118,1.172128122221493,1.205880078786767,0.8552844127043536,1.015022856465097,1.043363642982195,871.5384615384615,880,820.3663003663004,932.7838827838829,1424.761904761905,1622.197802197802,-0.169556,-0.055786,0.977478,-30.296021,8.366547,94.147949,1,2,1,1,2,95.000000
2025-03-25 16:06:22.575,0.6496203428108489,0.05725899228109192,0.7499528331908177,0.3476281995659687,0.3941187542414643,-0.257863512034671,0.5173142416345533,0.4851390468320721,0.8722252623119816,0.4380067812862184,0.5485045571148947,0.8389588081614169,1.200108212796398,1.11569806559339,1.198730632401118,1.172128122221493,1.205880078786767,0.8552844127043536,1.015022856465097,1.043363642982195,767.5824175824176,813.5164835164835,763.5531135531136,738.5714285714286,1156.007326007326,1352.234432234432,-0.238953,-0.016785,0.991333,-8.381500,3.349609,51.163788,1,2,1,1,2,95.000000
2025-03-25 16:06:23.080,0.6496203428108489,0.05725899228109192,0.7499528331908177,0.3476281995659687,0.3941187542414643,-0.257863512034671,0.5173142416345533,0.4851390468320721,0.8722252623119816,0.4380067812862184,0.5485045571148947,0.8389588081614169,1.200108212796398,1.11569806559339,1.198730632401118,1.172128122221493,1.205880078786767,0.8552844127043536,1.015022856465097,1.043363642982195,717.6190476190476,776.4468864468864,817.1428571428571,762.3443223443223,1622.197802197802,1622.197802197802,-0.154297,-0.056885,1.061035,-32.748413,6.497345,79.119568,1,2,1,1,2,95.000000
2025-03-25 16:06:23.280,,,,,,,,,,,,,,,,,,,,,,,,,,,,,,,,,,,,,,,/muse/elements/blink
2025-03-25 16:06:23.576,0.6496203428108489,0.05725899228109192,0.7499528331908177,0.3476281995659687,0.3941187542414643,-0.257863512034671,0.5173142416345533,0.4851390468320721,0.8722252623119816,0.4380067812862184,0.5485045571148947,0.8389588081614169,1.200108212796398,1.11569806559339,1.198730632401118,1.172128122221493,1.205880078786767,0.8552844127043536,1.015022856465097,1.043363642982195,822.7838827838829,726.0805860805862,828.4249084249085,825.2014652014652,783.6996336996338,875.9706959706959,-0.260803,0.047791,0.876526,0.463562,6.482391,34.886780,1,2,1,1,2,95.000000
2025-03-25 16:06:24.070,0.6496203428108489,0.05725899228109192,0.7499528331908177,0.3476281995659687,0.3941187542414643,-0.257863512034671,0.5173142416345533,0.4851390468320721,0.8722252623119816,0.4380067812862184,0.5485045571148947,0.8389588081614169,1.200108212796398,1.11569806559339,1.198730632401118,1.172128122221493,1.205880078786767,0.8552844127043536,1.015022856465097,1.043363642982195,866.7032967032967,828.8278388278388,786.5201465201466,834.4688644688645,759.92673992674,809.0842490842491,-0.222107,0.104797,0.942871,-26.766968,-2.100983,68.741760,1,2,1,1,2,95.000000
2025-03-25 16:06:24.570,0.6496203428108489,0.05725899228109192,0.7499528331908177,0.3476281995659687,0.3941187542414643,-0.257863512034671,0.5173142416345533,0.4851390468320721,0.8722252623119816,0.4380067812862184,0.5485045571148947,0.8389588081614169,1.200108212796398,1.11569806559339,1.198730632401118,1.172128122221493,1.205880078786767,0.8552844127043536,1.015022856465097,1.043363642982195,782.0879120879121,805.0549450549451,771.6117216117216,812.7106227106227,766.7765567765568,677.3260073260074,-0.294861,0.046753,0.946106,-0.770111,-3.962708,1.009369,1,2,1,1,2,95.000000
2025-03-25 16:06:24.995,,,,,,,,,,,,,,,,,,,,,,,,,,,,,,,,,,,,,,,/muse/elements/blink
2025-03-25 16:06:25.070,0.6496203428108489,0.05725899228109192,0.7499528331908177,0.3476281995659687,0.3941187542414643,-0.257863512034671,0.5173142416345533,0.4851390468320721,0.8722252623119816,0.4380067812862184,0.5485045571148947,0.8389588081614169,1.200108212796398,1.11569806559339,1.198730632401118,1.172128122221493,1.205880078786767,0.8552844127043536,1.015022856465097,1.043363642982195,798.2051282051282,780.4761904761905,814.7252747252747,833.6630036630037,966.6300366300367,960.1831501831502,-0.129822,0.064758,0.971680,48.315125,-7.088013,-154.657745,1,2,1,1,2,95.000000
2025-03-25 16:06:25.575,0.6496203428108489,0.05725899228109192,0.7499528331908177,0.3476281995659687,0.3941187542414643,-0.257863512034671,0.5173142416345533,0.4851390468320721,0.8722252623119816,0.4380067812862184,0.5485045571148947,0.8389588081614169,1.200108212796398,1.11569806559339,1.198730632401118,1.172128122221493,1.205880078786767,0.8552844127043536,1.015022856465097,1.043363642982195,803.4432234432235,828.8278388278388,788.5347985347986,802.2344322344322,1139.084249084249,1289.78021978022,-0.295715,0.042603,0.957703,28.568878,3.588867,-80.211182,1,2,1,1,2,95.000000
2025-03-25 16:06:26.081,0.6496203428108489,0.05725899228109192,0.7499528331908177,0.3476281995659687,0.3941187542414643,-0.257863512034671,0.5173142416345533,0.4851390468320721,0.8722252623119816,0.4380067812862184,0.5485045571148947,0.8389588081614169,1.200108212796398,1.11569806559339,1.198730632401118,1.172128122221493,1.205880078786767,0.8552844127043536,1.015022856465097,1.043363642982195,778.0586080586081,803.4432234432235,788.5347985347986,779.6703296703297,832.0512820512821,543.1501831501831,-0.361877,0.075195,0.949463,-3.177643,1.233673,2.773895,1,2,1,1,2,95.000000
2025-03-25 16:06:26.570,0.6496203428108489,0.05725899228109192,0.7499528331908177,0.3476281995659687,0.3941187542414643,-0.257863512034671,0.5173142416345533,0.4851390468320721,0.8722252623119816,0.4380067812862184,0.5485045571148947,0.8389588081614169,1.200108212796398,1.11569806559339,1.198730632401118,1.172128122221493,1.205880078786767,0.8552844127043536,1.015022856465097,1.043363642982195,808.6813186813187,836.0805860805862,778.4615384615385,826.007326007326,826.007326007326,1078.644688644689,-0.209229,0.076111,0.972107,-33.959656,-6.033783,114.694214,1,2,1,1,2,95.000000
2025-03-25 16:06:26.917,,,,,,,,,,,,,,,,,,,,,,,,,,,,,,,,,,,,,,,/muse/elements/blink
2025-03-25 16:06:27.074,0.6496203428108489,0.05725899228109192,0.7499528331908177,0.3476281995659687,0.3941187542414643,-0.257863512034671,0.5173142416345533,0.4851390468320721,0.8722252623119816,0.4380067812862184,0.5485045571148947,0.8389588081614169,1.200108212796398,1.11569806559339,1.198730632401118,1.172128122221493,1.205880078786767,0.8552844127043536,1.015022856465097,1.043363642982195,811.0989010989011,776.0439560439561,809.4871794871796,804.6520146520147,818.3516483516484,726.0805860805862,-0.174561,0.089600,0.992004,-38.513031,7.611389,130.245972,1,2,1,1,2,95.000000
2025-03-25 16:06:27.570,0.6496203428108489,0.05725899228109192,0.7499528331908177,0.3476281995659687,0.3941187542414643,-0.257863512034671,0.5173142416345533,0.4851390468320721,0.8722252623119816,0.4380067812862184,0.5485045571148947,0.8389588081614169,1.200108212796398,1.11569806559339,1.198730632401118,1.172128122221493,1.205880078786767,0.8552844127043536,1.015022856465097,1.043363642982195,808.2783882783883,783.2967032967033,806.6666666666667,785.7142857142858,960.5860805860806,911.4285714285714,-0.320312,0.038635,0.926453,-4.904785,0.590668,0.553284,1,2,1,1,2,95.000000
2025-03-25 16:06:28.044,,,,,,,,,,,,,,,,,,,,,,,,,,,,,,,,,,,,,,,/muse/elements/blink
2025-03-25 16:06:28.069,0.6496203428108489,0.05725899228109192,0.7499528331908177,0.3476281995659687,0.3941187542414643,-0.257863512034671,0.5173142416345533,0.4851390468320721,0.8722252623119816,0.4380067812862184,0.5485045571148947,0.8389588081614169,1.200108212796398,1.11569806559339,1.198730632401118,1.172128122221493,1.205880078786767,0.8552844127043536,1.015022856465097,1.043363642982195,802.2344322344322,803.040293040293,793.3699633699634,843.7362637362637,733.3333333333334,934.3956043956044,-0.186584,0.040283,0.994507,51.918945,-3.947754,-137.326508,1,2,1,1,2,95.000000
2025-03-25 16:06:28.570,0.6496203428108489,0.05725899228109192,0.7499528331908177,0.3476281995659687,0.3941187542414643,-0.257863512034671,0.5173142416345533,0.4851390468320721,0.8722252623119816,0.4380067812862184,0.5485045571148947,0.8389588081614169,1.200108212796398,1.11569806559339,1.198730632401118,1.172128122221493,1.205880078786767,0.8552844127043536,1.015022856465097,1.043363642982195,850.1831501831502,855.0183150183151,778.8644688644689,808.6813186813187,882.8205128205128,871.941391941392,-0.230591,0.007446,0.967407,30.767059,0.052338,-107.710876,1,2,1,1,2,95.000000
2025-03-25 16:06:29.070,0.6496203428108489,0.05725899228109192,0.7499528331908177,0.3476281995659687,0.3941187542414643,-0.257863512034671,0.5173142416345533,0.4851390468320721,0.8722252623119816,0.4380067812862184,0.5485045571148947,0.8389588081614169,1.200108212796398,1.11569806559339,1.198730632401118,1.172128122221493,1.205880078786767,0.8552844127043536,1.015022856465097,1.043363642982195,840.5128205128206,790.1465201465202,814.7252747252747,816.7399267399268,778.0586080586081,516.959706959707,-0.333557,0.063538,0.929504,-1.353302,2.557068,-14.355469,1,2,1,1,2,95.000000
2025-03-25 16:06:29.570,0.6496203428108489,0.05725899228109192,0.7499528331908177,0.3476281995659687,0.3941187542414643,-0.257863512034671,0.5173142416345533,0.4851390468320721,0.8722252623119816,0.4380067812862184,0.5485045571148947,0.8389588081614169,1.200108212796398,1.11569806559339,1.198730632401118,1.172128122221493,1.205880078786767,0.8552844127043536,1.015022856465097,1.043363642982195,761.941391941392,800.6227106227107,792.1611721611722,788.5347985347986,734.9450549450549,837.2893772893773,-0.317505,-0.017761,0.923828,-5.271149,-4.441223,3.798218,1,2,1,1,2,95.000000
2025-03-25 16:06:30.070,0.819382503432978,0.05725899228109192,0.7499528331908177,0.9506641386434663,0.9287829468379533,-0.257863512034671,0.5173142416345533,0.3461226479470769,1.290276809950904,0.4380067812862184,0.5485045571148947,1.098144085464523,1.444827957548436,1.11569806559339,1.198730632401118,1.42205533499408,1.409383552130032,0.8552844127043536,1.015022856465097,1.102573001620454,814.7252747252747,825.2014652014652,836.8864468864469,816.7399267399268,904.981684981685,1075.018315018315,-0.335632,0.004395,0.939575,0.919647,0.493469,-1.233673,1,1,1,1,1,95.000000
2025-03-25 16:06:30.571,0.717096134212264,0.05725899228109192,0.7499528331908177,0.7530671168730975,0.746198353991416,-0.257863512034671,0.5173142416345533,0.2795752546139805,1.294235059833978,0.4380067812862184,0.5485045571148947,1.107139553160096,1.395511089799598,1.11569806559339,1.198730632401118,1.334165426900031,1.387935170680002,0.8552844127043536,1.015022856465097,1.059939278045885,823.1868131868132,804.2490842490843,817.1428571428571,805.4578754578755,794.981684981685,583.4432234432235,-0.335083,0.016846,0.932556,3.618774,0.396271,2.011261,1,1,1,1,1,95.000000
2025-03-25 16:06:31.070,0.4315598479234694,0.05725899228109192,0.4913368841183121,0.174294613957993,0.5698899875170774,-0.257863512034671,0.3880771954374078,0.3945178024305661,1.131178208068978,0.4380067812862184,0.8218130269274614,0.9621088328747263,1.418600985624126,1.11569806559339,1.317613721824453,1.244395075252809,1.356134813332448,0.8552844127043536,1.234391612518138,1.078111116743437,801.8315018315019,783.2967032967033,815.934065934066,796.1904761904763,785.7142857142858,930.7692307692308,-0.317322,0.020996,0.947021,3.476715,-0.747681,0.358887,1,1,1,1,1,95.000000
2025-03-25 16:06:31.575,0.6129461147940024,0.05725899228109192,0.4501053951413761,0.4249196547083915,0.6006983354335884,-0.257863512034671,0.4232336965259825,0.5138376867176474,1.240510797013179,0.4380067812862184,0.8289750599945026,0.6730581947423376,1.373758875105457,1.11569806559339,1.265491146716416,1.066778190591561,1.241874464583866,0.8552844127043536,1.157884343599654,0.9608212061463127,808.2783882783883,828.4249084249085,828.4249084249085,810.6959706959707,906.1904761904763,774.0293040293041,-0.342896,0.022583,0.923279,0.246735,-0.657959,0.044861,1,1,1,1,1,95.000000
2025-03-25 16:06:32.070,0.6287087232163614,0.05725899228109192,0.5310637256738954,0.5369032225576934,0.6743351844643313,-0.257863512034671,0.5003925834061355,0.6197031405873004,1.208428215834353,0.4380067812862184,0.8659256742172462,0.6556973313965297,1.391503763918878,1.11569806559339,1.280238064471058,1.003875159835625,1.154239208389313,0.8552844127043536,1.146940896533533,0.9442348805036579,796.5934065934066,776.8498168498169,813.5164835164835,809.0842490842491,786.9230769230769,589.8901098901099,-0.323975,-0.000244,0.941101,-1.024323,-3.102875,0.433655,1,1,1,1,1,95.000000
2025-03-25 16:06:32.409,,,,,,,,,,,,,,,,,,,,,,,,,,,,,,,,,,,,,,,/muse/elements/blink
2025-03-25 16:06:32.570,0.8524184939930405,0.05725899228109192,0.551658703849237,0.7119627923398739,0.6027233908134041,-0.257863512034671,0.552162402637968,0.4945256369651831,1.13851678585262,0.4380067812862184,0.7963881392197049,0.6989045417140189,1.359279032913188,1.11569806559339,1.25799407381214,1.034755886509296,0.8765447902902396,0.8552844127043536,1.089481270450251,0.6777105272683474,815.5311355311355,808.2783882783883,818.7545787545788,816.7399267399268,764.3589743589744,938.8278388278388,-0.323730,0.025085,0.942505,1.532745,0.284119,-7.312317,1,1,1,1,1,95.000000
2025-03-25 16:06:33.070,0.8524184939930405,0.05725899228109192,0.6849316214234218,0.7801372603221277,0.6027233908134041,-0.257863512034671,0.6486689879869544,0.2146178380871028,1.13851678585262,0.4380067812862184,0.6705738821024591,0.674851674382591,1.359279032913188,1.11569806559339,1.315052948168867,1.061882781598896,0.8765447902902396,0.8552844127043536,1.118311415947908,0.6278654443420879,810.2930402930403,851.7948717948718,780.8791208791209,779.6703296703297,725.6776556776557,578.2051282051282,-0.345093,0.040894,0.924927,0.620575,-0.007477,-1.600037,1,1,1,1,1,95.000000
2025-03-25 16:06:33.580,0.8524184939930405,0.05725899228109192,0.6849316214234218,0.7801372603221277,0.6027233908134041,-0.257863512034671,0.6486689879869544,0.2146178380871028,1.13851678585262,0.4380067812862184,0.6705738821024591,0.674851674382591,1.359279032913188,1.11569806559339,1.315052948168867,1.061882781598896,0.8765447902902396,0.8552844127043536,1.118311415947908,0.6278654443420879,790.1465201465202,792.5641025641025,822.7838827838829,807.0695970695971,832.8571428571429,1021.831501831502,-0.341797,0.044067,0.934204,4.411316,-0.343933,-8.231964,1,1,1,1,1,95.000000
2025-03-25 16:06:34.069,0.8524184939930405,0.05725899228109192,0.6849316214234218,0.7801372603221277,0.6027233908134041,-0.257863512034671,0.6486689879869544,0.2146178380871028,1.13851678585262,0.4380067812862184,0.6705738821024591,0.674851674382591,1.359279032913188,1.11569806559339,1.315052948168867,1.061882781598896,0.8765447902902396,0.8552844127043536,1.118311415947908,0.6278654443420879,812.3076923076924,769.1941391941392,820.7692307692308,834.0659340659341,733.3333333333334,793.7728937728938,-0.369263,0.070862,0.926086,-3.686066,0.328979,8.897400,1,1,1,1,1,95.000000
2025-03-25 16:06:34.569,0.8524184939930405,0.05725899228109192,0.6849316214234218,0.4805981289251045,0.6027233908134041,-0.257863512034671,0.6486689879869544,0.6918208480924896,1.13851678585262,0.4380067812862184,0.6705738821024591,0.9771864840100415,1.359279032913188,1.11569806559339,1.315052948168867,1.074389779428096,0.8765447902902396,0.8552844127043536,1.118311415947908,0.7225385127612278,791.7582417582418,821.978021978022,809.0842490842491,803.8461538461539,763.5531135531136,1012.967032967033,-0.343506,0.058777,0.902771,-2.272949,-3.162689,-9.316101,1,1,1,1,1,95.000000
2025-03-25 16:06:35.070,0.8524184939930405,0.05725899228109192,0.3451779329088308,0.4805981289251045,0.6027233908134041,-0.257863512034671,0.3589413621919034,0.6918208480924896,1.13851678585262,0.4380067812862184,0.7979692237392643,0.9771864840100415,1.359279032913188,1.11569806559339,1.082821522835522,1.074389779428096,0.8765447902902396,0.8552844127043536,0.8763396384065218,0.7225385127612278,797.8021978021978,773.2234432234433,792.5641025641025,784.5054945054945,802.6373626373627,646.3003663003664,-0.356750,0.021301,0.922607,3.932800,-0.575714,13.802185,1,1,1,1,1,95.000000
2025-03-25 16:06:35.455,,,,,,,,,,,,,,,,,,,,,,,,,,,,,,,,,,,,,,,/muse/elements/blink
2025-03-25 16:06:35.575,0.8524184939930405,0.05725899228109192,0.3225073573114633,0.3085950026594505,0.6027233908134041,-0.257863512034671,0.3624642287414855,0.6562412114650661,1.13851678585262,0.4380067812862184,0.7979692237392643,0.9771864840100415,1.359279032913188,1.11569806559339,1.175951067478638,1.11366448865804,0.8765447902902396,0.8552844127043536,0.8606304400147069,0.7776694215783626,831.2454212454213,893.6996336996338,767.5824175824176,823.992673992674,854.2124542124542,1257.142857142857,-0.148865,-0.004089,0.983887,-41.040192,-11.985321,136.631165,1,1,1,1,1,95.000000
2025-03-25 16:06:36.077,0.8524184939930405,0.05725899228109192,0.3994936107976349,0.3085950026594505,0.6027233908134041,-0.257863512034671,0.431587829291916,0.6562412114650661,1.13851678585262,0.4380067812862184,0.7979692237392643,0.9771864840100415,1.359279032913188,1.11569806559339,1.265612719048725,1.11366448865804,0.8765447902902396,0.8552844127043536,0.8435570349439292,0.7776694215783626,807.4725274725275,809.4871794871796,809.4871794871796,790.5494505494506,846.1538461538462,1006.923076923077,-0.292297,-0.023804,0.956177,-13.555450,-1.801910,26.916504,1,1,1,1,1,95.000000
2025-03-25 16:06:36.570,0.8524184939930405,0.05725899228109192,0.4030457734997731,0.3085950026594505,0.6027233908134041,-0.257863512034671,0.4648396485977471,0.6562412114650661,1.13851678585262,0.4380067812862184,0.565325996769341,0.9771864840100415,1.359279032913188,1.11569806559339,1.396806099239475,1.11366448865804,0.8765447902902396,0.8552844127043536,0.7887062068133163,0.7776694215783626,713.992673992674,842.5274725274726,809.0842490842491,703.919413919414,826.007326007326,620.9157509157509,-0.301514,0.072693,0.930542,24.187469,-2.923431,-48.083344,1,1,1,1,1,95.000000
2025-03-25 16:06:36.770,,,,,,,,,,,,,,,,,,,,,,,,,,,,,,,,,,,,,,,/muse/elements/blink
2025-03-25 16:06:37.070,0.8524184939930405,0.05725899228109192,0.4030457734997731,0.3085950026594505,0.6027233908134041,-0.257863512034671,0.4648396485977471,0.6562412114650661,1.13851678585262,0.4380067812862184,0.565325996769341,0.9771864840100415,1.359279032913188,1.11569806559339,1.396806099239475,1.11366448865804,0.8765447902902396,0.8552844127043536,0.7887062068133163,0.7776694215783626,721.2454212454213,836.8864468864469,785.3113553113553,718.021978021978,696.2637362637363,936.007326007326,-0.215698,-0.071594,0.988220,22.318268,-13.241425,-86.319733,1,1,1,1,1,95.000000
2025-03-25 16:06:37.170,,,,,,,,,,,,,,,,,,,,,,,,,,,,,,,,,,,,,,,/muse/elements/blink
2025-03-25 16:06:37.570,0.8524184939930405,0.05725899228109192,0.4030457734997731,0.3085950026594505,0.6027233908134041,-0.257863512034671,0.4648396485977471,0.6562412114650661,1.13851678585262,0.4380067812862184,0.565325996769341,0.9771864840100415,1.359279032913188,1.11569806559339,1.396806099239475,1.11366448865804,0.8765447902902396,0.8552844127043536,0.7887062068133163,0.7776694215783626,805.4578754578755,775.6410256410256,838.901098901099,816.7399267399268,713.5897435897436,333.2234432234432,-0.300781,0.045349,0.943359,4.628143,0.388794,-8.202057,1,2,1,1,2,95.000000
2025-03-25 16:06:37.700,,,,,,,,,,,,,,,,,,,,,,,,,,,,,,,,,,,,,,,/muse/elements/blink
2025-03-25 16:06:38.070,0.8524184939930405,0.05725899228109192,0.4030457734997731,0.3085950026594505,0.6027233908134041,-0.257863512034671,0.4648396485977471,0.6562412114650661,1.13851678585262,0.4380067812862184,0.565325996769341,0.9771864840100415,1.359279032913188,1.11569806559339,1.396806099239475,1.11366448865804,0.8765447902902396,0.8552844127043536,0.7887062068133163,0.7776694215783626,823.992673992674,789.3406593406594,810.6959706959707,816.3369963369963,697.0695970695971,566.9230769230769,-0.357788,0.007324,0.920837,18.617249,3.065491,-32.561493,1,2,1,1,2,95.000000
2025-03-25 16:06:38.579,0.8524184939930405,0.05725899228109192,0.4030457734997731,0.3085950026594505,0.6027233908134041,-0.257863512034671,0.4648396485977471,0.6562412114650661,1.13851678585262,0.4380067812862184,0.565325996769341,0.9771864840100415,1.359279032913188,1.11569806559339,1.396806099239475,1.11366448865804,0.8765447902902396,0.8552844127043536,0.7887062068133163,0.7776694215783626,781.6849816849817,821.1721611721612,804.6520146520147,794.5787545787546,837.6923076923077,977.5091575091575,-0.381714,0.038269,0.941833,-8.411407,3.536530,-2.429962,1,2,1,1,2,95.000000
2025-03-25 16:06:39.070,0.8524184939930405,0.05725899228109192,0.4030457734997731,0.3085950026594505,0.6027233908134041,-0.257863512034671,0.4648396485977471,0.6562412114650661,1.13851678585262,0.4380067812862184,0.565325996769341,0.9771864840100415,1.359279032913188,1.11569806559339,1.396806099239475,1.11366448865804,0.8765447902902396,0.8552844127043536,0.7887062068133163,0.7776694215783626,803.8461538461539,792.1611721611722,792.5641025641025,803.8461538461539,871.1355311355312,766.7765567765568,-0.368408,0.027283,0.910889,-1.009369,-1.345825,2.601929,1,2,1,1,2,95.000000
2025-03-25 16:06:39.570,-0.01207793863996966,-0.05272170227755549,0.06937021824722167,-0.2694475627303744,0.152158874429866,0.1257347835152114,-0.3997770666474976,0.1078562582698982,1.328726764890377,0.6604515293903408,0.3310110555210813,0.606678093181605,0.9274621791052383,1.194941403725259,1.299023743812524,0.9333105468351393,0.7286155260121014,0.961550083420911,0.9210957578843854,0.7305671166175478,789.7435897435897,707.948717948718,813.919413919414,802.6373626373627,741.7948717948718,569.7435897435897,-0.346069,0.067322,0.943726,0.194397,-6.190796,2.893524,1,1,1,1,1,95.000000
2025-03-25 16:06:40.070,0.1218097063768741,-0.05272170227755549,0.185605804087877,0.187098008311595,0.1849433290370061,0.1257347835152114,-0.2964276855636997,0.5327673512620905,1.328726764890377,0.6604515293903408,0.4310220594873521,0.7318113908820887,0.9180660806392923,1.194941403725259,1.262398701311606,0.8495872883676147,0.715612854569415,0.961550083420911,0.9373667729892918,0.6421330551262938,819.5604395604396,789.3406593406594,819.96336996337,828.4249084249085,849.3772893772895,977.9120879120879,-0.356689,-0.012756,0.922119,0.695343,-0.044861,-3.065491,1,1,1,1,1,95.000000
2025-03-25 16:06:40.580,0.1218097063768741,-0.05272170227755549,0.1808703632235063,0.3136630632335739,0.1849433290370061,0.1257347835152114,-0.2788271812268013,0.6547742717509808,1.328726764890377,0.6604515293903408,0.4064034910944028,1.009040409110683,0.9180660806392923,1.194941403725259,1.223144589170992,0.8305914096642272,0.715612854569415,0.961550083420911,0.9510434758604114,0.6453492001963262,757.5091575091575,774.0293040293041,806.6666666666667,790.952380952381,832.8571428571429,739.7802197802198,-0.353577,0.021118,0.930664,0.538330,-0.934601,3.641205,1,1,1,1,1,95.000000
2025-03-25 16:06:41.070,0.9102447218651715,-0.05272170227755549,0.1845937100416366,0.4345596994447705,0.7290780897089977,0.1257347835152114,-0.2155693825417809,0.7300830036556993,1.154270056226888,0.6604515293903408,0.4036523130724032,1.004943710472613,1.007522322319925,1.194941403725259,1.100994074205408,0.8148562794858614,0.6885101383278338,0.961550083420911,0.9877790151118445,0.584000251885057,802.6373626373627,818.3516483516484,780.0732600732601,782.0879120879121,793.7728937728938,690.6227106227107,-0.348083,0.027893,0.932434,1.173859,-1.472931,-5.502930,1,1,1,1,1,95.000000
2025-03-25 16:06:41.570,1.020542643126923,-0.05272170227755549,0.9775294141313068,0.4797903434343634,0.8990940362363344,0.1257347835152114,0.433084045036037,0.733979241899435,1.135674403648391,0.6604515293903408,0.5588367387564374,1.071065337648511,0.8959803497636531,1.194941403725259,1.05101200794963,0.8489076512052178,0.6331662010436256,0.961550083420911,0.6559528098615857,0.5831501297631227,811.5018315018315,814.7252747252747,804.6520146520147,805.8608058608058,781.6849816849817,1093.956043956044,-0.357178,0.023193,0.922241,0.695343,-0.523376,0.919647,1,1,1,1,1,95.000000
2025-03-25 16:06:42.082,0.9517740486605547,-0.05272170227755549,0.9028513063638561,0.4083074609872063,0.8380029225314962,0.1257347835152114,0.3695418959280438,0.6366485087906101,1.136404235309123,0.6604515293903408,0.693233873787387,0.8982702973231663,0.9199649069247782,1.194941403725259,1.069545044330465,0.8140912547497817,0.6625736727906343,0.961550083420911,0.6966418696367624,0.5310497638709252,732.5274725274726,742.6007326007326,852.1978021978023,785.3113553113553,826.4102564102565,668.8644688644689,-0.193909,-0.023865,0.980164,-47.260895,-21.413574,132.765656,1,1,1,1,1,95.000000
2025-03-25 16:06:42.150,,,,,,,,,,,,,,,,,,,,,,,,,,,,,,,,,,,,,,,/muse/elements/blink
2025-03-25 16:06:42.570,0.9790912071045773,-0.05272170227755549,0.9420272346342694,0.4512223135882801,0.8710610621167774,0.1257347835152114,0.3978458709648385,0.6760857378673265,1.113583857251025,0.6604515293903408,0.693233873787387,0.8951414153580284,0.871969509567374,1.194941403725259,1.076587294765244,0.7899203258757496,0.6383557393069718,0.961550083420911,0.7127277850200774,0.5154322496791105,802.2344322344322,768.3882783882784,829.2307692307693,784.1025641025641,819.1575091575091,722.8571428571429,-0.141846,0.086548,1.005493,-35.731659,0.859833,121.894379,1,1,1,1,1,95.000000
2025-03-25 16:06:43.070,0.8088272233769067,-0.05272170227755549,1.071969852626522,0.182443355680081,0.7598905070326477,0.1257347835152114,0.5230984176316537,0.5591053979559307,0.7808095012708652,0.6604515293903408,0.693233873787387,0.7423519248521731,0.9246781749464843,1.194941403725259,1.088684693984745,0.6183912071169394,0.7053950465311504,0.961550083420911,0.7719051765757056,0.5228135626132056,792.5641025641025,807.8754578754579,798.2051282051282,786.1172161172161,864.6886446886447,942.8571428571429,-0.324341,-0.012146,0.937134,-9.114227,4.007568,14.564819,1,1,1,1,1,95.000000
2025-03-25 16:06:43.569,0.7399179193656765,-0.05272170227755549,1.071969852626522,0.1810297664688194,0.6576493922265122,0.1257347835152114,0.5230984176316537,0.5114932889252509,0.7085547459269218,0.6604515293903408,0.693233873787387,0.6985638734047135,0.9695281651978439,1.194941403725259,1.088684693984745,0.6059873736178816,0.7222548236148408,0.961550083420911,0.7719051765757056,0.4959520834501062,772.014652014652,861.8681318681319,708.3516483516484,730.5128205128206,733.7362637362637,556.0439560439561,-0.288452,0.091309,0.949158,41.974792,-5.241241,-92.017059,1,1,1,1,1,95.000000
2025-03-25 16:06:43.693,,,,,,,,,,,,,,,,,,,,,,,,,,,,,,,,,,,,,,,/muse/elements/blink
2025-03-25 16:06:44.069,0.7399179193656765,-0.05272170227755549,1.071969852626522,0.1810297664688194,0.6576493922265122,0.1257347835152114,0.5230984176316537,0.5114932889252509,0.7085547459269218,0.6604515293903408,0.693233873787387,0.6985638734047135,0.9695281651978439,1.194941403725259,1.088684693984745,0.6059873736178816,0.7222548236148408,0.961550083420911,0.7719051765757056,0.4959520834501062,816.7399267399268,785.3113553113553,775.6410256410256,831.6483516483516,844.9450549450549,774.8351648351648,-0.221436,0.019470,0.981201,28.621216,9.413300,-100.809784,1,1,1,1,1,95.000000
2025-03-25 16:06:44.569,0.7399179193656765,-0.05272170227755549,1.071969852626522,0.1810297664688194,0.6576493922265122,0.1257347835152114,0.5230984176316537,0.5114932889252509,0.7085547459269218,0.6604515293903408,0.693233873787387,0.6985638734047135,0.9695281651978439,1.194941403725259,1.088684693984745,0.6059873736178816,0.7222548236148408,0.961550083420911,0.7719051765757056,0.4959520834501062,784.9084249084249,840.1098901098901,766.7765567765568,784.1025641025641,1079.85347985348,1503.736263736264,-0.304016,-0.018005,0.961975,11.656342,4.336548,-44.651489,1,1,1,1,1,95.000000
2025-03-25 16:06:45.070,0.7399179193656765,-0.05272170227755549,1.071969852626522,0.1810297664688194,0.6576493922265122,0.1257347835152114,0.5230984176316537,0.5114932889252509,0.7085547459269218,0.6604515293903408,0.693233873787387,0.6985638734047135,0.9695281651978439,1.194941403725259,1.088684693984745,0.6059873736178816,0.7222548236148408,0.961550083420911,0.7719051765757056,0.4959520834501062,804.2490842490843,776.8498168498169,798.2051282051282,812.3076923076924,680.952380952381,394.8717948717949,-0.371887,0.110596,0.932373,1.241150,9.682465,-1.405640,1,2,1,1,2,95.000000
2025-03-25 16:06:45.576,0.6731837483377758,-0.05272170227755549,1.071969852626522,0.1810297664688194,0.3557163391516583,0.1257347835152114,0.5230984176316537,0.5114932889252509,1.039160741428175,0.6604515293903408,0.693233873787387,0.6985638734047135,1.348904600088557,1.194941403725259,1.088684693984745,0.6059873736178816,1.217907672137046,0.961550083420911,0.7719051765757056,0.4959520834501062,827.2161172161173,756.7032967032967,821.1721611721612,813.919413919414,744.6153846153846,498.021978021978,-0.373779,0.025879,0.921997,0.441132,2.796326,-1.084137,1,1,1,1,1,95.000000
2025-03-25 16:06:46.070,0.7020742971875628,0.09671433086914095,-0.008083991865601547,0.9691279758080878,0.3085626957183799,-0.08969350318945338,-0.3428418660262521,0.5835302404190204,1.039160741428175,0.1403185273719938,0.3986457696642928,1.1583021603186,1.30496498614197,1.30809046061732,1.023466596126551,1.160353570678795,1.197245905315328,1.091172741664373,0.9466478307752069,1.172351488345597,803.040293040293,810.2930402930403,823.5897435897436,816.7399267399268,821.1721611721612,987.5824175824176,-0.367310,0.041077,0.922180,2.706604,2.953339,8.097382,1,1,1,1,1,95.000000
2025-03-25 16:06:46.570,0.7488828985746648,-0.04355241528828883,0.05386579881441497,0.4111639932915368,0.2153127823280646,-0.1619535863967421,-0.3671184389820044,0.2181462278749847,1.147104507888045,0.2212346035315733,0.4133115321983872,1.051831802827482,1.20260031791537,1.292530823564144,1.004281678844713,1.008989867192672,1.039147239100629,1.159291485329257,0.9040727363798674,0.9852969626214294,801.4285714285714,801.025641025641,799.8168498168499,781.6849816849817,764.7619047619048,873.956043956044,-0.365234,0.059265,0.927246,2.317810,-1.196289,0.493469,1,1,1,1,1,95.000000
2025-03-25 16:06:47.070,0.7233400600103312,-0.03738678010620403,0.1732732136562898,0.3998525228555951,0.4171324117593685,0.01586168136154147,-0.1839904225324163,0.2297011310275233,1.180583759864299,0.2646994013776279,0.791012351369779,1.081002973796737,1.043767453219022,1.427141618391489,0.9599946116543342,1.027719871807375,0.9263330172643398,1.121837193409686,0.9510436982213707,0.920540584220121,803.040293040293,842.1245421245421,782.4908424908425,793.3699633699634,780.0732600732601,869.1208791208792,-0.377502,0.050659,0.920837,0.179443,-0.014954,4.164581,1,1,1,1,1,95.000000
2025-03-25 16:06:47.569,0.6082033571911316,-0.09881496177426871,0.2157601216313633,0.411065464332847,0.4010388093915001,0.04115574225897512,-0.0002990878037758101,0.2589669881908819,1.177264249309331,0.2755540254929283,0.8249599217349254,1.139080652826819,1.064139836668009,1.492354162519901,1.00050297544302,1.031506451642652,0.8740516458836479,1.211592263292234,0.9302126996548808,0.8308601202431178,808.6813186813187,782.0879120879121,799.4139194139194,807.4725274725275,770,947.6923076923077,-0.385498,0.042664,0.912903,0.463562,-1.734619,-0.829926,1,1,1,1,1,95.000000
2025-03-25 16:06:48.079,0.4602023939738427,0.2675429589388963,0.347728202470153,0.3199348927079356,0.3808791453232304,0.4075298276333853,0.01840293025837352,0.2369135268580729,1.145590059738321,0.9155252648421741,0.8249599217349254,1.137747027593665,1.08832446549365,1.582423253922481,1.007661398234354,1.026204371311218,0.8252730378916324,1.287296752314387,0.9094683641868619,0.8311278008829909,929.1575091575091,875.9706959706959,772.8205128205128,901.7582417582418,797.3992673992674,606.4102564102565,-0.371277,0.082031,0.902710,0.620575,-3.917847,-5.772095,1,1,1,1,1,95.000000
2025-03-25 16:06:48.570,0.4112109654086373,0.3741687264247526,0.371840354949483,0.3418743450068139,0.2656435930590179,0.487386399735957,0.03278497123464994,0.256993858139093,0.8742050749431499,0.9134415852219329,0.8030682135796415,1.092632174221595,1.101035094787364,1.576068972007593,1.030677100193802,1.023738134709,0.866214861019437,1.40218926033749,0.8635868526154443,0.8499079788164731,794.5787545787546,798.6080586080586,782.0879120879121,792.5641025641025,726.4835164835165,605.2014652014652,-0.356812,0.015747,0.923096,-1.196289,1.106567,0.904694,1,1,1,1,1,95.000000
2025-03-25 16:06:48.962,,,,,,,,,,,,,,,,,,,,,,,,,,,,,,,,,,,,,,,/muse/elements/blink
2025-03-25 16:06:49.070,0.4913698771932864,0.5426045655169666,0.4904461247691987,0.1269371074434226,0.2773725241498238,0.6499699410466729,-0.2783734501681892,-0.1482105737560015,0.8293678399605455,0.9134415852219329,0.05684781950922659,0.8452359619643639,1.088671403057286,1.552965218836832,0.9982445998946234,0.9209066164413524,0.8735548919275247,1.390730570318167,0.7536102818880679,0.8139985640746303,795.3846153846154,765.9706959706959,794.1758241758242,815.934065934066,715.2014652014652,892.893772893773,-0.348511,0.051086,0.919983,0.239258,-1.921539,3.573914,1,1,1,1,1,95.000000
2025-03-25 16:06:49.570,0.4913698771932864,0.5426045655169666,0.5582996494728804,0.170562649170191,0.2773725241498238,0.6499699410466729,-0.2405757800442146,-0.08471121295762588,0.8293678399605455,0.9134415852219329,-0.09618083959652068,0.7901001942266922,1.088671403057286,1.552965218836832,0.9937455152301859,0.9190268130195171,0.8735548919275247,1.390730570318167,0.767689864893686,0.7967331917473806,772.8205128205128,820.3663003663004,795.7875457875458,792.967032967033,876.3736263736264,1023.040293040293,-0.339294,0.075806,0.928589,1.218719,-0.897217,2.729034,1,1,1,1,1,95.000000
2025-03-25 16:06:50.070,0.4913698771932864,0.5426045655169666,0.5582996494728804,0.170562649170191,0.2773725241498238,0.6499699410466729,-0.2405757800442146,-0.08471121295762588,0.8293678399605455,0.9134415852219329,-0.09618083959652068,0.7901001942266922,1.088671403057286,1.552965218836832,0.9937455152301859,0.9190268130195171,0.8735548919275247,1.390730570318167,0.767689864893686,0.7967331917473806,780.4761904761905,799.4139194139194,794.1758241758242,786.5201465201466,728.4981684981685,676.1172161172161,-0.326904,0.022827,0.912842,-23.873444,-12.082520,37.877502,1,1,1,1,1,95.000000
2025-03-25 16:06:50.572,0.8711130355572042,0.5426045655169666,0.5582996494728804,0.170562649170191,0.8767425973601135,0.6499699410466729,-0.2405757800442146,-0.08471121295762588,1.11858717594314,0.9134415852219329,-0.09618083959652068,0.7901001942266922,1.230660844957904,1.552965218836832,0.9937455152301859,0.9190268130195171,0.9185991536068878,1.390730570318167,0.767689864893686,0.7967331917473806,832.4542124542124,823.992673992674,796.996336996337,795.3846153846154,783.2967032967033,1058.095238095238,-0.204895,0.011658,0.976440,-37.832642,1.570129,122.230835,1,1,1,1,1,95.000000
2025-03-25 16:06:51.070,1.023144717201728,0.5426045655169666,0.5582996494728804,0.9032847782261458,0.9116624411320551,0.6499699410466729,-0.2405757800442146,0.7091855677545766,1.138982815494918,0.9134415852219329,-0.09618083959652068,1.362918830927082,1.090117109830632,1.552965218836832,0.9937455152301859,1.168457671858517,0.9624064522192244,1.390730570318167,0.767689864893686,0.8777611327443334,822.3809523809524,834.8717948717949,778.8644688644689,801.4285714285714,858.2417582417582,799.0109890109891,-0.251770,0.112305,0.968506,-37.406464,4.344025,90.140381,1,1,1,1,1,95.000000
2025-03-25 16:06:51.570,1.023144717201728,0.5426045655169666,0.5582996494728804,0.9589366325537065,0.9116624411320551,0.6499699410466729,-0.2405757800442146,0.6843642188778367,1.138982815494918,0.9134415852219329,-0.09618083959652068,1.377332113861272,1.090117109830632,1.552965218836832,0.9937455152301859,1.172828674586764,0.9624064522192244,1.390730570318167,0.767689864893686,0.9144329683103704,797.8021978021978,800.6227106227107,779.6703296703297,797.3992673992674,848.1684981684982,678.5347985347986,-0.310852,-0.036499,0.934021,10.078735,-3.633728,-22.968750,1,1,1,1,1,95.000000
2025-03-25 16:06:52.070,1.125787430492133,0.5426045655169666,0.5582996494728804,0.9124285852670284,0.9451173414025354,0.6499699410466729,-0.2405757800442146,0.7349774234752811,1.038338565636027,0.9134415852219329,-0.09618083959652068,1.381177415049128,0.8408166551808256,1.552965218836832,0.9937455152301859,1.123874012301954,0.9981027117638031,1.390730570318167,0.767689864893686,0.9406628545675846,822.7838827838829,794.981684981685,809.8901098901099,820.7692307692308,729.7069597069598,859.047619047619,-0.291748,-0.116760,0.920227,-4.224396,-6.295471,6.422577,1,1,1,1,1,95.000000
2025-03-25 16:06:52.570,1.125787430492133,0.5426045655169666,0.4933634124966926,0.7643686168044117,0.9451173414025354,0.6499699410466729,0.5137722991709956,0.8732854875594045,1.038338565636027,0.9134415852219329,0.5409397728940103,1.333677973748878,0.8408166551808256,1.552965218836832,1.11752076185221,1.227998028399638,0.9981027117638031,1.390730570318167,1.165288208733798,1.049081282524124,794.5787545787546,806.6666666666667,804.6520146520147,764.7619047619048,856.6300366300367,651.1355311355312,-0.330811,-0.153381,0.973877,13.906860,3.394470,-25.264130,1,1,1,1,1,95.000000
2025-03-25 16:06:53.070,0.9248144397858135,0.5426045655169666,0.4849259638896409,0.5814833878091704,0.6651304412993991,0.6499699410466729,0.4625469310812001,0.9071526881453917,1.107746660004262,0.9134415852219329,0.5409397728940103,1.051285954104178,1.249653843075126,1.552965218836832,1.100984964525039,1.267390471908607,0.910125953728098,1.390730570318167,1.126718084341561,1.096266905739251,783.2967032967033,821.1721611721612,801.8315018315019,776.8498168498169,770,689.4139194139194,-0.266296,-0.076904,0.952881,3.850555,-2.833710,-20.127563,1,1,1,1,1,95.000000
2025-03-25 16:06:53.555,,,,,,,,,,,,,,,,,,,,,,,,,,,,,,,,,,,,,,,/muse/elements/blink
2025-03-25 16:06:53.570,0.9235755158822685,0.5426045655169666,0.4849259638896409,0.4293645345712301,0.7308121460862157,0.6499699410466729,0.4625469310812001,0.8180478329699556,1.170467547452274,0.9134415852219329,0.5409397728940103,1.025255357767937,1.29586563210407,1.552965218836832,1.100984964525039,1.309112191513626,0.9319774664624543,1.390730570318167,1.126718084341561,1.127939523062216,874.7619047619048,823.1868131868132,786.9230769230769,870.3296703296703,840.5128205128206,888.4615384615385,-0.139771,0.038452,1.028625,49.152527,-4.770203,-142.096710,1,1,1,1,1,95.000000
2025-03-25 16:06:54.070,1.00257027966032,0.5426045655169666,0.3977463506714432,0.4377888156340243,0.7912529353232385,0.6499699410466729,0.3806222193530135,0.6140351270820527,1.1663582264261,0.9134415852219329,0.3374110351535116,1.018675730122256,1.325243930134926,1.552965218836832,1.022418864312569,1.382130223280275,0.9088510985961574,1.390730570318167,1.022267563627923,1.15233523078737,797.8021978021978,812.7106227106227,811.0989010989011,808.2783882783883,530.6593406593407,97.91208791208791,-0.176514,-0.058838,1.004639,19.020996,10.235748,-74.513855,1,1,1,1,1,95.000000
2025-03-25 16:06:54.570,1.053225164330219,0.5426045655169666,0.3977463506714432,0.4377888156340243,0.9220229957299837,0.6499699410466729,0.3806222193530135,0.6140351270820527,1.105828925473462,0.9134415852219329,0.3374110351535116,1.018675730122256,1.388994154731269,1.552965218836832,1.022418864312569,1.382130223280275,0.9342618487110533,1.390730570318167,1.022267563627923,1.15233523078737,799.0109890109891,802.2344322344322,799.0109890109891,812.3076923076924,775.2380952380953,765.5677655677656,-0.336853,0.054810,0.905212,15.536804,2.534637,-7.858124,1,1,1,1,1,95.000000
2025-03-25 16:06:55.077,1.053225164330219,0.5426045655169666,0.3977463506714432,0.4377888156340243,0.9220229957299837,0.6499699410466729,0.3806222193530135,0.6140351270820527,1.105828925473462,0.9134415852219329,0.3374110351535116,1.018675730122256,1.388994154731269,1.552965218836832,1.022418864312569,1.382130223280275,0.9342618487110533,1.390730570318167,1.022267563627923,1.15233523078737,660.4029304029305,761.941391941392,846.1538461538462,697.0695970695971,798.2051282051282,1067.765567765568,-0.262085,-0.038879,0.944946,-49.249725,-11.888123,124.339294,1,1,1,1,1,95.000000
2025-03-25 16:06:55.277,,,,,,,,,,,,,,,,,,,,,,,,,,,,,,,,,,,,,,,/muse/elements/blink
2025-03-25 16:06:55.570,1.053225164330219,0.5426045655169666,0.3977463506714432,0.4377888156340243,0.9220229957299837,0.6499699410466729,0.3806222193530135,0.6140351270820527,1.105828925473462,0.9134415852219329,0.3374110351535116,1.018675730122256,1.388994154731269,1.552965218836832,1.022418864312569,1.382130223280275,0.9342618487110533,1.390730570318167,1.022267563627923,1.15233523078737,833.6630036630037,791.3553113553114,810.6959706959707,843.3333333333334,957.7655677655678,1018.205128205128,-0.217712,0.042480,0.953369,-36.225128,-1.614990,111.426849,1,1,1,1,1,95.000000
2025-03-25 16:06:56.069,1.053225164330219,0.5426045655169666,0.3977463506714432,0.4377888156340243,0.9220229957299837,0.6499699410466729,0.3806222193530135,0.6140351270820527,1.105828925473462,0.9134415852219329,0.3374110351535116,1.018675730122256,1.388994154731269,1.552965218836832,1.022418864312569,1.382130223280275,0.9342618487110533,1.390730570318167,1.022267563627923,1.15233523078737,791.3553113553114,791.3553113553114,821.978021978022,822.3809523809524,826.007326007326,521.3919413919414,-0.304810,0.036926,0.949524,10.467529,4.740295,-1.943970,1,2,1,1,2,95.000000
2025-03-25 16:06:56.569,1.053225164330219,0.5426045655169666,0.3977463506714432,0.4377888156340243,0.9220229957299837,0.6499699410466729,0.3806222193530135,0.6140351270820527,1.105828925473462,0.9134415852219329,0.3374110351535116,1.018675730122256,1.388994154731269,1.552965218836832,1.022418864312569,1.382130223280275,0.9342618487110533,1.390730570318167,1.022267563627923,1.15233523078737,813.1135531135532,828.8278388278388,800.6227106227107,846.1538461538462,782.4908424908425,830.0366300366301,-0.397156,-0.049500,0.902222,-12.777863,-2.056122,5.510406,1,2,1,1,2,95.000000
2025-03-25 16:06:57.069,0.8849303186585682,0.5426045655169666,0.3977463506714432,0.4377888156340243,0.6751482521655895,0.6499699410466729,0.3806222193530135,0.6140351270820527,1.145048064751741,0.9134415852219329,0.3374110351535116,1.018675730122256,1.402963592297922,1.552965218836832,1.022418864312569,1.382130223280275,1.130133004771077,1.390730570318167,1.022267563627923,1.15233523078737,723.2600732600732,848.5714285714286,739.7802197802198,743.0036630036631,1059.304029304029,1616.153846153846,0.045898,0.136475,1.061768,95.142365,-4.164581,-244.970093,1,1,1,1,1,95.000000
2025-03-25 16:06:57.197,,,,,,,,,,,,,,,,,,,,,,,,,,,,,,,,,,,,,,,/muse/elements/blink
2025-03-25 16:06:57.570,0.8849303186585682,0.5426045655169666,0.3977463506714432,0.4377888156340243,0.6751482521655895,0.6499699410466729,0.3806222193530135,0.6140351270820527,1.145048064751741,0.9134415852219329,0.3374110351535116,1.018675730122256,1.402963592297922,1.552965218836832,1.022418864312569,1.382130223280275,1.130133004771077,1.390730570318167,1.022267563627923,1.15233523078737,837.6923076923077,801.025641025641,819.96336996337,829.6336996336996,803.040293040293,554.8351648351648,-0.443054,-0.057922,0.841614,-3.551483,0.971985,21.675262,1,1,1,1,1,95.000000
2025-03-25 16:06:57.921,,,,,,,,,,,,,,,,,,,,,,,,,,,,,,,,,,,,,,,/muse/elements/blink
2025-03-25 16:06:58.070,0.8995424237483021,0.5426045655169666,0.3977463506714432,0.4377888156340243,0.6698156269495879,0.6499699410466729,0.3806222193530135,0.6140351270820527,1.060170675251515,0.9134415852219329,0.3374110351535116,1.018675730122256,1.400033903325971,1.552965218836832,1.022418864312569,1.382130223280275,1.107901028509721,1.390730570318167,1.022267563627923,1.15233523078737,843.7362637362637,868.3150183150184,772.8205128205128,836.0805860805862,1142.307692307692,1625.018315018315,-0.199646,-0.027222,1.010742,-35.298004,-16.942444,145.902405,1,1,1,1,1,95.000000
2025-03-25 16:06:58.569,0.8995424237483021,0.5426045655169666,0.3977463506714432,0.4377888156340243,0.6698156269495879,0.6499699410466729,0.3806222193530135,0.6140351270820527,1.060170675251515,0.9134415852219329,0.3374110351535116,1.018675730122256,1.400033903325971,1.552965218836832,1.022418864312569,1.382130223280275,1.107901028509721,1.390730570318167,1.022267563627923,1.15233523078737,807.8754578754579,807.4725274725275,804.2490842490843,836.0805860805862,1499.304029304029,1622.197802197802,-0.486755,0.021729,0.960815,23.335114,9.443207,-12.478790,1,1,1,1,1,95.000000
2025-03-25 16:06:59.050,,,,,,,,,,,,,,,,,,,,,,,,,,,,,,,,,,,,,,,/muse/elements/blink
2025-03-25 16:06:59.069,0.8995424237483021,0.5426045655169666,0.3977463506714432,0.4377888156340243,0.6698156269495879,0.6499699410466729,0.3806222193530135,0.6140351270820527,1.060170675251515,0.9134415852219329,0.3374110351535116,1.018675730122256,1.400033903325971,1.552965218836832,1.022418864312569,1.382130223280275,1.107901028509721,1.390730570318167,1.022267563627923,1.15233523078737,791.3553113553114,809.8901098901099,746.2271062271062,786.5201465201466,630.989010989011,292.9304029304029,-0.200684,0.143433,0.880371,-2.183228,-3.656158,1.173859,1,1,1,1,1,95.000000
2025-03-25 16:06:59.569,0.8995424237483021,0.5426045655169666,0.3977463506714432,0.4377888156340243,0.6698156269495879,0.6499699410466729,0.3806222193530135,0.6140351270820527,1.060170675251515,0.9134415852219329,0.3374110351535116,1.018675730122256,1.400033903325971,1.552965218836832,1.022418864312569,1.382130223280275,1.107901028509721,1.390730570318167,1.022267563627923,1.15233523078737,795.7875457875458,769.5970695970697,821.978021978022,782.0879120879121,1.208791208791209,0,-0.161316,-0.040039,0.862427,36.255035,3.611298,-80.345764,1,2,1,4,2,95.000000
2025-03-25 16:06:59.754,,,,,,,,,,,,,,,,,,,,,,,,,,,,,,,,,,,,,,,/muse/elements/blink
2025-03-25 16:06:59.944,,,,,,,,,,,,,,,,,,,,,,,,,,,,,,,,,,,,,,,/muse/elements/blink
2025-03-25 16:07:00.074,1.44542410194903,0.5426045655169666,0.3977463506714432,0.4377888156340243,1.490945250834642,0.6499699410466729,0.3806222193530135,0.6140351270820527,1.742624693577082,0.9134415852219329,0.3374110351535116,1.018675730122256,1.331436634779891,1.552965218836832,1.022418864312569,1.382130223280275,1.324583184791579,1.390730570318167,1.022267563627923,1.15233523078737,774.0293040293041,747.8388278388279,792.1611721611722,749.047619047619,688.2051282051282,321.9413919413919,-0.114990,0.065430,0.798828,-0.904694,2.893524,-3.962708,1,1,1,4,1,95.000000
2025-03-25 16:07:00.558,,,,,,,,,,,,,,,,,,,,,,,,,,,,,,,,,,,,,,,/muse/elements/blink
2025-03-25 16:07:00.575,1.44542410194903,0.5426045655169666,0.3977463506714432,0.4377888156340243,1.490945250834642,0.6499699410466729,0.3806222193530135,0.6140351270820527,1.742624693577082,0.9134415852219329,0.3374110351535116,1.018675730122256,1.331436634779891,1.552965218836832,1.022418864312569,1.382130223280275,1.324583184791579,1.390730570318167,1.022267563627923,1.15233523078737,868.3150183150184,816.7399267399268,793.7728937728938,857.032967032967,612.0512820512821,427.5091575091575,-0.150818,-0.047791,0.807434,4.119720,-6.026306,2.257996,1,1,1,1,1,95.000000
2025-03-25 16:07:01.070,1.39469435765615,0.5426045655169666,0.3977463506714432,0.4377888156340243,1.504223365810573,0.6499699410466729,0.3806222193530135,0.6140351270820527,1.832615443943943,0.9134415852219329,0.3374110351535116,1.018675730122256,1.354711032279614,1.552965218836832,1.022418864312569,1.382130223280275,1.318960608132618,1.390730570318167,1.022267563627923,1.15233523078737,811.5018315018315,756.7032967032967,792.5641025641025,815.5311355311355,941.2454212454213,1077.838827838828,-0.226624,0.171936,0.967407,17.383575,4.411316,-0.800018,1,1,1,1,1,95.000000
2025-03-25 16:07:01.087,,,,,,,,,,,,,,,,,,,,,,,,,,,,,,,,,,,,,,,/muse/elements/blink
2025-03-25 16:07:01.569,1.295441910255851,0.5426045655169666,0.3977463506714432,0.4377888156340243,1.578258872999167,0.6499699410466729,0.3806222193530135,0.6140351270820527,1.779122916019104,0.9134415852219329,0.3374110351535116,1.018675730122256,1.396376957926488,1.552965218836832,1.022418864312569,1.382130223280275,1.406980401701375,1.390730570318167,1.022267563627923,1.15233523078737,850.989010989011,807.0695970695971,816.3369963369963,892.4908424908425,1625.018315018315,1622.197802197802,-0.237366,-0.126953,0.995911,-11.342316,0.411224,9.540405,1,1,1,1,1,95.000000
2025-03-25 16:07:01.971,,,,,,,,,,,,,,,,,,,,,,,,,,,,,,,,,,,,,,,/muse/elements/blink
2025-03-25 16:07:02.073,1.190319254847294,0.5426045655169666,0.3977463506714432,0.4377888156340243,1.478440943737333,0.6499699410466729,0.3806222193530135,0.6140351270820527,1.655665173091744,0.9134415852219329,0.3374110351535116,1.018675730122256,1.358233516376095,1.552965218836832,1.022418864312569,1.382130223280275,1.373823434675416,1.390730570318167,1.022267563627923,1.15233523078737,867.5091575091575,790.1465201465202,806.6666666666667,877.985347985348,246.996336996337,0,-0.146362,0.065613,1.076416,-15.604095,-6.931000,86.828156,1,1,1,1,1,95.000000
2025-03-25 16:07:02.258,,,,,,,,,,,,,,,,,,,,,,,,,,,,,,,,,,,,,,,/muse/elements/jaw_clench
2025-03-25 16:07:02.569,1.190319254847294,0.5426045655169666,0.3977463506714432,0.4377888156340243,1.478440943737333,0.6499699410466729,0.3806222193530135,0.6140351270820527,1.655665173091744,0.9134415852219329,0.3374110351535116,1.018675730122256,1.358233516376095,1.552965218836832,1.022418864312569,1.382130223280275,1.373823434675416,1.390730570318167,1.022267563627923,1.15233523078737,713.5897435897436,796.5934065934066,750.6593406593407,664.4322344322344,364.2490842490843,52.78388278388279,-0.465454,0.085754,1.455383,-9.936676,-4.553375,43.956146,1,1,1,1,1,95.000000
2025-03-25 16:07:02.783,,,,,,,,,,,,,,,,,,,,,,,,,,,,,,,,,,,,,,,/muse/elements/blink
2025-03-25 16:07:03.072,1.190319254847294,0.5426045655169666,0.3977463506714432,0.4377888156340243,1.478440943737333,0.6499699410466729,0.3806222193530135,0.6140351270820527,1.655665173091744,0.9134415852219329,0.3374110351535116,1.018675730122256,1.358233516376095,1.552965218836832,1.022418864312569,1.382130223280275,1.373823434675416,1.390730570318167,1.022267563627923,1.15233523078737,821.978021978022,692.6373626373627,794.5787545787546,874.7619047619048,1546.043956043956,1621.794871794872,-0.231445,-0.177917,1.161194,29.854889,-7.962799,-110.439911,1,1,1,1,1,95.000000
2025-03-25 16:07:03.380,,,,,,,,,,,,,,,,,,,,,,,,,,,,,,,,,,,,,,,/muse/elements/blink
2025-03-25 16:07:03.569,1.190319254847294,0.5426045655169666,0.3977463506714432,0.4377888156340243,1.478440943737333,0.6499699410466729,0.3806222193530135,0.6140351270820527,1.655665173091744,0.9134415852219329,0.3374110351535116,1.018675730122256,1.358233516376095,1.552965218836832,1.022418864312569,1.382130223280275,1.373823434675416,1.390730570318167,1.022267563627923,1.15233523078737,753.4798534798535,795.3846153846154,771.6117216117216,752.6739926739926,419.047619047619,0,-0.105957,0.017273,0.884460,-14.542389,0.500946,54.864807,1,1,1,1,1,95.000000
2025-03-25 16:07:03.807,,,,,,,,,,,,,,,,,,,,,,,,,,,,,,,,,,,,,,,/muse/elements/blink
2025-03-25 16:07:03.923,,,,,,,,,,,,,,,,,,,,,,,,,,,,,,,,,,,,,,,/muse/elements/jaw_clench
2025-03-25 16:07:04.069,1.190319254847294,0.5426045655169666,0.3977463506714432,0.4377888156340243,1.478440943737333,0.6499699410466729,0.3806222193530135,0.6140351270820527,1.655665173091744,0.9134415852219329,0.3374110351535116,1.018675730122256,1.358233516376095,1.552965218836832,1.022418864312569,1.382130223280275,1.373823434675416,1.390730570318167,1.022267563627923,1.15233523078737,815.934065934066,794.1758241758242,798.6080586080586,839.7069597069598,344.1025641025641,333.2234432234432,-0.425476,-0.141785,1.069458,-0.807495,2.429962,17.697601,1,2,1,1,2,95.000000
2025-03-25 16:07:04.189,,,,,,,,,,,,,,,,,,,,,,,,,,,,,,,,,,,,,,,/muse/elements/blink
2025-03-25 16:07:04.423,,,,,,,,,,,,,,,,,,,,,,,,,,,,,,,,,,,,,,,/muse/elements/blink
2025-03-25 16:07:04.569,1.190319254847294,0.5426045655169666,0.3977463506714432,0.4377888156340243,1.478440943737333,0.6499699410466729,0.3806222193530135,0.6140351270820527,1.655665173091744,0.9134415852219329,0.3374110351535116,1.018675730122256,1.358233516376095,1.552965218836832,1.022418864312569,1.382130223280275,1.373823434675416,1.390730570318167,1.022267563627923,1.15233523078737,810.2930402930403,754.2857142857143,863.8827838827839,841.7216117216118,265.9340659340659,0,-0.288147,0.000549,1.179199,-52.225494,-24.703369,146.343536,1,2,1,1,2,95.000000
2025-03-25 16:07:05.070,1.190319254847294,0.5426045655169666,0.3977463506714432,0.4377888156340243,1.478440943737333,0.6499699410466729,0.3806222193530135,0.6140351270820527,1.655665173091744,0.9134415852219329,0.3374110351535116,1.018675730122256,1.358233516376095,1.552965218836832,1.022418864312569,1.382130223280275,1.373823434675416,1.390730570318167,1.022267563627923,1.15233523078737,807.8754578754579,845.7509157509157,796.996336996337,813.5164835164835,714.7985347985348,649.92673992674,-0.222778,-0.070801,0.997803,-4.441223,-8.157196,26.654816,1,2,4,1,2,95.000000
2025-03-25 16:07:05.570,1.190319254847294,0.5426045655169666,0.3977463506714432,0.4377888156340243,1.478440943737333,0.6499699410466729,0.3806222193530135,0.6140351270820527,1.655665173091744,0.9134415852219329,0.3374110351535116,1.018675730122256,1.358233516376095,1.552965218836832,1.022418864312569,1.382130223280275,1.373823434675416,1.390730570318167,1.022267563627923,1.15233523078737,814.7252747252747,811.5018315018315,806.6666666666667,809.8901098901099,1454.578754578755,1621.794871794872,-0.230164,0.129700,0.948486,-25.600586,15.185394,76.136322,1,2,1,1,2,95.000000
2025-03-25 16:07:06.007,,,,,,,,,,,,,,,,,,,,,,,,,,,,,,,,,,,,,,,/muse/elements/blink
2025-03-25 16:07:06.070,1.465287543124165,0.5426045655169666,0.3977463506714432,0.4377888156340243,1.047672705972754,0.6499699410466729,0.3806222193530135,0.6140351270820527,1.100095954891303,0.9134415852219329,0.3374110351535116,1.018675730122256,1.613786835488259,1.552965218836832,1.022418864312569,1.382130223280275,1.225265470559534,1.390730570318167,1.022267563627923,1.15233523078737,801.4285714285714,789.7435897435897,822.3809523809524,832.0512820512821,877.1794871794872,1275.274725274725,-0.342651,0.004395,0.935547,-26.318359,13.585358,48.718872,1,1,4,1,1,95.000000
2025-03-25 16:07:06.570,1.465287543124165,0.5426045655169666,0.3977463506714432,0.4377888156340243,1.047672705972754,0.6499699410466729,0.3806222193530135,0.6140351270820527,1.100095954891303,0.9134415852219329,0.3374110351535116,1.018675730122256,1.613786835488259,1.552965218836832,1.022418864312569,1.382130223280275,1.225265470559534,1.390730570318167,1.022267563627923,1.15233523078737,753.0769230769231,793.7728937728938,862.2710622710623,761.941391941392,576.996336996337,299.7802197802198,-0.347656,0.069702,0.896423,31.686707,-8.830109,-84.839325,1,1,1,1,1,95.000000
2025-03-25 16:07:06.861,,,,,,,,,,,,,,,,,,,,,,,,,,,,,,,,,,,,,,,/muse/elements/blink
2025-03-25 16:07:07.070,1.473083427275455,0.5426045655169666,0.3977463506714432,0.4377888156340243,1.128539899850425,0.6499699410466729,0.3806222193530135,0.6140351270820527,0.9655941662919776,0.9134415852219329,0.3374110351535116,1.018675730122256,1.58266667666487,1.552965218836832,1.022418864312569,1.382130223280275,1.217616501398271,1.390730570318167,1.022267563627923,1.15233523078737,816.7399267399268,748.6446886446887,851.7948717948718,847.7655677655678,727.6923076923077,985.1648351648352,-0.240479,0.052673,0.957092,46.730042,-3.678589,-132.526398,1,1,1,1,1,95.000000
2025-03-25 16:07:07.572,1.473083427275455,0.5426045655169666,0.3977463506714432,0.4377888156340243,1.128539899850425,0.6499699410466729,0.3806222193530135,0.6140351270820527,0.9655941662919776,0.9134415852219329,0.3374110351535116,1.018675730122256,1.58266667666487,1.552965218836832,1.022418864312569,1.382130223280275,1.217616501398271,1.390730570318167,1.022267563627923,1.15233523078737,814.3223443223443,803.8461538461539,844.9450549450549,807.4725274725275,995.2380952380953,909.4139194139194,-0.349060,0.085938,0.942383,7.850647,3.357086,-16.336823,1,1,4,1,1,95.000000
2025-03-25 16:07:08.074,1.473083427275455,0.5426045655169666,0.3977463506714432,0.4377888156340243,1.128539899850425,0.6499699410466729,0.3806222193530135,0.6140351270820527,0.9655941662919776,0.9134415852219329,0.3374110351535116,1.018675730122256,1.58266667666487,1.552965218836832,1.022418864312569,1.382130223280275,1.217616501398271,1.390730570318167,1.022267563627923,1.15233523078737,804.6520146520147,798.2051282051282,832.8571428571429,802.2344322344322,739.3772893772893,541.1355311355311,-0.315247,0.051636,0.945801,-3.379517,2.901001,5.293579,1,1,4,1,1,95.000000
2025-03-25 16:07:08.570,1.473083427275455,0.5426045655169666,0.3977463506714432,0.4377888156340243,1.128539899850425,0.6499699410466729,0.3806222193530135,0.6140351270820527,0.9655941662919776,0.9134415852219329,0.3374110351535116,1.018675730122256,1.58266667666487,1.552965218836832,1.022418864312569,1.382130223280275,1.217616501398271,1.390730570318167,1.022267563627923,1.15233523078737,797.3992673992674,796.5934065934066,823.992673992674,804.2490842490843,689.0109890109891,825.6043956043957,-0.285767,0.071960,0.965759,-1.360779,-4.964600,18.011627,1,1,1,1,1,95.000000
2025-03-25 16:07:09.070,1.473083427275455,0.5426045655169666,0.3977463506714432,0.7831394065249039,1.128539899850425,0.6499699410466729,0.3806222193530135,0.6837455046067671,0.9655941662919776,0.9134415852219329,0.3374110351535116,0.7360190681486821,1.58266667666487,1.552965218836832,1.022418864312569,1.207794483449714,1.217616501398271,1.390730570318167,1.022267563627923,1.091491435518931,777.2527472527473,795.3846153846154,802.2344322344322,783.6996336996338,776.0439560439561,608.8278388278388,-0.296082,0.143555,0.943237,7.850647,-5.218811,8.635712,1,1,1,1,1,95.000000
2025-03-25 16:07:09.570,1.473083427275455,0.5426045655169666,0.3977463506714432,0.7843690775096424,1.128539899850425,0.6499699410466729,0.3806222193530135,0.6666360185208204,0.9655941662919776,0.9134415852219329,0.3374110351535116,0.836716584655917,1.58266667666487,1.552965218836832,1.022418864312569,1.193914213714189,1.217616501398271,1.390730570318167,1.022267563627923,1.111702578356356,804.6520146520147,819.1575091575091,797.8021978021978,804.6520146520147,763.5531135531136,607.2161172161173,-0.305847,0.144653,0.953308,-30.228729,11.170349,59.149017,1,1,1,1,1,95.000000
2025-03-25 16:07:09.601,,,,,,,,,,,,,,,,,,,,,,,,,,,,,,,,,,,,,,,/muse/elements/blink
2025-03-25 16:07:09.780,,,,,,,,,,,,,,,,,,,,,,,,,,,,,,,,,,,,,,,/muse/elements/blink
2025-03-25 16:07:10.077,1.473083427275455,0.5426045655169666,0.7873169385206423,0.6675402063461525,1.128539899850425,0.6499699410466729,0.6908526148608308,0.4412537348908052,0.9655941662919776,0.9134415852219329,0.3743280676807069,0.7040460455233486,1.58266667666487,1.552965218836832,0.9651301044067581,1.088437851907039,1.217616501398271,1.390730570318167,0.89476649783164,1.059655836875137,796.996336996337,808.2783882783883,770,803.8461538461539,861.8681318681319,1049.230769230769,-0.342773,0.057068,0.942505,-0.022430,2.594452,-12.142334,1,1,1,1,1,95.000000
2025-03-25 16:07:10.573,1.473083427275455,0.5426045655169666,0.7873169385206423,0.6799482805202781,1.128539899850425,0.6499699410466729,0.6908526148608308,0.4054928172595061,0.9655941662919776,0.9134415852219329,0.3743280676807069,0.6894736629017566,1.58266667666487,1.552965218836832,0.9651301044067581,1.017703635292056,1.217616501398271,1.390730570318167,0.89476649783164,1.04293627991071,822.7838827838829,849.3772893772895,781.2820512820513,792.1611721611722,767.1794871794872,574.981684981685,-0.373657,0.116272,0.950562,26.475372,-8.396454,-60.509796,1,1,1,1,1,95.000000
2025-03-25 16:07:11.071,1.473083427275455,0.5426045655169666,0.7873169385206423,0.6799482805202781,1.128539899850425,0.6499699410466729,0.6908526148608308,0.4054928172595061,0.9655941662919776,0.9134415852219329,0.3743280676807069,0.6894736629017566,1.58266667666487,1.552965218836832,0.9651301044067581,1.017703635292056,1.217616501398271,1.390730570318167,0.89476649783164,1.04293627991071,782.0879120879121,794.1758241758242,805.0549450549451,794.5787545787546,793.7728937728938,518.1684981684982,-0.368225,0.016968,0.929932,0.500946,-3.902893,-11.775970,1,1,1,1,1,95.000000
2025-03-25 16:07:11.570,1.473083427275455,0.5426045655169666,0.7873169385206423,0.9125706108387998,1.128539899850425,0.6499699410466729,0.6908526148608308,0.3117807470780588,0.9655941662919776,0.9134415852219329,0.3743280676807069,0.9733485164652231,1.58266667666487,1.552965218836832,0.9651301044067581,1.137106016077509,1.217616501398271,1.390730570318167,0.89476649783164,0.9982119211731201,823.5897435897436,786.9230769230769,810.2930402930403,822.3809523809524,789.7435897435897,1013.772893772894,-0.373474,0.038025,0.911438,0.957031,2.871094,2.362671,1,1,1,1,1,95.000000
2025-03-25 16:07:12.076,1.473083427275455,0.5426045655169666,0.7873169385206423,0.6868748393303098,1.128539899850425,0.6499699410466729,0.6908526148608308,0.1962452249583584,0.9655941662919776,0.9134415852219329,0.3743280676807069,1.035427778102036,1.58266667666487,1.552965218836832,0.9651301044067581,1.127197692354313,1.217616501398271,1.390730570318167,0.89476649783164,1.028505641898419,808.2783882783883,811.9047619047619,800.2197802197802,808.2783882783883,819.96336996337,708.7545787545788,-0.389099,0.050415,0.913391,0.695343,-1.106567,4.246826,1,1,1,1,1,95.000000
2025-03-25 16:07:12.578,0.1746011778024234,-0.3581840450238548,-0.1495723787950716,0.5948344294850448,-0.062319349443195,-0.4077757608140065,-0.1135002231423109,0.1616233697788954,1.216092553737229,0.2717660423317568,0.06108764233285174,1.113583620312181,1.232660348790087,1.06084920663181,1.408297279788973,1.132327085729715,1.249277062450132,0.7890434496404017,1.110409637060422,1.038601243805785,774.8351648351648,818.7545787545788,764.3589743589744,774.4322344322345,824.3956043956044,933.992673992674,-0.395752,0.034180,0.905090,-0.314026,-1.091614,-1.218719,1,1,1,1,1,95.000000
2025-03-25 16:07:13.069,0.2752946358793982,0.1410199937848843,-0.2251952155267195,0.3563603120301855,0.007318153902503482,-0.1710769186496914,-0.02622210499718507,0.1612261372303673,1.42452535316976,0.7381678323851492,0.3011882057940073,1.074829101880394,1.257953541972849,1.155546701258543,1.444487393751651,1.194348169416517,1.226567701819367,0.939698524190167,1.179013757718113,1.08545306901391,776.4468864468864,794.5787545787546,788.1318681318681,761.941391941392,820.3663003663004,1001.684981684982,-0.386597,0.011963,0.919861,-2.998199,-1.510315,6.168365,1,1,1,1,1,95.000000
2025-03-25 16:07:13.577,0.3339267224605398,0.2211376631172524,-0.2634043344433649,0.414666328835081,0.2435676808948804,-0.05274836276398562,0.0004182426373535034,0.2976007601653436,1.441701165026489,0.7678959656133841,0.3011882057940073,1.099217782194457,1.259919396745738,1.334356327948128,1.477614933123718,1.26495334043186,1.114207800059173,1.020905233699934,1.158829446504196,1.041920521832435,835.2747252747253,782.4908424908425,776.0439560439561,825.6043956043957,770.4029304029305,581.8315018315019,-0.380310,0.024353,0.908447,0.044861,-0.979462,3.828125,1,1,1,1,1,95.000000
2025-03-25 16:07:14.070,0.5827063041337901,0.4184529167135452,0.1473222315650884,0.485534464665328,0.2998100220319576,0.1329675348464631,0.2273496499050062,0.4071811404095527,1.41398312895439,0.7782839740038657,0.7029727767881557,1.087839670060647,1.271493560903211,1.393781953113773,1.516172228347489,1.248380828122163,1.086302862634738,1.045234011683525,1.234352377398612,1.010582120366394,782.4908424908425,825.2014652014652,775.6410256410256,798.2051282051282,848.1684981684982,1009.74358974359,-0.368347,0.013977,0.947632,-8.374023,7.574005,21.869659,1,1,1,1,1,95.000000
2025-03-25 16:07:14.550,,,,,,,,,,,,,,,,,,,,,,,,,,,,,,,,,,,,,,,/muse/elements/blink
2025-03-25 16:07:14.570,0.7200504325643469,0.4081389398376558,0.2213602200085305,0.5978610676465581,0.3877773290434877,0.1940359515279387,0.2659279846466001,0.5071521505917828,1.248917226896547,0.6799896975975954,0.7029727767881557,1.149033363651808,1.265639439512001,1.468740142039688,1.530881188111352,1.19363578273236,1.057078662362876,1.011004034316592,1.232313446266192,0.9642327484943459,827.6190476190476,793.3699633699634,778.8644688644689,799.0109890109891,809.0842490842491,998.4615384615385,-0.405151,0.029480,0.899414,-33.869934,17.899475,73.205414,1,1,1,1,1,95.000000
2025-03-25 16:07:15.070,0.8952973060356401,0.3832727427886529,0.2213602200085305,0.7219490710234425,0.2841351639495102,0.2159510134447581,0.2659279846466001,0.5561228168689064,1.048913294504193,0.4294997274485503,0.7029727767881557,1.095472687300561,1.242359926279408,1.356120349040929,1.530881188111352,1.08123187685766,1.137796256435469,0.9009395041285433,1.232313446266192,0.9969025819478381,677.3260073260074,834.8717948717949,790.952380952381,661.6117216117216,842.1245421245421,677.3260073260074,-0.431396,-0.077820,0.847595,-38.124237,-21.301422,87.456207,1,1,1,1,1,95.000000
2025-03-25 16:07:15.256,,,,,,,,,,,,,,,,,,,,,,,,,,,,,,,,,,,,,,,/muse/elements/blink
2025-03-25 16:07:15.576,1.008395140203707,0.3832727427886529,0.2213602200085305,0.7204090844539238,0.3715964431931322,0.2159510134447581,0.2659279846466001,0.622670299796922,1.044832267894336,0.4294997274485503,0.7029727767881557,1.093484678086242,1.263726117505977,1.356120349040929,1.530881188111352,1.00616106135069,1.19938490964627,0.9009395041285433,1.232313446266192,1.03183795693504,853.8095238095239,834.8717948717949,829.2307692307693,803.040293040293,776.4468864468864,968.6446886446887,-0.354553,0.077515,0.921021,-26.542664,1.084137,52.786255,1,1,1,1,1,95.000000
2025-03-25 16:07:16.070,1.008395140203707,0.3832727427886529,0.2213602200085305,0.7204090844539238,0.3715964431931322,0.2159510134447581,0.2659279846466001,0.622670299796922,1.044832267894336,0.4294997274485503,0.7029727767881557,1.093484678086242,1.263726117505977,1.356120349040929,1.530881188111352,1.00616106135069,1.19938490964627,0.9009395041285433,1.232313446266192,1.03183795693504,697.0695970695971,763.5531135531136,849.3772893772895,746.2271062271062,740.1831501831502,753.0769230769231,-0.206909,0.284546,0.935730,68.487549,-27.484741,-153.730621,1,1,1,1,1,95.000000
2025-03-25 16:07:16.290,,,,,,,,,,,,,,,,,,,,,,,,,,,,,,,,,,,,,,,/muse/elements/blink
2025-03-25 16:07:16.570,1.008395140203707,0.3832727427886529,0.2213602200085305,0.7204090844539238,0.3715964431931322,0.2159510134447581,0.2659279846466001,0.622670299796922,1.044832267894336,0.4294997274485503,0.7029727767881557,1.093484678086242,1.263726117505977,1.356120349040929,1.530881188111352,1.00616106135069,1.19938490964627,0.9009395041285433,1.232313446266192,1.03183795693504,816.3369963369963,794.981684981685,784.9084249084249,830.0366300366301,746.2271062271062,834.4688644688645,-0.256348,-0.058228,0.963013,31.948395,-8.575897,-91.650696,1,1,1,1,1,95.000000
2025-03-25 16:07:17.070,1.008395140203707,0.3832727427886529,0.2213602200085305,0.7204090844539238,0.3715964431931322,0.2159510134447581,0.2659279846466001,0.622670299796922,1.044832267894336,0.4294997274485503,0.7029727767881557,1.093484678086242,1.263726117505977,1.356120349040929,1.530881188111352,1.00616106135069,1.19938490964627,0.9009395041285433,1.232313446266192,1.03183795693504,728.901098901099,736.959706959707,825.2014652014652,713.1868131868132,906.5934065934066,575.7875457875458,-0.264893,0.002380,0.893677,-42.378540,-18.968658,135.509644,1,1,1,1,1,95.000000
2025-03-25 16:07:17.570,1.008395140203707,0.3832727427886529,0.2213602200085305,0.7204090844539238,0.3715964431931322,0.2159510134447581,0.2659279846466001,0.622670299796922,1.044832267894336,0.4294997274485503,0.7029727767881557,1.093484678086242,1.263726117505977,1.356120349040929,1.530881188111352,1.00616106135069,1.19938490964627,0.9009395041285433,1.232313446266192,1.03183795693504,809.4871794871796,802.2344322344322,776.8498168498169,799.4139194139194,1236.996336996337,1590.769230769231,-0.165771,-0.094604,0.957581,-40.322418,2.945862,115.337219,1,2,1,1,2,95.000000
2025-03-25 16:07:17.692,,,,,,,,,,,,,,,,,,,,,,,,,,,,,,,,,,,,,,,/muse/elements/blink
2025-03-25 16:07:17.926,,,,,,,,,,,,,,,,,,,,,,,,,,,,,,,,,,,,,,,/muse/elements/blink
2025-03-25 16:07:17.926,,,,,,,,,,,,,,,,,,,,,,,,,,,,,,,,,,,,,,,/muse/elements/jaw_clench
2025-03-25 16:07:18.070,1.008395140203707,0.3832727427886529,0.2213602200085305,0.7204090844539238,0.3715964431931322,0.2159510134447581,0.2659279846466001,0.622670299796922,1.044832267894336,0.4294997274485503,0.7029727767881557,1.093484678086242,1.263726117505977,1.356120349040929,1.530881188111352,1.00616106135069,1.19938490964627,0.9009395041285433,1.232313446266192,1.03183795693504,875.9706959706959,840.9157509157509,810.6959706959707,840.1098901098901,541.5384615384615,0,-0.252197,-0.046631,0.928650,6.594543,7.058105,-1.824341,1,2,1,1,2,95.000000
2025-03-25 16:07:18.093,,,,,,,,,,,,,,,,,,,,,,,,,,,,,,,,,,,,,,,/muse/elements/jaw_clench
2025-03-25 16:07:18.302,,,,,,,,,,,,,,,,,,,,,,,,,,,,,,,,,,,,,,,/muse/elements/blink
2025-03-25 16:07:18.441,,,,,,,,,,,,,,,,,,,,,,,,,,,,,,,,,,,,,,,/muse/elements/jaw_clench
2025-03-25 16:07:18.570,1.008395140203707,0.3832727427886529,0.2213602200085305,0.7204090844539238,0.3715964431931322,0.2159510134447581,0.2659279846466001,0.622670299796922,1.044832267894336,0.4294997274485503,0.7029727767881557,1.093484678086242,1.263726117505977,1.356120349040929,1.530881188111352,1.00616106135069,1.19938490964627,0.9009395041285433,1.232313446266192,1.03183795693504,809.8901098901099,839.7069597069598,786.5201465201466,730.5128205128206,443.2234432234432,0,-0.243225,0.040833,0.741699,24.232330,-20.770569,-71.882019,1,2,1,1,2,95.000000
2025-03-25 16:07:19.049,,,,,,,,,,,,,,,,,,,,,,,,,,,,,,,,,,,,,,,/muse/elements/blink
2025-03-25 16:07:19.070,1.008395140203707,0.3832727427886529,0.2213602200085305,0.7204090844539238,0.3715964431931322,0.2159510134447581,0.2659279846466001,0.622670299796922,1.044832267894336,0.4294997274485503,0.7029727767881557,1.093484678086242,1.263726117505977,1.356120349040929,1.530881188111352,1.00616106135069,1.19938490964627,0.9009395041285433,1.232313446266192,1.03183795693504,801.025641025641,778.8644688644689,796.996336996337,793.7728937728938,652.3443223443223,588.6813186813187,-0.036072,0.029419,0.874695,-14.340515,0.523376,-3.364563,1,2,1,4,2,95.000000
2025-03-25 16:07:19.424,,,,,,,,,,,,,,,,,,,,,,,,,,,,,,,,,,,,,,,/muse/elements/blink
2025-03-25 16:07:19.520,,,,,,,,,,,,,,,,,,,,,,,,,,,,,,,,,,,,,,,/muse/elements/jaw_clench
2025-03-25 16:07:19.569,1.008395140203707,0.3832727427886529,0.2213602200085305,0.7204090844539238,0.3715964431931322,0.2159510134447581,0.2659279846466001,0.622670299796922,1.044832267894336,0.4294997274485503,0.7029727767881557,1.093484678086242,1.263726117505977,1.356120349040929,1.530881188111352,1.00616106135069,1.19938490964627,0.9009395041285433,1.232313446266192,1.03183795693504,854.6153846153846,827.6190476190476,773.6263736263736,848.1684981684982,347.3260073260074,0,-0.344360,-0.057190,0.859070,-10.706787,-2.504730,34.931641,1,2,1,4,2,95.000000
2025-03-25 16:07:20.074,1.008395140203707,0.3832727427886529,0.2213602200085305,0.7204090844539238,0.3715964431931322,0.2159510134447581,0.2659279846466001,0.622670299796922,1.044832267894336,0.4294997274485503,0.7029727767881557,1.093484678086242,1.263726117505977,1.356120349040929,1.530881188111352,1.00616106135069,1.19938490964627,0.9009395041285433,1.232313446266192,1.03183795693504,823.1868131868132,834.0659340659341,787.7289377289378,891.2820512820513,1303.882783882784,1620.989010989011,-0.221252,-0.050476,0.913635,-1.241150,-3.229980,12.904968,1,2,1,1,2,95.000000
2025-03-25 16:07:20.341,,,,,,,,,,,,,,,,,,,,,,,,,,,,,,,,,,,,,,,/muse/elements/blink
2025-03-25 16:07:20.555,,,,,,,,,,,,,,,,,,,,,,,,,,,,,,,,,,,,,,,/muse/elements/blink
2025-03-25 16:07:20.571,1.008395140203707,0.3832727427886529,0.2213602200085305,0.7204090844539238,0.3715964431931322,0.2159510134447581,0.2659279846466001,0.622670299796922,1.044832267894336,0.4294997274485503,0.7029727767881557,1.093484678086242,1.263726117505977,1.356120349040929,1.530881188111352,1.00616106135069,1.19938490964627,0.9009395041285433,1.232313446266192,1.03183795693504,779.2673992673992,767.1794871794872,797.3992673992674,840.1098901098901,154.7252747252747,31.02564102564103,-0.106018,-0.096741,0.999023,13.233948,-7.678680,-63.881836,1,2,1,4,2,95.000000
2025-03-25 16:07:20.725,,,,,,,,,,,,,,,,,,,,,,,,,,,,,,,,,,,,,,,/muse/elements/blink
2025-03-25 16:07:21.060,,,,,,,,,,,,,,,,,,,,,,,,,,,,,,,,,,,,,,,/muse/elements/blink
2025-03-25 16:07:21.060,,,,,,,,,,,,,,,,,,,,,,,,,,,,,,,,,,,,,,,/muse/elements/jaw_clench
2025-03-25 16:07:21.073,1.008395140203707,0.3832727427886529,0.2213602200085305,0.7204090844539238,0.3715964431931322,0.2159510134447581,0.2659279846466001,0.622670299796922,1.044832267894336,0.4294997274485503,0.7029727767881557,1.093484678086242,1.263726117505977,1.356120349040929,1.530881188111352,1.00616106135069,1.19938490964627,0.9009395041285433,1.232313446266192,1.03183795693504,857.032967032967,757.5091575091575,766.3736263736264,815.934065934066,245.3846153846154,0,-0.262756,0.097473,0.875549,-24.658508,13.652649,66.737976,1,2,1,4,2,95.000000
2025-03-25 16:07:21.570,1.008395140203707,0.3832727427886529,0.2213602200085305,0.7204090844539238,0.3715964431931322,0.2159510134447581,0.2659279846466001,0.622670299796922,1.044832267894336,0.4294997274485503,0.7029727767881557,1.093484678086242,1.263726117505977,1.356120349040929,1.530881188111352,1.00616106135069,1.19938490964627,0.9009395041285433,1.232313446266192,1.03183795693504,788.9377289377289,812.3076923076924,787.7289377289378,768.7912087912088,620.5128205128206,211.1355311355312,-0.280212,-0.095520,0.781433,-8.030090,-7.641296,15.484467,1,2,1,1,2,95.000000
2025-03-25 16:07:22.070,1.008395140203707,0.3832727427886529,0.2213602200085305,0.7204090844539238,0.3715964431931322,0.2159510134447581,0.2659279846466001,0.622670299796922,1.044832267894336,0.4294997274485503,0.7029727767881557,1.093484678086242,1.263726117505977,1.356120349040929,1.530881188111352,1.00616106135069,1.19938490964627,0.9009395041285433,1.232313446266192,1.03183795693504,772.014652014652,773.6263736263736,771.2087912087912,715.6043956043957,0,1.208791208791209,-0.225220,-0.096558,0.796326,-16.187286,-1.181335,56.001282,1,2,1,4,2,95.000000
2025-03-25 16:07:22.081,,,,,,,,,,,,,,,,,,,,,,,,,,,,,,,,,,,,,,,/muse/elements/blink
2025-03-25 16:07:22.372,,,,,,,,,,,,,,,,,,,,,,,,,,,,,,,,,,,,,,,/muse/elements/blink
2025-03-25 16:07:22.580,1.008395140203707,0.3832727427886529,0.2213602200085305,0.7204090844539238,0.3715964431931322,0.2159510134447581,0.2659279846466001,0.622670299796922,1.044832267894336,0.4294997274485503,0.7029727767881557,1.093484678086242,1.263726117505977,1.356120349040929,1.530881188111352,1.00616106135069,1.19938490964627,0.9009395041285433,1.232313446266192,1.03183795693504,816.3369963369963,821.5750915750916,784.9084249084249,832.8571428571429,977.1062271062272,890.8791208791209,-0.240051,-0.124146,0.882629,-26.909027,18.377991,87.523499,1,2,1,4,2,95.000000
2025-03-25 16:07:23.083,1.008395140203707,0.3832727427886529,0.2213602200085305,0.7204090844539238,0.3715964431931322,0.2159510134447581,0.2659279846466001,0.622670299796922,1.044832267894336,0.4294997274485503,0.7029727767881557,1.093484678086242,1.263726117505977,1.356120349040929,1.530881188111352,1.00616106135069,1.19938490964627,0.9009395041285433,1.232313446266192,1.03183795693504,808.6813186813187,833.2600732600733,771.2087912087912,793.3699633699634,1477.142857142857,1622.197802197802,-0.160400,0.119019,0.960510,-14.467621,3.895416,65.526733,1,2,1,1,2,95.000000
2025-03-25 16:07:23.402,,,,,,,,,,,,,,,,,,,,,,,,,,,,,,,,,,,,,,,/muse/elements/blink
2025-03-25 16:07:23.570,1.008395140203707,0.3832727427886529,0.2213602200085305,0.7204090844539238,0.3715964431931322,0.2159510134447581,0.2659279846466001,0.622670299796922,1.044832267894336,0.4294997274485503,0.7029727767881557,1.093484678086242,1.263726117505977,1.356120349040929,1.530881188111352,1.00616106135069,1.19938490964627,0.9009395041285433,1.232313446266192,1.03183795693504,781.2820512820513,807.8754578754579,805.8608058608058,801.8315018315019,767.5824175824176,1059.304029304029,-0.344910,-0.026917,0.952820,-8.344116,-1.846771,18.392944,1,2,1,1,2,95.000000
2025-03-25 16:07:24.070,1.008395140203707,0.3832727427886529,0.2213602200085305,0.7204090844539238,0.3715964431931322,0.2159510134447581,0.2659279846466001,0.622670299796922,1.044832267894336,0.4294997274485503,0.7029727767881557,1.093484678086242,1.263726117505977,1.356120349040929,1.530881188111352,1.00616106135069,1.19938490964627,0.9009395041285433,1.232313446266192,1.03183795693504,826.4102564102565,799.0109890109891,816.3369963369963,811.0989010989011,580.2197802197802,411.7948717948718,-0.353699,-0.015015,0.930542,-5.891724,1.996307,3.947754,1,2,1,1,2,95.000000
2025-03-25 16:07:24.578,1.008395140203707,0.3832727427886529,0.2213602200085305,0.7204090844539238,0.3715964431931322,0.2159510134447581,0.2659279846466001,0.622670299796922,1.044832267894336,0.4294997274485503,0.7029727767881557,1.093484678086242,1.263726117505977,1.356120349040929,1.530881188111352,1.00616106135069,1.19938490964627,0.9009395041285433,1.232313446266192,1.03183795693504,728.4981684981685,872.7472527472528,762.7472527472528,678.1318681318681,726.8864468864469,1063.333333333333,-0.252747,0.133179,0.971802,47.851562,-17.705078,-113.146515,1,2,1,1,2,95.000000
2025-03-25 16:07:24.811,,,,,,,,,,,,,,,,,,,,,,,,,,,,,,,,,,,,,,,/muse/elements/blink
2025-03-25 16:07:25.070,1.008395140203707,0.3832727427886529,0.2213602200085305,0.7204090844539238,0.3715964431931322,0.2159510134447581,0.2659279846466001,0.622670299796922,1.044832267894336,0.4294997274485503,0.7029727767881557,1.093484678086242,1.263726117505977,1.356120349040929,1.530881188111352,1.00616106135069,1.19938490964627,0.9009395041285433,1.232313446266192,1.03183795693504,799.4139194139194,808.2783882783883,832.4542124542124,805.8608058608058,672.893772893773,903.3699633699634,-0.202332,0.023315,0.998352,25.892181,-5.600128,-94.723663,1,2,1,1,2,95.000000
2025-03-25 16:07:25.573,1.008395140203707,0.3832727427886529,0.2213602200085305,0.7204090844539238,0.3715964431931322,0.2159510134447581,0.2659279846466001,0.622670299796922,1.044832267894336,0.4294997274485503,0.7029727767881557,1.093484678086242,1.263726117505977,1.356120349040929,1.530881188111352,1.00616106135069,1.19938490964627,0.9009395041285433,1.232313446266192,1.03183795693504,792.967032967033,804.6520146520147,799.4139194139194,817.948717948718,785.3113553113553,713.5897435897436,-0.325378,0.038391,0.942505,14.041443,-0.149536,-36.449432,1,2,1,1,2,95.000000
2025-03-25 16:07:26.070,1.008395140203707,0.3832727427886529,0.2213602200085305,0.7204090844539238,0.3715964431931322,0.2159510134447581,0.2659279846466001,0.622670299796922,1.044832267894336,0.4294997274485503,0.7029727767881557,1.093484678086242,1.263726117505977,1.356120349040929,1.530881188111352,1.00616106135069,1.19938490964627,0.9009395041285433,1.232313446266192,1.03183795693504,799.0109890109891,794.5787545787546,802.2344322344322,812.7106227106227,833.6630036630037,590.2930402930403,-0.336060,0.095825,0.933594,-1.592560,0.059814,11.499329,1,2,1,1,2,95.000000
2025-03-25 16:07:26.570,1.008395140203707,0.3832727427886529,0.2213602200085305,0.613297891994379,0.3715964431931322,0.2159510134447581,0.2659279846466001,0.4328017155560603,1.044832267894336,0.4294997274485503,0.7029727767881557,1.446322770414486,1.263726117505977,1.356120349040929,1.530881188111352,1.237017490210752,1.19938490964627,0.9009395041285433,1.232313446266192,1.163902207246279,831.6483516483516,835.6776556776557,782.0879120879121,815.1282051282052,778.8644688644689,957.7655677655678,-0.288208,0.056152,0.986877,2.243042,-3.185120,-10.661926,1,1,1,1,1,95.000000
2025-03-25 16:07:27.073,1.008395140203707,0.3832727427886529,0.2213602200085305,0.613297891994379,0.3715964431931322,0.2159510134447581,0.2659279846466001,0.4328017155560603,1.044832267894336,0.4294997274485503,0.7029727767881557,1.446322770414486,1.263726117505977,1.356120349040929,1.530881188111352,1.237017490210752,1.19938490964627,0.9009395041285433,1.232313446266192,1.163902207246279,816.3369963369963,820.7692307692308,806.2637362637363,853.4065934065934,847.7655677655678,706.3369963369963,-0.331848,0.049438,0.934082,0.643005,-2.639313,2.153320,1,1,1,1,1,95.000000
2025-03-25 16:07:27.154,,,,,,,,,,,,,,,,,,,,,,,,,,,,,,,,,,,,,,,/muse/elements/blink
2025-03-25 16:07:27.570,1.008395140203707,0.3832727427886529,0.2213602200085305,0.5877295421999623,0.3715964431931322,0.2159510134447581,0.2659279846466001,0.4376179130358278,1.044832267894336,0.4294997274485503,0.7029727767881557,1.379120864488801,1.263726117505977,1.356120349040929,1.530881188111352,1.25949454484682,1.19938490964627,0.9009395041285433,1.232313446266192,1.185559330541055,803.8461538461539,820.7692307692308,806.2637362637363,830.0366300366301,818.3516483516484,1016.996336996337,-0.317505,0.048401,0.940918,-0.687866,-0.859833,2.908478,1,1,1,1,1,95.000000
2025-03-25 16:07:28.070,1.008395140203707,0.3832727427886529,0.2213602200085305,0.5623084669124532,0.3715964431931322,0.2159510134447581,0.2659279846466001,0.4618195362976331,1.044832267894336,0.4294997274485503,0.7029727767881557,1.281156576473673,1.263726117505977,1.356120349040929,1.530881188111352,1.288900923761672,1.19938490964627,0.9009395041285433,1.232313446266192,1.203174082849202,764.7619047619048,814.3223443223443,800.6227106227107,776.4468864468864,789.7435897435897,860.6593406593407,-0.304626,0.003174,0.936340,-0.740204,-1.585083,4.635620,1,1,1,1,1,95.000000
2025-03-25 16:07:28.584,1.008395140203707,0.3832727427886529,0.2213602200085305,0.7393965141475604,0.3715964431931322,0.2159510134447581,0.2659279846466001,0.5594372459191189,1.044832267894336,0.4294997274485503,0.7029727767881557,0.9392223141900072,1.263726117505977,1.356120349040929,1.530881188111352,1.260017204615859,1.19938490964627,0.9009395041285433,1.232313446266192,1.160571058893857,805.0549450549451,774.8351648351648,812.3076923076924,800.2197802197802,767.5824175824176,602.3809523809524,-0.309753,0.003113,0.945312,1.218719,-1.667328,2.190704,1,1,1,1,1,95.000000
2025-03-25 16:07:29.073,0.5551884994847169,0.3832727427886529,0.2213602200085305,0.8475752376940459,0.5112612546060451,0.2159510134447581,0.2659279846466001,0.6681073131325092,1.173025507108922,0.4294997274485503,0.7029727767881557,0.9425416651730577,1.279223085427727,1.356120349040929,1.530881188111352,1.215968839065339,1.163846806929299,0.9009395041285433,1.232313446266192,1.023038794706383,810.6959706959707,773.2234432234433,815.934065934066,825.2014652014652,745.0183150183151,943.6630036630037,-0.254028,-0.061035,0.955383,-31.641846,-9.682465,103.748169,1,1,1,1,1,95.000000
2025-03-25 16:07:29.506,,,,,,,,,,,,,,,,,,,,,,,,,,,,,,,,,,,,,,,/muse/elements/blink
2025-03-25 16:07:29.570,0.5467453028339899,0.3832727427886529,0.2213602200085305,0.8475644531770754,0.5157588109811985,0.2159510134447581,0.2659279846466001,0.6513581030572801,1.176287724240959,0.4294997274485503,0.7029727767881557,0.9425416651730577,1.275546328649311,1.356120349040929,1.530881188111352,1.215044697567505,1.13628548692263,0.9009395041285433,1.232313446266192,1.00405955931852,783.6996336996338,746.6300366300367,809.0842490842491,805.0549450549451,678.5347985347986,823.992673992674,-0.185791,0.040833,0.990356,-33.795166,0.643005,117.557831,1,1,1,1,1,95.000000
2025-03-25 16:07:30.072,0.5777268660051119,0.3832727427886529,0.2213602200085305,0.9101137903068467,0.5410833796285307,0.2159510134447581,0.2659279846466001,0.6898785729121953,1.167462575789019,0.4294997274485503,0.7029727767881557,0.8128168953739804,1.281060716599985,1.356120349040929,1.530881188111352,1.189410539098135,1.131290059152897,0.9009395041285433,1.232313446266192,0.8904146812877272,769.1941391941392,811.9047619047619,784.5054945054945,807.4725274725275,1049.230769230769,1495.677655677656,-0.323181,0.014404,0.956482,-5.009460,3.641205,17.286377,1,1,1,1,1,95.000000
2025-03-25 16:07:30.570,0.6629853016424825,0.3832727427886529,0.2213602200085305,0.8247108990128474,0.603893422976562,0.2159510134447581,0.2659279846466001,0.6525428211842678,1.038061350812767,0.4294997274485503,0.7029727767881557,0.6422564471567858,1.291594940730691,1.356120349040929,1.530881188111352,1.188716037893438,1.003806346902353,0.9009395041285433,1.232313446266192,0.7452120678547804,769.1941391941392,867.5091575091575,768.3882783882784,773.2234432234433,685.3846153846154,594.3223443223443,-0.112854,0.083008,0.994812,95.306854,-3.805695,-206.315002,1,1,1,1,1,95.000000
2025-03-25 16:07:30.719,,,,,,,,,,,,,,,,,,,,,,,,,,,,,,,,,,,,,,,/muse/elements/blink
2025-03-25 16:07:31.070,0.6629853016424825,0.3832727427886529,0.2213602200085305,0.8247108990128474,0.603893422976562,0.2159510134447581,0.2659279846466001,0.6525428211842678,1.038061350812767,0.4294997274485503,0.7029727767881557,0.6422564471567858,1.291594940730691,1.356120349040929,1.530881188111352,1.188716037893438,1.003806346902353,0.9009395041285433,1.232313446266192,0.7452120678547804,790.5494505494506,792.1611721611722,777.6556776556777,810.2930402930403,862.2710622710623,1119.74358974359,-0.333496,-0.003967,0.943115,15.334930,0.942078,-47.761841,1,1,1,1,1,95.000000
2025-03-25 16:07:31.570,0.6629853016424825,0.3832727427886529,0.2213602200085305,0.8247108990128474,0.603893422976562,0.2159510134447581,0.2659279846466001,0.6525428211842678,1.038061350812767,0.4294997274485503,0.7029727767881557,0.6422564471567858,1.291594940730691,1.356120349040929,1.530881188111352,1.188716037893438,1.003806346902353,0.9009395041285433,1.232313446266192,0.7452120678547804,775.6410256410256,764.7619047619048,869.5238095238095,819.5604395604396,851.7948717948718,835.6776556776557,-0.024719,-0.100098,1.061401,-83.732758,-16.837769,218.412476,1,1,1,1,1,95.000000
2025-03-25 16:07:31.693,,,,,,,,,,,,,,,,,,,,,,,,,,,,,,,,,,,,,,,/muse/elements/blink
2025-03-25 16:07:32.070,0.6629853016424825,0.3832727427886529,0.2213602200085305,0.8247108990128474,0.603893422976562,0.2159510134447581,0.2659279846466001,0.6525428211842678,1.038061350812767,0.4294997274485503,0.7029727767881557,0.6422564471567858,1.291594940730691,1.356120349040929,1.530881188111352,1.188716037893438,1.003806346902353,0.9009395041285433,1.232313446266192,0.7452120678547804,855.4212454212454,825.2014652014652,819.1575091575091,860.2564102564103,1166.080586080586,1631.062271062271,-0.384033,-0.044128,0.937561,-13.645172,-0.732727,51.522675,1,2,1,1,2,95.000000
2025-03-25 16:07:32.570,0.6629853016424825,0.3832727427886529,0.2213602200085305,0.8247108990128474,0.603893422976562,0.2159510134447581,0.2659279846466001,0.6525428211842678,1.038061350812767,0.4294997274485503,0.7029727767881557,0.6422564471567858,1.291594940730691,1.356120349040929,1.530881188111352,1.188716037893438,1.003806346902353,0.9009395041285433,1.232313446266192,0.7452120678547804,799.8168498168499,788.1318681318681,800.6227106227107,789.3406593406594,234.1025641025641,12.49084249084249,-0.229492,0.092896,0.933167,3.095398,8.501129,-5.973969,1,2,1,1,2,95.000000
2025-03-25 16:07:33.070,,,,,,,,,,,,,,,,,,,,,,,,,,,,,,,,,,,,,,,/muse/elements/blink
2025-03-25 16:07:33.086,0.6629853016424825,0.3832727427886529,0.2213602200085305,0.8247108990128474,0.603893422976562,0.2159510134447581,0.2659279846466001,0.6525428211842678,1.038061350812767,0.4294997274485503,0.7029727767881557,0.6422564471567858,1.291594940730691,1.356120349040929,1.530881188111352,1.188716037893438,1.003806346902353,0.9009395041285433,1.232313446266192,0.7452120678547804,782.4908424908425,749.047619047619,789.7435897435897,749.4505494505495,630.5860805860806,24.17582417582418,-0.286499,-0.060974,0.811462,14.841461,4.261780,-50.774994,1,2,1,1,2,95.000000
2025-03-25 16:07:33.427,,,,,,,,,,,,,,,,,,,,,,,,,,,,,,,,,,,,,,,/muse/elements/blink
2025-03-25 16:07:33.580,0.6629853016424825,0.3832727427886529,0.2213602200085305,0.8247108990128474,0.603893422976562,0.2159510134447581,0.2659279846466001,0.6525428211842678,1.038061350812767,0.4294997274485503,0.7029727767881557,0.6422564471567858,1.291594940730691,1.356120349040929,1.530881188111352,1.188716037893438,1.003806346902353,0.9009395041285433,1.232313446266192,0.7452120678547804,840.9157509157509,832.0512820512821,827.6190476190476,811.9047619047619,983.1501831501831,1237.399267399268,-0.169373,0.063477,0.797791,-33.211975,-12.336731,37.212067,1,2,1,1,2,95.000000
2025-03-25 16:07:33.661,,,,,,,,,,,,,,,,,,,,,,,,,,,,,,,,,,,,,,,/muse/elements/blink
2025-03-25 16:07:34.074,0.6629853016424825,0.3832727427886529,0.2213602200085305,0.8247108990128474,0.603893422976562,0.2159510134447581,0.2659279846466001,0.6525428211842678,1.038061350812767,0.4294997274485503,0.7029727767881557,0.6422564471567858,1.291594940730691,1.356120349040929,1.530881188111352,1.188716037893438,1.003806346902353,0.9009395041285433,1.232313446266192,0.7452120678547804,788.9377289377289,803.8461538461539,765.5677655677656,786.1172161172161,1194.688644688645,1479.96336996337,-0.439697,-0.047607,1.094971,5.151520,19.432220,-8.575897,1,2,1,1,2,95.000000
2025-03-25 16:07:34.570,0.6629853016424825,0.3832727427886529,0.2213602200085305,0.8247108990128474,0.603893422976562,0.2159510134447581,0.2659279846466001,0.6525428211842678,1.038061350812767,0.4294997274485503,0.7029727767881557,0.6422564471567858,1.291594940730691,1.356120349040929,1.530881188111352,1.188716037893438,1.003806346902353,0.9009395041285433,1.232313446266192,0.7452120678547804,819.1575091575091,740.5860805860806,804.2490842490843,886.8498168498169,1167.289377289377,1622.600732600733,-0.032410,0.055115,1.143555,39.896240,-11.387177,-128.331909,1,2,1,1,2,95.000000
2025-03-25 16:07:34.788,,,,,,,,,,,,,,,,,,,,,,,,,,,,,,,,,,,,,,,/muse/elements/blink
2025-03-25 16:07:35.070,0.6629853016424825,0.3832727427886529,0.2213602200085305,0.8247108990128474,0.603893422976562,0.2159510134447581,0.2659279846466001,0.6525428211842678,1.038061350812767,0.4294997274485503,0.7029727767881557,0.6422564471567858,1.291594940730691,1.356120349040929,1.530881188111352,1.188716037893438,1.003806346902353,0.9009395041285433,1.232313446266192,0.7452120678547804,825.2014652014652,807.4725274725275,799.4139194139194,796.5934065934066,487.1428571428572,127.3260073260073,-0.328186,-0.019287,1.022156,-9.323578,0.986938,7.387085,1,2,1,1,2,95.000000
2025-03-25 16:07:35.176,,,,,,,,,,,,,,,,,,,,,,,,,,,,,,,,,,,,,,,/muse/elements/blink
2025-03-25 16:07:35.572,0.6629853016424825,0.3832727427886529,0.2213602200085305,0.8247108990128474,0.603893422976562,0.2159510134447581,0.2659279846466001,0.6525428211842678,1.038061350812767,0.4294997274485503,0.7029727767881557,0.6422564471567858,1.291594940730691,1.356120349040929,1.530881188111352,1.188716037893438,1.003806346902353,0.9009395041285433,1.232313446266192,0.7452120678547804,788.5347985347986,814.3223443223443,793.3699633699634,834.0659340659341,1540.805860805861,1622.197802197802,-0.120972,0.167664,0.869324,0.089722,1.151428,0.343933,1,2,1,1,2,95.000000
2025-03-25 16:07:35.684,,,,,,,,,,,,,,,,,,,,,,,,,,,,,,,,,,,,,,,/muse/elements/blink
2025-03-25 16:07:36.073,0.6629853016424825,0.3832727427886529,0.2213602200085305,0.8247108990128474,0.603893422976562,0.2159510134447581,0.2659279846466001,0.6525428211842678,1.038061350812767,0.4294997274485503,0.7029727767881557,0.6422564471567858,1.291594940730691,1.356120349040929,1.530881188111352,1.188716037893438,1.003806346902353,0.9009395041285433,1.232313446266192,0.7452120678547804,805.8608058608058,809.8901098901099,797.8021978021978,795.7875457875458,727.6923076923077,305.8241758241758,-0.320801,-0.123657,1.019104,-23.514557,-3.566437,-3.865509,1,2,1,1,2,95.000000
2025-03-25 16:07:36.191,,,,,,,,,,,,,,,,,,,,,,,,,,,,,,,,,,,,,,,/muse/elements/blink
2025-03-25 16:07:36.384,,,,,,,,,,,,,,,,,,,,,,,,,,,,,,,,,,,,,,,/muse/elements/blink
2025-03-25 16:07:36.570,0.6629853016424825,0.3832727427886529,0.2213602200085305,0.8247108990128474,0.603893422976562,0.2159510134447581,0.2659279846466001,0.6525428211842678,1.038061350812767,0.4294997274485503,0.7029727767881557,0.6422564471567858,1.291594940730691,1.356120349040929,1.530881188111352,1.188716037893438,1.003806346902353,0.9009395041285433,1.232313446266192,0.7452120678547804,895.3113553113553,823.992673992674,812.7106227106227,964.6153846153846,1095.970695970696,1613.333333333333,-0.181519,0.160767,1.148987,13.719940,-12.747955,12.934875,1,2,1,1,2,95.000000
2025-03-25 16:07:36.715,,,,,,,,,,,,,,,,,,,,,,,,,,,,,,,,,,,,,,,/muse/elements/blink
2025-03-25 16:07:37.070,0.6629853016424825,0.3832727427886529,0.2213602200085305,0.8247108990128474,0.603893422976562,0.2159510134447581,0.2659279846466001,0.6525428211842678,1.038061350812767,0.4294997274485503,0.7029727767881557,0.6422564471567858,1.291594940730691,1.356120349040929,1.530881188111352,1.188716037893438,1.003806346902353,0.9009395041285433,1.232313446266192,0.7452120678547804,820.7692307692308,800.6227106227107,818.3516483516484,843.3333333333334,1046.007326007326,1456.996336996337,-0.348755,-0.164062,1.059814,-28.524017,5.555267,83.500977,1,2,1,1,2,95.000000
2025-03-25 16:07:37.196,,,,,,,,,,,,,,,,,,,,,,,,,,,,,,,,,,,,,,,/muse/elements/blink
2025-03-25 16:07:37.564,,,,,,,,,,,,,,,,,,,,,,,,,,,,,,,,,,,,,,,/muse/elements/blink
2025-03-25 16:07:37.579,0.6629853016424825,0.3832727427886529,1.162671752097231,0.8247108990128474,0.603893422976562,0.2159510134447581,1.39066159459956,0.6525428211842678,1.038061350812767,0.4294997274485503,1.123155919641708,0.6422564471567858,1.291594940730691,1.356120349040929,1.523024380501868,1.188716037893438,1.003806346902353,0.9009395041285433,0.9447903936667835,0.7452120678547804,834.4688644688645,778.0586080586081,864.2857142857143,889.6703296703297,1618.571428571429,1622.197802197802,-0.260498,0.018188,1.188843,-1.271057,-12.097473,28.337097,1,2,1,1,2,95.000000
2025-03-25 16:07:37.688,,,,,,,,,,,,,,,,,,,,,,,,,,,,,,,,,,,,,,,/muse/elements/blink
2025-03-25 16:07:38.079,0.6629853016424825,0.3832727427886529,1.162671752097231,0.8247108990128474,0.603893422976562,0.2159510134447581,1.39066159459956,0.6525428211842678,1.038061350812767,0.4294997274485503,1.123155919641708,0.6422564471567858,1.291594940730691,1.356120349040929,1.523024380501868,1.188716037893438,1.003806346902353,0.9009395041285433,0.9447903936667835,0.7452120678547804,732.1245421245421,771.2087912087912,837.2893772893773,848.5714285714286,396.4835164835165,494.3956043956044,-0.321167,-0.030334,1.455505,-30.056763,-15.334930,132.975006,1,2,1,1,2,95.000000
2025-03-25 16:07:38.570,0.6629853016424825,0.3832727427886529,1.162671752097231,0.8247108990128474,0.603893422976562,0.2159510134447581,1.39066159459956,0.6525428211842678,1.038061350812767,0.4294997274485503,1.123155919641708,0.6422564471567858,1.291594940730691,1.356120349040929,1.523024380501868,1.188716037893438,1.003806346902353,0.9009395041285433,0.9447903936667835,0.7452120678547804,804.2490842490843,786.5201465201466,862.6739926739926,843.7362637362637,364.6520146520147,413.8095238095238,-0.127991,-0.102173,0.861572,-23.065948,6.220703,108.944550,1,2,1,1,2,95.000000
2025-03-25 16:07:39.070,0.6629853016424825,0.3832727427886529,1.162671752097231,0.8247108990128474,0.603893422976562,0.2159510134447581,1.39066159459956,0.6525428211842678,1.038061350812767,0.4294997274485503,1.123155919641708,0.6422564471567858,1.291594940730691,1.356120349040929,1.523024380501868,1.188716037893438,1.003806346902353,0.9009395041285433,0.9447903936667835,0.7452120678547804,823.5897435897436,830.0366300366301,808.6813186813187,833.6630036630037,443.6263736263737,51.97802197802198,-0.210022,0.127686,1.071777,-22.153778,-3.117828,75.568085,1,2,1,1,2,95.000000
2025-03-25 16:07:39.145,,,,,,,,,,,,,,,,,,,,,,,,,,,,,,,,,,,,,,,/muse/elements/blink
2025-03-25 16:07:39.570,0.6629853016424825,0.3832727427886529,1.162671752097231,0.8247108990128474,0.603893422976562,0.2159510134447581,1.39066159459956,0.6525428211842678,1.038061350812767,0.4294997274485503,1.123155919641708,0.6422564471567858,1.291594940730691,1.356120349040929,1.523024380501868,1.188716037893438,1.003806346902353,0.9009395041285433,0.9447903936667835,0.7452120678547804,809.8901098901099,816.3369963369963,799.4139194139194,807.4725274725275,382.7838827838828,241.7582417582418,-0.416687,-0.045654,1.010925,-1.712189,3.177643,5.233765,1,2,1,1,2,95.000000
2025-03-25 16:07:40.070,0.6629853016424825,0.3832727427886529,1.162671752097231,0.8247108990128474,0.603893422976562,0.2159510134447581,1.39066159459956,0.6525428211842678,1.038061350812767,0.4294997274485503,1.123155919641708,0.6422564471567858,1.291594940730691,1.356120349040929,1.523024380501868,1.188716037893438,1.003806346902353,0.9009395041285433,0.9447903936667835,0.7452120678547804,801.4285714285714,796.996336996337,798.6080586080586,798.2051282051282,924.3223443223443,1421.135531135531,-0.340698,0.014099,0.918762,4.224396,0.643005,-1.465454,1,2,1,1,2,95.000000
2025-03-25 16:07:40.570,1.402480796375874,0.1957648099936253,1.162671752097231,0.8247108990128474,1.194131153197191,-0.4772498838157195,1.39066159459956,0.6525428211842678,1.255888175584601,0.3843409296535759,1.123155919641708,0.6422564471567858,1.408529010338888,1.255250470854915,1.523024380501868,1.188716037893438,1.217256963258125,1.128471740531277,0.9447903936667835,0.7452120678547804,836.0805860805862,799.8168498168499,825.2014652014652,836.4835164835165,647.1062271062272,414.6153846153846,-0.397217,0.011536,0.894348,3.641205,3.805695,-4.635620,1,1,1,1,1,95.000000
2025-03-25 16:07:41.070,1.402480796375874,0.1763668526851745,1.162671752097231,0.8247108990128474,1.194131153197191,-0.3506445445557161,1.39066159459956,0.6525428211842678,1.255888175584601,0.4352351941604873,1.123155919641708,0.6422564471567858,1.408529010338888,1.260530025088123,1.523024380501868,1.188716037893438,1.217256963258125,1.050207235138354,0.9447903936667835,0.7452120678547804,786.1172161172161,805.8608058608058,801.025641025641,790.1465201465202,802.2344322344322,948.4981684981685,-0.347046,0.071167,0.933411,26.624908,-3.573914,-49.922638,1,1,1,1,1,95.000000
2025-03-25 16:07:41.349,,,,,,,,,,,,,,,,,,,,,,,,,,,,,,,,,,,,,,,/muse/elements/blink
2025-03-25 16:07:41.570,0.6687666259448929,0.1935523011727571,0.4397540757429765,1.008414177066131,0.3813348177461572,-0.3638973905262574,-0.1706075321846999,0.06891851536435019,0.919937660783402,0.5081164724362547,0.5027457686492867,0.7738247270671197,1.355768689134991,1.242537235211363,1.531476248889403,1.377103140980168,1.220457286428676,0.9916506361846135,1.232079213129276,0.8492646522823637,803.040293040293,784.1025641025641,843.3333333333334,819.5604395604396,680.1465201465202,809.4871794871796,-0.138672,0.042725,1.009766,69.698792,-12.478790,-185.013580,1,1,1,1,1,95.000000
2025-03-25 16:07:42.073,0.6687666259448929,0.1920710083733956,0.4397540757429765,1.008414177066131,0.3813348177461572,-0.3020123460372826,-0.1706075321846999,0.06891851536435019,0.919937660783402,0.4335206090121654,0.5027457686492867,0.7738247270671197,1.355768689134991,1.233850166507216,1.531476248889403,1.377103140980168,1.220457286428676,0.8685158991687563,1.232079213129276,0.8492646522823637,821.1721611721612,773.6263736263736,798.2051282051282,818.7545787545788,836.8864468864469,636.6300366300367,-0.406067,0.078247,0.922363,5.473022,-2.616882,-13.974152,1,1,1,1,1,95.000000
2025-03-25 16:07:42.573,0.6687666259448929,0.2409578362622757,0.4397540757429765,1.008414177066131,0.3813348177461572,-0.3058555473344456,-0.1706075321846999,0.06891851536435019,0.919937660783402,0.4335206090121654,0.5027457686492867,0.7738247270671197,1.355768689134991,1.19821457231425,1.531476248889403,1.377103140980168,1.220457286428676,0.7317470855127185,1.232079213129276,0.8492646522823637,648.7179487179487,699.4871794871796,855.4212454212454,669.2673992673992,548.3882783882784,150.6959706959707,-0.007812,-0.212769,0.992310,-88.308563,-44.150543,228.894958,1,1,1,1,1,95.000000
2025-03-25 16:07:42.680,,,,,,,,,,,,,,,,,,,,,,,,,,,,,,,,,,,,,,,/muse/elements/blink
2025-03-25 16:07:43.070,0.6687666259448929,0.2409578362622757,0.4397540757429765,1.008414177066131,0.3813348177461572,-0.3058555473344456,-0.1706075321846999,0.06891851536435019,0.919937660783402,0.4335206090121654,0.5027457686492867,0.7738247270671197,1.355768689134991,1.19821457231425,1.531476248889403,1.377103140980168,1.220457286428676,0.7317470855127185,1.232079213129276,0.8492646522823637,818.3516483516484,813.1135531135532,796.5934065934066,867.1062271062272,895.3113553113553,1396.153846153846,-0.338867,0.067261,1.079346,-5.966492,-8.104858,70.820312,1,1,1,1,1,95.000000
2025-03-25 16:07:43.579,0.6687666259448929,0.2409578362622757,0.4397540757429765,1.008414177066131,0.3813348177461572,-0.3058555473344456,-0.1706075321846999,0.06891851536435019,0.919937660783402,0.4335206090121654,0.5027457686492867,0.7738247270671197,1.355768689134991,1.19821457231425,1.531476248889403,1.377103140980168,1.220457286428676,0.7317470855127185,1.232079213129276,0.8492646522823637,810.2930402930403,804.6520146520147,789.3406593406594,870.3296703296703,1129.41391941392,1479.96336996337,-0.197571,0.069336,1.038269,2.310333,2.938385,6.998291,1,1,1,1,1,95.000000
2025-03-25 16:07:43.783,,,,,,,,,,,,,,,,,,,,,,,,,,,,,,,,,,,,,,,/muse/elements/blink
2025-03-25 16:07:44.070,0.6687666259448929,0.2409578362622757,0.4397540757429765,1.008414177066131,0.3813348177461572,-0.3058555473344456,-0.1706075321846999,0.06891851536435019,0.919937660783402,0.4335206090121654,0.5027457686492867,0.7738247270671197,1.355768689134991,1.19821457231425,1.531476248889403,1.377103140980168,1.220457286428676,0.7317470855127185,1.232079213129276,0.8492646522823637,763.1501831501831,782.4908424908425,799.8168498168499,728.0952380952381,1089.120879120879,1050.43956043956,-0.112671,-0.158875,0.772827,29.144592,0.949554,-45.989838,1,2,1,1,2,95.000000
2025-03-25 16:07:44.296,,,,,,,,,,,,,,,,,,,,,,,,,,,,,,,,,,,,,,,/muse/elements/blink
2025-03-25 16:07:44.570,0.6687666259448929,0.2409578362622757,0.4397540757429765,1.008414177066131,0.3813348177461572,-0.3058555473344456,-0.1706075321846999,0.06891851536435019,0.919937660783402,0.4335206090121654,0.5027457686492867,0.7738247270671197,1.355768689134991,1.19821457231425,1.531476248889403,1.377103140980168,1.220457286428676,0.7317470855127185,1.232079213129276,0.8492646522823637,753.0769230769231,780.8791208791209,771.2087912087912,742.1978021978023,0,0,-0.247986,-0.174316,1.088928,-14.781647,-12.575989,31.058655,1,2,1,1,2,95.000000
2025-03-25 16:07:45.001,,,,,,,,,,,,,,,,,,,,,,,,,,,,,,,,,,,,,,,/muse/elements/blink
2025-03-25 16:07:45.072,0.6687666259448929,0.2409578362622757,0.4397540757429765,1.008414177066131,0.3813348177461572,-0.3058555473344456,-0.1706075321846999,0.06891851536435019,0.919937660783402,0.4335206090121654,0.5027457686492867,0.7738247270671197,1.355768689134991,1.19821457231425,1.531476248889403,1.377103140980168,1.220457286428676,0.7317470855127185,1.232079213129276,0.8492646522823637,780.8791208791209,782.0879120879121,787.7289377289378,782.4908424908425,910.6227106227107,891.2820512820513,-0.328735,-0.107239,0.830750,7.686157,3.461761,0.411224,1,2,1,1,2,95.000000
2025-03-25 16:07:45.578,0.6687666259448929,0.2409578362622757,0.4397540757429765,1.008414177066131,0.3813348177461572,-0.3058555473344456,-0.1706075321846999,0.06891851536435019,0.919937660783402,0.4335206090121654,0.5027457686492867,0.7738247270671197,1.355768689134991,1.19821457231425,1.531476248889403,1.377103140980168,1.220457286428676,0.7317470855127185,1.232079213129276,0.8492646522823637,791.3553113553114,786.9230769230769,810.6959706959707,781.2820512820513,603.5897435897436,660,-0.221069,0.076965,0.891418,10.213318,-4.665527,-11.304932,1,2,2,1,2,95.000000
2025-03-25 16:07:45.949,,,,,,,,,,,,,,,,,,,,,,,,,,,,,,,,,,,,,,,/muse/elements/jaw_clench
2025-03-25 16:07:46.079,0.6687666259448929,0.2409578362622757,0.4397540757429765,1.008414177066131,0.3813348177461572,-0.3058555473344456,-0.1706075321846999,0.06891851536435019,0.919937660783402,0.4335206090121654,0.5027457686492867,0.7738247270671197,1.355768689134991,1.19821457231425,1.531476248889403,1.377103140980168,1.220457286428676,0.7317470855127185,1.232079213129276,0.8492646522823637,656.3736263736264,886.0439560439561,740.1831501831502,619.3040293040293,927.5457875457876,990.8058608058608,-0.093079,0.092285,1.051758,67.209015,-5.659943,-185.043488,1,2,1,1,2,95.000000
2025-03-25 16:07:46.235,,,,,,,,,,,,,,,,,,,,,,,,,,,,,,,,,,,,,,,/muse/elements/blink
2025-03-25 16:07:46.578,0.6687666259448929,0.2409578362622757,0.4397540757429765,1.008414177066131,0.3813348177461572,-0.3058555473344456,-0.1706075321846999,0.06891851536435019,0.919937660783402,0.4335206090121654,0.5027457686492867,0.7738247270671197,1.355768689134991,1.19821457231425,1.531476248889403,1.377103140980168,1.220457286428676,0.7317470855127185,1.232079213129276,0.8492646522823637,803.040293040293,734.5421245421246,811.9047619047619,820.3663003663004,890.8791208791209,1020.622710622711,-0.257996,-0.034058,0.976074,17.989197,4.957123,-53.563843,1,2,1,1,2,95.000000
2025-03-25 16:07:47.073,0.6687666259448929,0.2409578362622757,0.4397540757429765,1.008414177066131,0.3813348177461572,-0.3058555473344456,-0.1706075321846999,0.06891851536435019,0.919937660783402,0.4335206090121654,0.5027457686492867,0.7738247270671197,1.355768689134991,1.19821457231425,1.531476248889403,1.377103140980168,1.220457286428676,0.7317470855127185,1.232079213129276,0.8492646522823637,798.6080586080586,776.0439560439561,788.1318681318681,760.3296703296703,918.6813186813187,1528.717948717949,-0.329346,0.062988,0.926514,-3.865509,-2.743988,2.287903,1,2,1,1,2,95.000000
2025-03-25 16:07:47.570,0.6687666259448929,0.2409578362622757,0.4397540757429765,1.008414177066131,0.3813348177461572,-0.3058555473344456,-0.1706075321846999,0.06891851536435019,0.919937660783402,0.4335206090121654,0.5027457686492867,0.7738247270671197,1.355768689134991,1.19821457231425,1.531476248889403,1.377103140980168,1.220457286428676,0.7317470855127185,1.232079213129276,0.8492646522823637,701.5018315018315,708.7545787545788,869.1208791208792,736.5567765567765,985.5677655677656,1498.498168498169,-0.089783,-0.019287,0.994690,-66.835175,2.758942,183.443451,1,2,1,1,2,95.000000
2025-03-25 16:07:47.764,,,,,,,,,,,,,,,,,,,,,,,,,,,,,,,,,,,,,,,/muse/elements/blink
2025-03-25 16:07:48.070,0.6687666259448929,0.2409578362622757,0.4397540757429765,1.008414177066131,0.3813348177461572,-0.3058555473344456,-0.1706075321846999,0.06891851536435019,0.919937660783402,0.4335206090121654,0.5027457686492867,0.7738247270671197,1.355768689134991,1.19821457231425,1.531476248889403,1.377103140980168,1.220457286428676,0.7317470855127185,1.232079213129276,0.8492646522823637,787.7289377289378,801.4285714285714,758.3150183150184,817.948717948718,540.7326007326008,379.96336996337,-0.193604,-0.030396,0.933960,-22.153778,6.041260,86.327209,1,2,1,1,2,95.000000
2025-03-25 16:07:48.574,0.6687666259448929,0.2409578362622757,0.4397540757429765,1.008414177066131,0.3813348177461572,-0.3058555473344456,-0.1706075321846999,0.06891851536435019,0.919937660783402,0.4335206090121654,0.5027457686492867,0.7738247270671197,1.355768689134991,1.19821457231425,1.531476248889403,1.377103140980168,1.220457286428676,0.7317470855127185,1.232079213129276,0.8492646522823637,844.5421245421246,819.96336996337,800.2197802197802,853.8095238095239,733.3333333333334,966.2271062271062,-0.287720,0.029907,0.908630,-11.656342,8.964691,26.176300,1,2,1,1,2,95.000000
2025-03-25 16:07:48.667,,,,,,,,,,,,,,,,,,,,,,,,,,,,,,,,,,,,,,,/muse/elements/blink
2025-03-25 16:07:49.074,0.6687666259448929,0.2409578362622757,0.4397540757429765,1.008414177066131,0.3813348177461572,-0.3058555473344456,-0.1706075321846999,0.06891851536435019,0.919937660783402,0.4335206090121654,0.5027457686492867,0.7738247270671197,1.355768689134991,1.19821457231425,1.531476248889403,1.377103140980168,1.220457286428676,0.7317470855127185,1.232079213129276,0.8492646522823637,811.9047619047619,779.6703296703297,813.919413919414,800.6227106227107,814.7252747252747,1193.076923076923,-0.347961,-0.033997,0.927734,2.998199,1.143951,-0.485992,1,2,1,1,2,95.000000
2025-03-25 16:07:49.570,1.362837748842156,0.2409578362622757,0.4397540757429765,1.008414177066131,1.250531855799061,-0.3058555473344456,-0.1706075321846999,0.06891851536435019,1.261355771589226,0.4335206090121654,0.5027457686492867,0.7738247270671197,1.472162160136582,1.19821457231425,1.531476248889403,1.377103140980168,1.048221263561822,0.7317470855127185,1.232079213129276,0.8492646522823637,803.8461538461539,811.5018315018315,805.0549450549451,776.0439560439561,760.7326007326008,680.952380952381,-0.354004,-0.005798,0.924927,4.097290,1.196289,-1.712189,1,2,1,1,2,95.000000
2025-03-25 16:07:50.070,1.024103698989265,-0.4165442388380424,-0.186503936727339,0.1691193897576198,0.9413212923401995,-0.5783736594316158,0.2967205561147959,0.5116405351290978,1.328605702405321,0.7335072711589566,0.5673775938241913,0.7691544405053027,1.306691073485783,1.002236568568965,1.380398409067626,0.9995995459165932,1.13819361189226,1.181211800472734,1.284679359387638,1.072512480096186,807.8754578754579,801.8315018315019,794.5787545787546,790.952380952381,866.3003663003664,783.2967032967033,-0.341309,-0.002075,0.926147,-1.398163,-2.078552,-0.897217,1,1,1,1,1,95.000000
2025-03-25 16:07:50.570,0.7180460477353849,-0.4751349500982195,-0.05868938865020908,0.1088166879640712,0.6114163594660713,-0.2459171358984362,0.1720726093209207,0.3786153880380917,1.318010050395548,0.7760163822143156,0.6633795970389579,0.8260577115827691,1.19103673096616,1.166032334862345,1.28564028081199,1.176504936268587,1.122670936953666,1.044147091635952,1.241961056678299,0.9995307630991568,818.3516483516484,786.1172161172161,782.4908424908425,800.2197802197802,832.8571428571429,981.5384615384615,-0.361084,0.010132,0.920837,1.824341,-0.306549,-2.123413,1,1,1,1,1,95.000000
2025-03-25 16:07:50.918,,,,,,,,,,,,,,,,,,,,,,,,,,,,,,,,,,,,,,,/muse/elements/blink
2025-03-25 16:07:51.072,0.1378569519028854,-0.4293232354635555,-0.08782001897216693,0.1222704378335245,0.2637251158727406,-0.2099035088370315,0.09207396068862855,0.3836972052032139,1.1891232179795,0.7810093619272133,0.6741254402563167,0.947546971918023,1.108011601572891,1.191951877443638,1.305298918299427,1.186049966587939,1.111944303607355,1.007210734862869,1.25083707678492,1.013387600557151,834.8717948717949,814.3223443223443,794.1758241758242,810.6959706959707,805.4578754578755,674.9084249084249,-0.148193,0.110168,1.016479,69.534302,-7.043152,-179.174194,1,1,1,1,1,95.000000
2025-03-25 16:07:51.578,0.2878722882071499,-0.4386869318105701,-0.04578406976516672,0.09304036288274958,0.3197687170162304,-0.06114331892629228,-0.06343062540737777,0.2890798635730075,1.085016912189523,0.687589564413579,0.5725025784406959,0.8860189181937504,1.109914159721473,1.289834213798604,1.262241439894503,1.265034097525612,1.03720993039648,0.8187866635175274,1.232872710955198,0.9755965914937776,769.1941391941392,792.1611721611722,811.0989010989011,709.1575091575091,557.6556776556777,167.6190476190476,-0.330322,0.148010,0.961060,14.415283,-2.175751,-49.444122,1,1,1,1,1,95.000000
2025-03-25 16:07:52.070,0.3475204393933343,-0.2845397518533566,-0.1685062124343893,0.1890464910211478,0.3485724588226915,0.01703647653263517,-0.346534217110521,0.3174396183451924,0.849882324602186,0.6805441183103449,0.3777420906946967,0.8475501256556863,1.046765207946762,1.296792447110029,1.324006695639181,1.269983336157449,0.87139514947801,0.7309764803899812,1.258896495001253,0.9873852279030926,789.3406593406594,841.7216117216118,778.8644688644689,797.3992673992674,840.5128205128206,1129.010989010989,-0.274414,-0.104797,0.922668,-33.675537,-11.633911,82.102814,1,1,1,1,1,95.000000
2025-03-25 16:07:52.324,,,,,,,,,,,,,,,,,,,,,,,,,,,,,,,,,,,,,,,/muse/elements/blink
2025-03-25 16:07:52.578,0.3475204393933343,-0.2845397518533566,-0.1685062124343893,0.1890464910211478,0.3485724588226915,0.01703647653263517,-0.346534217110521,0.3174396183451924,0.849882324602186,0.6805441183103449,0.3777420906946967,0.8475501256556863,1.046765207946762,1.296792447110029,1.324006695639181,1.269983336157449,0.87139514947801,0.7309764803899812,1.258896495001253,0.9873852279030926,818.7545787545788,850.5860805860806,746.2271062271062,792.967032967033,766.3736263736264,693.4432234432235,-0.204773,-0.021423,0.977783,-34.535370,-0.201874,107.127686,1,1,1,1,1,95.000000
2025-03-25 16:07:53.070,0.3475204393933343,-0.2845397518533566,-0.1685062124343893,0.1890464910211478,0.3485724588226915,0.01703647653263517,-0.346534217110521,0.3174396183451924,0.849882324602186,0.6805441183103449,0.3777420906946967,0.8475501256556863,1.046765207946762,1.296792447110029,1.324006695639181,1.269983336157449,0.87139514947801,0.7309764803899812,1.258896495001253,0.9873852279030926,823.992673992674,821.978021978022,760.7326007326008,811.0989010989011,812.3076923076924,1061.721611721612,-0.333008,-0.041260,0.932434,-3.087921,0.874786,16.568604,1,1,1,1,1,95.000000
2025-03-25 16:07:53.571,0.3475204393933343,-0.2845397518533566,-0.1685062124343893,0.1890464910211478,0.3485724588226915,0.01703647653263517,-0.346534217110521,0.3174396183451924,0.849882324602186,0.6805441183103449,0.3777420906946967,0.8475501256556863,1.046765207946762,1.296792447110029,1.324006695639181,1.269983336157449,0.87139514947801,0.7309764803899812,1.258896495001253,0.9873852279030926,764.7619047619048,784.1025641025641,823.1868131868132,769.5970695970697,716.4102564102565,662.014652014652,-0.296204,0.014160,0.911804,11.506805,-11.342316,-21.563110,1,2,1,1,2,95.000000
2025-03-25 16:07:53.854,,,,,,,,,,,,,,,,,,,,,,,,,,,,,,,,,,,,,,,/muse/elements/blink
2025-03-25 16:07:54.081,0.3475204393933343,-0.2845397518533566,-0.1685062124343893,0.1890464910211478,0.3485724588226915,0.01703647653263517,-0.346534217110521,0.3174396183451924,0.849882324602186,0.6805441183103449,0.3777420906946967,0.8475501256556863,1.046765207946762,1.296792447110029,1.324006695639181,1.269983336157449,0.87139514947801,0.7309764803899812,1.258896495001253,0.9873852279030926,801.025641025641,821.5750915750916,786.5201465201466,806.2637362637363,745.8241758241759,696.6666666666667,-0.205444,0.034607,0.954224,41.496277,-0.762634,-102.342529,1,2,1,1,2,95.000000
2025-03-25 16:07:54.570,0.3475204393933343,-0.2845397518533566,-0.1685062124343893,0.1890464910211478,0.3485724588226915,0.01703647653263517,-0.346534217110521,0.3174396183451924,0.849882324602186,0.6805441183103449,0.3777420906946967,0.8475501256556863,1.046765207946762,1.296792447110029,1.324006695639181,1.269983336157449,0.87139514947801,0.7309764803899812,1.258896495001253,0.9873852279030926,803.8461538461539,798.2051282051282,782.893772893773,784.5054945054945,801.4285714285714,745.0183150183151,-0.280029,-0.039429,0.946777,30.953979,4.351501,-93.504944,1,2,1,1,2,95.000000
2025-03-25 16:07:55.070,0.3475204393933343,-0.2845397518533566,-0.1685062124343893,0.1890464910211478,0.3485724588226915,0.01703647653263517,-0.346534217110521,0.3174396183451924,0.849882324602186,0.6805441183103449,0.3777420906946967,0.8475501256556863,1.046765207946762,1.296792447110029,1.324006695639181,1.269983336157449,0.87139514947801,0.7309764803899812,1.258896495001253,0.9873852279030926,800.2197802197802,776.8498168498169,801.025641025641,790.5494505494506,664.0293040293041,741.3919413919414,-0.320068,0.028870,0.941101,-1.846771,-2.302856,13.398438,1,2,1,1,2,95.000000
2025-03-25 16:07:55.471,,,,,,,,,,,,,,,,,,,,,,,,,,,,,,,,,,,,,,,/muse/elements/blink
2025-03-25 16:07:55.570,0.3475204393933343,-0.2845397518533566,-0.1685062124343893,0.1890464910211478,0.3485724588226915,0.01703647653263517,-0.346534217110521,0.3174396183451924,0.849882324602186,0.6805441183103449,0.3777420906946967,0.8475501256556863,1.046765207946762,1.296792447110029,1.324006695639181,1.269983336157449,0.87139514947801,0.7309764803899812,1.258896495001253,0.9873852279030926,830.8424908424909,807.0695970695971,803.040293040293,810.6959706959707,687.3992673992674,589.0842490842491,-0.199036,0.000000,0.973755,-41.114960,-3.342133,130.275879,1,2,1,1,2,95.000000
2025-03-25 16:07:56.077,0.3475204393933343,-0.2845397518533566,-0.1685062124343893,0.1890464910211478,0.3485724588226915,0.01703647653263517,-0.346534217110521,0.3174396183451924,0.849882324602186,0.6805441183103449,0.3777420906946967,0.8475501256556863,1.046765207946762,1.296792447110029,1.324006695639181,1.269983336157449,0.87139514947801,0.7309764803899812,1.258896495001253,0.9873852279030926,842.9304029304029,801.4285714285714,811.0989010989011,826.4102564102565,1083.076923076923,1522.271062271062,-0.255554,0.076965,0.967651,-31.656799,6.788940,100.256500,1,2,1,1,2,95.000000
2025-03-25 16:07:56.570,0.3475204393933343,-0.2845397518533566,-0.1685062124343893,0.1890464910211478,0.3485724588226915,0.01703647653263517,-0.346534217110521,0.3174396183451924,0.849882324602186,0.6805441183103449,0.3777420906946967,0.8475501256556863,1.046765207946762,1.296792447110029,1.324006695639181,1.269983336157449,0.87139514947801,0.7309764803899812,1.258896495001253,0.9873852279030926,786.1172161172161,776.4468864468864,833.6630036630037,805.4578754578755,674.1025641025641,677.7289377289377,-0.342712,0.122925,0.914673,33.331604,-7.245026,-72.203522,1,2,1,1,2,95.000000
2025-03-25 16:07:57.070,0.3475204393933343,-0.2845397518533566,-0.1685062124343893,1.311217641597295,0.3485724588226915,0.01703647653263517,-0.346534217110521,0.7659256993877839,0.849882324602186,0.6805441183103449,0.3777420906946967,0.9155781987242675,1.046765207946762,1.296792447110029,1.324006695639181,1.388588512762263,0.87139514947801,0.7309764803899812,1.258896495001253,0.9493882636689792,776.4468864468864,796.996336996337,805.4578754578755,784.9084249084249,908.2051282051282,1107.655677655678,-0.223633,0.096313,0.984436,51.724548,-2.983246,-137.730255,1,1,1,1,1,95.000000
2025-03-25 16:07:57.571,0.3475204393933343,-0.2845397518533566,-0.1685062124343893,1.296983989234782,0.3485724588226915,0.01703647653263517,-0.346534217110521,0.7279410736016744,0.849882324602186,0.6805441183103449,0.3777420906946967,0.9722850639469602,1.046765207946762,1.296792447110029,1.324006695639181,1.334451079666033,0.87139514947801,0.7309764803899812,1.258896495001253,0.926983192361675,807.4725274725275,780.0732600732601,774.0293040293041,796.5934065934066,827.6190476190476,939.6336996336996,-0.339905,-0.112061,0.927307,1.712189,5.256195,-32.254944,1,1,1,1,1,95.000000
2025-03-25 16:07:58.070,0.3475204393933343,-0.2845397518533566,-0.1685062124343893,1.214505946734245,0.3485724588226915,0.01703647653263517,-0.346534217110521,0.7093533545843774,0.849882324602186,0.6805441183103449,0.3777420906946967,0.9866777754824533,1.046765207946762,1.296792447110029,1.324006695639181,1.290722414934133,0.87139514947801,0.7309764803899812,1.258896495001253,0.9038867703866127,811.9047619047619,831.2454212454213,791.3553113553114,800.6227106227107,821.1721611721612,943.6630036630037,-0.352356,0.025391,0.929565,-5.525360,1.764526,10.751648,1,1,1,1,1,95.000000
2025-03-25 16:07:58.581,0.6861832376101225,-0.2845397518533566,-0.1685062124343893,0.9357148522360744,0.703554288953039,0.01703647653263517,-0.346534217110521,0.5919978589718304,1.124833420967168,0.6805441183103449,0.3777420906946967,1.150546995076307,1.241229388350747,1.296792447110029,1.324006695639181,1.168163308536325,0.8079259444616086,0.7309764803899812,1.258896495001253,0.8424013945717013,809.4871794871796,797.8021978021978,812.3076923076924,811.9047619047619,745.4212454212454,560.0732600732601,-0.366455,0.049866,0.922241,1.555176,0.134583,-1.114044,1,1,1,1,1,95.000000
2025-03-25 16:07:59.081,0.5855671181444789,0.6665871453764728,0.3216114421489251,0.7268880567557118,0.5613329176939104,0.4923765196558679,-0.07831890524099516,0.4966837594062742,1.180239626267186,0.6103844063232188,0.218640060476772,1.161595988749975,1.284189553551154,1.248263557125036,1.196373468812068,1.205304050838287,0.8548398599537496,1.065998541609168,1.129779055252362,0.8256447121923707,806.2637362637363,772.014652014652,782.0879120879121,789.3406593406594,808.2783882783883,1019.010989010989,-0.397217,0.018799,0.903748,3.177643,2.639313,3.887939,1,1,1,1,1,95.000000
2025-03-25 16:07:59.570,0.6474920497980546,0.7658926037691343,0.3216114421489251,0.7328232385393567,0.5281452899392792,0.5572699127828662,-0.07831890524099516,0.5274724449957189,1.175628852364435,0.6198449746339918,0.218640060476772,1.151568714908486,1.254603539771569,1.181084409420167,1.196373468812068,1.121508887777672,0.9099463470776815,1.119495865849021,1.129779055252362,0.8371469661409504,806.6666666666667,796.1904761904763,794.1758241758242,805.0549450549451,800.6227106227107,942.0512820512821,-0.336243,0.033752,0.940552,-2.175751,-6.362762,-2.945862,1,1,1,1,1,95.000000
2025-03-25 16:08:00.071,0.6299424785472069,0.651957523797834,0.247435445083798,0.8653370221923132,0.4830469138438933,0.479032616949296,0.01286974073240375,0.5265203524090377,1.203270706150997,0.623910523474254,0.8328459898268042,1.152654995978534,1.19633412595454,1.143912874341158,1.218837423850652,1.134005824483217,0.9083479420670877,1.115353185661025,1.068691222211351,0.8888204633893019,790.5494505494506,805.4578754578755,800.2197802197802,800.6227106227107,774.8351648351648,637.4358974358975,-0.339844,0.030762,0.935547,3.671112,-2.930908,-4.852448,1,1,1,1,1,95.000000
2025-03-25 16:08:00.570,0.6341303772131981,0.6184678022198702,0.06366813891817608,0.8611878044902904,0.6290335777400264,0.5165621646551092,0.3511049365170107,0.5688178125547254,1.385547260342854,0.6543777623395498,0.8840725996546678,1.136330900422155,1.136332350015699,1.078687058750913,1.282465471670005,1.14201129325794,0.8851176050395558,1.130890610856421,0.92780565452621,0.9321007958586698,805.8608058608058,819.5604395604396,795.7875457875458,779.6703296703297,696.2637362637363,556.0439560439561,-0.355408,0.035645,0.916626,-1.031799,-3.424377,4.373932,1,1,1,1,1,95.000000
2025-03-25 16:08:01.070,0.5467796685872559,0.3955975295167527,0.1813265910254211,0.6620495597436576,0.6001097260882137,0.4746301459364416,0.4477229027882594,0.5040005421226808,1.403974908102687,0.6383980901979653,0.9274332612734232,1.27954418978076,1.061603351133912,1.054985358453266,1.279262739959944,1.12389315652993,0.8966229026680046,1.08531057536236,1.043244740465768,0.8418863449101781,795.3846153846154,815.934065934066,792.5641025641025,801.8315018315019,667.2527472527473,708.3516483516484,-0.331360,0.078613,0.890381,-27.746429,2.706604,63.545380,1,1,1,1,1,95.000000
2025-03-25 16:08:01.371,,,,,,,,,,,,,,,,,,,,,,,,,,,,,,,,,,,,,,,/muse/elements/blink
2025-03-25 16:08:01.576,0.579014558158283,0.5135670393980266,0.2679488270837365,0.4420990295982927,0.6244644874156374,0.6189321953608196,0.5471329254333197,0.4760676004467649,1.403974908102687,0.5861239650744836,0.8377974965438136,1.262313962660371,1.066551546526741,1.043259928122479,1.242560163277754,1.135129153260491,0.9591978985255933,1.070980365439002,1.044458946123461,0.7769756314852024,767.1794871794872,724.4688644688645,835.6776556776557,782.0879120879121,854.2124542124542,812.3076923076924,-0.156433,0.042419,0.999268,-47.320709,-5.704803,147.801514,1,1,1,1,1,95.000000
2025-03-25 16:08:02.075,0.7075871653214217,0.5135670393980266,0.408953617718858,0.5327519519432808,0.416275727495837,0.6189321953608196,0.60858198888472,0.5598341783636516,1.105648091010711,0.5861239650744836,0.6337988546376343,1.214276639867679,0.9847515803772565,1.043259928122479,1.156885817939332,0.98295980705604,1.05018204015384,1.070980365439002,1.042012574123532,0.6251125405152554,811.9047619047619,783.2967032967033,780.8791208791209,811.9047619047619,992.8205128205128,1193.479853479854,-0.331604,0.119690,0.886353,-14.938660,14.033966,42.572937,1,1,1,1,1,95.000000
2025-03-25 16:08:02.570,0.7506286190599498,0.5135670393980266,0.4537018277408513,0.5336293430979167,0.3847332076745804,0.6189321953608196,0.6769307860132606,0.5652530014614485,1.019655367009893,0.5861239650744836,0.6188140488691265,1.182239595929913,0.9931118368660876,1.043259928122479,1.081879709175918,0.9969591112337932,1.033446283695569,1.070980365439002,0.9057757816743806,0.6675261130204676,795.7875457875458,790.5494505494506,801.025641025641,792.1611721611722,674.9084249084249,861.0622710622711,-0.411072,-0.011414,0.931152,4.127197,1.151428,-9.293671,1,1,1,1,1,95.000000
2025-03-25 16:08:03.070,0.7506286190599498,0.5135670393980266,0.4537018277408513,0.5336293430979167,0.3847332076745804,0.6189321953608196,0.6769307860132606,0.5652530014614485,1.019655367009893,0.5861239650744836,0.6188140488691265,1.182239595929913,0.9931118368660876,1.043259928122479,1.081879709175918,0.9969591112337932,1.033446283695569,1.070980365439002,0.9057757816743806,0.6675261130204676,809.0842490842491,775.6410256410256,768.7912087912088,812.3076923076924,796.5934065934066,663.6263736263736,-0.379639,-0.054077,0.889404,2.400055,1.001892,1.622467,1,1,1,1,1,95.000000
2025-03-25 16:08:03.578,0.3549516573279952,0.5135670393980266,0.4108472394281216,0.2303842776029836,0.7138188980919629,0.6189321953608196,0.5658925710648594,0.9208980619839779,1.387437452361468,0.5861239650744836,0.8927758147063483,0.9855682210384051,1.122076233944122,1.043259928122479,1.406929224526771,1.146842305447747,1.014494363219887,1.070980365439002,1.187424034660518,0.9429340475251684,797.8021978021978,788.1318681318681,826.4102564102565,804.2490842490843,720.4395604395604,864.2857142857143,-0.409607,-0.052612,0.875366,4.605713,-1.472931,-1.532745,1,1,1,1,1,95.000000
2025-03-25 16:08:04.078,0.4394226567815606,0.07071615446992613,0.382262764274915,0.3982588714431741,0.6099668274188768,-0.04892614143928267,0.4822436376444129,0.9264225887519079,1.387518107179469,0.4743092192751648,0.9221613745092587,1.023125088800991,1.148613158909449,1.378671783616063,1.42250879647388,1.163331375187812,1.009055391498864,1.045388056142096,1.162617153700645,0.9620366205052167,870.3296703296703,822.3809523809524,812.3076923076924,855.0183150183151,820.7692307692308,681.3553113553114,-0.237305,0.098083,0.979919,68.644562,-6.093597,-146.575317,1,1,1,1,1,95.000000
2025-03-25 16:08:04.572,0.4394226567815606,0.07071615446992613,0.382262764274915,0.3982588714431741,0.6099668274188768,-0.04892614143928267,0.4822436376444129,0.9264225887519079,1.387518107179469,0.4743092192751648,0.9221613745092587,1.023125088800991,1.148613158909449,1.378671783616063,1.42250879647388,1.163331375187812,1.009055391498864,1.045388056142096,1.162617153700645,0.9620366205052167,842.9304029304029,818.3516483516484,796.996336996337,841.7216117216118,780.0732600732601,776.8498168498169,-0.268738,0.064209,0.967224,38.348541,2.235565,-92.764740,1,1,1,1,1,95.000000
2025-03-25 16:08:05.072,0.5343147702632921,0.07071615446992613,0.3436645658322994,0.5536101142883183,0.4158305166559101,-0.04892614143928267,0.3482292359676719,0.9920158008609598,1.261282881061291,0.4743092192751648,0.8588380315030192,0.7992672738372596,1.189941190964446,1.378671783616063,1.441228778321185,1.184639306198056,0.9897391747348182,1.045388056142096,1.129472650426796,0.9765548995285769,801.4285714285714,794.981684981685,801.4285714285714,803.4432234432235,770,1112.087912087912,-0.385559,0.017883,0.913940,-0.874786,0.792542,7.319794,1,1,1,1,1,95.000000
2025-03-25 16:08:05.570,0.5343147702632921,0.07071615446992613,0.3436645658322994,0.5536101142883183,0.4158305166559101,-0.04892614143928267,0.3482292359676719,0.9920158008609598,1.261282881061291,0.4743092192751648,0.8588380315030192,0.7992672738372596,1.189941190964446,1.378671783616063,1.441228778321185,1.184639306198056,0.9897391747348182,1.045388056142096,1.129472650426796,0.9765548995285769,777.6556776556777,734.9450549450549,855.4212454212454,792.967032967033,851.7948717948718,1119.340659340659,-0.287842,0.018677,0.942200,-38.812103,-7.618866,99.112549,1,1,1,1,1,95.000000
2025-03-25 16:08:05.629,,,,,,,,,,,,,,,,,,,,,,,,,,,,,,,,,,,,,,,/muse/elements/blink
2025-03-25 16:08:06.070,0.5343147702632921,0.07071615446992613,0.3436645658322994,0.5536101142883183,0.4158305166559101,-0.04892614143928267,0.3482292359676719,0.9920158008609598,1.261282881061291,0.4743092192751648,0.8588380315030192,0.7992672738372596,1.189941190964446,1.378671783616063,1.441228778321185,1.184639306198056,0.9897391747348182,1.045388056142096,1.129472650426796,0.9765548995285769,809.8901098901099,772.014652014652,821.1721611721612,809.8901098901099,844.5421245421246,710.3663003663004,-0.243469,0.051086,0.974304,-37.817688,7.461853,93.183441,1,1,1,1,1,95.000000
2025-03-25 16:08:06.579,0.5343147702632921,0.07071615446992613,0.3436645658322994,0.5536101142883183,0.4158305166559101,-0.04892614143928267,0.3482292359676719,0.9920158008609598,1.261282881061291,0.4743092192751648,0.8588380315030192,0.7992672738372596,1.189941190964446,1.378671783616063,1.441228778321185,1.184639306198056,0.9897391747348182,1.045388056142096,1.129472650426796,0.9765548995285769,804.2490842490843,792.967032967033,819.96336996337,802.2344322344322,897.3260073260074,1006.923076923077,-0.382141,0.121216,0.846252,3.544006,-2.557068,-14.392853,1,2,1,1,2,95.000000
2025-03-25 16:08:06.940,,,,,,,,,,,,,,,,,,,,,,,,,,,,,,,,,,,,,,,/muse/elements/blink
2025-03-25 16:08:07.071,0.5343147702632921,0.07071615446992613,0.3436645658322994,0.5536101142883183,0.4158305166559101,-0.04892614143928267,0.3482292359676719,0.9920158008609598,1.261282881061291,0.4743092192751648,0.8588380315030192,0.7992672738372596,1.189941190964446,1.378671783616063,1.441228778321185,1.184639306198056,0.9897391747348182,1.045388056142096,1.129472650426796,0.9765548995285769,823.992673992674,814.7252747252747,817.948717948718,877.5824175824176,662.8205128205128,801.025641025641,-0.092041,-0.003784,1.067993,93.489990,-3.424377,-244.588776,1,2,1,1,2,95.000000
2025-03-25 16:08:07.570,0.5343147702632921,0.07071615446992613,0.3436645658322994,0.5536101142883183,0.4158305166559101,-0.04892614143928267,0.3482292359676719,0.9920158008609598,1.261282881061291,0.4743092192751648,0.8588380315030192,0.7992672738372596,1.189941190964446,1.378671783616063,1.441228778321185,1.184639306198056,0.9897391747348182,1.045388056142096,1.129472650426796,0.9765548995285769,812.7106227106227,813.919413919414,787.3260073260074,849.3772893772895,1088.315018315018,1215.641025641026,-0.470032,0.048523,0.837524,-14.654541,-6.205750,55.709686,1,2,1,1,2,95.000000
2025-03-25 16:08:07.881,,,,,,,,,,,,,,,,,,,,,,,,,,,,,,,,,,,,,,,/muse/elements/blink
2025-03-25 16:08:08.071,0.5343147702632921,0.07071615446992613,0.3436645658322994,0.5536101142883183,0.4158305166559101,-0.04892614143928267,0.3482292359676719,0.9920158008609598,1.261282881061291,0.4743092192751648,0.8588380315030192,0.7992672738372596,1.189941190964446,1.378671783616063,1.441228778321185,1.184639306198056,0.9897391747348182,1.045388056142096,1.129472650426796,0.9765548995285769,786.1172161172161,714.7985347985348,859.8534798534798,754.6886446886447,273.1868131868132,0.4029304029304029,-0.210083,-0.129517,0.887878,-38.804626,-0.059814,101.535034,1,2,1,1,2,95.000000
2025-03-25 16:08:08.263,,,,,,,,,,,,,,,,,,,,,,,,,,,,,,,,,,,,,,,/muse/elements/blink
2025-03-25 16:08:08.497,,,,,,,,,,,,,,,,,,,,,,,,,,,,,,,,,,,,,,,/muse/elements/blink
2025-03-25 16:08:08.581,0.5343147702632921,0.07071615446992613,0.3436645658322994,0.5536101142883183,0.4158305166559101,-0.04892614143928267,0.3482292359676719,0.9920158008609598,1.261282881061291,0.4743092192751648,0.8588380315030192,0.7992672738372596,1.189941190964446,1.378671783616063,1.441228778321185,1.184639306198056,0.9897391747348182,1.045388056142096,1.129472650426796,0.9765548995285769,791.3553113553114,792.967032967033,809.4871794871796,819.1575091575091,630.989010989011,29.01098901098901,-0.234009,-0.142761,0.866394,11.484375,0.381317,20.897675,1,2,1,1,2,95.000000
2025-03-25 16:08:09.015,,,,,,,,,,,,,,,,,,,,,,,,,,,,,,,,,,,,,,,/muse/elements/blink
2025-03-25 16:08:09.079,0.5343147702632921,0.07071615446992613,0.3436645658322994,0.5536101142883183,0.4158305166559101,-0.04892614143928267,0.3482292359676719,0.9920158008609598,1.261282881061291,0.4743092192751648,0.8588380315030192,0.7992672738372596,1.189941190964446,1.378671783616063,1.441228778321185,1.184639306198056,0.9897391747348182,1.045388056142096,1.129472650426796,0.9765548995285769,817.1428571428571,796.996336996337,831.6483516483516,837.2893772893773,445.6410256410256,0,-0.349976,-0.023193,0.746643,23.798676,-4.501038,-30.161438,1,2,1,1,2,95.000000
2025-03-25 16:08:09.380,,,,,,,,,,,,,,,,,,,,,,,,,,,,,,,,,,,,,,,/muse/elements/blink
2025-03-25 16:08:09.580,0.5343147702632921,0.07071615446992613,0.3436645658322994,0.5536101142883183,0.4158305166559101,-0.04892614143928267,0.3482292359676719,0.9920158008609598,1.261282881061291,0.4743092192751648,0.8588380315030192,0.7992672738372596,1.189941190964446,1.378671783616063,1.441228778321185,1.184639306198056,0.9897391747348182,1.045388056142096,1.129472650426796,0.9765548995285769,788.9377289377289,772.4175824175825,817.5457875457876,790.952380952381,666.0439560439561,684.981684981685,-0.092224,0.090942,0.908264,0.276642,-13.488159,-33.877411,1,2,1,4,2,95.000000
2025-03-25 16:08:10.005,,,,,,,,,,,,,,,,,,,,,,,,,,,,,,,,,,,,,,,/muse/elements/blink
2025-03-25 16:08:10.071,0.5343147702632921,0.07071615446992613,0.3436645658322994,0.5536101142883183,0.4158305166559101,-0.04892614143928267,0.3482292359676719,0.9920158008609598,1.261282881061291,0.4743092192751648,0.8588380315030192,0.7992672738372596,1.189941190964446,1.378671783616063,1.441228778321185,1.184639306198056,0.9897391747348182,1.045388056142096,1.129472650426796,0.9765548995285769,798.6080586080586,781.2820512820513,828.021978021978,756.3003663003664,0,0,-0.092712,-0.045105,0.868896,-3.297272,8.284302,2.123413,1,2,1,4,2,95.000000
2025-03-25 16:08:10.410,,,,,,,,,,,,,,,,,,,,,,,,,,,,,,,,,,,,,,,/muse/elements/blink
2025-03-25 16:08:10.571,0.5343147702632921,0.07071615446992613,0.3436645658322994,0.5536101142883183,0.4158305166559101,-0.04892614143928267,0.3482292359676719,0.9920158008609598,1.261282881061291,0.4743092192751648,0.8588380315030192,0.7992672738372596,1.189941190964446,1.378671783616063,1.441228778321185,1.184639306198056,0.9897391747348182,1.045388056142096,1.129472650426796,0.9765548995285769,857.032967032967,804.2490842490843,838.0952380952381,814.3223443223443,397.6923076923077,120.8791208791209,-0.180786,0.071777,0.834839,-1.031799,-1.076660,-1.637421,1,2,1,4,2,95.000000
2025-03-25 16:08:11.076,1.30681921502906,0.07071615446992613,0.3436645658322994,0.5536101142883183,1.796742497338382,-0.04892614143928267,0.3482292359676719,0.9920158008609598,1.656016071583308,0.4743092192751648,0.8588380315030192,0.7992672738372596,1.837121338838138,1.378671783616063,1.441228778321185,1.184639306198056,1.354735194119056,1.045388056142096,1.129472650426796,0.9765548995285769,798.2051282051282,778.4615384615385,819.1575091575091,782.0879120879121,165.6043956043956,2.820512820512821,-0.167419,-0.031555,0.784912,2.601929,-2.071075,10.766602,1,1,1,1,1,95.000000
2025-03-25 16:08:11.298,,,,,,,,,,,,,,,,,,,,,,,,,,,,,,,,,,,,,,,/muse/elements/blink
2025-03-25 16:08:11.571,1.273342834692506,0.07071615446992613,0.3436645658322994,0.5536101142883183,1.758298231325218,-0.04892614143928267,0.3482292359676719,0.9920158008609598,1.661017265411791,0.4743092192751648,0.8588380315030192,0.7992672738372596,1.824108656764377,1.378671783616063,1.441228778321185,1.184639306198056,1.358585683751394,1.045388056142096,1.129472650426796,0.9765548995285769,787.3260073260074,773.2234432234433,792.5641025641025,741.7948717948718,501.2454212454213,283.2600732600733,-0.187134,0.084595,0.809570,1.353302,-3.805695,0.022430,1,1,1,1,1,95.000000
2025-03-25 16:08:12.058,,,,,,,,,,,,,,,,,,,,,,,,,,,,,,,,,,,,,,,/muse/elements/blink
2025-03-25 16:08:12.072,1.273342834692506,0.07071615446992613,0.3436645658322994,0.5536101142883183,1.758298231325218,-0.04892614143928267,0.3482292359676719,0.9920158008609598,1.661017265411791,0.4743092192751648,0.8588380315030192,0.7992672738372596,1.824108656764377,1.378671783616063,1.441228778321185,1.184639306198056,1.358585683751394,1.045388056142096,1.129472650426796,0.9765548995285769,779.6703296703297,816.3369963369963,751.8681318681319,772.4175824175825,580.2197802197802,203.0769230769231,-0.105957,-0.038269,0.894958,-49.122620,-3.304749,136.533966,1,1,1,1,1,95.000000
2025-03-25 16:08:12.421,,,,,,,,,,,,,,,,,,,,,,,,,,,,,,,,,,,,,,,/muse/elements/jaw_clench
2025-03-25 16:08:12.574,1.173090475741259,0.07071615446992613,0.3436645658322994,0.5536101142883183,1.705269693996631,-0.04892614143928267,0.3482292359676719,0.9920158008609598,1.630780598368573,0.4743092192751648,0.8588380315030192,0.7992672738372596,1.814272145270341,1.378671783616063,1.441228778321185,1.184639306198056,1.398400474426502,1.045388056142096,1.129472650426796,0.9765548995285769,806.2637362637363,781.6849816849817,797.8021978021978,778.8644688644689,11.28205128205128,0,-0.219666,-0.032410,0.813049,-0.912170,-4.964600,13.832092,1,1,1,1,1,95.000000
2025-03-25 16:08:13.054,,,,,,,,,,,,,,,,,,,,,,,,,,,,,,,,,,,,,,,/muse/elements/blink
2025-03-25 16:08:13.071,1.173090475741259,0.07071615446992613,0.3436645658322994,0.5536101142883183,1.705269693996631,-0.04892614143928267,0.3482292359676719,0.9920158008609598,1.630780598368573,0.4743092192751648,0.8588380315030192,0.7992672738372596,1.814272145270341,1.378671783616063,1.441228778321185,1.184639306198056,1.398400474426502,1.045388056142096,1.129472650426796,0.9765548995285769,902.967032967033,815.5311355311355,762.3443223443223,877.985347985348,0.8058608058608059,0,-0.283264,-0.057739,0.884521,-15.237732,6.160889,29.338989,1,1,1,1,1,95.000000
2025-03-25 16:08:13.571,1.173090475741259,0.07071615446992613,0.3436645658322994,0.5536101142883183,1.705269693996631,-0.04892614143928267,0.3482292359676719,0.9920158008609598,1.630780598368573,0.4743092192751648,0.8588380315030192,0.7992672738372596,1.814272145270341,1.378671783616063,1.441228778321185,1.184639306198056,1.398400474426502,1.045388056142096,1.129472650426796,0.9765548995285769,843.3333333333334,774.0293040293041,783.6996336996338,809.8901098901099,0,0,-0.240112,0.090027,1.111877,-44.898224,-11.349792,153.394165,1,1,1,1,1,95.000000
2025-03-25 16:08:13.650,,,,,,,,,,,,,,,,,,,,,,,,,,,,,,,,,,,,,,,/muse/elements/blink
2025-03-25 16:08:14.071,1.173090475741259,0.07071615446992613,0.3436645658322994,0.5536101142883183,1.705269693996631,-0.04892614143928267,0.3482292359676719,0.9920158008609598,1.630780598368573,0.4743092192751648,0.8588380315030192,0.7992672738372596,1.814272145270341,1.378671783616063,1.441228778321185,1.184639306198056,1.398400474426502,1.045388056142096,1.129472650426796,0.9765548995285769,801.025641025641,793.7728937728938,795.3846153846154,774.8351648351648,0,0,-0.292114,-0.053650,0.968628,0.142059,5.921631,2.444916,1,2,1,1,2,95.000000
2025-03-25 16:08:14.571,1.173090475741259,0.07071615446992613,0.3436645658322994,0.5536101142883183,1.705269693996631,-0.04892614143928267,0.3482292359676719,0.9920158008609598,1.630780598368573,0.4743092192751648,0.8588380315030192,0.7992672738372596,1.814272145270341,1.378671783616063,1.441228778321185,1.184639306198056,1.398400474426502,1.045388056142096,1.129472650426796,0.9765548995285769,810.2930402930403,793.3699633699634,825.6043956043957,840.9157509157509,1625.421245421245,1622.197802197802,-0.288574,0.097961,0.913147,13.906860,-3.813171,-26.781921,1,2,1,1,2,95.000000
2025-03-25 16:08:14.868,,,,,,,,,,,,,,,,,,,,,,,,,,,,,,,,,,,,,,,/muse/elements/blink
2025-03-25 16:08:15.072,1.173090475741259,0.07071615446992613,0.3436645658322994,0.5536101142883183,1.705269693996631,-0.04892614143928267,0.3482292359676719,0.9920158008609598,1.630780598368573,0.4743092192751648,0.8588380315030192,0.7992672738372596,1.814272145270341,1.378671783616063,1.441228778321185,1.184639306198056,1.398400474426502,1.045388056142096,1.129472650426796,0.9765548995285769,776.8498168498169,809.0842490842491,797.8021978021978,790.5494505494506,676.1172161172161,729.3040293040293,-0.290771,0.049133,0.948425,7.648773,0.807495,-13.891907,1,2,1,1,2,95.000000
2025-03-25 16:08:15.571,1.173090475741259,0.07071615446992613,0.3436645658322994,0.5536101142883183,1.705269693996631,-0.04892614143928267,0.3482292359676719,0.9920158008609598,1.630780598368573,0.4743092192751648,0.8588380315030192,0.7992672738372596,1.814272145270341,1.378671783616063,1.441228778321185,1.184639306198056,1.398400474426502,1.045388056142096,1.129472650426796,0.9765548995285769,781.6849816849817,779.2673992673992,784.1025641025641,788.1318681318681,912.6373626373627,860.6593406593407,-0.329224,0.043091,0.942383,2.385101,1.712189,-7.185211,1,2,1,1,2,95.000000
2025-03-25 16:08:16.071,1.06336034576112,0.07071615446992613,0.3436645658322994,0.5536101142883183,0.8748136929270958,-0.04892614143928267,0.3482292359676719,0.9920158008609598,1.003358341552662,0.4743092192751648,0.8588380315030192,0.7992672738372596,1.344254886234301,1.378671783616063,1.441228778321185,1.184639306198056,1.136449979317537,1.045388056142096,1.129472650426796,0.9765548995285769,826.8131868131868,800.2197802197802,814.7252747252747,814.7252747252747,748.2417582417582,1093.553113553114,-0.337280,0.053772,0.924438,2.803802,-1.555176,-9.301147,1,1,1,1,1,95.000000
2025-03-25 16:08:16.575,0.8599893750918789,0.07071615446992613,0.3436645658322994,0.5536101142883183,0.7241705706875757,-0.04892614143928267,0.3482292359676719,0.9920158008609598,1.069543075357876,0.4743092192751648,0.8588380315030192,0.7992672738372596,1.304410221486775,1.378671783616063,1.441228778321185,1.184639306198056,1.065174166972484,1.045388056142096,1.129472650426796,0.9765548995285769,808.6813186813187,818.7545787545788,805.0549450549451,810.2930402930403,844.5421245421246,756.3003663003664,-0.329773,0.059875,0.936523,16.546173,0.456085,-43.739319,1,1,1,1,1,95.000000
2025-03-25 16:08:17.071,0.8575194621171001,0.07071615446992613,0.3436645658322994,0.5809816662191267,0.6961831471817065,-0.04892614143928267,0.3482292359676719,0.6141000418632484,1.114391448135006,0.4743092192751648,0.8588380315030192,0.8085832590098114,1.291430922537503,1.378671783616063,1.441228778321185,1.301032612260998,0.9741755194831102,1.045388056142096,1.129472650426796,0.9939282709777767,792.5641025641025,774.0293040293041,813.5164835164835,809.0842490842491,1210.40293040293,1589.56043956044,-0.331482,0.009277,0.900513,8.448792,-1.009369,-33.226929,1,1,1,1,1,95.000000
2025-03-25 16:08:17.571,0.7509938096561638,0.07071615446992613,0.3436645658322994,0.5809816662191267,0.5735914728254652,-0.04892614143928267,0.3482292359676719,0.6141000418632484,0.7870122397734483,0.4743092192751648,0.8588380315030192,0.8085832590098114,1.250497062720451,1.378671783616063,1.441228778321185,1.301032612260998,0.8494590651128248,1.045388056142096,1.129472650426796,0.9939282709777767,768.7912087912088,732.1245421245421,839.7069597069598,794.1758241758242,791.3553113553114,837.2893772893773,-0.352417,0.066467,0.915710,-8.448792,1.069183,14.430237,1,1,1,1,1,95.000000
2025-03-25 16:08:18.071,1.157205073442686,0.07071615446992613,0.3436645658322994,0.5847748529720792,0.6814021943511622,-0.04892614143928267,0.3482292359676719,0.591498253719809,1.055001505727282,0.4743092192751648,0.8588380315030192,0.8085832590098114,1.252471632702426,1.378671783616063,1.441228778321185,1.322268306488708,0.7194670978358739,1.045388056142096,1.129472650426796,0.9132900623625789,784.5054945054945,799.8168498168499,806.2637362637363,788.5347985347986,759.92673992674,483.1135531135531,-0.326599,0.084473,0.958984,-2.429962,-2.265472,8.388977,1,1,1,1,1,95.000000
2025-03-25 16:08:18.571,1.314347397208694,0.07071615446992613,0.3436645658322994,1.224789183737744,0.7121985988709562,-0.04892614143928267,0.3482292359676719,0.6601867423534244,1.048731217638786,0.4743092192751648,0.8588380315030192,0.8670857659548871,1.177141913669741,1.378671783616063,1.441228778321185,1.212234122124138,0.7066894874745109,1.045388056142096,1.129472650426796,0.8245931981035243,797.8021978021978,793.7728937728938,810.2930402930403,809.0842490842491,774.8351648351648,620.1098901098901,-0.365601,0.067322,0.925903,4.927216,0.276642,-5.973969,1,1,1,1,1,95.000000
2025-03-25 16:08:19.071,1.029948053303951,0.07071615446992613,0.3436645658322994,1.224789183737744,0.5863329070298744,-0.04892614143928267,0.3482292359676719,0.6601867423534244,1.107096282661545,0.4743092192751648,0.8588380315030192,0.8670857659548871,1.324903584037453,1.378671783616063,1.441228778321185,1.212234122124138,1.160942240652358,1.045388056142096,1.129472650426796,0.8245931981035243,802.2344322344322,804.6520146520147,810.2930402930403,811.0989010989011,717.2161172161173,805.0549450549451,-0.347229,0.037170,0.925781,-1.300964,-1.443024,1.009369,1,1,1,1,1,95.000000
2025-03-25 16:08:19.572,0.5524818109757742,0.07071615446992613,0.3436645658322994,1.224789183737744,0.4756527914039217,-0.04892614143928267,0.3482292359676719,0.6601867423534244,0.9298986830570578,0.4743092192751648,0.8588380315030192,0.8670857659548871,1.223196068406611,1.378671783616063,1.441228778321185,1.212234122124138,1.087356539528187,1.045388056142096,1.129472650426796,0.8245931981035243,806.6666666666667,818.7545787545788,782.4908424908425,809.4871794871796,845.7509157509157,589.4871794871796,-0.346619,0.085205,0.934998,2.228088,-0.867310,-1.061707,1,1,1,1,1,95.000000
2025-03-25 16:08:20.071,0.5433396228000352,-0.2262996924454659,-0.2665101568179333,0.6831125580631716,0.5055285566460509,-0.1037147337361297,0.2555271086298352,0.4792462352243986,0.930132588166675,0.07541565014631471,0.6120939120249028,0.7060549979886129,1.156663993129524,1.177888823615965,0.9038920760889888,1.131671669340829,0.9915077761699971,0.9558779699709653,0.8222514486717324,0.9625122714162658,788.5347985347986,805.8608058608058,816.3369963369963,805.0549450549451,782.893772893773,1016.190476190476,-0.343384,0.085266,0.924683,-1.338348,-3.446808,5.293579,1,1,1,1,1,95.000000
2025-03-25 16:08:20.443,,,,,,,,,,,,,,,,,,,,,,,,,,,,,,,,,,,,,,,/muse/elements/blink
2025-03-25 16:08:20.571,0.6014360355510616,-0.2484963167861892,-0.1547768729743368,0.7024584417041948,0.49866160904675,-0.1274458593161437,0.0652994780025697,0.4666840443783814,0.8190728464459662,0.0859788189285679,0.6523010420844322,0.7192071560549476,1.082972735208994,1.207764614317873,0.8380805106355764,1.135182972726945,0.8582130159772945,0.9957189953110903,0.7203337439710528,0.9726124491368863,834.4688644688645,822.3809523809524,776.8498168498169,837.6923076923077,871.941391941392,1068.571428571429,-0.317749,0.082275,0.947815,1.375732,-0.710297,2.848663,1,1,1,1,1,95.000000
2025-03-25 16:08:21.074,0.5554740124264654,-0.1726336613490595,-0.1547768729743368,0.7024584417041948,0.5370541702618724,-0.1800407836535059,0.0652994780025697,0.4666840443783814,0.8016704711643924,-0.004697311313734367,0.6523010420844322,0.7192071560549476,1.001425669268636,1.194371305303821,0.8380805106355764,1.135182972726945,0.6831291297476526,0.9787696969529301,0.7203337439710528,0.9726124491368863,763.1501831501831,765.1648351648352,785.7142857142858,768.7912087912088,745.0183150183151,531.8681318681319,-0.345947,0.071106,0.939148,-2.788849,-0.104675,3.551483,1,1,1,1,1,95.000000
2025-03-25 16:08:21.570,0.5758000940940438,-0.2083565116564727,-0.07292743868903913,0.7352254025448077,0.4951550273482843,-0.2068136251745229,-0.3401309821106642,0.384581201784317,0.7977663559840222,-0.122199415846761,0.4365846832475779,0.7083487476986731,1.051596972486339,1.200850518360399,0.7505651574424842,1.162243024055252,0.6361124053670443,1.025114532555566,0.5771436350075619,0.9880475544317487,815.934065934066,803.4432234432235,811.9047619047619,822.7838827838829,823.1868131868132,791.3553113553114,-0.339905,0.067078,0.928894,1.899109,-2.497253,-3.080444,1,1,1,1,1,95.000000
2025-03-25 16:08:22.078,0.5758000940940438,-0.2083565116564727,-0.07292743868903913,0.7352254025448077,0.4951550273482843,-0.2068136251745229,-0.3401309821106642,0.384581201784317,0.7977663559840222,-0.122199415846761,0.4365846832475779,0.7083487476986731,1.051596972486339,1.200850518360399,0.7505651574424842,1.162243024055252,0.6361124053670443,1.025114532555566,0.5771436350075619,0.9880475544317487,802.6373626373627,789.7435897435897,808.6813186813187,815.1282051282052,942.0512820512821,1086.300366300366,-0.356262,0.076843,0.917542,2.796326,-2.990723,2.213135,1,1,1,1,1,95.000000
2025-03-25 16:08:22.571,0.5758000940940438,0.7261406526744136,-0.07292743868903913,0.7352254025448077,0.4951550273482843,0.3285016183816612,-0.3401309821106642,0.384581201784317,0.7977663559840222,0.1777523988876138,0.4365846832475779,0.7083487476986731,1.051596972486339,0.9783334781439241,0.7505651574424842,1.162243024055252,0.6361124053670443,0.8880967447366662,0.5771436350075619,0.9880475544317487,796.1904761904763,828.021978021978,827.6190476190476,828.4249084249085,626.959706959707,671.6849816849817,-0.163818,0.048889,1.025146,-62.476196,-0.807495,159.928894,1,1,1,1,1,95.000000
2025-03-25 16:08:23.074,0.5758000940940438,0.7261406526744136,-0.07292743868903913,0.7352254025448077,0.4951550273482843,0.3285016183816612,-0.3401309821106642,0.384581201784317,0.7977663559840222,0.1777523988876138,0.4365846832475779,0.7083487476986731,1.051596972486339,0.9783334781439241,0.7505651574424842,1.162243024055252,0.6361124053670443,0.8880967447366662,0.5771436350075619,0.9880475544317487,798.2051282051282,836.8864468864469,785.7142857142858,775.6410256410256,403.3333333333334,6.043956043956044,-0.382141,0.012024,0.876831,-21.383667,3.342133,58.102264,1,2,1,1,2,95.000000
2025-03-25 16:08:23.571,0.5758000940940438,0.7261406526744136,-0.07292743868903913,0.7352254025448077,0.4951550273482843,0.3285016183816612,-0.3401309821106642,0.384581201784317,0.7977663559840222,0.1777523988876138,0.4365846832475779,0.7083487476986731,1.051596972486339,0.9783334781439241,0.7505651574424842,1.162243024055252,0.6361124053670443,0.8880967447366662,0.5771436350075619,0.9880475544317487,786.5201465201466,786.1172161172161,834.8717948717949,750.2564102564103,848.974358974359,692.6373626373627,-0.243958,-0.005310,0.972351,1.966400,-2.355194,-2.691650,1,2,1,1,2,95.000000
2025-03-25 16:08:24.073,0.5758000940940438,0.7261406526744136,-0.07292743868903913,0.7352254025448077,0.4951550273482843,0.3285016183816612,-0.3401309821106642,0.384581201784317,0.7977663559840222,0.1777523988876138,0.4365846832475779,0.7083487476986731,1.051596972486339,0.9783334781439241,0.7505651574424842,1.162243024055252,0.6361124053670443,0.8880967447366662,0.5771436350075619,0.9880475544317487,718.8278388278388,882.4175824175825,762.7472527472528,641.4652014652015,973.0769230769231,746.6300366300367,-0.220459,0.044617,1.000427,55.216217,-13.547974,-131.995544,1,2,1,1,2,95.000000
2025-03-25 16:08:24.245,,,,,,,,,,,,,,,,,,,,,,,,,,,,,,,,,,,,,,,/muse/elements/blink
2025-03-25 16:08:24.528,,,,,,,,,,,,,,,,,,,,,,,,,,,,,,,,,,,,,,,/muse/elements/blink
2025-03-25 16:08:24.571,0.5758000940940438,0.7261406526744136,-0.07292743868903913,0.7352254025448077,0.4951550273482843,0.3285016183816612,-0.3401309821106642,0.384581201784317,0.7977663559840222,0.1777523988876138,0.4365846832475779,0.7083487476986731,1.051596972486339,0.9783334781439241,0.7505651574424842,1.162243024055252,0.6361124053670443,0.8880967447366662,0.5771436350075619,0.9880475544317487,793.3699633699634,779.2673992673992,834.4688644688645,824.3956043956044,926.3369963369963,1387.289377289377,-0.185547,0.040039,0.986145,38.385925,-4.134674,-114.170837,1,2,1,1,2,95.000000
2025-03-25 16:08:25.073,0.5758000940940438,0.7261406526744136,-0.07292743868903913,0.7352254025448077,0.4951550273482843,0.3285016183816612,-0.3401309821106642,0.384581201784317,0.7977663559840222,0.1777523988876138,0.4365846832475779,0.7083487476986731,1.051596972486339,0.9783334781439241,0.7505651574424842,1.162243024055252,0.6361124053670443,0.8880967447366662,0.5771436350075619,0.9880475544317487,804.2490842490843,794.981684981685,789.7435897435897,799.4139194139194,796.5934065934066,732.1245421245421,-0.348389,0.031128,0.906860,5.876770,4.269257,-10.445099,1,2,1,1,2,95.000000
2025-03-25 16:08:25.570,0.5758000940940438,0.7261406526744136,-0.07292743868903913,0.7352254025448077,0.4951550273482843,0.3285016183816612,-0.3401309821106642,0.384581201784317,0.7977663559840222,0.1777523988876138,0.4365846832475779,0.7083487476986731,1.051596972486339,0.9783334781439241,0.7505651574424842,1.162243024055252,0.6361124053670443,0.8880967447366662,0.5771436350075619,0.9880475544317487,662.4175824175825,849.7802197802198,803.4432234432235,695.8608058608058,736.5567765567765,633.0036630036631,-0.327637,-0.098267,0.915161,-32.950287,-6.295471,67.186584,1,2,1,1,2,95.000000
2025-03-25 16:08:25.821,,,,,,,,,,,,,,,,,,,,,,,,,,,,,,,,,,,,,,,/muse/elements/blink
2025-03-25 16:08:26.071,0.5758000940940438,0.7261406526744136,-0.07292743868903913,0.7352254025448077,0.4951550273482843,0.3285016183816612,-0.3401309821106642,0.384581201784317,0.7977663559840222,0.1777523988876138,0.4365846832475779,0.7083487476986731,1.051596972486339,0.9783334781439241,0.7505651574424842,1.162243024055252,0.6361124053670443,0.8880967447366662,0.5771436350075619,0.9880475544317487,802.6373626373627,842.9304029304029,743.4065934065934,745.8241758241759,846.959706959707,1089.52380952381,-0.246948,0.042847,0.971924,-39.918671,-11.147919,113.198853,1,2,1,1,2,95.000000
2025-03-25 16:08:26.580,0.5758000940940438,0.7261406526744136,-0.07292743868903913,0.7352254025448077,0.4951550273482843,0.3285016183816612,-0.3401309821106642,0.384581201784317,0.7977663559840222,0.1777523988876138,0.4365846832475779,0.7083487476986731,1.051596972486339,0.9783334781439241,0.7505651574424842,1.162243024055252,0.6361124053670443,0.8880967447366662,0.5771436350075619,0.9880475544317487,800.2197802197802,834.0659340659341,798.6080586080586,767.5824175824176,930.3663003663004,946.8864468864469,-0.344543,-0.006409,0.958069,-9.211426,3.514099,27.357635,1,2,1,1,2,95.000000
2025-03-25 16:08:27.071,0.5758000940940438,0.7261406526744136,-0.07292743868903913,0.7352254025448077,0.4951550273482843,0.3285016183816612,-0.3401309821106642,0.384581201784317,0.7977663559840222,0.1777523988876138,0.4365846832475779,0.7083487476986731,1.051596972486339,0.9783334781439241,0.7505651574424842,1.162243024055252,0.6361124053670443,0.8880967447366662,0.5771436350075619,0.9880475544317487,817.1428571428571,802.2344322344322,831.6483516483516,819.1575091575091,754.6886446886447,477.4725274725275,-0.375549,-0.027954,0.917603,6.250610,4.456177,-8.306732,1,2,1,1,2,95.000000
2025-03-25 16:08:27.571,0.964029620060858,0.7261406526744136,-0.07292743868903913,0.7352254025448077,0.4998748388056349,0.3285016183816612,-0.3401309821106642,0.384581201784317,0.8505880037334156,0.1777523988876138,0.4365846832475779,0.7083487476986731,1.546725874907912,0.9783334781439241,0.7505651574424842,1.162243024055252,1.181212906938875,0.8880967447366662,0.5771436350075619,0.9880475544317487,801.025641025641,792.967032967033,781.6849816849817,778.8644688644689,374.7252747252747,0,-0.391479,0.068054,0.971313,41.286926,-3.349609,-88.951569,1,1,1,1,1,95.000000
2025-03-25 16:08:27.902,,,,,,,,,,,,,,,,,,,,,,,,,,,,,,,,,,,,,,,/muse/elements/blink
2025-03-25 16:08:28.076,0.9133677945458705,0.7261406526744136,-0.07292743868903913,0.7352254025448077,0.4605855916268074,0.3285016183816612,-0.3401309821106642,0.384581201784317,0.8505880037334156,0.1777523988876138,0.4365846832475779,0.7083487476986731,1.528056476537917,0.9783334781439241,0.7505651574424842,1.162243024055252,1.188997010378873,0.8880967447366662,0.5771436350075619,0.9880475544317487,763.5531135531136,772.4175824175825,803.040293040293,782.4908424908425,710.3663003663004,1077.838827838828,-0.280334,0.026062,0.956726,24.710846,-8.433838,-86.230011,1,1,1,1,1,95.000000
2025-03-25 16:08:28.571,0.9133677945458705,0.7261406526744136,-0.07292743868903913,0.7352254025448077,0.4605855916268074,0.3285016183816612,-0.3401309821106642,0.384581201784317,0.8505880037334156,0.1777523988876138,0.4365846832475779,0.7083487476986731,1.528056476537917,0.9783334781439241,0.7505651574424842,1.162243024055252,1.188997010378873,0.8880967447366662,0.5771436350075619,0.9880475544317487,815.1282051282052,821.978021978022,812.3076923076924,832.0512820512821,818.7545787545788,759.1208791208792,-0.322083,0.057617,0.932617,9.974060,2.616882,-24.748230,1,1,1,1,1,95.000000
2025-03-25 16:08:29.071,0.91209404139506,0.7261406526744136,-0.07292743868903913,0.7352254025448077,0.2948363104524488,0.3285016183816612,-0.3401309821106642,0.384581201784317,0.7574726851222511,0.1777523988876138,0.4365846832475779,0.7083487476986731,1.502989166351356,0.9783334781439241,0.7505651574424842,1.162243024055252,1.234940304736722,0.8880967447366662,0.5771436350075619,0.9880475544317487,812.7106227106227,803.8461538461539,775.6410256410256,785.7142857142858,790.5494505494506,880,-0.383972,0.021057,0.910461,-7.259979,0.740204,25.510864,1,1,1,1,1,95.000000
2025-03-25 16:08:29.571,0.91209404139506,0.7261406526744136,-0.07292743868903913,0.7352254025448077,0.2948363104524488,0.3285016183816612,-0.3401309821106642,0.384581201784317,0.7574726851222511,0.1777523988876138,0.4365846832475779,0.7083487476986731,1.502989166351356,0.9783334781439241,0.7505651574424842,1.162243024055252,1.234940304736722,0.8880967447366662,0.5771436350075619,0.9880475544317487,755.8974358974359,766.7765567765568,797.3992673992674,794.981684981685,847.3626373626374,1251.098901098901,-0.174500,-0.034607,0.989807,-64.876251,-2.444916,168.280487,1,1,1,1,1,95.000000
2025-03-25 16:08:30.081,0.91209404139506,0.7261406526744136,-0.07292743868903913,0.7352254025448077,0.2948363104524488,0.3285016183816612,-0.3401309821106642,0.384581201784317,0.7574726851222511,0.1777523988876138,0.4365846832475779,0.7083487476986731,1.502989166351356,0.9783334781439241,0.7505651574424842,1.162243024055252,1.234940304736722,0.8880967447366662,0.5771436350075619,0.9880475544317487,804.2490842490843,798.2051282051282,800.2197802197802,789.7435897435897,658.7912087912088,0,-0.382324,-0.009766,0.878662,-2.534637,-4.231873,-3.573914,1,1,1,1,1,95.000000
2025-03-25 16:08:30.575,0.91209404139506,0.7261406526744136,-0.07292743868903913,0.7352254025448077,0.2948363104524488,0.3285016183816612,-0.3401309821106642,0.384581201784317,0.7574726851222511,0.1777523988876138,0.4365846832475779,0.7083487476986731,1.502989166351356,0.9783334781439241,0.7505651574424842,1.162243024055252,1.234940304736722,0.8880967447366662,0.5771436350075619,0.9880475544317487,825.2014652014652,815.1282051282052,819.1575091575091,790.1465201465202,648.3150183150183,211.9413919413919,-0.291809,-0.032410,0.781616,0.635529,10.146027,-19.776154,1,2,1,1,2,95.000000
2025-03-25 16:08:30.804,,,,,,,,,,,,,,,,,,,,,,,,,,,,,,,,,,,,,,,/muse/elements/blink
2025-03-25 16:08:31.079,0.91209404139506,0.7261406526744136,-0.07292743868903913,0.7352254025448077,0.2948363104524488,0.3285016183816612,-0.3401309821106642,0.384581201784317,0.7574726851222511,0.1777523988876138,0.4365846832475779,0.7083487476986731,1.502989166351356,0.9783334781439241,0.7505651574424842,1.162243024055252,1.234940304736722,0.8880967447366662,0.5771436350075619,0.9880475544317487,771.2087912087912,792.1611721611722,760.7326007326008,744.2124542124542,0,0,-0.303284,-0.040955,0.698853,-10.975952,-5.248718,0.089722,1,2,1,1,2,95.000000
2025-03-25 16:08:31.565,,,,,,,,,,,,,,,,,,,,,,,,,,,,,,,,,,,,,,,/muse/elements/blink
2025-03-25 16:08:31.586,1.022345597843371,0.7261406526744136,-0.07292743868903913,0.7352254025448077,1.504570538945067,0.3285016183816612,-0.3401309821106642,0.384581201784317,1.446242209009876,0.1777523988876138,0.4365846832475779,0.7083487476986731,1.717509378946891,0.9783334781439241,0.7505651574424842,1.162243024055252,1.362114782005421,0.8880967447366662,0.5771436350075619,0.9880475544317487,810.2930402930403,798.2051282051282,815.934065934066,801.4285714285714,838.901098901099,576.1904761904763,-0.054260,-0.027649,0.868896,10.624542,-13.009644,-51.447906,1,1,1,1,1,95.000000
2025-03-25 16:08:32.071,1.068301530127137,0.7261406526744136,-0.07292743868903913,0.7352254025448077,1.753279520740326,0.3285016183816612,-0.3401309821106642,0.384581201784317,1.527522965411809,0.1777523988876138,0.4365846832475779,0.7083487476986731,1.628667848576117,0.9783334781439241,0.7505651574424842,1.162243024055252,1.33603456416582,0.8880967447366662,0.5771436350075619,0.9880475544317487,669.2673992673992,759.5238095238095,739.7802197802198,604.3956043956044,230.8791208791209,0,-0.201355,-0.105713,0.689270,-26.901550,8.015137,64.891205,1,1,1,1,1,95.000000
2025-03-25 16:08:32.241,,,,,,,,,,,,,,,,,,,,,,,,,,,,,,,,,,,,,,,/muse/elements/blink
2025-03-25 16:08:32.528,,,,,,,,,,,,,,,,,,,,,,,,,,,,,,,,,,,,,,,/muse/elements/blink
2025-03-25 16:08:32.571,1.095926513276736,0.7261406526744136,-0.07292743868903913,0.7352254025448077,1.772612150167242,0.3285016183816612,-0.3401309821106642,0.384581201784317,1.49906639442893,0.1777523988876138,0.4365846832475779,0.7083487476986731,1.615964080001358,0.9783334781439241,0.7505651574424842,1.162243024055252,1.311218409078719,0.8880967447366662,0.5771436350075619,0.9880475544317487,780.8791208791209,784.5054945054945,832.8571428571429,807.8754578754579,720.0366300366301,833.6630036630037,-0.211792,-0.095764,0.933533,-15.648956,1.472931,18.841553,1,1,1,1,1,95.000000
2025-03-25 16:08:33.071,1.129232208167775,0.7261406526744136,-0.07292743868903913,0.7352254025448077,1.97180893185753,0.3285016183816612,-0.3401309821106642,0.384581201784317,1.401636346316004,0.1777523988876138,0.4365846832475779,0.7083487476986731,1.447891110896387,0.9783334781439241,0.7505651574424842,1.162243024055252,1.293719644211965,0.8880967447366662,0.5771436350075619,0.9880475544317487,825.6043956043957,807.0695970695971,790.952380952381,772.014652014652,1000.07326007326,856.6300366300367,-0.333313,-0.053650,0.716248,-8.927307,-5.151520,-7.940369,1,1,1,1,1,95.000000
2025-03-25 16:08:33.470,,,,,,,,,,,,,,,,,,,,,,,,,,,,,,,,,,,,,,,/muse/elements/blink
2025-03-25 16:08:33.574,1.129232208167775,0.7261406526744136,-0.07292743868903913,0.7352254025448077,1.97180893185753,0.3285016183816612,-0.3401309821106642,0.384581201784317,1.401636346316004,0.1777523988876138,0.4365846832475779,0.7083487476986731,1.447891110896387,0.9783334781439241,0.7505651574424842,1.162243024055252,1.293719644211965,0.8880967447366662,0.5771436350075619,0.9880475544317487,830.0366300366301,792.1611721611722,795.7875457875458,837.6923076923077,975.8974358974359,1400.18315018315,0.008911,0.009155,1.079102,24.950104,-15.417175,-74.483948,1,1,1,1,1,95.000000
2025-03-25 16:08:34.071,1.129232208167775,0.7261406526744136,-0.07292743868903913,0.7352254025448077,1.97180893185753,0.3285016183816612,-0.3401309821106642,0.384581201784317,1.401636346316004,0.1777523988876138,0.4365846832475779,0.7083487476986731,1.447891110896387,0.9783334781439241,0.7505651574424842,1.162243024055252,1.293719644211965,0.8880967447366662,0.5771436350075619,0.9880475544317487,817.1428571428571,824.3956043956044,782.893772893773,859.4505494505495,1083.882783882784,1611.318681318681,-0.219360,-0.066345,1.097900,0.209351,13.465729,2.557068,1,1,1,1,1,95.000000
2025-03-25 16:08:34.582,1.129232208167775,0.7261406526744136,-0.07292743868903913,0.7352254025448077,1.97180893185753,0.3285016183816612,-0.3401309821106642,0.384581201784317,1.401636346316004,0.1777523988876138,0.4365846832475779,0.7083487476986731,1.447891110896387,0.9783334781439241,0.7505651574424842,1.162243024055252,1.293719644211965,0.8880967447366662,0.5771436350075619,0.9880475544317487,831.2454212454213,805.0549450549451,781.6849816849817,844.9450549450549,1359.487179487179,1621.391941391941,-0.163025,0.170715,1.022278,17.966766,4.545898,-0.897217,1,1,1,1,1,95.000000
2025-03-25 16:08:34.713,,,,,,,,,,,,,,,,,,,,,,,,,,,,,,,,,,,,,,,/muse/elements/blink
2025-03-25 16:08:35.077,1.129232208167775,0.7261406526744136,-0.07292743868903913,0.7352254025448077,1.97180893185753,0.3285016183816612,-0.3401309821106642,0.384581201784317,1.401636346316004,0.1777523988876138,0.4365846832475779,0.7083487476986731,1.447891110896387,0.9783334781439241,0.7505651574424842,1.162243024055252,1.293719644211965,0.8880967447366662,0.5771436350075619,0.9880475544317487,853.4065934065934,822.7838827838829,816.7399267399268,898.9377289377289,1383.663003663004,1619.377289377289,-0.303650,-0.096497,1.090210,-18.258362,8.785248,32.112885,1,2,1,1,2,95.000000
2025-03-25 16:08:35.210,,,,,,,,,,,,,,,,,,,,,,,,,,,,,,,,,,,,,,,/muse/elements/blink
2025-03-25 16:08:35.570,1.129232208167775,0.7261406526744136,-0.07292743868903913,0.7352254025448077,1.97180893185753,0.3285016183816612,-0.3401309821106642,0.384581201784317,1.401636346316004,0.1777523988876138,0.4365846832475779,0.7083487476986731,1.447891110896387,0.9783334781439241,0.7505651574424842,1.162243024055252,1.293719644211965,0.8880967447366662,0.5771436350075619,0.9880475544317487,832.0512820512821,821.1721611721612,823.1868131868132,917.4725274725275,1621.794871794872,1622.197802197802,-0.126831,0.005066,0.987366,-4.590759,-11.439514,67.642670,1,2,1,1,2,95.000000
2025-03-25 16:08:35.683,,,,,,,,,,,,,,,,,,,,,,,,,,,,,,,,,,,,,,,/muse/elements/blink
2025-03-25 16:08:36.073,1.129232208167775,0.7261406526744136,-0.07292743868903913,0.7352254025448077,1.97180893185753,0.3285016183816612,-0.3401309821106642,0.384581201784317,1.401636346316004,0.1777523988876138,0.4365846832475779,0.7083487476986731,1.447891110896387,0.9783334781439241,0.7505651574424842,1.162243024055252,1.293719644211965,0.8880967447366662,0.5771436350075619,0.9880475544317487,858.2417582417582,847.7655677655678,836.0805860805862,936.8131868131868,1243.443223443224,1622.600732600733,-0.344238,0.006470,1.067444,-26.512756,14.377899,50.999298,1,2,1,1,2,95.000000
2025-03-25 16:08:36.571,1.129232208167775,0.7261406526744136,-0.07292743868903913,0.7352254025448077,1.97180893185753,0.3285016183816612,-0.3401309821106642,0.384581201784317,1.401636346316004,0.1777523988876138,0.4365846832475779,0.7083487476986731,1.447891110896387,0.9783334781439241,0.7505651574424842,1.162243024055252,1.293719644211965,0.8880967447366662,0.5771436350075619,0.9880475544317487,828.021978021978,850.989010989011,754.2857142857143,792.5641025641025,574.1758241758242,631.7948717948718,-0.275269,0.020264,0.978943,-23.185577,-2.467346,76.973724,1,2,1,1,2,95.000000
2025-03-25 16:08:37.070,1.129232208167775,0.7261406526744136,-0.07292743868903913,0.7352254025448077,1.97180893185753,0.3285016183816612,-0.3401309821106642,0.384581201784317,1.401636346316004,0.1777523988876138,0.4365846832475779,0.7083487476986731,1.447891110896387,0.9783334781439241,0.7505651574424842,1.162243024055252,1.293719644211965,0.8880967447366662,0.5771436350075619,0.9880475544317487,738.5714285714286,854.2124542124542,763.5531135531136,742.6007326007326,1622.197802197802,1622.197802197802,-0.260742,0.161865,1.003784,19.320068,1.136475,-61.885529,1,2,1,1,2,95.000000
2025-03-25 16:08:37.571,1.129232208167775,0.7261406526744136,-0.07292743868903913,0.7352254025448077,1.97180893185753,0.3285016183816612,-0.3401309821106642,0.384581201784317,1.401636346316004,0.1777523988876138,0.4365846832475779,0.7083487476986731,1.447891110896387,0.9783334781439241,0.7505651574424842,1.162243024055252,1.293719644211965,0.8880967447366662,0.5771436350075619,0.9880475544317487,783.6996336996338,799.0109890109891,831.2454212454213,794.1758241758242,880,1162.051282051282,-0.326477,-0.003845,0.930847,22.841644,-4.336548,-37.361603,1,2,1,1,2,95.000000
2025-03-25 16:08:38.074,1.129232208167775,0.7261406526744136,-0.07292743868903913,0.7352254025448077,1.97180893185753,0.3285016183816612,-0.3401309821106642,0.384581201784317,1.401636346316004,0.1777523988876138,0.4365846832475779,0.7083487476986731,1.447891110896387,0.9783334781439241,0.7505651574424842,1.162243024055252,1.293719644211965,0.8880967447366662,0.5771436350075619,0.9880475544317487,798.6080586080586,824.7985347985348,797.8021978021978,790.1465201465202,764.3589743589744,1054.065934065934,-0.373596,-0.005737,0.903015,-2.923431,-4.007568,18.991089,1,2,1,1,2,95.000000
2025-03-25 16:08:38.571,1.129232208167775,0.7261406526744136,-0.07292743868903913,0.7352254025448077,1.97180893185753,0.3285016183816612,-0.3401309821106642,0.384581201784317,1.401636346316004,0.1777523988876138,0.4365846832475779,0.7083487476986731,1.447891110896387,0.9783334781439241,0.7505651574424842,1.162243024055252,1.293719644211965,0.8880967447366662,0.5771436350075619,0.9880475544317487,741.3919413919414,818.7545787545788,765.5677655677656,734.1391941391942,855.0183150183151,1120.14652014652,-0.306580,-0.113342,0.924988,-29.473572,-18.579865,98.559265,1,2,1,1,2,95.000000
2025-03-25 16:08:38.866,,,,,,,,,,,,,,,,,,,,,,,,,,,,,,,,,,,,,,,/muse/elements/blink
2025-03-25 16:08:39.071,1.129232208167775,0.7261406526744136,-0.07292743868903913,0.7352254025448077,1.97180893185753,0.3285016183816612,-0.3401309821106642,0.384581201784317,1.401636346316004,0.1777523988876138,0.4365846832475779,0.7083487476986731,1.447891110896387,0.9783334781439241,0.7505651574424842,1.162243024055252,1.293719644211965,0.8880967447366662,0.5771436350075619,0.9880475544317487,798.6080586080586,731.3186813186813,836.8864468864469,832.4542124542124,426.7032967032967,8.058608058608058,-0.221924,0.052429,0.955383,-37.817688,3.416901,110.417480,1,2,1,1,2,95.000000
2025-03-25 16:08:39.573,1.129232208167775,0.7261406526744136,-0.07292743868903913,0.7352254025448077,1.97180893185753,0.3285016183816612,-0.3401309821106642,0.384581201784317,1.401636346316004,0.1777523988876138,0.4365846832475779,0.7083487476986731,1.447891110896387,0.9783334781439241,0.7505651574424842,1.162243024055252,1.293719644211965,0.8880967447366662,0.5771436350075619,0.9880475544317487,775.2380952380953,807.8754578754579,772.4175824175825,782.893772893773,441.2087912087912,427.9120879120879,-0.356445,-0.025269,0.902954,-4.246826,0.986938,14.385376,1,2,1,1,2,95.000000
2025-03-25 16:08:40.073,1.129232208167775,0.7261406526744136,-0.07292743868903913,0.7352254025448077,1.97180893185753,0.3285016183816612,-0.3401309821106642,0.384581201784317,1.401636346316004,0.1777523988876138,0.4365846832475779,0.7083487476986731,1.447891110896387,0.9783334781439241,0.7505651574424842,1.162243024055252,1.293719644211965,0.8880967447366662,0.5771436350075619,0.9880475544317487,738.974358974359,799.4139194139194,800.2197802197802,749.8534798534798,415.8241758241758,78.16849816849818,-0.266235,0.119568,0.948242,65.272522,-9.017029,-131.404877,1,2,1,1,2,95.000000
2025-03-25 16:08:40.276,,,,,,,,,,,,,,,,,,,,,,,,,,,,,,,,,,,,,,,/muse/elements/blink
2025-03-25 16:08:40.570,1.129232208167775,0.7261406526744136,-0.07292743868903913,0.7352254025448077,1.97180893185753,0.3285016183816612,-0.3401309821106642,0.384581201784317,1.401636346316004,0.1777523988876138,0.4365846832475779,0.7083487476986731,1.447891110896387,0.9783334781439241,0.7505651574424842,1.162243024055252,1.293719644211965,0.8880967447366662,0.5771436350075619,0.9880475544317487,863.4798534798535,790.952380952381,831.2454212454213,866.3003663003664,792.5641025641025,788.5347985347986,-0.296265,-0.039734,0.961121,47.769318,3.835602,-108.077240,1,2,1,1,2,95.000000
2025-03-25 16:08:41.082,1.129232208167775,0.7261406526744136,-0.07292743868903913,0.7352254025448077,1.97180893185753,0.3285016183816612,-0.3401309821106642,0.384581201784317,1.401636346316004,0.1777523988876138,0.4365846832475779,0.7083487476986731,1.447891110896387,0.9783334781439241,0.7505651574424842,1.162243024055252,1.293719644211965,0.8880967447366662,0.5771436350075619,0.9880475544317487,777.6556776556777,857.4358974358975,759.5238095238095,781.6849816849817,1589.96336996337,1622.197802197802,-0.206909,-0.009521,1.019836,-91.815186,-11.544189,198.778381,1,2,1,1,2,95.000000
2025-03-25 16:08:41.400,,,,,,,,,,,,,,,,,,,,,,,,,,,,,,,,,,,,,,,/muse/elements/blink
2025-03-25 16:08:41.477,,,,,,,,,,,,,,,,,,,,,,,,,,,,,,,,,,,,,,,/muse/elements/jaw_clench
2025-03-25 16:08:41.575,1.129232208167775,0.7261406526744136,-0.07292743868903913,0.7352254025448077,1.97180893185753,0.3285016183816612,-0.3401309821106642,0.384581201784317,1.401636346316004,0.1777523988876138,0.4365846832475779,0.7083487476986731,1.447891110896387,0.9783334781439241,0.7505651574424842,1.162243024055252,1.293719644211965,0.8880967447366662,0.5771436350075619,0.9880475544317487,892.0879120879121,816.7399267399268,840.9157509157509,907.8021978021978,1541.208791208791,1622.197802197802,-0.320984,-0.023621,0.916687,-7.170258,-2.063599,36.367188,1,2,1,1,2,95.000000
2025-03-25 16:08:41.667,,,,,,,,,,,,,,,,,,,,,,,,,,,,,,,,,,,,,,,/muse/elements/blink
2025-03-25 16:08:42.072,1.129232208167775,0.7261406526744136,-0.07292743868903913,0.7352254025448077,1.97180893185753,0.3285016183816612,-0.3401309821106642,0.384581201784317,1.401636346316004,0.1777523988876138,0.4365846832475779,0.7083487476986731,1.447891110896387,0.9783334781439241,0.7505651574424842,1.162243024055252,1.293719644211965,0.8880967447366662,0.5771436350075619,0.9880475544317487,880.8058608058608,904.1758241758242,754.6886446886447,920.6959706959707,1324.432234432235,1622.600732600733,-0.408081,0.038696,1.008240,47.941284,5.413208,-80.697174,1,2,1,4,2,95.000000
2025-03-25 16:08:42.365,,,,,,,,,,,,,,,,,,,,,,,,,,,,,,,,,,,,,,,/muse/elements/blink
2025-03-25 16:08:42.571,1.129232208167775,0.7261406526744136,-0.07292743868903913,0.7352254025448077,1.97180893185753,0.3285016183816612,-0.3401309821106642,0.384581201784317,1.401636346316004,0.1777523988876138,0.4365846832475779,0.7083487476986731,1.447891110896387,0.9783334781439241,0.7505651574424842,1.162243024055252,1.293719644211965,0.8880967447366662,0.5771436350075619,0.9880475544317487,903.7728937728938,895.7142857142858,813.5164835164835,952.1245421245421,1608.498168498169,1622.197802197802,-0.276062,0.080566,0.968201,4.994507,5.196381,3.887939,1,2,1,1,2,95.000000
2025-03-25 16:08:42.997,,,,,,,,,,,,,,,,,,,,,,,,,,,,,,,,,,,,,,,/muse/elements/blink
2025-03-25 16:08:42.997,,,,,,,,,,,,,,,,,,,,,,,,,,,,,,,,,,,,,,,/muse/elements/jaw_clench
2025-03-25 16:08:43.071,1.129232208167775,0.7261406526744136,-0.07292743868903913,0.7352254025448077,1.97180893185753,0.3285016183816612,-0.3401309821106642,0.384581201784317,1.401636346316004,0.1777523988876138,0.4365846832475779,0.7083487476986731,1.447891110896387,0.9783334781439241,0.7505651574424842,1.162243024055252,1.293719644211965,0.8880967447366662,0.5771436350075619,0.9880475544317487,887.2527472527473,828.021978021978,778.0586080586081,941.6483516483516,1542.820512820513,1622.197802197802,-0.420959,-0.090149,1.044128,-23.424835,-3.087921,77.317657,1,2,1,1,2,95.000000
2025-03-25 16:08:43.571,1.129232208167775,0.7261406526744136,-0.07292743868903913,0.7352254025448077,1.97180893185753,0.3285016183816612,-0.3401309821106642,0.384581201784317,1.401636346316004,0.1777523988876138,0.4365846832475779,0.7083487476986731,1.447891110896387,0.9783334781439241,0.7505651574424842,1.162243024055252,1.293719644211965,0.8880967447366662,0.5771436350075619,0.9880475544317487,819.5604395604396,795.3846153846154,825.2014652014652,841.3186813186813,1620.989010989011,1622.197802197802,-0.225159,0.098450,1.086975,1.031799,-10.721741,2.871094,1,2,1,1,2,95.000000
2025-03-25 16:08:44.020,,,,,,,,,,,,,,,,,,,,,,,,,,,,,,,,,,,,,,,/muse/elements/blink
2025-03-25 16:08:44.072,1.129232208167775,0.7261406526744136,-0.07292743868903913,0.7352254025448077,1.97180893185753,0.3285016183816612,-0.3401309821106642,0.384581201784317,1.401636346316004,0.1777523988876138,0.4365846832475779,0.7083487476986731,1.447891110896387,0.9783334781439241,0.7505651574424842,1.162243024055252,1.293719644211965,0.8880967447366662,0.5771436350075619,0.9880475544317487,795.7875457875458,776.0439560439561,821.5750915750916,904.1758241758242,1622.600732600733,1622.197802197802,-0.186829,-0.127319,1.096497,20.830383,18.961182,-64.128571,1,2,1,1,2,95.000000
2025-03-25 16:08:44.337,,,,,,,,,,,,,,,,,,,,,,,,,,,,,,,,,,,,,,,/muse/elements/blink
2025-03-25 16:08:44.570,1.129232208167775,0.7261406526744136,-0.07292743868903913,0.7352254025448077,1.97180893185753,0.3285016183816612,-0.3401309821106642,0.384581201784317,1.401636346316004,0.1777523988876138,0.4365846832475779,0.7083487476986731,1.447891110896387,0.9783334781439241,0.7505651574424842,1.162243024055252,1.293719644211965,0.8880967447366662,0.5771436350075619,0.9880475544317487,827.2161172161173,818.7545787545788,799.4139194139194,876.7765567765568,1288.571428571429,1621.794871794872,-0.322388,0.089111,0.920532,5.585175,0.418701,2.983246,1,2,1,1,2,95.000000
2025-03-25 16:08:45.071,1.129232208167775,0.7261406526744136,-0.07292743868903913,0.7352254025448077,1.97180893185753,0.3285016183816612,-0.3401309821106642,0.384581201784317,1.401636346316004,0.1777523988876138,0.4365846832475779,0.7083487476986731,1.447891110896387,0.9783334781439241,0.7505651574424842,1.162243024055252,1.293719644211965,0.8880967447366662,0.5771436350075619,0.9880475544317487,872.7472527472528,807.4725274725275,830.4395604395604,933.5897435897436,1561.758241758242,1621.794871794872,-0.312012,-0.031738,1.137268,-1.106567,-3.723450,-5.697327,1,2,1,1,2,95.000000
2025-03-25 16:08:45.154,,,,,,,,,,,,,,,,,,,,,,,,,,,,,,,,,,,,,,,/muse/elements/blink
2025-03-25 16:08:45.325,,,,,,,,,,,,,,,,,,,,,,,,,,,,,,,,,,,,,,,/muse/elements/blink
2025-03-25 16:08:45.571,1.129232208167775,0.7261406526744136,-0.07292743868903913,0.7352254025448077,1.97180893185753,0.3285016183816612,-0.3401309821106642,0.384581201784317,1.401636346316004,0.1777523988876138,0.4365846832475779,0.7083487476986731,1.447891110896387,0.9783334781439241,0.7505651574424842,1.162243024055252,1.293719644211965,0.8880967447366662,0.5771436350075619,0.9880475544317487,811.9047619047619,849.3772893772895,826.007326007326,896.9230769230769,1227.326007326007,1625.018315018315,-0.400452,0.152649,1.043030,5.061798,8.703003,4.486084,1,2,1,1,2,95.000000
2025-03-25 16:08:46.030,,,,,,,,,,,,,,,,,,,,,,,,,,,,,,,,,,,,,,,/muse/elements/blink
2025-03-25 16:08:46.071,1.129232208167775,0.7261406526744136,-0.07292743868903913,0.7352254025448077,1.97180893185753,0.3285016183816612,-0.3401309821106642,0.384581201784317,1.401636346316004,0.1777523988876138,0.4365846832475779,0.7083487476986731,1.447891110896387,0.9783334781439241,0.7505651574424842,1.162243024055252,1.293719644211965,0.8880967447366662,0.5771436350075619,0.9880475544317487,843.3333333333334,822.7838827838829,834.0659340659341,921.9047619047619,1580.29304029304,1622.197802197802,-0.369446,-0.082947,1.050354,2.684174,-6.714172,-7.207642,1,2,1,1,2,95.000000
2025-03-25 16:08:46.463,,,,,,,,,,,,,,,,,,,,,,,,,,,,,,,,,,,,,,,/muse/elements/blink
2025-03-25 16:08:46.576,1.129232208167775,0.7261406526744136,-0.07292743868903913,0.7352254025448077,1.97180893185753,0.3285016183816612,-0.3401309821106642,0.384581201784317,1.401636346316004,0.1777523988876138,0.4365846832475779,0.7083487476986731,1.447891110896387,0.9783334781439241,0.7505651574424842,1.162243024055252,1.293719644211965,0.8880967447366662,0.5771436350075619,0.9880475544317487,823.5897435897436,799.8168498168499,822.3809523809524,926.7399267399268,1622.197802197802,1622.197802197802,-0.343811,0.016479,1.036499,-22.116394,-10.729218,78.670959,1,2,1,1,2,95.000000
2025-03-25 16:08:46.876,,,,,,,,,,,,,,,,,,,,,,,,,,,,,,,,,,,,,,,/muse/elements/blink
2025-03-25 16:08:47.070,,,,,,,,,,,,,,,,,,,,,,,,,,,,,,,,,,,,,,,/muse/elements/jaw_clench
2025-03-25 16:08:47.080,1.129232208167775,0.7261406526744136,-0.07292743868903913,0.7352254025448077,1.97180893185753,0.3285016183816612,-0.3401309821106642,0.384581201784317,1.401636346316004,0.1777523988876138,0.4365846832475779,0.7083487476986731,1.447891110896387,0.9783334781439241,0.7505651574424842,1.162243024055252,1.293719644211965,0.8880967447366662,0.5771436350075619,0.9880475544317487,877.985347985348,811.5018315018315,856.2271062271062,949.7069597069598,1622.197802197802,1622.197802197802,-0.410767,-0.026672,1.044006,1.151428,1.308441,3.005676,1,2,1,1,2,95.000000
2025-03-25 16:08:47.165,,,,,,,,,,,,,,,,,,,,,,,,,,,,,,,,,,,,,,,/muse/elements/blink
2025-03-25 16:08:47.242,,,,,,,,,,,,,,,,,,,,,,,,,,,,,,,,,,,,,,,/muse/elements/jaw_clench
2025-03-25 16:08:47.386,,,,,,,,,,,,,,,,,,,,,,,,,,,,,,,,,,,,,,,/muse/elements/blink
2025-03-25 16:08:47.571,1.129232208167775,0.7261406526744136,-0.07292743868903913,0.7352254025448077,1.97180893185753,0.3285016183816612,-0.3401309821106642,0.384581201784317,1.401636346316004,0.1777523988876138,0.4365846832475779,0.7083487476986731,1.447891110896387,0.9783334781439241,0.7505651574424842,1.162243024055252,1.293719644211965,0.8880967447366662,0.5771436350075619,0.9880475544317487,829.6336996336996,770.4029304029305,840.5128205128206,931.978021978022,1211.611721611722,1621.794871794872,-0.142822,-0.001587,0.927979,17.039642,7.185211,-53.504028,1,2,1,1,2,95.000000
2025-03-25 16:08:47.869,,,,,,,,,,,,,,,,,,,,,,,,,,,,,,,,,,,,,,,/muse/elements/blink
2025-03-25 16:08:48.072,1.129232208167775,0.7261406526744136,-0.07292743868903913,0.7352254025448077,1.97180893185753,0.3285016183816612,-0.3401309821106642,0.384581201784317,1.401636346316004,0.1777523988876138,0.4365846832475779,0.7083487476986731,1.447891110896387,0.9783334781439241,0.7505651574424842,1.162243024055252,1.293719644211965,0.8880967447366662,0.5771436350075619,0.9880475544317487,822.3809523809524,798.2051282051282,808.2783882783883,950.5128205128206,1510.989010989011,1622.197802197802,-0.241638,-0.073975,1.084045,-1.099091,19.148102,18.168640,1,2,1,1,2,95.000000
2025-03-25 16:08:48.186,,,,,,,,,,,,,,,,,,,,,,,,,,,,,,,,,,,,,,,/muse/elements/blink
2025-03-25 16:08:48.579,1.129232208167775,0.7261406526744136,-0.07292743868903913,0.7352254025448077,1.97180893185753,0.3285016183816612,-0.3401309821106642,0.384581201784317,1.401636346316004,0.1777523988876138,0.4365846832475779,0.7083487476986731,1.447891110896387,0.9783334781439241,0.7505651574424842,1.162243024055252,1.293719644211965,0.8880967447366662,0.5771436350075619,0.9880475544317487,760.7326007326008,738.1684981684982,821.5750915750916,760.3296703296703,190.5860805860806,10.87912087912088,-0.168457,0.058594,0.882812,-29.735260,-0.530853,107.703400,1,2,1,1,2,95.000000
2025-03-25 16:08:49.081,1.129232208167775,0.7261406526744136,-0.07292743868903913,0.7352254025448077,1.97180893185753,0.3285016183816612,-0.3401309821106642,0.384581201784317,1.401636346316004,0.1777523988876138,0.4365846832475779,0.7083487476986731,1.447891110896387,0.9783334781439241,0.7505651574424842,1.162243024055252,1.293719644211965,0.8880967447366662,0.5771436350075619,0.9880475544317487,830.8424908424909,828.8278388278388,789.3406593406594,793.3699633699634,444.4322344322345,129.3406593406594,-0.215271,-0.086975,1.027039,-32.927856,-3.701019,72.539978,1,2,1,1,2,95.000000
2025-03-25 16:08:49.584,1.129232208167775,0.7261406526744136,-0.07292743868903913,0.7352254025448077,1.97180893185753,0.3285016183816612,-0.3401309821106642,0.384581201784317,1.401636346316004,0.1777523988876138,0.4365846832475779,0.7083487476986731,1.447891110896387,0.9783334781439241,0.7505651574424842,1.162243024055252,1.293719644211965,0.8880967447366662,0.5771436350075619,0.9880475544317487,813.919413919414,844.9450549450549,812.3076923076924,856.2271062271062,1622.197802197802,1622.197802197802,-0.257629,0.055908,1.012207,-6.437531,-0.485992,39.492493,1,2,1,1,2,95.000000
2025-03-25 16:08:50.071,1.084689119703594,0.7261406526744136,-0.07292743868903913,0.7352254025448077,1.093760573817694,0.3285016183816612,-0.3401309821106642,0.384581201784317,1.234779654811815,0.1777523988876138,0.4365846832475779,0.7083487476986731,1.459991077356301,0.9783334781439241,0.7505651574424842,1.162243024055252,1.200419658872604,0.8880967447366662,0.5771436350075619,0.9880475544317487,816.7399267399268,803.040293040293,799.8168498168499,821.5750915750916,778.4615384615385,1002.893772893773,-0.196289,0.170654,0.960022,-13.091888,-8.269348,33.645630,1,1,1,1,1,95.000000
2025-03-25 16:08:50.127,,,,,,,,,,,,,,,,,,,,,,,,,,,,,,,,,,,,,,,/muse/elements/blink
2025-03-25 16:08:50.439,,,,,,,,,,,,,,,,,,,,,,,,,,,,,,,,,,,,,,,/muse/elements/blink
2025-03-25 16:08:50.571,1.084689119703594,0.7261406526744136,-0.07292743868903913,0.7352254025448077,1.093760573817694,0.3285016183816612,-0.3401309821106642,0.384581201784317,1.234779654811815,0.1777523988876138,0.4365846832475779,0.7083487476986731,1.459991077356301,0.9783334781439241,0.7505651574424842,1.162243024055252,1.200419658872604,0.8880967447366662,0.5771436350075619,0.9880475544317487,841.3186813186813,799.0109890109891,816.3369963369963,844.9450549450549,1625.421245421245,1622.197802197802,-0.216309,-0.040649,0.986084,-2.833710,1.398163,-1.943970,1,1,1,1,1,95.000000
2025-03-25 16:08:50.910,,,,,,,,,,,,,,,,,,,,,,,,,,,,,,,,,,,,,,,/muse/elements/blink
2025-03-25 16:08:51.071,1.084689119703594,0.7261406526744136,-0.07292743868903913,0.7352254025448077,1.093760573817694,0.3285016183816612,-0.3401309821106642,0.384581201784317,1.234779654811815,0.1777523988876138,0.4365846832475779,0.7083487476986731,1.459991077356301,0.9783334781439241,0.7505651574424842,1.162243024055252,1.200419658872604,0.8880967447366662,0.5771436350075619,0.9880475544317487,785.3113553113553,815.5311355311355,791.3553113553114,805.0549450549451,767.5824175824176,899.3406593406594,-0.264465,0.023376,0.932678,4.104767,0.568237,-3.020630,1,1,1,1,1,95.000000
2025-03-25 16:08:51.579,1.084689119703594,0.7261406526744136,-0.07292743868903913,0.7352254025448077,1.093760573817694,0.3285016183816612,-0.3401309821106642,0.384581201784317,1.234779654811815,0.1777523988876138,0.4365846832475779,0.7083487476986731,1.459991077356301,0.9783334781439241,0.7505651574424842,1.162243024055252,1.200419658872604,0.8880967447366662,0.5771436350075619,0.9880475544317487,779.2673992673992,829.6336996336996,823.1868131868132,776.0439560439561,770,1040.3663003663,-0.292053,0.025024,0.946289,-0.605621,0.104675,-3.544006,1,1,1,1,1,95.000000
2025-03-25 16:08:52.076,0.9199970953589161,0.7261406526744136,0.6129640249029921,0.7352254025448077,0.2880781058657966,0.3285016183816612,0.5027651443736998,0.384581201784317,1.097820043254844,0.1777523988876138,0.8944749676010657,0.7083487476986731,1.101613803665014,0.9783334781439241,1.338896374063071,1.162243024055252,0.9495194497090114,0.8880967447366662,1.282644637472725,0.9880475544317487,787.7289377289378,798.2051282051282,824.3956043956044,809.8901098901099,779.2673992673992,804.2490842490843,-0.269409,0.027405,0.956055,2.871094,-3.125305,0.396271,1,1,1,1,1,95.000000
2025-03-25 16:08:52.571,0.6389577092701465,0.7261406526744136,0.3512978492891947,0.2897877904155033,0.1866845173307531,0.3285016183816612,0.3019736115788885,0.03984579210250603,1.150169250405841,0.1777523988876138,0.8944749676010657,0.9433726211105244,1.024004818110254,0.9783334781439241,1.271170858371099,1.158245935816473,0.8835094409945368,0.8880967447366662,1.272771602213034,0.7015983119040582,815.1282051282052,795.3846153846154,810.6959706959707,805.0549450549451,761.1355311355312,686.996336996337,-0.279968,0.020325,0.947388,-1.413116,-0.291595,2.549591,1,1,1,1,1,95.000000
2025-03-25 16:08:53.075,0.5185147133477298,-0.3263204384690696,0.2124300133246713,0.1204292951677954,0.2266149486238439,-0.0007936416557193522,0.2173825162721939,0.1313435018333979,1.24379885484205,0.5392869578762892,0.9097813209320187,1.244372196588338,0.9691827294690881,1.220042932414096,1.26351647960414,1.096644711381076,0.8431719779253279,1.162608194102213,1.251201477273115,0.8450736164662758,786.1172161172161,807.0695970695971,821.978021978022,792.967032967033,870.7326007326008,1048.021978021978,-0.304138,0.015381,0.947693,0.216827,0.747681,-0.583191,1,1,1,1,1,95.000000
2025-03-25 16:08:53.571,0.2713164008519849,-0.3406704239406501,-0.1257602663511998,-0.02767716816750211,0.3982376670763404,0.1297721401230719,0.1016416991238352,0.4245981082943781,1.202652018151751,0.5523637460786179,0.8576644887008311,1.265068557758702,0.9305070057474644,1.17903050610671,1.217830541851547,1.061789467078099,0.7880688080417615,1.095196734942507,1.20158978925824,0.857427964790703,801.4285714285714,819.96336996337,798.2051282051282,807.4725274725275,820.7692307692308,960.1831501831502,-0.296753,0.021790,0.948853,0.732727,-1.973877,0.097198,1,1,1,1,1,95.000000
2025-03-25 16:08:54.071,0.3090976720596951,-0.08847399512926346,-0.170640860451223,-0.01750828215928539,0.5314137400242586,0.03652982390057013,0.1291774292892215,0.6473593329296139,1.139378962212637,0.5757643657990893,0.645406449494059,1.188356562522124,0.9006365589333821,1.241006643210023,1.204534393486942,0.9710819496345479,0.7092762689735123,1.077114690105981,1.154483083686616,0.7992126416091473,786.5201465201466,774.4322344322345,810.2930402930403,815.5311355311355,848.1684981684982,729.7069597069598,-0.267761,0.003418,0.933044,-1.054230,-21.697693,16.508789,1,1,1,1,1,95.000000
2025-03-25 16:08:54.571,0.5028014266537367,0.3963965676936133,0.09360356982858886,0.3229574448155109,0.6005795764954829,0.1942492793232467,0.1550212339189628,0.7463715752369912,0.8405296025164131,0.6562148849922157,0.733687137676723,1.042858827175291,0.9071199310066983,1.217343585055607,1.199216518819394,0.9347325497596766,0.6648150263862395,0.9863412123155985,1.049637466465844,0.6256403469049149,803.040293040293,791.3553113553114,814.7252747252747,796.5934065934066,790.5494505494506,963.4065934065934,-0.166077,0.063477,0.969299,0.366364,-5.084229,4.919739,1,1,1,1,1,95.000000
2025-03-25 16:08:55.071,0.7806734501968955,0.9279319825692874,0.2798950020153539,0.4604984241534401,0.6968313950719494,0.5933250758118558,0.1299438685159507,0.7204279850865809,0.8367158417278456,0.8411667855469002,0.6379512426545297,0.8587309323079423,0.8872623609850077,1.176060639134534,1.188352145001258,0.9194902510718369,0.6617705410350903,0.9466167640705468,0.9481525972667151,0.4674819398869743,811.5018315018315,769.1941391941392,791.3553113553114,810.2930402930403,855.4212454212454,1210.40293040293,-0.066711,0.073975,0.999573,-1.024323,-12.718048,14.744263,1,1,1,1,1,95.000000
2025-03-25 16:08:55.571,1.170091207073539,1.136784674037827,0.4096581149151868,1.434653913303779,0.9341627044718158,0.8489943463271142,0.2609843536512669,1.17748424169115,0.9020070467289119,0.8826161805981587,0.7133758687717071,1.089788309574433,0.8866155352462015,1.03614428497617,1.156832995380856,0.8435971725760307,0.7609565943673865,0.7514520462846677,0.7777953634382584,0.5545945411324994,808.2783882783883,773.6263736263736,816.7399267399268,817.948717948718,796.5934065934066,679.7435897435897,-0.034058,0.082397,0.993652,0.082245,-0.231781,-1.084137,1,1,1,1,1,95.000000
2025-03-25 16:08:56.080,1.308545802602234,1.042441601413149,0.4657741276022749,1.704530277007103,1.044007312460224,0.7661318041667788,0.3015255469701279,1.383884397922719,0.9430892925294793,0.8911432481339483,0.7224763406615587,1.068208220379363,0.8551132883670153,1.006787539100835,1.055489153533425,0.7587507455691282,0.8030011290830035,0.681169069084147,0.6312877557458797,0.5273268308241175,812.3076923076924,809.0842490842491,795.3846153846154,795.3846153846154,855.4212454212454,983.956043956044,-0.043945,0.074341,0.992676,1.128998,0.485992,-0.583191,1,1,1,1,1,95.000000
2025-03-25 16:08:56.571,1.006663251028879,0.7859300902844738,0.320942715239002,1.507844015675295,0.7171867605576838,0.5698402241461759,0.2768361076927352,1.185309477668968,0.9341998865971953,0.8298872720818102,0.7170158232898963,1.068208220379363,0.7481445916744429,1.054512051845766,0.9547902061633463,0.7460304810612717,0.7643150029564993,0.6187319886870987,0.6345889240844247,0.5156489458889153,792.5641025641025,789.3406593406594,811.0989010989011,794.1758241758242,804.2490842490843,1029.084249084249,-0.039246,0.085571,0.999573,1.286011,-1.704712,1.278534,1,1,1,1,1,95.000000
2025-03-25 16:08:57.071,0.4819614139240265,0.5068458833463577,0.2706824087006738,0.8577975808145085,0.02875053647631537,0.3363562039080328,0.05891058460919305,0.5585855119323152,1.161931778693209,0.6769686564616348,0.5429195958461059,0.9185237158325407,0.6894129348079279,0.9988807724712145,0.7735595158770596,0.7690149673098489,0.6182827069475906,0.5933268148954574,0.5277036322834331,0.528736632504508,787.3260073260074,790.952380952381,800.6227106227107,788.9377289377289,821.5750915750916,702.7106227106227,-0.045898,0.068909,0.993225,0.239258,-2.071075,0.732727,1,1,1,1,1,95.000000
2025-03-25 16:08:57.575,0.4591844470669684,0.4922709531030112,0.1814483896988477,0.2830499457416066,0.1797842064330138,0.3978757202968537,-0.05434796054873663,0.4047483676156098,1.136733510953966,0.7855528122707509,0.4210943374679374,0.7101236477060441,0.6937179757809624,0.9665001235588645,0.7070052989921823,0.7309458846840448,0.5391440725857125,0.6492859881665904,0.4910577914415995,0.482635486173056,793.3699633699634,787.3260073260074,804.6520146520147,797.8021978021978,821.978021978022,1092.344322344322,-0.020325,0.082764,0.997803,0.448608,-1.353302,0.269165,1,1,1,1,1,95.000000
2025-03-25 16:08:58.071,0.4536965470025275,0.4524444661897202,0.1451941668805776,0.2397364035140966,0.2574159315195651,0.3554461212148616,-0.2262929208187534,0.3896921177624065,1.145218922398205,0.7855528122707509,0.4944319764786786,0.7101236477060441,0.7507510746954233,0.8800917085548642,0.5949150464211745,0.7047109179577242,0.4034598773879351,0.6495867565108691,0.4604494525308508,0.4668857034145222,812.7106227106227,794.5787545787546,801.025641025641,815.5311355311355,826.4102564102565,936.007326007326,-0.009460,0.076294,1.001343,0.276642,0.089722,-1.480408,1,1,1,1,1,95.000000
2025-03-25 16:08:58.570,0.4436226590443753,0.2574271122461042,0.07081278230655837,0.1875558052288969,0.4025008957817398,0.2571630129638015,-0.2440091176204525,0.3834304003618079,1.165096536245035,0.7738583982364922,0.7344387234251309,0.8024161888889599,0.7761707704722994,0.8574071881097437,0.5678522021762673,0.6622521884471435,0.3755707917909851,0.6405862012433957,0.4848476170126036,0.4415835979222736,844.9450549450549,792.967032967033,800.6227106227107,846.1538461538462,826.4102564102565,690.6227106227107,-0.080688,0.087402,0.982483,4.194489,14.392853,-34.774628,1,1,1,1,1,95.000000
2025-03-25 16:08:58.649,,,,,,,,,,,,,,,,,,,,,,,,,,,,,,,,,,,,,,,/muse/elements/blink
2025-03-25 16:08:59.073,0.3730030187858105,-0.2374719439739928,-0.06012714668872834,0.03075840649666961,0.3675875944021875,0.01000903632214608,-0.3942231554023644,0.2772557292161645,1.09508831259521,0.4720231256030724,0.7215534760098229,0.7754298710885896,0.8277507824296505,0.773221589221915,0.5512204993011622,0.6691582566321381,0.4284480861448483,0.5419021386288994,0.4403954405730638,0.4790900372088608,814.3223443223443,811.9047619047619,821.978021978022,808.2783882783883,871.1355311355312,1098.791208791209,-0.173462,0.074890,0.976440,-1.704712,7.028198,-3.394470,1,1,1,1,1,95.000000
2025-03-25 16:08:59.166,,,,,,,,,,,,,,,,,,,,,,,,,,,,,,,,,,,,,,,/muse/elements/blink
2025-03-25 16:08:59.571,0.4672916746595761,-0.08161113101513935,0.06307238243801744,0.05513887926990952,0.4769981338767424,-0.03552325071731012,-0.2494677561862633,0.4412862657569001,1.09508831259521,0.2162906135671993,0.7053289885449421,0.6910768209434374,0.8551228067572488,0.6689127538041351,0.6034712065335129,0.677421954137012,0.3749716027811047,0.3319248818930009,0.4185008587137005,0.5119414907217911,815.1282051282052,817.5457875457876,819.5604395604396,820.3663003663004,829.2307692307693,1015.787545787546,-0.196655,0.044617,0.968323,-1.293488,1.218719,3.648682,1,1,1,1,1,95.000000
2025-03-25 16:09:00.071,0.4672916746595761,-0.08161113101513935,0.5493219289846145,0.05513887926990952,0.4769981338767424,-0.03552325071731012,0.2443613962919002,0.4412862657569001,1.09508831259521,0.2162906135671993,0.7566676443629492,0.6910768209434374,0.8551228067572488,0.6689127538041351,1.196401276384788,0.677421954137012,0.3749716027811047,0.3319248818930009,0.7808176186675884,0.5119414907217911,821.1721611721612,805.8608058608058,805.0549450549451,807.4725274725275,851.3919413919414,688.2051282051282,-0.203857,0.069336,0.971375,0.657959,-2.153320,1.338348,1,1,1,1,1,95.000000
2025-03-25 16:09:00.576,0.06817929591152604,0.7651832585346229,0.3580887173667776,0.03349891555151547,0.1059831586094927,0.4426176925413337,0.1481983304541481,0.5108953022870112,0.6231284200834796,0.5380634400417521,0.7891592092864853,0.5824662972411184,1.210546524567111,0.9640473281869396,1.236088416744379,1.125593227485141,0.9089403848279398,0.8438607191949495,0.8117039587716365,0.8709479360660497,803.4432234432235,782.4908424908425,831.2454212454213,813.5164835164835,735.7509157509157,884.8351648351648,-0.198853,0.062195,0.976013,0.052338,0.239258,-0.448608,1,1,1,1,1,95.000000
2025-03-25 16:09:01.071,0.1391369219997858,0.5555280286168797,0.2843608734781599,-0.1172049741182669,0.0448589876359126,0.2761219241477674,0.1296631892043698,0.351234782681812,0.6244377722134219,0.538129541693505,0.7991122122548698,0.6683986872977774,1.141799773716802,0.9494396363866289,1.190984490179216,1.023335510630441,0.9718106059459889,0.8010267351548775,0.7417312146993956,0.7534380992614002,790.952380952381,814.3223443223443,803.040293040293,790.952380952381,845.7509157509157,1006.520146520147,-0.212524,0.055115,0.974548,-0.957031,-0.523376,2.220612,1,1,1,1,1,95.000000
2025-03-25 16:09:01.577,0.1547222189972314,0.3876277978882303,0.03088318815327326,-0.1507629868715862,0.07829632930348733,0.2511131156026757,0.0682377143443778,0.2312107092209107,0.6635044279712519,0.5388147788587533,0.7638779371825671,0.6702733896860422,1.052449963711032,0.9471571826544146,1.122165651599171,0.9621336624175137,0.9018191510017057,0.9455496526576518,0.7523104592092495,0.7647615353071963,799.4139194139194,802.2344322344322,782.893772893773,788.9377289377289,748.6446886446887,586.6666666666666,-0.203796,0.025696,0.977478,-1.166382,-0.695343,5.151520,1,1,1,1,1,95.000000
