unix_ms,rel_timestamp,frame,event,side,screen_pos_x,screen_pos_y,screen_pos_z,target_name
1742767016135,0,,Activation,,,,,
1742767016135,0,278,,Left,0,0,0,
1742767016135,0,278,,Right,0,0,0,
1742767016135,0,278,,Center,0,0,0,
1742767016432,0.01999998,280,,Left,671.3061,787.957,49.86222,
1742767016432,0.01999998,280,,Right,670.3096,787.957,49.86222,
1742767016432,0.01999998,280,,Center,670.8079,787.957,49.86222,
1742767016483,0.07281947,281,,Left,688.9593,789.0049,49.93162,
1742767016483,0.07281947,281,,Right,687.9642,789.0049,49.93161,
1742767016483,0.07281947,281,,Center,688.4618,789.0049,49.93162,
1742767016538,0.1219642,282,,Left,696.9174,748.2147,49.85994,
1742767016538,0.1219642,282,,Right,695.9208,748.2147,49.85994,
1742767016538,0.1219642,282,,Center,696.4191,748.2147,49.85994,
1742767016579,0.1920774,283,,Left,696.8342,749.643,49.86594,
1742767016579,0.1920774,283,,Right,695.8379,749.643,49.86594,
1742767016579,0.1920774,283,,Center,696.3361,749.643,49.86594,
1742767016637,0.2197368,284,,Left,697.5854,752.8203,49.87986,
1742767016637,0.2197368,284,,Right,696.5894,752.8203,49.87986,
1742767016637,0.2197368,284,,Center,697.0874,752.8203,49.87986,
1742767016677,0.2751744,285,,Left,706.1391,755.9581,49.90701,
1742767016677,0.2751744,285,,Right,705.1436,755.9581,49.90701,
1742767016677,0.2751744,285,,Center,705.6414,755.9581,49.90701,
1742767016704,0.3154414,286,,Left,703.6458,753.0995,49.8929,
1742767016704,0.3154414,286,,Right,702.65,753.0995,49.89291,
1742767016704,0.3154414,286,,Center,703.1479,753.0995,49.8929,
1742767016732,0.3433821,287,,Left,703.3153,751.9182,49.88787,
1742767016732,0.3433821,287,,Right,702.3193,751.9182,49.88787,
1742767016732,0.3433821,287,,Center,702.8173,751.9182,49.88787,
1742767016760,0.3787963,288,,Left,703.2784,752.6589,49.89041,
1742767016760,0.3787963,288,,Right,702.2826,752.6589,49.89042,
1742767016760,0.3787963,288,,Center,702.7805,752.6589,49.89041,
1742767016797,0.3990109,289,,Left,700.396,749.8063,49.87403,
1742767016797,0.3990109,289,,Right,699.3998,749.8063,49.87403,
1742767016797,0.3990109,289,,Center,699.8979,749.8063,49.87403,
1742767016838,0.4350631,290,,Left,700.9281,749.5787,49.87418,
1742767016838,0.4350631,290,,Right,699.9319,749.5787,49.87418,
1742767016838,0.4350631,290,,Center,700.4301,749.5787,49.87418,
1742767016870,0.4769757,291,Eye Hit,Left,701.5166,746.1815,49.86104,NorthSidewalk
1742767016870,0.4769757,291,Eye Hit,Right,700.5201,746.1815,49.86104,NorthSidewalk
1742767016870,0.4769757,291,Eye Hit,Center,701.0184,746.1815,49.86103,NorthSidewalk
1742767016911,0.5078185,292,Eye Hit,Left,701.4756,745.8615,49.85936,NorthSidewalk
1742767016911,0.5078185,292,Eye Hit,Right,700.4792,745.8615,49.85936,NorthSidewalk
1742767016911,0.5078185,292,Eye Hit,Center,700.9774,745.8615,49.85936,NorthSidewalk
1742767016943,0.5497544,293,Eye Hit,Left,702.2637,744.2673,49.85381,NorthSidewalk
1742767016944,0.5497544,293,Eye Hit,Right,701.2671,744.2673,49.85381,NorthSidewalk
1742767016944,0.5497544,293,Eye Hit,Center,701.7654,744.2673,49.85381,NorthSidewalk
1742767016985,0.5822456,294,Eye Hit,Left,702.0026,742.3934,49.84454,NorthSidewalk
1742767016985,0.5822456,294,Eye Hit,Right,701.0058,742.3934,49.84453,NorthSidewalk
1742767016985,0.5822456,294,Eye Hit,Center,701.5042,742.3934,49.84453,NorthSidewalk
1742767017013,0.6247289,295,Eye Hit,Left,700.9627,732.97,49.79333,NorthSidewalk
1742767017013,0.6247289,295,Eye Hit,Right,699.9649,732.97,49.79333,NorthSidewalk
1742767017013,0.6247289,295,Eye Hit,Center,700.4638,732.97,49.79333,NorthSidewalk
1742767017056,0.6506717,296,Eye Hit,Left,631.3152,647.5831,48.63003,RoadCrosswalk
1742767017056,0.6506717,296,Eye Hit,Right,630.2935,647.5831,48.63003,RoadCrosswalk
1742767017056,0.6506717,296,Eye Hit,Center,630.8044,647.5831,48.63003,RoadCrosswalk
1742767017083,0.6954038,297,Eye Hit,Left,552.4843,565.7569,46.50031,RoadCrosswalk
1742767017083,0.6954038,297,Eye Hit,Right,551.4157,565.7569,46.50032,RoadCrosswalk
1742767017083,0.6954038,297,Eye Hit,Center,551.95,565.757,46.50032,RoadCrosswalk
1742767017125,0.722131,298,Eye Hit,Left,466.5308,460.8623,43.16693,RoadCrosswalk
1742767017125,0.722131,298,Eye Hit,Right,465.3798,460.8623,43.16693,RoadCrosswalk
1742767017125,0.722131,298,Eye Hit,Center,465.9553,460.8623,43.16693,RoadCrosswalk
1742767017155,0.7648499,299,Eye Hit,Left,447.8453,385.0855,41.23356,RoadCrosswalk
1742767017155,0.7648499,299,Eye Hit,Right,446.6404,385.0855,41.23356,RoadCrosswalk
1742767017155,0.7648499,299,Eye Hit,Center,447.2429,385.0855,41.23355,RoadCrosswalk
1742767017180,0.7941277,300,Eye Hit,Left,449.1414,386.4529,41.28345,RoadCrosswalk
1742767017180,0.7941277,300,Eye Hit,Right,447.938,386.4529,41.28345,RoadCrosswalk
1742767017180,0.7941277,300,Eye Hit,Center,448.5397,386.4529,41.28345,RoadCrosswalk
1742767017211,0.818639,301,Eye Hit,Left,449.5199,387.3604,41.30928,RoadCrosswalk
1742767017211,0.818639,301,Eye Hit,Right,448.3171,387.3604,41.30928,RoadCrosswalk
1742767017211,0.818639,301,Eye Hit,Center,448.9185,387.3604,41.30928,RoadCrosswalk
1742767017236,0.8492429,302,Eye Hit,Left,442.0643,387.3518,41.1964,RoadCrosswalk
1742767017236,0.8492429,302,Eye Hit,Right,440.8582,387.3518,41.1964,RoadCrosswalk
1742767017236,0.8492429,302,Eye Hit,Center,441.4613,387.3518,41.1964,RoadCrosswalk
1742767017278,0.8742979,303,Eye Hit,Left,440.6725,379.0711,40.99103,RoadCrosswalk
1742767017278,0.8742979,303,Eye Hit,Right,439.4604,379.0711,40.99104,RoadCrosswalk
1742767017278,0.8742979,303,Eye Hit,Center,440.0665,379.0711,40.99103,RoadCrosswalk
1742767017307,0.9167664,304,Eye Hit,Left,433.5141,381.9097,40.9445,RoadCrosswalk
1742767017307,0.9167664,304,Eye Hit,Right,432.3007,381.9097,40.9445,RoadCrosswalk
1742767017307,0.9167664,304,Eye Hit,Center,432.9074,381.9097,40.9445,RoadCrosswalk
1742767017349,0.9454811,305,Eye Hit,Left,440.7032,392.4047,41.28617,RoadCrosswalk
1742767017349,0.9454811,305,Eye Hit,Right,439.4998,392.4047,41.28617,RoadCrosswalk
1742767017349,0.9454811,305,Eye Hit,Center,440.1015,392.4047,41.28617,RoadCrosswalk
1742767017379,0.9885604,306,Eye Hit,Left,440.9782,398.256,41.4188,RoadCrosswalk
1742767017379,0.9885604,306,Eye Hit,Right,439.7787,398.256,41.4188,RoadCrosswalk
1742767017379,0.9885604,306,Eye Hit,Center,440.3785,398.256,41.4188,RoadCrosswalk
1742767017407,1.018018,307,Eye Hit,Left,468.7868,488.1427,43.75882,RoadCrosswalk
1742767017407,1.018018,307,Eye Hit,Right,467.6514,488.1427,43.75882,RoadCrosswalk
1742767017407,1.018018,307,Eye Hit,Center,468.2191,488.1427,43.75882,RoadCrosswalk
1742767017433,1.046211,308,Eye Hit,Left,633.2802,537.0314,46.76857,RoadCrosswalk
1742767017434,1.046211,308,Eye Hit,Right,632.2179,537.0314,46.76857,RoadCrosswalk
1742767017434,1.046211,308,Eye Hit,Center,632.7491,537.0314,46.76857,RoadCrosswalk
1742767017473,1.071932,309,Eye Hit,Left,668.4869,539.1136,47.00832,RoadCrosswalk
1742767017473,1.071932,309,Eye Hit,Right,667.4299,539.1136,47.00832,RoadCrosswalk
1742767017473,1.071932,309,Eye Hit,Center,667.9584,539.1136,47.00832,RoadCrosswalk
1742767017514,1.112039,310,Eye Hit,Left,682.7632,561.5901,47.51032,RoadCrosswalk
1742767017514,1.112039,310,Eye Hit,Right,681.7175,561.5901,47.51033,RoadCrosswalk
1742767017514,1.112039,310,Eye Hit,Center,682.2404,561.5901,47.51032,RoadCrosswalk
1742767017545,1.162581,311,Eye Hit,Left,558.6914,561.0135,46.49257,RoadCrosswalk
1742767017545,1.162581,311,Eye Hit,Right,557.6228,561.0135,46.49256,RoadCrosswalk
1742767017545,1.162581,311,Eye Hit,Center,558.1572,561.0135,46.49256,RoadCrosswalk
1742767017572,1.183899,312,Eye Hit,Left,498.7476,693.7125,47.32935,NorthSidewalk
1742767017572,1.183899,312,Eye Hit,Right,497.6979,693.7125,47.32935,NorthSidewalk
1742767017572,1.183899,312,Eye Hit,Center,498.2228,693.7125,47.32935,NorthSidewalk
1742767017610,1.211167,313,Eye Hit,Left,514.393,695.9574,47.62827,NorthSidewalk
1742767017610,1.211167,313,Eye Hit,Right,513.3499,695.9574,47.62827,NorthSidewalk
1742767017610,1.211167,313,Eye Hit,Center,513.8714,695.9574,47.62827,NorthSidewalk
1742767017652,1.249191,314,Eye Hit,Left,584.107,695.6057,48.66809,NorthSidewalk
1742767017652,1.249191,314,Eye Hit,Right,583.0861,695.6057,48.66809,NorthSidewalk
1742767017652,1.249191,314,Eye Hit,Center,583.5966,695.6057,48.66809,NorthSidewalk
1742767017680,1.29099,315,Eye Hit,Left,593.7228,687.5989,48.71034,NorthSidewalk
1742767017680,1.29099,315,Eye Hit,Right,592.7028,687.5989,48.71033,NorthSidewalk
1742767017680,1.29099,315,Eye Hit,Center,593.2128,687.5989,48.71034,NorthSidewalk
1742767017722,1.325232,316,Eye Hit,Left,648.0186,669.7961,49.02011,RoadWest
1742767017722,1.325232,316,Eye Hit,Right,647.0051,669.7961,49.02011,RoadWest
1742767017722,1.325232,316,Eye Hit,Center,647.5118,669.7961,49.02011,RoadWest
1742767017749,1.361452,317,Eye Hit,Left,649.7883,654.9471,48.8553,RoadWest
1742767017749,1.361452,317,Eye Hit,Right,648.7714,654.9471,48.8553,RoadWest
1742767017749,1.361452,317,Eye Hit,Center,649.2799,654.9471,48.8553,RoadWest
1742767017792,1.390166,318,Eye Hit,Left,681.0159,655.9272,49.02583,RoadWest
1742767017792,1.390166,318,Eye Hit,Right,680.0025,655.9272,49.02583,RoadWest
1742767017792,1.390166,318,Eye Hit,Center,680.5092,655.9272,49.02583,RoadWest
1742767017822,1.43275,319,Eye Hit,Left,699.2821,655.3853,49.07074,RoadWest
1742767017822,1.43275,319,Eye Hit,Right,698.2696,655.3853,49.07074,RoadWest
1742767017822,1.43275,319,Eye Hit,Center,698.7758,655.3853,49.07074,RoadWest
1742767017865,1.46175,320,Eye Hit,Left,715.4108,639.4055,48.87833,RoadWest
1742767017865,1.46175,320,Eye Hit,Right,714.3943,639.4055,48.87833,RoadWest
1742767017866,1.46175,320,Eye Hit,Center,714.9025,639.4055,48.87833,RoadWest
1742767017907,1.505977,321,Eye Hit,Left,700.594,639.3212,48.86047,RoadWest
1742767017907,1.505977,321,Eye Hit,Right,699.5772,639.3212,48.86047,RoadWest
1742767017907,1.505977,321,Eye Hit,Center,700.0856,639.3212,48.86047,RoadWest
1742767017946,1.545898,322,Eye Hit,Left,568.9298,751.4012,48.82002,NW_Tree_10
1742767017946,1.545898,322,Eye Hit,Right,567.9121,751.4012,48.82002,NW_Tree_10
1742767017946,1.545898,322,Eye Hit,Center,568.421,751.4012,48.82002,NW_Tree_10
1742767017988,1.585582,323,,Left,533.3304,785.9649,48.35133,
1742767017988,1.585582,323,,Right,532.3028,785.9649,48.35134,
1742767017988,1.585582,323,,Center,532.8166,785.9649,48.35134,
1742767018030,1.627738,324,,Left,523.9029,792.1842,48.19437,
1742767018030,1.627738,324,,Right,522.8719,792.1842,48.19437,
1742767018030,1.627738,324,,Center,523.3874,792.1842,48.19437,
1742767018072,1.669447,325,,Left,531.2506,790.5411,48.31956,
1742767018072,1.669447,325,,Right,530.2224,790.5411,48.31956,
1742767018072,1.669447,325,,Center,530.7365,790.5411,48.31956,
1742767018115,1.711653,326,,Left,549.9528,786.149,48.61829,
1742767018115,1.711653,326,,Right,548.9308,786.149,48.61829,
1742767018115,1.711653,326,,Center,549.4418,786.149,48.61829,
1742767018155,1.755075,327,,Left,558.4268,789.203,48.74672,
1742767018155,1.755075,327,,Right,557.4075,789.203,48.74673,
1742767018155,1.755075,327,,Center,557.9172,789.203,48.74673,
1742767018197,1.794388,328,,Left,569.067,785.9279,48.89809,
1742767018197,1.794388,328,,Right,568.0509,785.9279,48.89809,
1742767018197,1.794388,328,,Center,568.5589,785.9279,48.89809,
1742767018225,1.83498,329,,Left,567.0815,785.8195,48.87101,
1742767018225,1.83498,329,,Right,566.0648,785.8195,48.87101,
1742767018225,1.83498,329,,Center,566.5731,785.8195,48.87101,
1742767018256,1.863394,330,,Left,563.962,775.1964,48.8163,
1742767018256,1.863394,330,,Right,562.9442,775.1964,48.8163,
1742767018256,1.863394,330,,Center,563.4531,775.1964,48.8163,
1742767018282,1.896123,331,,Left,567.5789,774.3913,48.86642,
1742767018282,1.896123,331,,Right,566.5621,774.3913,48.86642,
1742767018282,1.896123,331,,Center,567.0705,774.3913,48.86642,
1742767018310,1.920273,332,,Left,577.3759,773.1275,48.99752,
1742767018310,1.920273,332,,Right,576.3619,773.1275,48.99752,
1742767018310,1.920273,332,,Center,576.8689,773.1275,48.99752,
1742767018350,1.948628,333,,Left,587.7113,772.3209,49.12863,
1742767018350,1.948628,333,,Right,586.7,772.3209,49.12863,
1742767018350,1.948628,333,,Center,587.2057,772.3209,49.12863,
1742767018393,1.995493,334,,Left,591.9255,774.2702,49.18446,
1742767018393,1.995493,334,,Right,590.9153,774.2702,49.18446,
1742767018393,1.995493,334,,Center,591.4204,774.2702,49.18446,
1742767018434,2.031905,335,,Left,597.9739,771.0704,49.25053,
1742767018434,2.031905,335,,Right,596.9651,771.0704,49.25053,
1742767018434,2.031905,335,,Center,597.4695,771.0704,49.25053,
1742767018462,2.072741,336,,Left,612.0573,775.8805,49.41183,
1742767018462,2.072741,336,,Right,611.0517,775.8805,49.41183,
1742767018462,2.072741,336,,Center,611.5544,775.8805,49.41183,
1742767018502,2.100266,337,,Left,628.9525,770.8451,49.56425,
1742767018502,2.100266,337,,Right,627.95,770.8451,49.56426,
1742767018502,2.100266,337,,Center,628.4512,770.8451,49.56425,
1742767018532,2.141145,338,,Left,628.5294,776.1906,49.56828,
1742767018532,2.141145,338,,Right,627.527,776.1906,49.56828,
1742767018532,2.141145,338,,Center,628.0282,776.1906,49.56828,
1742767018572,2.170254,339,,Left,656.0774,773.021,49.77258,
1742767018572,2.170254,339,,Right,655.0792,773.021,49.77258,
1742767018572,2.170254,339,,Center,655.5782,773.021,49.77258,
1742767018605,2.220725,340,,Left,484.717,780.5394,47.47168,
1742767018605,2.220725,340,,Right,483.6703,780.5394,47.47168,
1742767018605,2.220725,340,,Center,484.1937,780.5394,47.47168,
1742767018631,2.244787,341,,Left,465.1622,779.8781,47.07449,
1742767018631,2.244787,341,,Right,464.1068,779.8781,47.07448,
1742767018631,2.244787,341,,Center,464.6345,779.8781,47.07448,
1742767018671,2.270526,342,,Left,488.8596,781.1044,47.55841,
1742767018671,2.270526,342,,Right,487.8148,781.1044,47.5584,
1742767018671,2.270526,342,,Center,488.3372,781.1044,47.55841,
1742767018709,2.309938,343,,Left,484.9449,769.0314,47.46416,
1742767018709,2.309938,343,,Right,483.8981,769.0314,47.46416,
1742767018709,2.309938,343,,Center,484.4215,769.0314,47.46416,
1742767018740,2.348565,344,,Left,472.3315,775.8253,47.22303,
1742767018740,2.348565,344,,Right,471.2794,775.8253,47.22303,
1742767018741,2.348565,344,,Center,471.8055,775.8253,47.22303,
1742767018783,2.378742,345,,Left,381.4892,765.5407,45.15562,
1742767018783,2.378742,345,,Right,380.3888,765.5407,45.15562,
1742767018783,2.378742,345,,Center,380.939,765.5407,45.15562,
1742767018810,2.42163,346,,Left,297.6679,763.4849,43.01533,
1742767018810,2.42163,346,,Right,296.5128,763.4849,43.01533,
1742767018810,2.42163,346,,Center,297.0904,763.4849,43.01533,
1742767018842,2.447418,347,,Left,286.2661,763.8851,42.7154,
1742767018842,2.447418,347,,Right,285.1029,763.8851,42.7154,
1742767018842,2.447418,347,,Center,285.6845,763.8851,42.7154,
1742767018872,2.47903,348,,Left,306.4044,768.7513,43.25373,
1742767018872,2.47903,348,,Right,305.2557,768.7513,43.25373,
1742767018872,2.47903,348,,Center,305.83,768.7513,43.25373,
1742767018906,2.509006,349,,Left,311.6686,769.2083,43.39171,
1742767018906,2.509006,349,,Right,310.5236,769.2083,43.39171,
1742767018906,2.509006,349,,Center,311.0961,769.2083,43.39171,
1742767018937,2.542521,350,,Left,314.2041,772.4425,43.46181,
1742767018937,2.542521,350,,Right,313.061,772.4425,43.46181,
1742767018937,2.542521,350,,Center,313.6325,772.4425,43.46181,
1742767018962,2.572892,351,,Left,319.9448,771.3182,43.61433,
1742767018962,2.572892,351,,Right,318.8057,771.3182,43.61433,
1742767018962,2.572892,351,,Center,319.3751,771.3182,43.61433,
1742767018978,2.598706,352,,Left,324.4254,767.2215,43.72122,
1742767018978,2.598706,352,,Right,323.289,767.2215,43.72123,
1742767018978,2.598706,352,,Center,323.8572,767.2215,43.72123,
1742767019019,2.637647,354,,Left,322.7561,769.0614,43.67612,
1742767019019,2.637647,354,,Right,321.6186,769.0614,43.67612,
1742767019019,2.637647,354,,Center,322.1875,769.0614,43.67613,
1742767019033,2.655059,355,,Left,323.6154,769.0944,43.70039,
1742767019033,2.655059,355,,Right,322.4785,769.0944,43.70039,
1742767019033,2.655059,355,,Center,323.0471,769.0944,43.70039,
1742767019064,2.684789,357,,Left,327.2236,770.9573,43.79492,
1742767019064,2.684789,357,,Right,326.0891,770.9573,43.79492,
1742767019064,2.684789,357,,Center,326.6564,770.9573,43.79491,
1742767019099,2.714418,359,,Left,324.0379,773.1967,43.71532,
1742767019099,2.714418,359,,Right,322.9014,773.1967,43.71533,
1742767019099,2.714418,359,,Center,323.4696,773.1967,43.71532,
1742767019116,2.735049,360,,Left,322.4846,773.4147,43.67212,
1742767019116,2.735049,360,,Right,321.347,773.4147,43.67212,
1742767019116,2.735049,360,,Center,321.9158,773.4147,43.67212,
1742767019144,2.766202,362,,Left,319.0807,770.5305,43.58267,
1742767019144,2.766202,362,,Right,317.9407,770.5305,43.58267,
1742767019144,2.766202,362,,Center,318.5107,770.5305,43.58268,
1742767019173,2.795367,364,,Left,322.8049,772.59,43.67996,
1742767019173,2.795367,364,,Right,321.6674,772.59,43.67996,
1742767019173,2.795367,364,,Center,322.2361,772.59,43.67996,
1742767019203,2.824685,366,Eye Hit,Left,411.6252,825.6882,45.84938,NW_Tree_50
1742767019203,2.824685,366,Eye Hit,Right,410.5415,825.6882,45.84938,NW_Tree_50
1742767019203,2.824685,366,Eye Hit,Center,411.0834,825.6882,45.84938,NW_Tree_50
1742767019232,2.854489,368,,Left,560.1876,954.6601,47.61435,
1742767019232,2.854489,368,,Right,559.1441,954.6601,47.61435,
1742767019232,2.854489,368,,Center,559.6659,954.6601,47.61435,
1742767019268,2.883355,370,Eye Hit,Left,700.3951,981.8661,48.28577,NorthCarSignal
1742767019268,2.883355,370,Eye Hit,Right,699.3661,981.8661,48.28577,NorthCarSignal
1742767019268,2.883355,370,Eye Hit,Center,699.8806,981.8661,48.28577,NorthCarSignal
1742767019282,2.903878,371,Eye Hit,Left,697.6761,980.5267,48.30162,NorthCarSignal
1742767019282,2.903878,371,Eye Hit,Right,696.6476,980.5267,48.30162,NorthCarSignal
1742767019282,2.903878,371,Eye Hit,Center,697.1619,980.5267,48.30162,NorthCarSignal
1742767019315,2.936772,373,Eye Hit,Left,721.6938,983.976,48.263,NorthCarSignal
1742767019315,2.936772,373,Eye Hit,Right,720.6643,983.976,48.263,NorthCarSignal
1742767019315,2.936772,373,Eye Hit,Center,721.1791,983.976,48.263,NorthCarSignal
1742767019353,2.974306,375,Eye Hit,Left,715.1403,975.7936,48.39696,NorthCarSignal
1742767019353,2.974306,375,Eye Hit,Right,714.1137,975.7936,48.39696,NorthCarSignal
1742767019353,2.974306,375,Eye Hit,Center,714.627,975.7936,48.39695,NorthCarSignal
1742767019378,2.99241,376,Eye Hit,Left,712.5586,975.968,48.38831,NorthCarSignal
1742767019378,2.99241,376,Eye Hit,Right,711.5319,975.968,48.38831,NorthCarSignal
1742767019378,2.99241,376,Eye Hit,Center,712.0452,975.968,48.38831,NorthCarSignal
1742767019405,3.015835,377,Eye Hit,Left,713.9141,977.67,48.35926,NorthCarSignal
1742767019405,3.015835,377,Eye Hit,Right,712.8867,977.67,48.35926,NorthCarSignal
1742767019405,3.015835,377,Eye Hit,Center,713.4005,977.67,48.35926,NorthCarSignal
1742767019430,3.043859,378,Eye Hit,Left,698.7785,978.261,48.32951,NorthCarSignal
1742767019430,3.043859,378,Eye Hit,Right,697.7504,978.261,48.32951,NorthCarSignal
1742767019430,3.043859,378,Eye Hit,Center,698.2646,978.261,48.32951,NorthCarSignal
1742767019466,3.070583,379,Eye Hit,Left,690.4417,979.1605,48.28654,NorthCarSignal
1742767019466,3.070583,379,Eye Hit,Right,689.4127,979.1605,48.28654,NorthCarSignal
1742767019466,3.070583,379,Eye Hit,Center,689.9272,979.1605,48.28654,NorthCarSignal
1742767019506,3.104804,380,Eye Hit,Left,675.4463,983.2405,48.16363,NorthCarSignal
1742767019506,3.104804,380,Eye Hit,Right,674.4147,983.2405,48.16363,NorthCarSignal
1742767019506,3.104804,380,Eye Hit,Center,674.9305,983.2405,48.16363,NorthCarSignal
1742767019543,3.144725,381,Eye Hit,Left,660.9253,983.4192,48.0952,NorthCarSignal
1742767019543,3.144725,381,Eye Hit,Right,659.8923,983.4192,48.0952,NorthCarSignal
1742767019543,3.144725,381,Eye Hit,Center,660.4087,983.4192,48.0952,NorthCarSignal
1742767019571,3.182508,382,Eye Hit,Left,664.6395,985.4362,48.07877,NorthCarSignal
1742767019571,3.182508,382,Eye Hit,Right,663.6061,985.4362,48.07877,NorthCarSignal
1742767019571,3.182508,382,Eye Hit,Center,664.1228,985.4362,48.07877,NorthCarSignal
1742767019599,3.209987,383,Eye Hit,Left,668.6956,985.3466,48.09819,NorthCarSignal
1742767019599,3.209987,383,Eye Hit,Right,667.6626,985.3466,48.09819,NorthCarSignal
1742767019599,3.209987,383,Eye Hit,Center,668.1791,985.3466,48.09819,NorthCarSignal
1742767019628,3.238177,384,Eye Hit,Left,665.8085,982.0407,48.13114,NorthCarSignal
1742767019628,3.238177,384,Eye Hit,Right,664.7762,982.0407,48.13114,NorthCarSignal
1742767019628,3.238177,384,Eye Hit,Center,665.2924,982.0407,48.13114,NorthCarSignal
1742767019658,3.266721,385,,Left,810.1293,978.7384,47.95929,
1742767019658,3.266721,385,,Right,809.0934,978.7384,47.95929,
1742767019658,3.266721,385,,Center,809.6113,978.7384,47.95929,
1742767019684,3.296675,386,,Left,955.5994,983.4242,45.96637,
1742767019684,3.296675,386,,Right,954.5184,983.4242,45.96637,
1742767019684,3.296675,386,,Center,955.0589,983.4242,45.96637,
1742767019715,3.323836,387,,Left,1033.007,939.9619,44.94707,
1742767019715,3.323836,387,,Right,1031.902,939.9619,44.94707,
1742767019715,3.323836,387,,Center,1032.454,939.9619,44.94707,
1742767019755,3.354345,388,,Left,1063.049,918.5119,44.4572,
1742767019755,3.354345,388,,Right,1061.932,918.5119,44.4572,
1742767019755,3.354345,388,,Center,1062.49,918.5119,44.4572,
1742767019784,3.394469,389,,Left,1092.364,879.449,44.03027,
1742767019784,3.394469,389,,Right,1091.236,879.449,44.03027,
1742767019784,3.394469,389,,Center,1091.8,879.449,44.03027,
1742767019827,3.422554,390,,Left,1082.872,879.3494,44.26226,
1742767019827,3.422554,390,,Right,1081.75,879.3494,44.26226,
1742767019827,3.422554,390,,Center,1082.311,879.3494,44.26226,
1742767019857,3.467301,391,,Left,1071.985,880.5939,44.52487,
1742767019857,3.467301,391,,Right,1070.869,880.5939,44.52487,
1742767019857,3.467301,391,,Center,1071.427,880.5939,44.52487,
1742767019882,3.496282,392,,Left,1052.434,880.4674,44.99892,
1742767019882,3.496282,392,,Right,1051.33,880.4674,44.99892,
1742767019882,3.496282,392,,Center,1051.882,880.4674,44.99892,
1742767019924,3.521342,393,Eye Hit,Left,1040.661,880.0075,45.27637,NorthWalkingSignal
1742767019924,3.521342,393,Eye Hit,Right,1039.564,880.0075,45.27637,NorthWalkingSignal
1742767019924,3.521342,393,Eye Hit,Center,1040.112,880.0075,45.27637,NorthWalkingSignal
1742767019967,3.564598,394,Eye Hit,Left,1022.243,885.6725,45.65913,NorthWalkingSignal
1742767019967,3.564598,394,Eye Hit,Right,1021.155,885.6725,45.65913,NorthWalkingSignal
1742767019967,3.564598,394,Eye Hit,Center,1021.699,885.6725,45.65914,NorthWalkingSignal
1742767020008,3.605565,395,Eye Hit,Left,1008.837,888.5252,45.93528,NorthWalkingSignal
1742767020008,3.605565,395,Eye Hit,Right,1007.755,888.5252,45.93527,NorthWalkingSignal
1742767020008,3.605565,395,Eye Hit,Center,1008.296,888.5252,45.93528,NorthWalkingSignal
1742767020049,3.64864,396,Eye Hit,Left,982.8266,891.8423,46.47809,NorthWalkingSignal
1742767020049,3.64864,396,Eye Hit,Right,981.7576,891.8423,46.47809,NorthWalkingSignal
1742767020049,3.64864,396,Eye Hit,Center,982.2922,891.8423,46.47809,NorthWalkingSignal
1742767020091,3.689518,397,Eye Hit,Left,969.2927,890.04,46.76659,NorthWalkingSignal
1742767020091,3.689518,397,Eye Hit,Right,968.2302,890.04,46.76659,NorthWalkingSignal
1742767020091,3.689518,397,Eye Hit,Center,968.7615,890.04,46.76659,NorthWalkingSignal
1742767020133,3.730667,398,Eye Hit,Left,952.5115,883.9827,47.14157,NorthWalkingSignal
1742767020133,3.730667,398,Eye Hit,Right,951.4576,883.9827,47.14157,NorthWalkingSignal
1742767020133,3.730667,398,Eye Hit,Center,951.9845,883.9827,47.14158,NorthWalkingSignal
1742767020161,3.771908,399,Eye Hit,Left,953.6193,883.3381,47.13056,NorthWalkingSignal
1742767020161,3.771908,399,Eye Hit,Right,952.565,883.3381,47.13056,NorthWalkingSignal
1742767020161,3.771908,399,Eye Hit,Center,953.0921,883.3381,47.13056,NorthWalkingSignal
1742767020202,3.800243,400,Eye Hit,Left,945.1177,881.1879,47.3097,NorthWalkingSignal
1742767020202,3.800243,400,Eye Hit,Right,944.0675,881.1879,47.3097,NorthWalkingSignal
1742767020202,3.800243,400,Eye Hit,Center,944.5927,881.1879,47.3097,NorthWalkingSignal
1742767020231,3.842534,401,Eye Hit,Left,930.2433,919.819,47.24693,NorthWalkingSignal
1742767020231,3.842534,401,Eye Hit,Right,929.1917,919.819,47.24693,NorthWalkingSignal
1742767020231,3.842534,401,Eye Hit,Center,929.7175,919.819,47.24693,NorthWalkingSignal
1742767020271,3.869441,402,Eye Hit,Left,932.983,931.3552,47.06892,NorthWalkingSignal
1742767020271,3.869441,402,Eye Hit,Right,931.9275,931.3552,47.06892,NorthWalkingSignal
1742767020271,3.869441,402,Eye Hit,Center,932.4553,931.3552,47.06892,NorthWalkingSignal
1742767020301,3.90994,403,Eye Hit,Left,941.9697,938.6008,46.84122,NorthWalkingSignal
1742767020301,3.90994,403,Eye Hit,Right,940.9089,938.6008,46.84122,NorthWalkingSignal
1742767020301,3.90994,403,Eye Hit,Center,941.4393,938.6008,46.84122,NorthWalkingSignal
1742767020342,3.940004,404,Eye Hit,Left,952.3313,937.2155,46.66803,NorthWalkingSignal
1742767020342,3.940004,404,Eye Hit,Right,951.2667,937.2155,46.66803,NorthWalkingSignal
1742767020342,3.940004,404,Eye Hit,Center,951.799,937.2155,46.66803,NorthWalkingSignal
1742767020371,3.981557,405,Eye Hit,Left,957.8757,926.137,46.69678,NorthWalkingSignal
1742767020371,3.981557,405,Eye Hit,Right,956.8116,926.137,46.69678,NorthWalkingSignal
1742767020371,3.981557,405,Eye Hit,Center,957.3438,926.137,46.69678,NorthWalkingSignal
1742767020397,4.010552,406,Eye Hit,Left,963.3173,919.1057,46.6685,NorthWalkingSignal
1742767020397,4.010552,406,Eye Hit,Right,962.2527,919.1057,46.6685,NorthWalkingSignal
1742767020397,4.010552,406,Eye Hit,Center,962.785,919.1057,46.6685,NorthWalkingSignal
1742767020425,4.035892,407,Eye Hit,Left,971.7585,915.7151,46.53669,NorthWalkingSignal
1742767020425,4.035892,407,Eye Hit,Right,970.6909,915.7151,46.53669,NorthWalkingSignal
1742767020425,4.035892,407,Eye Hit,Center,971.2247,915.7151,46.5367,NorthWalkingSignal
1742767020467,4.063763,408,Eye Hit,Left,960.1326,908.345,46.83477,NorthWalkingSignal
1742767020467,4.063763,408,Eye Hit,Right,959.0717,908.345,46.83477,NorthWalkingSignal
1742767020467,4.063763,408,Eye Hit,Center,959.6021,908.345,46.83477,NorthWalkingSignal
1742767020508,4.106127,409,,Left,809.592,917.6187,48.86085,
1742767020508,4.106127,409,,Right,808.5751,917.6187,48.86085,
1742767020508,4.106127,409,,Center,809.0836,917.6187,48.86085,
1742767020538,4.147487,410,Eye Hit,Left,530.9598,1014.233,46.27472,NorthDiagonalPole
1742767020538,4.147487,410,Eye Hit,Right,529.8862,1014.233,46.27473,NorthDiagonalPole
1742767020538,4.147487,410,Eye Hit,Center,530.423,1014.233,46.27473,NorthDiagonalPole
1742767020577,4.176188,411,,Left,480.6962,1018.09,45.39884,
1742767020577,4.176188,411,,Right,479.6018,1018.09,45.39884,
1742767020577,4.176188,411,,Center,480.149,1018.09,45.39884,
1742767020605,4.216575,412,Eye Hit,Left,454.1383,968.9124,45.63572,NorthCarSignal
1742767020606,4.216575,412,Eye Hit,Right,453.0496,968.9124,45.63572,NorthCarSignal
1742767020606,4.216575,412,Eye Hit,Center,453.594,968.9124,45.63572,NorthCarSignal
1742767020648,4.244596,413,Eye Hit,Left,451.2576,973.4908,45.51932,NorthCarSignal
1742767020648,4.244596,413,Eye Hit,Right,450.1662,973.4908,45.51932,NorthCarSignal
1742767020648,4.244596,413,Eye Hit,Center,450.7119,973.4908,45.51932,NorthCarSignal
1742767020676,4.288374,414,Eye Hit,Left,449.065,974.4633,45.46268,NorthCarSignal
1742767020676,4.288374,414,Eye Hit,Right,447.9722,974.4633,45.46268,NorthCarSignal
1742767020676,4.288374,414,Eye Hit,Center,448.5186,974.4633,45.46268,NorthCarSignal
1742767020703,4.314964,415,,Left,445.0116,962.9633,45.53067,
1742767020703,4.314964,415,,Right,443.9203,962.9633,45.53067,
1742767020703,4.314964,415,,Center,444.466,962.9633,45.53067,
1742767020747,4.34171,416,,Left,446.7826,959.0727,45.6161,
1742767020747,4.34171,416,,Right,445.6935,959.0727,45.6161,
1742767020747,4.34171,416,,Center,446.238,959.0727,45.6161,
1742767020778,4.386642,417,,Left,459.6121,956.4083,45.90571,
1742767020778,4.386642,417,,Right,458.5298,956.4083,45.90571,
1742767020778,4.386642,417,,Center,459.0711,956.4083,45.90571,
1742767020820,4.417042,418,,Left,463.4687,955.2684,45.99572,
1742767020820,4.417042,418,,Right,462.3885,955.2684,45.99572,
1742767020820,4.417042,418,,Center,462.9286,955.2684,45.99572,
1742767020864,4.45996,419,,Left,465.9359,952.6373,46.07649,
1742767020864,4.45996,419,,Right,464.8575,952.6373,46.07649,
1742767020864,4.45996,419,,Center,465.3967,952.6373,46.07649,
1742767020901,4.50368,420,,Left,468.8193,949.329,46.17237,
1742767020901,4.50368,420,,Right,467.7432,949.329,46.17237,
1742767020901,4.50368,420,,Center,468.2813,949.329,46.17236,
1742767020935,4.540094,421,,Left,472.7521,942.1818,46.33311,
1742767020935,4.540094,421,,Right,471.6798,942.1818,46.33311,
1742767020935,4.540094,421,,Center,472.216,942.1818,46.33311,
1742767020976,4.573143,422,,Left,665.988,957.8199,48.56021,
1742767020976,4.573143,422,,Right,664.9648,957.8199,48.56022,
1742767020976,4.573143,422,,Center,665.4764,957.8199,48.56022,
1742767021007,4.615675,423,,Left,855.6178,961.438,47.83567,
1742767021007,4.615675,423,,Right,854.5792,961.438,47.83566,
1742767021007,4.615675,423,,Center,855.0985,961.438,47.83567,
1742767021051,4.646419,424,,Left,977.3084,937.581,46.20243,
1742767021051,4.646419,424,,Right,976.233,937.581,46.20242,
1742767021051,4.646419,424,,Center,976.7708,937.581,46.20243,
1742767021080,4.691864,425,Eye Hit,Left,999.9545,909.6154,46.01905,NorthWalkingSignal
1742767021080,4.691864,425,Eye Hit,Right,998.8749,909.6154,46.01905,NorthWalkingSignal
1742767021080,4.691864,425,Eye Hit,Center,999.4147,909.6154,46.01905,NorthWalkingSignal
1742767021108,4.718456,426,Eye Hit,Left,1000.235,908.7456,46.02073,NorthWalkingSignal
1742767021108,4.718456,426,Eye Hit,Right,999.155,908.7456,46.02073,NorthWalkingSignal
1742767021108,4.718456,426,Eye Hit,Center,999.6948,908.7455,46.02073,NorthWalkingSignal
1742767021149,4.746164,427,Eye Hit,Left,1010.143,896.0297,45.91296,NorthWalkingSignal
1742767021149,4.746164,427,Eye Hit,Right,1009.06,896.0297,45.91296,NorthWalkingSignal
1742767021149,4.746164,427,Eye Hit,Center,1009.602,896.0297,45.91296,NorthWalkingSignal
1742767021177,4.789439,428,Eye Hit,Left,1015.936,895.5099,45.78894,NorthWalkingSignal
1742767021177,4.789439,428,Eye Hit,Right,1014.851,895.5099,45.78894,NorthWalkingSignal
1742767021177,4.789439,428,Eye Hit,Center,1015.394,895.5099,45.78894,NorthWalkingSignal
1742767021205,4.815973,429,Eye Hit,Left,1016.945,895.7033,45.76497,NorthWalkingSignal
1742767021205,4.815973,429,Eye Hit,Right,1015.86,895.7033,45.76497,NorthWalkingSignal
1742767021205,4.815973,429,Eye Hit,Center,1016.403,895.7033,45.76497,NorthWalkingSignal
1742767021233,4.845023,430,Eye Hit,Left,1016.335,907.5107,45.68163,NorthWalkingSignal
1742767021233,4.845023,430,Eye Hit,Right,1015.247,907.5107,45.68163,NorthWalkingSignal
1742767021233,4.845023,430,Eye Hit,Center,1015.791,907.5107,45.68163,NorthWalkingSignal
1742767021261,4.872325,431,Eye Hit,Left,1016.488,907.7021,45.67664,NorthWalkingSignal
1742767021262,4.872325,431,Eye Hit,Right,1015.4,907.7021,45.67664,NorthWalkingSignal
1742767021262,4.872325,431,Eye Hit,Center,1015.944,907.7021,45.67664,NorthWalkingSignal
1742767021304,4.89967,432,Eye Hit,Left,1018.725,907.1323,45.63196,NorthWalkingSignal
1742767021304,4.89967,432,Eye Hit,Right,1017.636,907.1323,45.63196,NorthWalkingSignal
1742767021304,4.89967,432,Eye Hit,Center,1018.18,907.1323,45.63196,NorthWalkingSignal
1742767021334,4.943885,433,Eye Hit,Left,1018.312,895.1302,45.73863,NorthWalkingSignal
1742767021334,4.943885,433,Eye Hit,Right,1017.226,895.1302,45.73864,NorthWalkingSignal
1742767021334,4.943885,433,Eye Hit,Center,1017.769,895.1302,45.73863,NorthWalkingSignal
1742767021360,4.97272,434,Eye Hit,Left,1018.438,894.7203,45.73878,NorthWalkingSignal
1742767021360,4.97272,434,Eye Hit,Right,1017.352,894.7203,45.73877,NorthWalkingSignal
1742767021360,4.97272,434,Eye Hit,Center,1017.895,894.7203,45.73877,NorthWalkingSignal
1742767021401,4.998701,435,Eye Hit,Left,1015.606,899.8685,45.76044,NorthWalkingSignal
1742767021401,4.998701,435,Eye Hit,Right,1014.52,899.8685,45.76044,NorthWalkingSignal
1742767021401,4.998701,435,Eye Hit,Center,1015.063,899.8685,45.76044,NorthWalkingSignal
1742767021444,5.040152,436,Eye Hit,Left,1014.98,896.8865,45.7975,NorthWalkingSignal
1742767021444,5.040152,436,Eye Hit,Right,1013.895,896.8865,45.79749,NorthWalkingSignal
1742767021444,5.040152,436,Eye Hit,Center,1014.437,896.8865,45.79749,NorthWalkingSignal
1742767021474,5.083128,437,,Left,866.8781,946.5576,47.90286,
1742767021474,5.083128,437,,Right,865.8409,946.5576,47.90286,
1742767021474,5.083128,437,,Center,866.3595,946.5576,47.90286,
1742767021500,5.112306,438,,Left,665.8216,967.4607,48.40644,
1742767021500,5.112306,438,,Right,664.7952,967.4607,48.40644,
1742767021500,5.112306,438,,Center,665.3084,967.4607,48.40644,
1742767021525,5.137655,439,,Left,666.2282,966.743,48.41907,
1742767021525,5.137655,439,,Right,665.2021,966.743,48.41907,
1742767021525,5.137655,439,,Center,665.7151,966.743,48.41907,
1742767021564,5.163134,440,Eye Hit,Left,527.372,973.0679,46.86988,NorthCarSignal
1742767021564,5.163134,440,Eye Hit,Right,526.312,973.0679,46.86988,NorthCarSignal
1742767021564,5.163134,440,Eye Hit,Center,526.842,973.0679,46.86988,NorthCarSignal
1742767021609,5.202187,441,Eye Hit,Left,503.1689,971.8958,46.49072,NorthCarSignal
1742767021609,5.202187,441,Eye Hit,Right,502.1002,971.8958,46.49072,NorthCarSignal
1742767021609,5.202187,441,Eye Hit,Center,502.6346,971.8958,46.49072,NorthCarSignal
1742767021639,5.247928,442,,Left,502.8692,940.7468,46.89429,
1742767021639,5.247928,442,,Right,501.8097,940.7468,46.89429,
1742767021639,5.247928,442,,Center,502.3394,940.7468,46.89429,
1742767021678,5.277878,443,,Left,506.2195,940.8955,46.95093,
1742767021679,5.277878,443,,Right,505.1613,940.8955,46.95093,
1742767021679,5.277878,443,,Center,505.6905,940.8955,46.95093,
1742767021707,5.318583,444,,Left,505.0538,937.0089,46.97725,
1742767021707,5.318583,444,,Right,503.9961,937.0089,46.97725,
1742767021707,5.318583,444,,Center,504.525,937.0089,46.97725,
1742767021733,5.344857,445,,Left,504.0606,939.0577,46.93573,
1742767021733,5.344857,445,,Right,503.002,939.0577,46.93573,
1742767021733,5.344857,445,,Center,503.5313,939.0577,46.93573,
1742767021762,5.371262,446,,Left,505.764,940.0378,46.95341,
1742767021762,5.371262,446,,Right,504.7059,940.0378,46.95341,
1742767021762,5.371262,446,,Center,505.235,940.0378,46.95341,
1742767021790,5.400342,447,,Left,504.1124,938.7727,46.93994,
1742767021790,5.400342,447,,Right,503.0539,938.7727,46.93994,
1742767021790,5.400342,447,,Center,503.5832,938.7727,46.93994,
1742767021818,5.427716,448,,Left,503.3814,929.3832,47.03582,
1742767021818,5.427716,448,,Right,502.325,929.3832,47.03582,
1742767021818,5.427716,448,,Center,502.8532,929.3832,47.03582,
1742767021843,5.456258,449,,Left,503.6982,929.0241,47.04565,
1742767021843,5.456258,449,,Right,502.6422,929.0241,47.04565,
1742767021843,5.456258,449,,Center,503.1702,929.0241,47.04565,
1742767021872,5.48156,450,,Left,507.3691,936.0624,47.02945,
1742767021872,5.48156,450,,Right,506.3127,936.0624,47.02945,
1742767021872,5.48156,450,,Center,506.8409,936.0624,47.02945,
1742767021906,5.519506,451,Eye Hit,Left,572.2161,966.955,47.5923,NorthCarSignal
1742767021906,5.519506,451,Eye Hit,Right,571.1722,966.955,47.5923,NorthCarSignal
1742767021906,5.519506,451,Eye Hit,Center,571.6942,966.955,47.5923,NorthCarSignal
1742767021930,5.544503,452,,Left,784.1092,968.9633,48.33634,
1742767021930,5.544503,452,,Right,783.0812,968.9633,48.33634,
1742767021930,5.544503,452,,Center,783.5952,968.9633,48.33634,
1742767021971,5.567783,453,,Left,781.1422,971.2786,48.31602,
1742767021971,5.567783,453,,Right,780.1138,971.2786,48.31602,
1742767021971,5.567783,453,,Center,780.628,971.2786,48.31602,
1742767022012,5.610973,454,,Left,1011.826,929.8458,45.56763,
1742767022012,5.610973,454,,Right,1010.736,929.8458,45.56763,
1742767022012,5.610973,454,,Center,1011.281,929.8458,45.56763,
1742767022054,5.661674,455,Eye Hit,Left,1027.645,888.5559,45.57593,NorthWalkingSignal
1742767022054,5.661674,455,Eye Hit,Right,1026.554,888.5559,45.57593,NorthWalkingSignal
1742767022055,5.661674,455,Eye Hit,Center,1027.099,888.5559,45.57593,NorthWalkingSignal
1742767022094,5.703081,456,Eye Hit,Left,1029.543,887.3786,45.54092,NorthWalkingSignal
1742767022094,5.703081,456,Eye Hit,Right,1028.452,887.3786,45.54092,NorthWalkingSignal
1742767022094,5.703081,456,Eye Hit,Center,1028.998,887.3786,45.54092,NorthWalkingSignal
1742767022133,5.740482,457,Eye Hit,Left,1028.279,882.2555,45.60493,NorthWalkingSignal
1742767022133,5.740482,457,Eye Hit,Right,1027.189,882.2555,45.60492,NorthWalkingSignal
1742767022133,5.740482,457,Eye Hit,Center,1027.734,882.2555,45.60493,NorthWalkingSignal
1742767022173,5.772003,458,Eye Hit,Left,1029.786,890.8546,45.51038,NorthWalkingSignal
1742767022173,5.772003,458,Eye Hit,Right,1028.694,890.8546,45.51038,NorthWalkingSignal
1742767022173,5.772003,458,Eye Hit,Center,1029.24,890.8546,45.51038,NorthWalkingSignal
1742767022216,5.813982,459,Eye Hit,Left,1031.09,895.4584,45.44672,NorthWalkingSignal
1742767022216,5.813982,459,Eye Hit,Right,1029.997,895.4584,45.44672,NorthWalkingSignal
1742767022216,5.813982,459,Eye Hit,Center,1030.544,895.4584,45.44672,NorthWalkingSignal
1742767022245,5.855413,460,Eye Hit,Left,1030.645,898.1942,45.43585,NorthWalkingSignal
1742767022245,5.855413,460,Eye Hit,Right,1029.552,898.1942,45.43585,NorthWalkingSignal
1742767022245,5.855413,460,Eye Hit,Center,1030.098,898.1942,45.43585,NorthWalkingSignal
1742767022288,5.883739,461,Eye Hit,Left,1031.166,898.5044,45.42148,NorthWalkingSignal
1742767022288,5.883739,461,Eye Hit,Right,1030.072,898.5044,45.42147,NorthWalkingSignal
1742767022288,5.883739,461,Eye Hit,Center,1030.619,898.5044,45.42147,NorthWalkingSignal
1742767022330,5.927722,462,Eye Hit,Left,1030.553,897.0221,45.44681,NorthWalkingSignal
1742767022330,5.927722,462,Eye Hit,Right,1029.46,897.0221,45.44681,NorthWalkingSignal
1742767022330,5.927722,462,Eye Hit,Center,1030.006,897.0221,45.44681,NorthWalkingSignal
1742767022372,5.975965,463,Eye Hit,Left,1031.777,896.3038,45.42436,NorthWalkingSignal
1742767022372,5.975965,463,Eye Hit,Right,1030.683,896.3038,45.42436,NorthWalkingSignal
1742767022372,5.975965,463,Eye Hit,Center,1031.23,896.3038,45.42436,NorthWalkingSignal
1742767022413,6.011111,464,Eye Hit,Left,1030.829,897.4833,45.4371,NorthWalkingSignal
1742767022413,6.011111,464,Eye Hit,Right,1029.735,897.4833,45.4371,NorthWalkingSignal
1742767022413,6.011111,464,Eye Hit,Center,1030.282,897.4833,45.4371,NorthWalkingSignal
1742767022457,6.052085,465,Eye Hit,Left,1025.953,865.7664,45.75962,NorthWalkingSignal
1742767022457,6.052085,465,Eye Hit,Right,1024.868,865.7664,45.75962,NorthWalkingSignal
1742767022457,6.052085,465,Eye Hit,Center,1025.411,865.7664,45.75962,NorthWalkingSignal
1742767022499,6.0967,466,,Left,1024.002,863.1593,45.81839,
1742767022499,6.0967,466,,Right,1022.918,863.1593,45.81838,
1742767022499,6.0967,466,,Center,1023.46,863.1593,45.81839,
1742767022540,6.138433,467,,Left,1024.627,863.2637,45.80357,
1742767022540,6.138433,467,,Right,1023.542,863.2637,45.80357,
1742767022540,6.138433,467,,Center,1024.085,863.2637,45.80357,
1742767022582,6.179248,468,,Left,1024.874,864.7249,45.79032,
1742767022582,6.179248,468,,Right,1023.789,864.7249,45.79032,
1742767022582,6.179248,468,,Center,1024.331,864.7249,45.79032,
1742767022624,6.221521,469,,Left,1023.971,864.7718,45.81053,
1742767022624,6.221521,469,,Right,1022.886,864.7718,45.81054,
1742767022624,6.221521,469,,Center,1023.429,864.7718,45.81053,
1742767022665,6.26363,470,,Left,1026.186,865.8146,45.75418,
1742767022665,6.26363,470,,Right,1025.1,865.8146,45.75418,
1742767022665,6.26363,470,,Center,1025.643,865.8146,45.75418,
1742767022706,6.304151,471,,Left,1027.894,862.672,45.73204,
1742767022706,6.304151,471,,Right,1026.808,862.672,45.73204,
1742767022706,6.304151,471,,Center,1027.351,862.672,45.73203,
1742767022751,6.34544,472,,Left,1023.42,861.3967,45.84152,
1742767022751,6.34544,472,,Right,1022.337,861.3967,45.84152,
1742767022752,6.34544,472,,Center,1022.878,861.3967,45.84153,
1742767022796,6.392021,473,,Left,1029.802,859.6236,45.70411,
1742767022796,6.392021,473,,Right,1028.715,859.6236,45.70412,
1742767022796,6.392021,473,,Center,1029.259,859.6236,45.70411,
1742767022832,6.435291,474,,Left,1029.739,861.8119,45.69434,
1742767022832,6.435291,474,,Right,1028.651,861.8119,45.69434,
1742767022832,6.435291,474,,Center,1029.195,861.8119,45.69434,
1742767022872,6.469938,475,,Left,1026.354,860.4883,45.77905,
1742767022872,6.469938,475,,Right,1025.269,860.4883,45.77905,
1742767022872,6.469938,475,,Center,1025.812,860.4883,45.77905,
1742767022916,6.51172,476,,Left,1024.595,860.4169,45.81979,
1742767022916,6.51172,476,,Right,1023.511,860.4169,45.81979,
1742767022916,6.51172,476,,Center,1024.053,860.4169,45.81979,
1742767022942,6.555556,477,,Left,1023.923,863.9796,45.81641,
1742767022942,6.555556,477,,Right,1022.838,863.9796,45.81641,
1742767022942,6.555556,477,,Center,1023.38,863.9796,45.81641,
1742767022985,6.580794,478,,Left,1021.547,866.0681,45.85888,
1742767022985,6.580794,478,,Right,1020.463,866.0681,45.85888,
1742767022985,6.580794,478,,Center,1021.005,866.0681,45.85888,
1742767023026,6.624826,479,,Left,1017.244,867.2739,45.94924,
1742767023026,6.624826,479,,Right,1016.163,867.2739,45.94924,
1742767023026,6.624826,479,,Center,1016.703,867.2739,45.94924,
1742767023067,6.665156,480,Eye Hit,Left,1006.647,868.9905,46.17524,NorthWalkingSignal
1742767023067,6.665156,480,Eye Hit,Right,1005.571,868.9905,46.17524,NorthWalkingSignal
1742767023067,6.665156,480,Eye Hit,Center,1006.109,868.9905,46.17524,NorthWalkingSignal
1742767023111,6.706533,481,Eye Hit,Left,993.4392,863.4316,46.4949,NorthWalkingSignal
1742767023112,6.706533,481,Eye Hit,Right,992.3707,863.4316,46.49489,NorthWalkingSignal
1742767023112,6.706533,481,Eye Hit,Center,992.905,863.4316,46.49489,NorthWalkingSignal
1742767023154,6.751612,482,Eye Hit,Left,984.3386,878.8267,46.59163,NorthWalkingSignal
1742767023154,6.751612,482,Eye Hit,Right,983.2722,878.8267,46.59163,NorthWalkingSignal
1742767023154,6.751612,482,Eye Hit,Center,983.8054,878.8267,46.59163,NorthWalkingSignal
1742767023196,6.793936,483,Eye Hit,Left,979.9277,881.6951,46.66294,NorthWalkingSignal
1742767023196,6.793936,483,Eye Hit,Right,978.863,881.6951,46.66295,NorthWalkingSignal
1742767023196,6.793936,483,Eye Hit,Center,979.3952,881.6951,46.66295,NorthWalkingSignal
1742767023242,6.834949,484,Eye Hit,Left,973.4406,875.6011,46.83796,NorthWalkingSignal
1742767023242,6.834949,484,Eye Hit,Right,972.3798,875.6011,46.83796,NorthWalkingSignal
1742767023242,6.834949,484,Eye Hit,Center,972.9103,875.6011,46.83796,NorthWalkingSignal
1742767023266,6.880875,485,Eye Hit,Left,984.6758,862.5534,46.68675,NorthWalkingSignal
1742767023266,6.880875,485,Eye Hit,Right,983.6116,862.5534,46.68675,NorthWalkingSignal
1742767023266,6.880875,485,Eye Hit,Center,984.1437,862.5534,46.68675,NorthWalkingSignal
1742767023307,6.904501,486,Eye Hit,Left,973.4462,860.9993,46.92819,NorthWalkingSignal
1742767023307,6.904501,486,Eye Hit,Right,972.3875,860.9993,46.92819,NorthWalkingSignal
1742767023307,6.904501,486,Eye Hit,Center,972.9167,860.9993,46.92819,NorthWalkingSignal
1742767023352,6.945855,487,Eye Hit,Left,970.3853,864.174,46.97272,NorthWalkingSignal
1742767023352,6.945855,487,Eye Hit,Right,969.3275,864.174,46.97272,NorthWalkingSignal
1742767023352,6.945855,487,Eye Hit,Center,969.8564,864.174,46.97272,NorthWalkingSignal
1742767023378,6.992229,488,Eye Hit,Left,971.8111,868.4237,46.91824,NorthWalkingSignal
1742767023378,6.992229,488,Eye Hit,Right,970.7521,868.4237,46.91824,NorthWalkingSignal
1742767023378,6.992229,488,Eye Hit,Center,971.2816,868.4237,46.91824,NorthWalkingSignal
1742767023414,7.016411,489,Eye Hit,Left,966.5845,868.4268,47.0237,NorthWalkingSignal
1742767023414,7.016411,489,Eye Hit,Right,965.5279,868.4267,47.02371,NorthWalkingSignal
1742767023414,7.016411,489,Eye Hit,Center,966.0562,868.4268,47.0237,NorthWalkingSignal
1742767023459,7.053447,490,Eye Hit,Left,975.523,866.8256,46.85269,NorthWalkingSignal
1742767023459,7.053447,490,Eye Hit,Right,974.4626,866.8256,46.85269,NorthWalkingSignal
1742767023459,7.053447,490,Eye Hit,Center,974.9927,866.8256,46.85269,NorthWalkingSignal
1742767023490,7.097787,491,Eye Hit,Left,968.594,863.1372,47.01584,NorthWalkingSignal
1742767023490,7.097787,491,Eye Hit,Right,967.5372,863.1372,47.01584,NorthWalkingSignal
1742767023490,7.097787,491,Eye Hit,Center,968.0656,863.1372,47.01584,NorthWalkingSignal
1742767023527,7.127899,492,Eye Hit,Left,974.781,863.4668,46.88842,NorthWalkingSignal
1742767023527,7.127899,492,Eye Hit,Right,973.7214,863.4668,46.88842,NorthWalkingSignal
1742767023527,7.127899,492,Eye Hit,Center,974.2513,863.4668,46.88842,NorthWalkingSignal
1742767023571,7.165573,493,Eye Hit,Left,966.3319,876.8945,46.97456,NorthWalkingSignal
1742767023571,7.165573,493,Eye Hit,Right,965.2742,876.8945,46.97456,NorthWalkingSignal
1742767023571,7.165573,493,Eye Hit,Center,965.8031,876.8945,46.97456,NorthWalkingSignal
1742767023613,7.20958,494,Eye Hit,Left,952.3967,878.683,47.23433,NorthWalkingSignal
1742767023613,7.20958,494,Eye Hit,Right,951.3448,878.683,47.23433,NorthWalkingSignal
1742767023614,7.20958,494,Eye Hit,Center,951.8707,878.683,47.23433,NorthWalkingSignal
1742767023657,7.253602,495,Eye Hit,Left,945.9799,879.8717,47.3468,NorthWalkingSignal
1742767023657,7.253602,495,Eye Hit,Right,944.9305,879.8717,47.3468,NorthWalkingSignal
1742767023657,7.253602,495,Eye Hit,Center,945.4551,879.8717,47.3468,NorthWalkingSignal
1742767023697,7.295988,496,Eye Hit,Left,947.2355,888.5839,47.25674,NorthWalkingSignal
1742767023697,7.295988,496,Eye Hit,Right,946.1841,888.5839,47.25674,NorthWalkingSignal
1742767023697,7.295988,496,Eye Hit,Center,946.7098,888.5839,47.25674,NorthWalkingSignal
1742767023738,7.335737,497,Eye Hit,Left,947.8425,887.1152,47.25692,NorthWalkingSignal
1742767023738,7.335737,497,Eye Hit,Right,946.7912,887.1152,47.25691,NorthWalkingSignal
1742767023738,7.335737,497,Eye Hit,Center,947.3169,887.1152,47.25692,NorthWalkingSignal
1742767023782,7.376398,498,Eye Hit,Left,945.7365,885.78,47.30667,NorthWalkingSignal
1742767023782,7.376398,498,Eye Hit,Right,944.6862,885.78,47.30667,NorthWalkingSignal
1742767023782,7.376398,498,Eye Hit,Center,945.2114,885.78,47.30667,NorthWalkingSignal
1742767023812,7.420818,499,Eye Hit,Left,945.1082,887.3863,47.30511,NorthWalkingSignal
1742767023812,7.420818,499,Eye Hit,Right,944.0579,887.3863,47.30511,NorthWalkingSignal
1742767023812,7.420818,499,Eye Hit,Center,944.5831,887.3863,47.30511,NorthWalkingSignal
1742767023848,7.450077,500,Eye Hit,Left,953.7159,886.2882,47.15135,NorthWalkingSignal
1742767023848,7.450077,500,Eye Hit,Right,952.6623,886.2882,47.15134,NorthWalkingSignal
1742767023848,7.450077,500,Eye Hit,Center,953.1891,886.2882,47.15135,NorthWalkingSignal
1742767023893,7.487113,501,Eye Hit,Left,952.9813,888.7363,47.14601,NorthWalkingSignal
1742767023893,7.487113,501,Eye Hit,Right,951.9275,888.7363,47.14601,NorthWalkingSignal
1742767023893,7.487113,501,Eye Hit,Center,952.4544,888.7363,47.14601,NorthWalkingSignal
1742767023921,7.532432,502,Eye Hit,Left,954.6488,883.7931,47.15199,NorthWalkingSignal
1742767023921,7.532432,502,Eye Hit,Right,953.5952,883.7931,47.15199,NorthWalkingSignal
1742767023921,7.532432,502,Eye Hit,Center,954.122,883.7931,47.15198,NorthWalkingSignal
1742767023960,7.559265,503,Eye Hit,Left,957.1013,884.3256,47.10038,NorthWalkingSignal
1742767023960,7.559265,503,Eye Hit,Right,956.0464,884.3256,47.10039,NorthWalkingSignal
1742767023960,7.559265,503,Eye Hit,Center,956.5739,884.3256,47.10039,NorthWalkingSignal
1742767024012,7.599009,504,Eye Hit,Left,959.4988,888.6085,47.02047,NorthWalkingSignal
1742767024012,7.599009,504,Eye Hit,Right,958.4421,888.6085,47.02047,NorthWalkingSignal
1742767024012,7.599009,504,Eye Hit,Center,958.9705,888.6085,47.02047,NorthWalkingSignal
1742767024049,7.651557,505,Eye Hit,Left,953.6326,889.9501,47.12263,NorthWalkingSignal
1742767024049,7.651557,505,Eye Hit,Right,952.5782,889.9501,47.12262,NorthWalkingSignal
1742767024049,7.651557,505,Eye Hit,Center,953.1054,889.9501,47.12263,NorthWalkingSignal
1742767024082,7.688416,506,Eye Hit,Left,697.2546,862.759,49.71145,MicroBus3-Detailed
1742767024082,7.688416,506,Eye Hit,Right,696.2551,862.759,49.71145,MicroBus3-Detailed
1742767024082,7.688416,506,Eye Hit,Center,696.7549,862.759,49.71145,MicroBus3-Detailed
1742767024123,7.721368,507,Eye Hit,Left,584.7786,837.5212,49.00801,MicroBus3-Detailed
1742767024123,7.721368,507,Eye Hit,Right,583.7647,837.5212,49.008,MicroBus3-Detailed
1742767024123,7.721368,507,Eye Hit,Center,584.2717,837.5212,49.00801,MicroBus3-Detailed
1742767024154,7.762566,508,Eye Hit,Left,561.3813,800.561,48.78391,MicroBus3-Detailed
1742767024154,7.762566,508,Eye Hit,Right,560.3628,800.561,48.78391,MicroBus3-Detailed
1742767024154,7.762566,508,Eye Hit,Center,560.872,800.561,48.78391,MicroBus3-Detailed
1742767024196,7.793592,509,Eye Hit,Left,559.8529,793.16,48.76478,MicroBus3-Detailed
1742767024196,7.793592,509,Eye Hit,Right,558.834,793.16,48.76478,MicroBus3-Detailed
1742767024196,7.793592,509,Eye Hit,Center,559.3434,793.16,48.76478,MicroBus3-Detailed
1742767024224,7.835363,510,Eye Hit,Left,568.2631,799.0385,48.8825,MicroBus3-Detailed
1742767024224,7.835363,510,Eye Hit,Right,567.2466,799.0385,48.8825,MicroBus3-Detailed
1742767024224,7.835363,510,Eye Hit,Center,567.7549,799.0385,48.8825,MicroBus3-Detailed
1742767024263,7.861911,511,Eye Hit,Left,588.1281,794.3585,49.14505,MicroBus3-Detailed
1742767024263,7.861911,511,Eye Hit,Right,587.1171,794.3585,49.14505,MicroBus3-Detailed
1742767024263,7.861911,511,Eye Hit,Center,587.6226,794.3585,49.14505,MicroBus3-Detailed
1742767024308,7.901394,512,Eye Hit,Left,606.3179,795.2129,49.35451,MicroBus3-Detailed
1742767024308,7.901394,512,Eye Hit,Right,605.3112,795.2129,49.35451,MicroBus3-Detailed
1742767024308,7.901394,512,Eye Hit,Center,605.8145,795.2129,49.35451,MicroBus3-Detailed
1742767024335,7.947212,513,Eye Hit,Left,629.1525,792.7211,49.5777,MicroBus3-Detailed
1742767024335,7.947212,513,Eye Hit,Right,628.1504,792.7211,49.5777,MicroBus3-Detailed
1742767024335,7.947212,513,Eye Hit,Center,628.6515,792.7211,49.5777,MicroBus3-Detailed
1742767024375,7.973855,514,Eye Hit,Left,629.2517,793.7889,49.57796,MicroBus3-Detailed
1742767024375,7.973855,514,Eye Hit,Right,628.2496,793.7889,49.57796,MicroBus3-Detailed
1742767024375,7.973855,514,Eye Hit,Center,628.7507,793.7889,49.57796,MicroBus3-Detailed
1742767024418,8.01421,515,Eye Hit,Left,622.7802,790.4233,49.51979,MicroBus3-Detailed
1742767024418,8.01421,515,Eye Hit,Right,621.7769,790.4233,49.51979,MicroBus3-Detailed
1742767024418,8.01421,515,Eye Hit,Center,622.2786,790.4233,49.51979,MicroBus3-Detailed
1742767024448,8.057553,516,Eye Hit,Left,622.4529,787.3207,49.5159,NW_Tree_10
1742767024448,8.057553,516,Eye Hit,Right,621.4495,787.3207,49.51591,NW_Tree_10
1742767024448,8.057553,516,Eye Hit,Center,621.9512,787.3207,49.5159,NW_Tree_10
1742767024489,8.087231,517,Eye Hit,Left,622.3636,784.8776,49.51366,NW_Tree_10
1742767024489,8.087231,517,Eye Hit,Right,621.3601,784.8776,49.51366,NW_Tree_10
1742767024489,8.087231,517,Eye Hit,Center,621.8619,784.8776,49.51366,NW_Tree_10
1742767024518,8.128482,518,Eye Hit,Left,634.1097,789.5917,49.61933,NW_Tree_10
1742767024518,8.128482,518,Eye Hit,Right,633.1083,789.5917,49.61933,NW_Tree_10
1742767024518,8.128482,518,Eye Hit,Center,633.609,789.5917,49.61933,NW_Tree_10
1742767024548,8.157709,519,Eye Hit,Left,636.7897,792.3085,49.64161,NW_Tree_10
1742767024548,8.157709,519,Eye Hit,Right,635.7888,792.3085,49.64161,NW_Tree_10
1742767024548,8.157709,519,Eye Hit,Center,636.2892,792.3085,49.6416,NW_Tree_10
1742767024576,8.186399,520,Eye Hit,Left,644.5015,790.2882,49.70065,NW_Tree_10
1742767024576,8.186399,520,Eye Hit,Right,643.5018,790.2882,49.70065,NW_Tree_10
1742767024576,8.186399,520,Eye Hit,Center,644.0017,790.2881,49.70064,NW_Tree_10
1742767024605,8.21458,521,Eye Hit,Left,644.7411,791.2281,49.70251,NW_Tree_10
1742767024605,8.21458,521,Eye Hit,Right,643.7414,791.2281,49.70251,NW_Tree_10
1742767024605,8.21458,521,Eye Hit,Center,644.2414,791.2281,49.7025,NW_Tree_10
1742767024632,8.242678,522,Eye Hit,Left,644.0648,792.8434,49.6978,NW_Tree_10
1742767024632,8.242678,522,Eye Hit,Right,643.065,792.8434,49.6978,NW_Tree_10
1742767024632,8.242678,522,Eye Hit,Center,643.5649,792.8434,49.6978,NW_Tree_10
1742767024660,8.269809,523,Eye Hit,Left,645.6943,792.2904,49.70954,NW_Tree_10
1742767024660,8.269809,523,Eye Hit,Right,644.6949,792.2904,49.70954,NW_Tree_10
1742767024660,8.269809,523,Eye Hit,Center,645.1946,792.2904,49.70954,NW_Tree_10
1742767024690,8.298562,524,,Left,540.9598,914.0894,47.82478,
1742767024690,8.298562,524,,Right,539.9208,914.0894,47.82478,
1742767024690,8.298562,524,,Center,540.4403,914.0894,47.82478,
1742767024728,8.328244,525,Eye Hit,Left,461.2479,971.8643,45.72652,NorthCarSignal
1742767024728,8.328244,525,Eye Hit,Right,460.1614,971.8643,45.72652,NorthCarSignal
1742767024728,8.328244,525,Eye Hit,Center,460.7047,971.8643,45.72652,NorthCarSignal
1742767024769,8.367072,526,Eye Hit,Left,452.8694,971.7245,45.56405,NorthCarSignal
1742767024769,8.367072,526,Eye Hit,Right,451.7789,971.7245,45.56405,NorthCarSignal
1742767024769,8.367072,526,Eye Hit,Center,452.3242,971.7245,45.56406,NorthCarSignal
1742767024800,8.40823,527,,Left,460.8513,943.3919,46.0761,
1742767024800,8.40823,527,,Right,459.773,943.3919,46.07611,
1742767024800,8.40823,527,,Center,460.3122,943.3919,46.0761,
1742767024824,8.437386,528,,Left,461.7958,943.3571,46.09515,
1742767024824,8.437386,528,,Right,460.7179,943.3571,46.09515,
1742767024824,8.437386,528,,Center,461.257,943.3569,46.09515,
1742767024852,8.462346,529,,Left,462.7376,941.5284,46.13525,
1742767024852,8.462346,529,,Right,461.6606,941.5284,46.13525,
1742767024852,8.462346,529,,Center,462.199,941.5284,46.13526,
1742767024879,8.490866,530,,Left,465.7521,939.9743,46.21284,
1742767024879,8.490866,530,,Right,464.677,939.9743,46.21284,
1742767024879,8.490866,530,,Center,465.2145,939.9743,46.21284,
1742767024908,8.517393,531,,Left,464.3395,939.8848,46.18613,
1742767024908,8.517393,531,,Right,463.2637,939.8848,46.18613,
1742767024908,8.517393,531,,Center,463.8016,939.8848,46.18613,
1742767024936,8.546158,532,,Left,466.6976,940.3835,46.22688,
1742767024936,8.546158,532,,Right,465.6228,940.3835,46.22688,
1742767024936,8.546158,532,,Center,466.1602,940.3835,46.22688,
1742767024964,8.574849,533,,Left,469.1695,942.0203,46.25623,
1742767024964,8.574849,533,,Right,468.0954,942.0203,46.25622,
1742767024964,8.574849,533,,Center,468.6325,942.0203,46.25622,
1742767024995,8.602371,534,,Left,469.3986,941.2189,46.26971,
1742767024995,8.602371,534,,Right,468.3248,941.2189,46.26971,
1742767024995,8.602371,534,,Center,468.8617,941.2189,46.26971,
1742767025022,8.633045,535,Eye Hit,Left,472.218,941.2311,46.32409,NorthCarSignal
1742767025022,8.633045,535,Eye Hit,Right,471.1455,941.2311,46.32409,NorthCarSignal
1742767025022,8.633045,535,Eye Hit,Center,471.6819,941.2311,46.32408,NorthCarSignal
1742767025050,8.660462,536,,Left,471.346,938.4025,46.33968,
1742767025050,8.660462,536,,Right,470.2738,938.4025,46.33969,
1742767025052,8.660462,536,,Center,470.8099,938.4025,46.33969,
1742767025079,8.690784,537,,Left,472.2786,939.1601,46.34892,
1742767025079,8.690784,537,,Right,471.2066,939.1601,46.34892,
1742767025079,8.690784,537,,Center,471.7426,939.1601,46.34892,
1742767025107,8.716244,538,,Left,475.3848,925.3449,46.56004,
1742767025107,8.716244,538,,Right,474.3177,925.3449,46.56004,
1742767025107,8.716244,538,,Center,474.8513,925.3449,46.56004,
1742767025149,8.744958,539,,Left,437.1936,921.92,45.81464,
1742767025149,8.744958,539,,Right,436.1092,921.92,45.81463,
1742767025149,8.744958,539,,Center,436.6514,921.92,45.81464,
1742767025177,8.788789,540,,Left,326.2623,902.4214,43.36976,
1742767025177,8.788789,540,,Right,325.1166,902.4214,43.36976,
1742767025177,8.788789,540,,Center,325.6897,902.4213,43.36977,
1742767025204,8.815526,541,,Left,289.2115,893.5269,42.47887,
1742767025204,8.815526,541,,Right,288.042,893.5269,42.47887,
1742767025204,8.815526,541,,Center,288.6268,893.5269,42.47887,
1742767025231,8.842392,542,,Left,322.8477,892.5201,43.3443,
1742767025231,8.842392,542,,Right,321.7014,892.5201,43.3443,
1742767025231,8.842392,542,,Center,322.2746,892.5201,43.3443,
1742767025258,8.868588,543,Eye Hit,Left,266.7536,851.5485,42.08442,SW_Tree_10
1742767025258,8.868588,543,Eye Hit,Right,265.573,851.5485,42.08442,SW_Tree_10
1742767025258,8.868588,543,Eye Hit,Center,266.1633,851.5485,42.08442,SW_Tree_10
1742767025285,8.896281,544,,Left,278.7252,757.1403,42.46881,
1742767025285,8.896281,544,,Right,277.5552,757.1403,42.46881,
1742767025285,8.896281,544,,Center,278.1402,757.1403,42.46881,
1742767025314,8.923819,545,,Left,340.2837,731.1536,43.98923,
1742767025314,8.923819,545,,Right,339.1542,731.1536,43.98923,
1742767025314,8.923819,545,,Center,339.719,731.1536,43.98923,
1742767025342,8.953135,546,Eye Hit,Left,339.0928,732.0984,43.96178,Jeep2-Detailed
1742767025342,8.953135,546,Eye Hit,Right,337.9626,732.0984,43.96178,Jeep2-Detailed
1742767025342,8.953135,546,Eye Hit,Center,338.5278,732.0984,43.96179,Jeep2-Detailed
1742767025370,8.980445,547,Eye Hit,Left,326.012,749.7657,43.68609,Truck1-Detailed
1742767025370,8.980445,547,Eye Hit,Right,324.8747,749.7657,43.68609,Truck1-Detailed
1742767025370,8.980445,547,Eye Hit,Center,325.4435,749.7657,43.68609,Truck1-Detailed
1742767025398,9.00748,548,Eye Hit,Left,339.6949,752.9086,44.03964,Truck1-Detailed
1742767025398,9.00748,548,Eye Hit,Right,338.5667,752.9086,44.03964,Truck1-Detailed
1742767025398,9.00748,548,Eye Hit,Center,339.1307,752.9086,44.03963,Truck1-Detailed
1742767025425,9.035574,549,Eye Hit,Left,326.975,757.6981,43.72469,Truck1-Detailed
1742767025425,9.035574,549,Eye Hit,Right,325.8387,757.6981,43.72469,Truck1-Detailed
1742767025425,9.035574,549,Eye Hit,Center,326.4069,757.6981,43.72469,Truck1-Detailed
1742767025453,9.061816,550,Eye Hit,Left,337.9516,758.8431,44.00866,Truck1-Detailed
1742767025453,9.061816,550,Eye Hit,Right,336.8227,758.8431,44.00867,Truck1-Detailed
1742767025453,9.061816,550,Eye Hit,Center,337.3871,758.8431,44.00867,Truck1-Detailed
1742767025486,9.091616,551,Eye Hit,Left,358.6862,772.7634,44.55858,Truck1-Detailed
1742767025486,9.091616,551,Eye Hit,Right,357.5712,772.7634,44.55858,Truck1-Detailed
1742767025486,9.091616,551,Eye Hit,Center,358.1287,772.7634,44.55858,Truck1-Detailed
1742767025518,9.124027,552,Eye Hit,Left,356.38,774.2328,44.50279,Truck1-Detailed
1742767025518,9.124027,552,Eye Hit,Right,355.2635,774.2328,44.50279,Truck1-Detailed
1742767025518,9.124027,552,Eye Hit,Center,355.8218,774.2328,44.50279,Truck1-Detailed
1742767025544,9.154894,553,Eye Hit,Left,353.1955,787.1612,44.43332,Truck1-Detailed
1742767025544,9.154894,553,Eye Hit,Right,352.0773,787.1612,44.43332,Truck1-Detailed
1742767025544,9.154894,553,Eye Hit,Center,352.6364,787.1612,44.43332,Truck1-Detailed
1742767025574,9.180401,554,Eye Hit,Left,367.7672,786.3905,44.79868,Truck1-Detailed
1742767025574,9.180401,554,Eye Hit,Right,366.6581,786.3905,44.79868,Truck1-Detailed
1742767025574,9.180401,554,Eye Hit,Center,367.2126,786.3905,44.79868,Truck1-Detailed
1742767025602,9.210283,555,Eye Hit,Left,379.3468,788.1136,45.08606,Truck1-Detailed
1742767025602,9.210283,555,Eye Hit,Right,378.2448,788.1136,45.08606,Truck1-Detailed
1742767025602,9.210283,555,Eye Hit,Center,378.7959,788.1136,45.08606,Truck1-Detailed
1742767025630,9.238713,556,Eye Hit,Left,377.8531,798.7195,45.04963,Truck1-Detailed
1742767025630,9.238713,556,Eye Hit,Right,376.7502,798.7195,45.04962,Truck1-Detailed
1742767025630,9.238713,556,Eye Hit,Center,377.3017,798.7195,45.04963,Truck1-Detailed
1742767025646,9.266731,557,Eye Hit,Left,378.723,798.4468,45.06788,Truck1-Detailed
1742767025646,9.266731,557,Eye Hit,Right,377.6206,798.447,45.06788,Truck1-Detailed
1742767025646,9.266731,557,Eye Hit,Center,378.1718,798.4468,45.06788,Truck1-Detailed
1742767025687,9.307173,559,Eye Hit,Left,372.6227,808.9362,44.91587,Truck1-Detailed
1742767025687,9.307173,559,Eye Hit,Right,371.5166,808.9362,44.91586,Truck1-Detailed
1742767025687,9.307173,559,Eye Hit,Center,372.0697,808.9362,44.91587,Truck1-Detailed
1742767025729,9.347661,561,Eye Hit,Left,371.1106,814.375,44.87019,Truck1-Detailed
1742767025729,9.347661,561,Eye Hit,Right,370.0033,814.375,44.87019,Truck1-Detailed
1742767025729,9.347661,561,Eye Hit,Center,370.5569,814.375,44.87019,Truck1-Detailed
1742767025745,9.365511,562,Eye Hit,Left,367.4778,813.8781,44.77826,Truck1-Detailed
1742767025745,9.365511,562,Eye Hit,Right,366.3683,813.8781,44.77825,Truck1-Detailed
1742767025745,9.365511,562,Eye Hit,Center,366.923,813.8781,44.77826,Truck1-Detailed
1742767025784,9.405327,564,Eye Hit,Left,358.2356,815.4845,44.54486,Truck1-Detailed
1742767025784,9.405327,564,Eye Hit,Right,357.1202,815.4845,44.54486,Truck1-Detailed
1742767025784,9.405327,564,Eye Hit,Center,357.6779,815.4844,44.54486,Truck1-Detailed
1742767025823,9.437104,566,,Left,354.5776,823.626,44.44482,
1742767025823,9.437104,566,,Right,353.4597,823.626,44.44482,
1742767025823,9.437104,566,,Center,354.0186,823.626,44.44482,
1742767025840,9.459157,567,,Left,351.4923,824.4456,44.36359,
1742767025840,9.459157,567,,Right,350.3724,824.4456,44.36359,
1742767025840,9.459157,567,,Center,350.9324,824.4456,44.36359,
1742767025856,9.476791,568,,Left,353.7999,826.4193,44.42169,
1742767025856,9.476791,568,,Right,352.6814,826.4193,44.42168,
1742767025856,9.476791,568,,Center,353.2407,826.4193,44.42169,
1742767025892,9.507057,570,,Left,348.289,838.5956,44.25026,
1742767025892,9.507057,570,,Right,347.1663,838.5956,44.25026,
1742767025892,9.507057,570,,Center,347.7277,838.5956,44.25026,
1742767025911,9.529032,571,,Left,343.3516,840.4869,44.11826,
1742767025911,9.529032,571,,Right,342.2254,840.4869,44.11826,
1742767025911,9.529032,571,,Center,342.7885,840.4869,44.11826,
1742767025934,9.549021,572,,Left,339.2751,841.5648,44.0137,
1742767025934,9.549021,572,,Right,338.1463,841.5648,44.0137,
1742767025934,9.549021,572,,Center,338.7107,841.5648,44.0137,
1742767025952,9.572124,573,Eye Hit,Left,343.9366,838.6631,44.1445,NW_Tree_50
1742767025952,9.572124,573,Eye Hit,Right,342.8112,838.6631,44.1445,NW_Tree_50
1742767025952,9.572124,573,Eye Hit,Center,343.3739,838.6631,44.1445,NW_Tree_50
1742767025976,9.591061,574,Eye Hit,Left,335.2301,840.1713,43.91695,NW_Tree_50
1742767025976,9.591061,574,Eye Hit,Right,334.0988,840.1713,43.91695,NW_Tree_50
1742767025976,9.591061,574,Eye Hit,Center,334.6645,840.1713,43.91695,NW_Tree_50
1742767026004,9.614204,575,Eye Hit,Left,328.2014,837.5931,43.74722,Truck1-Detailed
1742767026004,9.614204,575,Eye Hit,Right,327.0656,837.5931,43.74722,Truck1-Detailed
1742767026004,9.614204,575,Eye Hit,Center,327.6335,837.5931,43.74722,Truck1-Detailed
1742767026029,9.641931,576,Eye Hit,Left,324.1526,834.4922,43.65406,Truck1-Detailed
1742767026029,9.641931,576,Eye Hit,Right,323.0144,834.4922,43.65406,Truck1-Detailed
1742767026029,9.641931,576,Eye Hit,Center,323.5835,834.4922,43.65406,Truck1-Detailed
1742767026066,9.66782,577,Eye Hit,Left,311.5899,833.1255,43.33297,Truck1-Detailed
1742767026066,9.66782,577,Eye Hit,Right,310.4434,833.1255,43.33297,Truck1-Detailed
1742767026066,9.66782,577,Eye Hit,Center,311.0167,833.1255,43.33297,Truck1-Detailed
1742767026106,9.704988,578,Eye Hit,Left,303.5392,826.9783,43.14142,Truck1-Detailed
1742767026106,9.704988,578,Eye Hit,Right,302.3875,826.9783,43.14142,Truck1-Detailed
1742767026106,9.704988,578,Eye Hit,Center,302.9633,826.9783,43.14142,Truck1-Detailed
1742767026142,9.744416,579,Eye Hit,Left,294.6614,839.2614,42.88149,Truck1-Detailed
1742767026142,9.744416,579,Eye Hit,Right,293.5027,839.2614,42.88149,Truck1-Detailed
1742767026142,9.744416,579,Eye Hit,Center,294.0821,839.2614,42.88148,Truck1-Detailed
1742767026185,9.781439,580,Eye Hit,Left,300.7438,836.3506,43.05307,Truck1-Detailed
1742767026185,9.781439,580,Eye Hit,Right,299.5898,836.3506,43.05307,Truck1-Detailed
1742767026185,9.781439,580,Eye Hit,Center,300.1669,836.3506,43.05307,Truck1-Detailed
1742767026215,9.825368,581,Eye Hit,Left,314.4118,831.6243,43.42465,Truck1-Detailed
1742767026215,9.825368,581,Eye Hit,Right,313.2676,831.6243,43.42465,Truck1-Detailed
1742767026215,9.825368,581,Eye Hit,Center,313.8398,831.6243,43.42465,Truck1-Detailed
1742767026255,9.854199,582,Eye Hit,Left,306.6178,822.7126,43.24605,Truck1-Detailed
1742767026255,9.854199,582,Eye Hit,Right,305.4689,822.7126,43.24605,Truck1-Detailed
1742767026255,9.854199,582,Eye Hit,Center,306.0433,822.7126,43.24605,Truck1-Detailed
1742767026284,9.894723,583,Eye Hit,Left,307.1139,823.2733,43.2591,Truck1-Detailed
1742767026284,9.894723,583,Eye Hit,Right,305.9653,823.2733,43.2591,Truck1-Detailed
1742767026284,9.894723,583,Eye Hit,Center,306.5397,823.2733,43.25911,Truck1-Detailed
1742767026327,9.923876,584,Eye Hit,Left,297.5209,822.0042,43.01207,Truck1-Detailed
1742767026327,9.923876,584,Eye Hit,Right,296.3657,822.0042,43.01207,Truck1-Detailed
1742767026327,9.923876,584,Eye Hit,Center,296.9433,822.0042,43.01207,Truck1-Detailed
1742767026357,9.96643,585,Eye Hit,Left,292.9321,825.2849,42.88425,Truck1-Detailed
1742767026357,9.96643,585,Eye Hit,Right,291.7735,825.2849,42.88425,Truck1-Detailed
1742767026357,9.96643,585,Eye Hit,Center,292.3528,825.2849,42.88425,Truck1-Detailed
1742767026396,9.995582,586,Eye Hit,Left,290.8803,827.1096,42.8269,Truck1-Detailed
1742767026396,9.995582,586,Eye Hit,Right,289.7202,827.1096,42.8269,Truck1-Detailed
1742767026396,9.995582,586,Eye Hit,Center,290.3003,827.1096,42.8269,Truck1-Detailed
1742767026436,10.03515,587,Eye Hit,Left,299.1077,828.8878,43.03908,Truck1-Detailed
1742767026436,10.03515,587,Eye Hit,Right,297.9533,828.8878,43.03908,Truck1-Detailed
1742767026436,10.03515,587,Eye Hit,Center,298.5305,828.8878,43.03908,Truck1-Detailed
1742767026467,10.07414,588,Eye Hit,Left,313.1971,827.7518,43.40267,Truck1-Detailed
1742767026467,10.07414,588,Eye Hit,Right,312.0523,827.7518,43.40267,Truck1-Detailed
1742767026467,10.07414,588,Eye Hit,Center,312.6247,827.7518,43.40267,Truck1-Detailed
1742767026508,10.10584,589,Eye Hit,Left,316.1743,826.6238,43.48566,Truck1-Detailed
1742767026508,10.10584,589,Eye Hit,Right,315.0318,826.6238,43.48566,Truck1-Detailed
1742767026508,10.10584,589,Eye Hit,Center,315.603,826.6238,43.48566,Truck1-Detailed
1742767026551,10.14793,590,Eye Hit,Left,318.1267,827.9078,43.52737,Truck1-Detailed
1742767026551,10.14793,590,Eye Hit,Right,316.9852,827.9078,43.52737,Truck1-Detailed
1742767026551,10.14793,590,Eye Hit,Center,317.5559,827.9078,43.52737,Truck1-Detailed
1742767026593,10.19057,591,Eye Hit,Left,312.2933,828.4931,43.37263,Truck1-Detailed
1742767026593,10.19057,591,Eye Hit,Right,311.1478,828.4931,43.37263,Truck1-Detailed
1742767026593,10.19057,591,Eye Hit,Center,311.7206,828.4931,43.37263,Truck1-Detailed
1742767026634,10.23243,592,Eye Hit,Left,310.5631,826.4424,43.32984,Truck1-Detailed
1742767026634,10.23243,592,Eye Hit,Right,309.4164,826.4424,43.32984,Truck1-Detailed
1742767026634,10.23243,592,Eye Hit,Center,309.9898,826.4424,43.32984,Truck1-Detailed
1742767026675,10.27292,593,Eye Hit,Left,311.5772,826.7941,43.35254,Truck1-Detailed
1742767026675,10.27292,593,Eye Hit,Right,310.4312,826.7941,43.35253,Truck1-Detailed
1742767026675,10.27292,593,Eye Hit,Center,311.0042,826.7941,43.35254,Truck1-Detailed
1742767026720,10.31439,594,Eye Hit,Left,315.0744,832.8539,43.42435,Truck1-Detailed
1742767026720,10.31439,594,Eye Hit,Right,313.9302,832.8539,43.42435,Truck1-Detailed
1742767026720,10.31439,594,Eye Hit,Center,314.5023,832.8539,43.42436,Truck1-Detailed
1742767026761,10.35927,595,Eye Hit,Left,312.2128,836.3671,43.33777,Truck1-Detailed
1742767026761,10.35927,595,Eye Hit,Right,311.0664,836.3671,43.33777,Truck1-Detailed
1742767026761,10.35927,595,Eye Hit,Center,311.6396,836.3671,43.33777,Truck1-Detailed
1742767026801,10.39984,596,Eye Hit,Left,314.1534,837.133,43.38287,Truck1-Detailed
1742767026801,10.39984,596,Eye Hit,Right,313.0082,837.133,43.38287,Truck1-Detailed
1742767026801,10.39984,596,Eye Hit,Center,313.5808,837.133,43.38287,Truck1-Detailed
1742767026840,10.43921,597,Eye Hit,Left,316.2832,839.7428,43.42647,Truck1-Detailed
1742767026840,10.43921,597,Eye Hit,Right,315.139,839.7428,43.42647,Truck1-Detailed
1742767026840,10.43921,597,Eye Hit,Center,315.7111,839.7428,43.42647,Truck1-Detailed
1742767026868,10.47958,598,Eye Hit,Left,332.8671,837.0104,43.8615,Truck1-Detailed
1742767026868,10.47958,598,Eye Hit,Right,331.7343,837.0104,43.8615,Truck1-Detailed
1742767026868,10.47958,598,Eye Hit,Center,332.3005,837.0104,43.8615,Truck1-Detailed
1742767026910,10.50605,599,Eye Hit,Left,326.1995,837.866,43.68114,Truck1-Detailed
1742767026910,10.50605,599,Eye Hit,Right,325.0621,837.866,43.68114,Truck1-Detailed
1742767026910,10.50605,599,Eye Hit,Center,325.6308,837.866,43.68114,Truck1-Detailed
1742767026939,10.54873,600,Eye Hit,Left,328.1152,838.0782,43.73066,Truck1-Detailed
1742767026939,10.54873,600,Eye Hit,Right,326.979,838.0782,43.73066,Truck1-Detailed
1742767026939,10.54873,600,Eye Hit,Center,327.5471,838.0782,43.73065,Truck1-Detailed
1742767026982,10.57819,601,Eye Hit,Left,322.4306,836.3859,43.58507,Truck1-Detailed
1742767026982,10.57819,601,Eye Hit,Right,321.2906,836.3859,43.58507,Truck1-Detailed
1742767026982,10.57819,601,Eye Hit,Center,321.8606,836.3859,43.58507,Truck1-Detailed
1742767027009,10.6219,602,Eye Hit,Left,323.3964,836.3334,43.60836,Truck1-Detailed
1742767027009,10.6219,602,Eye Hit,Right,322.2571,836.3334,43.60836,Truck1-Detailed
1742767027009,10.6219,602,Eye Hit,Center,322.8267,836.3334,43.60837,Truck1-Detailed
1742767027050,10.64799,603,Eye Hit,Left,313.8518,840.5985,43.34406,Truck1-Detailed
1742767027050,10.64799,603,Eye Hit,Right,312.7056,840.5985,43.34406,Truck1-Detailed
1742767027050,10.64799,603,Eye Hit,Center,313.2786,840.5986,43.34406,Truck1-Detailed
1742767027093,10.69024,604,Eye Hit,Left,315.3396,848.1706,43.35186,Truck1-Detailed
1742767027093,10.69024,604,Eye Hit,Right,314.1935,848.1706,43.35186,Truck1-Detailed
1742767027093,10.69024,604,Eye Hit,Center,314.7665,848.1706,43.35186,Truck1-Detailed
1742767027120,10.732,605,Eye Hit,Left,316.3455,846.2856,43.38324,Truck1-Detailed
1742767027120,10.732,605,Eye Hit,Right,315.2003,846.2856,43.38323,Truck1-Detailed
1742767027120,10.732,605,Eye Hit,Center,315.7729,846.2856,43.38324,Truck1-Detailed
1742767027161,10.76162,606,Eye Hit,Left,316.9605,851.3113,43.37584,Truck1-Detailed
1742767027161,10.76162,606,Eye Hit,Right,315.8151,851.3113,43.37584,Truck1-Detailed
1742767027161,10.76162,606,Eye Hit,Center,316.3878,851.3113,43.37584,Truck1-Detailed
1742767027192,10.80066,607,Eye Hit,Left,318.1992,848.7054,43.4171,Truck1-Detailed
1742767027192,10.80066,607,Eye Hit,Right,317.0549,848.7054,43.4171,Truck1-Detailed
1742767027192,10.80066,607,Eye Hit,Center,317.6271,848.7054,43.4171,Truck1-Detailed
1742767027221,10.83066,608,Eye Hit,Left,321.6786,854.411,43.48492,Truck1-Detailed
1742767027221,10.83066,608,Eye Hit,Right,320.536,854.411,43.48492,Truck1-Detailed
1742767027221,10.83066,608,Eye Hit,Center,321.1073,854.411,43.48492,Truck1-Detailed
1742767027249,10.86039,609,Eye Hit,Left,325.0759,855.3172,43.5695,Truck1-Detailed
1742767027249,10.86039,609,Eye Hit,Right,323.9355,855.3172,43.5695,Truck1-Detailed
1742767027249,10.86039,609,Eye Hit,Center,324.5057,855.3172,43.5695,Truck1-Detailed
1742767027288,10.88798,610,Eye Hit,Left,332.3523,859.2216,43.73699,Truck1-Detailed
1742767027288,10.88798,610,Eye Hit,Right,331.2163,859.2216,43.73699,Truck1-Detailed
1742767027288,10.88798,610,Eye Hit,Center,331.7843,859.2216,43.73699,Truck1-Detailed
1742767027331,10.92782,611,Eye Hit,Left,335.2935,857.544,43.81851,Truck1-Detailed
1742767027331,10.92782,611,Eye Hit,Right,334.1596,857.544,43.81852,Truck1-Detailed
1742767027331,10.92782,611,Eye Hit,Center,334.7265,857.544,43.81851,Truck1-Detailed
1742767027377,10.96962,612,Eye Hit,Left,344.4752,849.5322,44.08398,Truck1-Detailed
1742767027377,10.96962,612,Eye Hit,Right,343.3481,849.5322,44.08398,Truck1-Detailed
1742767027377,10.96962,612,Eye Hit,Center,343.9117,849.5322,44.08398,Truck1-Detailed
1742767027414,11.01619,613,Eye Hit,Left,357.0791,842.9395,44.4348,Truck1-Detailed
1742767027414,11.01619,613,Eye Hit,Right,355.961,842.9395,44.4348,Truck1-Detailed
1742767027414,11.01619,613,Eye Hit,Center,356.5201,842.9395,44.43479,Truck1-Detailed
1742767027457,11.05403,614,Eye Hit,Left,362.1605,845.0397,44.55352,Truck1-Detailed
1742767027457,11.05403,614,Eye Hit,Right,361.0453,845.0397,44.55351,Truck1-Detailed
1742767027457,11.05403,614,Eye Hit,Center,361.603,845.0397,44.55352,Truck1-Detailed
1742767027498,11.09647,615,Eye Hit,Left,380.5157,848.2831,44.99111,Truck1-Detailed
1742767027498,11.09647,615,Eye Hit,Right,379.4114,848.2831,44.99111,Truck1-Detailed
1742767027498,11.09647,615,Eye Hit,Center,379.9636,848.2831,44.9911,Truck1-Detailed
1742767027541,11.13847,616,Eye Hit,Left,395.0101,856.6946,45.3031,Truck1-Detailed
1742767027541,11.13847,616,Eye Hit,Right,393.9133,856.6946,45.3031,Truck1-Detailed
1742767027541,11.13847,616,Eye Hit,Center,394.4617,856.6946,45.3031,Truck1-Detailed
1742767027581,11.18054,617,Eye Hit,Left,411.3472,864.0985,45.64999,Truck1-Detailed
1742767027581,11.18054,617,Eye Hit,Right,410.2589,864.0985,45.64999,Truck1-Detailed
1742767027581,11.18054,617,Eye Hit,Center,410.8031,864.0985,45.64999,Truck1-Detailed
1742767027624,11.22073,618,Eye Hit,Left,419.2018,863.0982,45.84671,Truck1-Detailed
1742767027624,11.22073,618,Eye Hit,Right,418.1181,863.0982,45.84671,Truck1-Detailed
1742767027624,11.22073,618,Eye Hit,Center,418.6599,863.0982,45.84671,Truck1-Detailed
1742767027663,11.2631,619,Eye Hit,Left,425.0192,864.8135,45.97415,Truck1-Detailed
1742767027663,11.2631,619,Eye Hit,Right,423.9384,864.8135,45.97414,Truck1-Detailed
1742767027663,11.2631,619,Eye Hit,Center,424.4788,864.8135,45.97415,Truck1-Detailed
1742767027705,11.30182,620,Eye Hit,Left,399.9486,864.9823,45.40428,Truck1-Detailed
1742767027705,11.30182,620,Eye Hit,Right,398.8543,864.9823,45.40428,Truck1-Detailed
1742767027705,11.30182,620,Eye Hit,Center,399.4015,864.9823,45.40428,Truck1-Detailed
1742767027735,11.34461,621,Eye Hit,Left,364.5505,851.429,44.62061,Truck1-Detailed
1742767027735,11.34461,621,Eye Hit,Right,363.437,851.429,44.62061,Truck1-Detailed
1742767027735,11.34461,621,Eye Hit,Center,363.9938,851.429,44.62061,Truck1-Detailed
1742767027774,11.37312,622,,Left,331.3065,799.964,43.90449,
1742767027774,11.37312,622,,Right,330.1749,799.964,43.9045,
1742767027774,11.37312,622,,Center,330.7408,799.964,43.90449,
1742767027803,11.41175,623,Eye Hit,Left,324.0282,790.9781,43.72146,MicroBus2-Detailed
1742767027804,11.41175,623,Eye Hit,Right,322.8918,790.9781,43.72146,MicroBus2-Detailed
1742767027804,11.41175,623,Eye Hit,Center,323.46,790.9781,43.72146,MicroBus2-Detailed
1742767027836,11.44089,624,Eye Hit,Left,342.1919,793.6337,44.19233,MicroBus2-Detailed
1742767027836,11.44089,624,Eye Hit,Right,341.0677,793.6337,44.19233,MicroBus2-Detailed
1742767027836,11.44089,624,Eye Hit,Center,341.6296,793.6337,44.19233,MicroBus2-Detailed
1742767027867,11.47275,625,,Left,374.2262,802.0037,44.99511,
1742767027867,11.47275,625,,Right,373.122,802.0037,44.99511,
1742767027867,11.47275,625,,Center,373.6741,802.0037,44.99511,
1742767027896,11.50319,626,,Left,369.8948,822.3546,44.85948,
1742767027896,11.50319,626,,Right,368.7873,822.3546,44.85948,
1742767027896,11.50319,626,,Center,369.341,822.3546,44.85948,
1742767027924,11.53245,627,Eye Hit,Left,366.6846,810.3243,44.80069,MicroBus2-Detailed
1742767027924,11.53245,627,Eye Hit,Right,365.5756,810.3243,44.80069,MicroBus2-Detailed
1742767027924,11.53245,627,Eye Hit,Center,366.1301,810.3243,44.80069,MicroBus2-Detailed
1742767027953,11.56,628,Eye Hit,Left,370.5499,818.6558,44.88308,MicroBus2-Detailed
1742767027953,11.56,628,Eye Hit,Right,369.443,818.6558,44.88308,MicroBus2-Detailed
1742767027953,11.56,628,Eye Hit,Center,369.9964,818.6558,44.88308,MicroBus2-Detailed
1742767027983,11.59013,629,Eye Hit,Left,367.3652,817.3813,44.80608,MicroBus2-Detailed
1742767027983,11.59013,629,Eye Hit,Right,366.2563,817.3813,44.80607,MicroBus2-Detailed
1742767027983,11.59013,629,Eye Hit,Center,366.8108,817.3813,44.80607,MicroBus2-Detailed
1742767028014,11.62012,630,Eye Hit,Left,374.7332,815.7452,44.99088,MicroBus2-Detailed
1742767028014,11.62012,630,Eye Hit,Right,373.6288,815.7452,44.99088,MicroBus2-Detailed
1742767028014,11.62012,630,Eye Hit,Center,374.181,815.7452,44.99088,MicroBus2-Detailed
1742767028041,11.65054,631,,Left,372.0611,838.0803,44.86914,
1742767028041,11.65054,631,,Right,370.9537,838.0803,44.86914,
1742767028041,11.65054,631,,Center,371.5072,838.0803,44.86914,
1742767028068,11.67717,632,,Left,382.002,839.3884,45.10706,
1742767028068,11.67717,632,,Right,380.9005,839.3884,45.10706,
1742767028068,11.67717,632,,Center,381.4512,839.3884,45.10706,
1742767028096,11.705,633,,Left,383.6318,838.3671,45.15304,
1742767028096,11.705,633,,Right,382.5315,838.3671,45.15305,
1742767028096,11.705,633,,Center,383.0818,838.3671,45.15305,
1742767028123,11.7321,634,,Left,381.3825,837.0764,45.10162,
1742767028123,11.7321,634,,Right,380.2809,837.0764,45.10162,
1742767028123,11.7321,634,,Center,380.8317,837.0764,45.10162,
1742767028151,11.75965,635,,Left,387.9446,836.2504,45.2619,
1742767028151,11.75965,635,,Right,386.8469,836.2504,45.2619,
1742767028151,11.75965,635,,Center,387.3957,836.2504,45.2619,
1742767028180,11.78851,636,,Left,379.1111,821.0392,45.08607,
1742767028180,11.78851,636,,Right,378.009,821.0392,45.08608,
1742767028180,11.78851,636,,Center,378.56,821.0392,45.08607,
1742767028206,11.81636,637,,Left,385.7925,819.4619,45.25058,
1742767028206,11.81636,637,,Right,384.6945,819.4619,45.25058,
1742767028206,11.81636,637,,Center,385.2435,819.4619,45.25058,
1742767028234,11.84289,638,,Left,384.6028,817.9274,45.22324,
1742767028234,11.84289,638,,Right,383.5042,817.9274,45.22324,
1742767028234,11.84289,638,,Center,384.0535,817.9274,45.22324,
1742767028265,11.87544,639,,Left,384.9379,818.4793,45.23185,
1742767028265,11.87544,639,,Right,383.8396,818.4793,45.23185,
1742767028265,11.87544,639,,Center,384.3887,818.4793,45.23185,
1742767028290,11.90173,640,,Left,386.5505,819.423,45.26768,
1742767028290,11.90173,640,,Right,385.4529,819.423,45.26768,
1742767028290,11.90173,640,,Center,386.0019,819.423,45.26768,
1742767028319,11.92691,641,,Left,386.7152,821.5291,45.26605,
1742767028319,11.92691,641,,Right,385.6176,821.5291,45.26605,
1742767028319,11.92691,641,,Center,386.1664,821.5291,45.26605,
1742767028346,11.95649,642,,Left,387.4166,829.7256,45.26167,
1742767028346,11.95649,642,,Right,386.3189,829.7256,45.26167,
1742767028346,11.95649,642,,Center,386.8677,829.7256,45.26167,
1742767028373,11.98232,643,,Left,388.3894,830.6443,45.28152,
1742767028373,11.98232,643,,Right,387.2922,830.6443,45.28152,
1742767028373,11.98232,643,,Center,387.8408,830.6443,45.28152,
1742767028400,12.0093,644,,Left,388.6216,830.2047,45.28755,
1742767028400,12.0093,644,,Right,387.5245,830.2047,45.28755,
1742767028400,12.0093,644,,Center,388.073,830.2047,45.28756,
1742767028428,12.03611,645,,Left,389.9969,828.9081,45.32486,
1742767028428,12.03611,645,,Right,388.9007,828.9081,45.32486,
1742767028428,12.03611,645,,Center,389.4489,828.9081,45.32486,
1742767028455,12.06401,646,,Left,394.8742,819.0986,45.46418,
1742767028455,12.06401,646,,Right,393.7814,819.0986,45.46418,
1742767028455,12.06401,646,,Center,394.3278,819.0986,45.46418,
1742767028472,12.09238,647,,Left,398.2573,848.3973,45.45378,
1742767028472,12.09238,647,,Right,397.1642,848.3973,45.45378,
1742767028472,12.09238,647,,Center,397.7108,848.3973,45.45378,
1742767028515,12.13226,649,Eye Hit,Left,402.2742,870.9191,45.43618,SW_Tree_10
1742767028515,12.13226,649,Eye Hit,Right,401.1807,870.9191,45.43618,SW_Tree_10
1742767028515,12.13226,649,Eye Hit,Center,401.7275,870.9191,45.43618,SW_Tree_10
1742767028538,12.15074,650,Eye Hit,Left,398.9839,871.1309,45.35721,SW_Tree_10
1742767028538,12.15074,650,Eye Hit,Right,397.8885,871.1309,45.35722,SW_Tree_10
1742767028538,12.15074,650,Eye Hit,Center,398.4362,871.1309,45.35722,SW_Tree_10
1742767028556,12.17449,651,,Left,402.0934,847.462,45.54687,
1742767028556,12.17449,651,,Right,401.0026,847.462,45.54687,
1742767028556,12.17449,651,,Center,401.548,847.462,45.54686,
1742767028580,12.19226,652,,Left,404.0631,847.7325,45.59214,
1742767028580,12.19226,652,,Right,402.9733,847.7325,45.59214,
1742767028580,12.19226,652,,Center,403.5182,847.7325,45.59214,
1742767028597,12.21661,653,,Left,405.911,818.9163,45.72396,
1742767028597,12.21661,653,,Right,404.8244,818.9163,45.72395,
1742767028597,12.21661,653,,Center,405.3676,818.9163,45.72395,
1742767028638,12.25773,655,,Left,407.0761,819.0177,45.75065,
1742767028638,12.25773,655,,Right,405.9901,819.0177,45.75065,
1742767028638,12.25773,655,,Center,406.5333,819.0177,45.75065,
1742767028680,12.30049,657,,Left,408.3117,820.2083,45.77663,
1742767028680,12.30049,657,,Right,407.2263,820.2083,45.77663,
1742767028680,12.30049,657,,Center,407.769,820.2083,45.77662,
1742767028718,12.33391,659,,Left,407.7425,822.3307,45.75818,
1742767028718,12.33391,659,,Right,406.6566,822.3307,45.75818,
1742767028718,12.33391,659,,Center,407.1996,822.3307,45.75818,
1742767028736,12.35536,660,,Left,411.9416,824.3601,45.85138,
1742767028736,12.35536,660,,Right,410.8579,824.3601,45.85138,
1742767028736,12.35536,660,,Center,411.3997,824.3601,45.85138,
1742767028774,12.38876,662,Eye Hit,Left,415.7481,821.4271,45.94596,MicroBus2-Detailed
1742767028774,12.38876,662,Eye Hit,Right,414.6668,821.4271,45.94596,MicroBus2-Detailed
1742767028774,12.38876,662,Eye Hit,Center,415.2076,821.4271,45.94597,MicroBus2-Detailed
1742767028791,12.41042,663,Eye Hit,Left,413.8731,820.5295,45.90467,MicroBus2-Detailed
1742767028791,12.41042,663,Eye Hit,Right,412.7908,820.5295,45.90467,MicroBus2-Detailed
1742767028791,12.41042,663,Eye Hit,Center,413.3319,820.5295,45.90467,MicroBus2-Detailed
1742767028807,12.4277,664,Eye Hit,Left,414.4531,821.3791,45.91598,MicroBus2-Detailed
1742767028807,12.4277,664,Eye Hit,Right,413.371,821.3791,45.91598,MicroBus2-Detailed
1742767028807,12.4277,664,Eye Hit,Center,413.9122,821.3791,45.91598,MicroBus2-Detailed
1742767028844,12.45894,666,Eye Hit,Left,412.9218,821.7845,45.87921,MicroBus2-Detailed
1742767028844,12.45894,666,Eye Hit,Right,411.8388,821.7845,45.87921,MicroBus2-Detailed
1742767028844,12.45894,666,Eye Hit,Center,412.3803,821.7845,45.87921,MicroBus2-Detailed
1742767028860,12.48091,667,Eye Hit,Left,421.0394,821.2732,46.06808,MicroBus2-Detailed
1742767028860,12.48091,667,Eye Hit,Right,419.961,821.2732,46.06809,MicroBus2-Detailed
1742767028861,12.48091,667,Eye Hit,Center,420.5002,821.2732,46.06809,MicroBus2-Detailed
1742767028894,12.5136,669,Eye Hit,Left,418.5278,820.6976,46.01192,MicroBus2-Detailed
1742767028894,12.5136,669,Eye Hit,Right,417.448,820.6976,46.01191,MicroBus2-Detailed
1742767028894,12.5136,669,Eye Hit,Center,417.9879,820.6976,46.01191,MicroBus2-Detailed
1742767028930,12.54901,671,Eye Hit,Left,416.0846,820.3565,45.95597,MicroBus2-Detailed
1742767028930,12.54901,671,Eye Hit,Right,415.0034,820.3565,45.95597,MicroBus2-Detailed
1742767028930,12.54901,671,Eye Hit,Center,415.5442,820.3565,45.95597,MicroBus2-Detailed
1742767028946,12.56644,672,Eye Hit,Left,416.3795,820.3928,45.96238,MicroBus2-Detailed
1742767028946,12.56644,672,Eye Hit,Right,415.2985,820.3928,45.96238,MicroBus2-Detailed
1742767028946,12.56644,672,Eye Hit,Center,415.839,820.3928,45.96238,MicroBus2-Detailed
1742767028986,12.60701,674,Eye Hit,Left,423.3485,830.3259,46.09752,MicroBus2-Detailed
1742767028986,12.60701,674,Eye Hit,Right,422.2707,830.3259,46.09752,MicroBus2-Detailed
1742767028986,12.60701,674,Eye Hit,Center,422.8096,830.3259,46.09751,MicroBus2-Detailed
1742767029025,12.63735,676,Eye Hit,Left,425.5786,830.4332,46.1478,MicroBus2-Detailed
1742767029025,12.63735,676,Eye Hit,Right,424.5019,830.4332,46.14779,MicroBus2-Detailed
1742767029025,12.63735,676,Eye Hit,Center,425.0403,830.4332,46.14779,MicroBus2-Detailed
1742767029041,12.66139,677,Eye Hit,Left,425.3883,830.7803,46.14221,MicroBus2-Detailed
1742767029041,12.66139,677,Eye Hit,Right,424.3116,830.7803,46.1422,MicroBus2-Detailed
1742767029042,12.66139,677,Eye Hit,Center,424.8499,830.7803,46.1422,MicroBus2-Detailed
1742767029057,12.67813,678,Eye Hit,Left,425.6819,830.2139,46.15102,MicroBus2-Detailed
1742767029057,12.67813,678,Eye Hit,Right,424.6053,830.2139,46.15102,MicroBus2-Detailed
1742767029057,12.67813,678,Eye Hit,Center,425.1437,830.2139,46.15102,MicroBus2-Detailed
1742767029094,12.70937,680,Eye Hit,Left,424.8167,832.3962,46.12479,MicroBus2-Detailed
1742767029094,12.70937,680,Eye Hit,Right,423.7395,832.3962,46.12479,MicroBus2-Detailed
1742767029094,12.70937,680,Eye Hit,Center,424.2781,832.3962,46.12479,MicroBus2-Detailed
1742767029111,12.73041,681,Eye Hit,Left,424.075,832.6998,46.10673,MicroBus2-Detailed
1742767029111,12.73041,681,Eye Hit,Right,422.9974,832.6998,46.10672,MicroBus2-Detailed
1742767029111,12.73041,681,Eye Hit,Center,423.5362,832.6998,46.10672,MicroBus2-Detailed
1742767029143,12.76286,683,Eye Hit,Left,423.7265,832.1122,46.10097,MicroBus2-Detailed
1742767029143,12.76286,683,Eye Hit,Right,422.6488,832.1122,46.10097,MicroBus2-Detailed
1742767029143,12.76286,683,Eye Hit,Center,423.1877,832.1122,46.10097,MicroBus2-Detailed
1742767029180,12.8003,685,Eye Hit,Left,420.1658,831.9601,46.02031,MicroBus2-Detailed
1742767029180,12.8003,685,Eye Hit,Right,419.0861,831.9601,46.02031,MicroBus2-Detailed
1742767029180,12.8003,685,Eye Hit,Center,419.6259,831.9601,46.02031,MicroBus2-Detailed
1742767029221,12.83383,687,Eye Hit,Left,419.0388,832.3004,45.99373,MicroBus2-Detailed
1742767029221,12.83383,687,Eye Hit,Right,417.9586,832.3004,45.99373,MicroBus2-Detailed
1742767029221,12.83383,687,Eye Hit,Center,418.4987,832.3004,45.99373,MicroBus2-Detailed
1742767029236,12.85777,688,Eye Hit,Left,418.9869,831.678,45.99472,MicroBus2-Detailed
1742767029236,12.85777,688,Eye Hit,Right,417.9067,831.678,45.99472,MicroBus2-Detailed
1742767029236,12.85777,688,Eye Hit,Center,418.4468,831.678,45.99472,MicroBus2-Detailed
1742767029275,12.88953,690,Eye Hit,Left,418.0523,829.8633,45.97872,MicroBus2-Detailed
1742767029275,12.88953,690,Eye Hit,Right,416.9717,829.8633,45.97872,MicroBus2-Detailed
1742767029275,12.88953,690,Eye Hit,Center,417.512,829.8633,45.97871,MicroBus2-Detailed
1742767029292,12.91191,691,Eye Hit,Left,419.1991,829.4423,46.00656,MicroBus2-Detailed
1742767029292,12.91191,691,Eye Hit,Right,418.1191,829.4423,46.00656,MicroBus2-Detailed
1742767029292,12.91191,691,Eye Hit,Center,418.6591,829.4423,46.00656,MicroBus2-Detailed
1742767029323,12.9438,693,Eye Hit,Left,421.8987,829.9393,46.06728,MicroBus2-Detailed
1742767029323,12.9438,693,Eye Hit,Right,420.8202,829.9393,46.06728,MicroBus2-Detailed
1742767029323,12.9438,693,Eye Hit,Center,421.3595,829.9393,46.06728,MicroBus2-Detailed
1742767029362,12.98037,695,Eye Hit,Left,422.3109,829.2794,46.07878,MicroBus2-Detailed
1742767029362,12.98037,695,Eye Hit,Right,421.2326,829.2795,46.07878,MicroBus2-Detailed
1742767029362,12.98037,695,Eye Hit,Center,421.7718,829.2795,46.07878,MicroBus2-Detailed
1742767029379,12.9987,696,Eye Hit,Left,421.8008,828.925,46.06819,MicroBus2-Detailed
1742767029379,12.9987,696,Eye Hit,Right,420.7224,828.925,46.0682,MicroBus2-Detailed
1742767029379,12.9987,696,Eye Hit,Center,421.2616,828.925,46.06819,MicroBus2-Detailed
1742767029414,13.02959,698,Eye Hit,Left,418.8815,824.0027,46.01435,MicroBus2-Detailed
1742767029414,13.02959,698,Eye Hit,Right,417.8017,824.0027,46.01435,MicroBus2-Detailed
1742767029414,13.02959,698,Eye Hit,Center,418.3416,824.0027,46.01435,MicroBus2-Detailed
1742767029432,13.05046,699,Eye Hit,Left,420.1025,823.493,46.04364,MicroBus2-Detailed
1742767029432,13.05046,699,Eye Hit,Right,419.0234,823.493,46.04364,MicroBus2-Detailed
1742767029432,13.05046,699,Eye Hit,Center,419.5629,823.493,46.04364,MicroBus2-Detailed
1742767029447,13.06807,700,Eye Hit,Left,419.2191,823.272,46.02393,MicroBus2-Detailed
1742767029447,13.06807,700,Eye Hit,Right,418.1395,823.272,46.02393,MicroBus2-Detailed
1742767029447,13.06807,700,Eye Hit,Center,418.6793,823.272,46.02393,MicroBus2-Detailed
1742767029487,13.10642,702,Eye Hit,Left,417.6691,823.545,45.9877,MicroBus2-Detailed
1742767029487,13.10642,702,Eye Hit,Right,416.5887,823.545,45.98771,MicroBus2-Detailed
1742767029487,13.10642,702,Eye Hit,Center,417.1289,823.545,45.98771,MicroBus2-Detailed
1742767029504,13.12439,703,Eye Hit,Left,416.8969,823.5459,45.97002,MicroBus2-Detailed
1742767029504,13.12439,703,Eye Hit,Right,415.816,823.5459,45.97002,MicroBus2-Detailed
1742767029504,13.12439,703,Eye Hit,Center,416.3566,823.5459,45.97002,MicroBus2-Detailed
1742767029541,13.15583,705,Eye Hit,Left,412.5019,824.3522,45.86652,MicroBus2-Detailed
1742767029541,13.15583,705,Eye Hit,Right,411.4187,824.3522,45.86652,MicroBus2-Detailed
1742767029541,13.15583,705,Eye Hit,Center,411.9604,824.3522,45.86651,MicroBus2-Detailed
1742767029556,13.17705,706,Eye Hit,Left,415.3975,824.8185,45.93246,MicroBus2-Detailed
1742767029556,13.17705,706,Eye Hit,Right,414.3159,824.8185,45.93245,MicroBus2-Detailed
1742767029556,13.17705,706,Eye Hit,Center,414.8569,824.8185,45.93245,MicroBus2-Detailed
1742767029596,13.20887,708,Eye Hit,Left,415.3588,826.0331,45.92867,MicroBus2-Detailed
1742767029596,13.20887,708,Eye Hit,Right,414.277,826.0331,45.92867,MicroBus2-Detailed
1742767029596,13.20887,708,Eye Hit,Center,414.8179,826.0331,45.92867,MicroBus2-Detailed
1742767029613,13.23257,709,Eye Hit,Left,415.4369,825.1356,45.93288,MicroBus2-Detailed
1742767029613,13.23257,709,Eye Hit,Right,414.3553,825.1356,45.93288,MicroBus2-Detailed
1742767029613,13.23257,709,Eye Hit,Center,414.8961,825.1356,45.93288,MicroBus2-Detailed
1742767029650,13.2648,711,Eye Hit,Left,418.3265,823.735,46.0032,MicroBus2-Detailed
1742767029650,13.2648,711,Eye Hit,Right,417.2465,823.735,46.0032,MicroBus2-Detailed
1742767029650,13.2648,711,Eye Hit,Center,417.7865,823.735,46.0032,MicroBus2-Detailed
1742767029668,13.28733,712,Eye Hit,Left,419.1765,822.9698,46.02447,MicroBus2-Detailed
1742767029668,13.28733,712,Eye Hit,Right,418.097,822.9698,46.02448,MicroBus2-Detailed
1742767029668,13.28733,712,Eye Hit,Center,418.6368,822.9698,46.02447,MicroBus2-Detailed
1742767029700,13.32067,714,Eye Hit,Left,419.8999,820.5525,46.04661,MicroBus2-Detailed
1742767029700,13.32067,714,Eye Hit,Right,418.8208,820.5525,46.0466,MicroBus2-Detailed
1742767029700,13.32067,714,Eye Hit,Center,419.3603,820.5525,46.0466,MicroBus2-Detailed
1742767029737,13.35782,716,Eye Hit,Left,420.169,820.4104,46.05313,MicroBus2-Detailed
1742767029737,13.35782,716,Eye Hit,Right,419.0901,820.4105,46.05313,MicroBus2-Detailed
1742767029737,13.35782,716,Eye Hit,Center,419.6296,820.4104,46.05313,MicroBus2-Detailed
1742767029770,13.39036,718,Eye Hit,Left,418.2433,819.7255,46.01025,MicroBus2-Detailed
1742767029770,13.39036,718,Eye Hit,Right,417.1635,819.7255,46.01025,MicroBus2-Detailed
1742767029770,13.39036,718,Eye Hit,Center,417.7034,819.7255,46.01025,MicroBus2-Detailed
1742767029809,13.42929,720,Eye Hit,Left,422.1765,819.1351,46.10191,MicroBus2-Detailed
1742767029809,13.42929,720,Eye Hit,Right,421.0988,819.1351,46.10191,MicroBus2-Detailed
1742767029809,13.42929,720,Eye Hit,Center,421.6376,819.1351,46.10191,MicroBus2-Detailed
1742767029848,13.4647,722,Eye Hit,Left,413.2988,819.6169,45.89621,MicroBus2-Detailed
1742767029848,13.4647,722,Eye Hit,Right,412.2163,819.6169,45.89621,MicroBus2-Detailed
1742767029848,13.4647,722,Eye Hit,Center,412.7575,819.6169,45.89621,MicroBus2-Detailed
1742767029867,13.48405,723,Eye Hit,Left,409.6718,826.0934,45.79635,MicroBus2-Detailed
1742767029867,13.48405,723,Eye Hit,Right,408.5869,826.0934,45.79634,MicroBus2-Detailed
1742767029867,13.48405,723,Eye Hit,Center,409.1294,826.0934,45.79634,MicroBus2-Detailed
1742767029889,13.50279,724,Eye Hit,Left,408.735,825.6756,45.77579,MicroBus2-Detailed
1742767029889,13.50279,724,Eye Hit,Right,407.6496,825.6756,45.77579,MicroBus2-Detailed
1742767029889,13.50279,724,Eye Hit,Center,408.1924,825.6756,45.77579,MicroBus2-Detailed
1742767029908,13.52576,725,Eye Hit,Left,408.2545,829.853,45.75308,MicroBus2-Detailed
1742767029908,13.52576,725,Eye Hit,Right,407.1685,829.853,45.75308,MicroBus2-Detailed
1742767029908,13.52576,725,Eye Hit,Center,407.7115,829.853,45.75308,MicroBus2-Detailed
1742767029931,13.54443,726,Eye Hit,Left,410.0216,834.17,45.78129,MicroBus2-Detailed
1742767029931,13.54443,726,Eye Hit,Right,408.9364,834.17,45.78128,MicroBus2-Detailed
1742767029931,13.54443,726,Eye Hit,Center,409.479,834.17,45.78129,MicroBus2-Detailed
1742767029950,13.56758,727,Eye Hit,Left,408.8473,834.4379,45.75319,MicroBus2-Detailed
1742767029950,13.56758,727,Eye Hit,Right,407.7614,834.4379,45.75319,MicroBus2-Detailed
1742767029950,13.56758,727,Eye Hit,Center,408.3043,834.4379,45.75319,MicroBus2-Detailed
1742767029972,13.58754,728,Eye Hit,Left,409.3284,834.7512,45.76343,MicroBus2-Detailed
1742767029972,13.58754,728,Eye Hit,Right,408.2427,834.7512,45.76343,MicroBus2-Detailed
1742767029972,13.58754,728,Eye Hit,Center,408.7856,834.7512,45.76343,MicroBus2-Detailed
1742767029991,13.60815,729,Eye Hit,Left,415.7163,830.6555,45.9242,MicroBus2-Detailed
1742767029991,13.60815,729,Eye Hit,Right,414.6344,830.6555,45.9242,MicroBus2-Detailed
1742767029991,13.60815,729,Eye Hit,Center,415.1754,830.6555,45.9242,MicroBus2-Detailed
1742767030014,13.62705,730,Eye Hit,Left,415.5034,829.2797,45.92347,MicroBus2-Detailed
1742767030014,13.62705,730,Eye Hit,Right,414.4215,829.2797,45.92347,MicroBus2-Detailed
1742767030014,13.62705,730,Eye Hit,Center,414.9625,829.2797,45.92347,MicroBus2-Detailed
1742767030033,13.64988,731,Eye Hit,Left,417.0468,826.2016,45.96717,MicroBus2-Detailed
1742767030033,13.64988,731,Eye Hit,Right,415.966,826.2016,45.96717,MicroBus2-Detailed
1742767030033,13.64988,731,Eye Hit,Center,416.5064,826.2016,45.96717,MicroBus2-Detailed
1742767030055,13.66889,732,Eye Hit,Left,416.7683,826.0544,45.96133,MicroBus2-Detailed
1742767030055,13.66889,732,Eye Hit,Right,415.6873,826.0544,45.96132,MicroBus2-Detailed
1742767030055,13.66889,732,Eye Hit,Center,416.2278,826.0544,45.96132,MicroBus2-Detailed
1742767030071,13.69188,733,Eye Hit,Left,414.5224,825.5732,45.91035,MicroBus2-Detailed
1742767030071,13.69188,733,Eye Hit,Right,413.4402,825.5732,45.91035,MicroBus2-Detailed
1742767030071,13.69188,733,Eye Hit,Center,413.9813,825.5732,45.91034,MicroBus2-Detailed
1742767030110,13.72463,735,Eye Hit,Left,416.19,826.3307,45.9468,MicroBus2-Detailed
1742767030110,13.72463,735,Eye Hit,Right,415.1086,826.3307,45.9468,MicroBus2-Detailed
1742767030110,13.72463,735,Eye Hit,Center,415.6491,826.3307,45.9468,MicroBus2-Detailed
1742767030126,13.74676,736,Eye Hit,Left,416.2485,830.0922,45.93763,MicroBus2-Detailed
1742767030126,13.74676,736,Eye Hit,Right,415.167,830.0922,45.93763,MicroBus2-Detailed
1742767030126,13.74676,736,Eye Hit,Center,415.7078,830.0922,45.93764,MicroBus2-Detailed
1742767030158,13.77815,738,Eye Hit,Left,454.1752,837.176,46.75773,MicroBus2-Detailed
1742767030158,13.77815,738,Eye Hit,Right,453.1126,837.176,46.75773,MicroBus2-Detailed
1742767030158,13.77815,738,Eye Hit,Center,453.644,837.176,46.75773,MicroBus2-Detailed
1742767030180,13.79525,739,Eye Hit,Left,454.2952,836.687,46.76213,MicroBus2-Detailed
1742767030180,13.79525,739,Eye Hit,Right,453.2328,836.687,46.76213,MicroBus2-Detailed
1742767030180,13.79525,739,Eye Hit,Center,453.7642,836.687,46.76212,MicroBus2-Detailed
1742767030197,13.81592,740,,Left,587.7789,919.7202,48.40192,
1742767030197,13.81592,740,,Right,586.7524,919.7202,48.40192,
1742767030197,13.81592,740,,Center,587.2656,919.7202,48.40192,
1742767030213,13.83313,741,,Left,587.3328,919.4543,48.3997,
1742767030213,13.83313,741,,Right,586.3062,919.4543,48.3997,
1742767030213,13.83313,741,,Center,586.8196,919.4543,48.3997,
1742767030249,13.86511,743,,Left,685.4706,972.7284,48.40321,
1742767030249,13.86511,743,,Right,684.4442,972.7284,48.40321,
1742767030249,13.86511,743,,Center,684.9574,972.7284,48.40321,
1742767030268,13.88501,744,,Left,700.884,1015.867,47.68196,
1742767030268,13.88501,744,,Right,699.842,1015.867,47.68196,
1742767030268,13.88501,744,,Center,700.363,1015.867,47.68196,
1742767030283,13.9043,745,,Left,700.6813,1015.46,47.68937,
1742767030283,13.9043,745,,Right,699.6394,1015.46,47.68938,
1742767030283,13.9043,745,,Center,700.1603,1015.46,47.68938,
1742767030322,13.94076,747,,Left,702.4659,1016.123,47.67947,
1742767030322,13.94076,747,,Right,701.424,1016.123,47.67947,
1742767030322,13.94076,747,,Center,701.9449,1016.123,47.67947,
1742767030337,13.95825,748,,Left,702.489,1016.012,47.68166,
1742767030337,13.95825,748,,Right,701.4469,1016.012,47.68166,
1742767030337,13.95825,748,,Center,701.968,1016.012,47.68166,
1742767030375,13.99132,750,,Left,702.8113,1017.722,47.64957,
1742767030375,13.99132,750,,Right,701.7686,1017.722,47.64956,
1742767030375,13.99132,750,,Center,702.29,1017.722,47.64956,
1742767030391,14.01149,751,Eye Hit,Left,716.12,1042.902,47.16121,NorthCarSignal
1742767030391,14.01149,751,Eye Hit,Right,715.0665,1042.902,47.16121,NorthCarSignal
1742767030391,14.01149,751,Eye Hit,Center,715.5933,1042.902,47.16121,NorthCarSignal
1742767030425,14.04301,753,Eye Hit,Left,716.3548,1043.151,47.15603,NorthCarSignal
1742767030425,14.04301,753,Eye Hit,Right,715.3013,1043.151,47.15602,NorthCarSignal
1742767030425,14.04301,753,Eye Hit,Center,715.828,1043.151,47.15602,NorthCarSignal
1742767030445,14.06103,754,Eye Hit,Left,715.4135,1042.963,47.15948,NorthCarSignal
1742767030445,14.06103,754,Eye Hit,Right,714.3599,1042.963,47.15948,NorthCarSignal
1742767030445,14.06103,754,Eye Hit,Center,714.8867,1042.963,47.15948,NorthCarSignal
1742767030462,14.08103,755,Eye Hit,Left,715.3041,1043.261,47.15316,NorthCarSignal
1742767030462,14.08103,755,Eye Hit,Right,714.2505,1043.261,47.15316,NorthCarSignal
1742767030462,14.08103,755,Eye Hit,Center,714.7773,1043.261,47.15316,NorthCarSignal
1742767030500,14.11368,757,Eye Hit,Left,714.7205,1045.637,47.10376,NorthCarSignal
1742767030500,14.11368,757,Eye Hit,Right,713.6657,1045.637,47.10376,NorthCarSignal
1742767030500,14.11368,757,Eye Hit,Center,714.1931,1045.637,47.10376,NorthCarSignal
1742767030517,14.13708,758,Eye Hit,Left,718.3207,1044.593,47.12656,NorthCarSignal
1742767030517,14.13708,758,Eye Hit,Right,717.2665,1044.593,47.12656,NorthCarSignal
1742767030517,14.13708,758,Eye Hit,Center,717.7936,1044.593,47.12656,NorthCarSignal
1742767030534,14.15412,759,Eye Hit,Left,717.5577,1044.399,47.13038,NorthCarSignal
1742767030534,14.15412,759,Eye Hit,Right,716.5035,1044.399,47.13038,NorthCarSignal
1742767030534,14.15412,759,Eye Hit,Center,717.0306,1044.399,47.13038,NorthCarSignal
1742767030573,14.19275,761,Eye Hit,Left,711.6497,1043.924,47.13725,NorthCarSignal
1742767030573,14.19275,761,Eye Hit,Right,710.5956,1043.924,47.13725,NorthCarSignal
1742767030573,14.19275,761,Eye Hit,Center,711.1227,1043.924,47.13725,NorthCarSignal
1742767030589,14.20981,762,Eye Hit,Left,712.7429,1044.193,47.13243,NorthCarSignal
1742767030589,14.20981,762,Eye Hit,Right,711.6888,1044.193,47.13243,NorthCarSignal
1742767030589,14.20981,762,Eye Hit,Center,712.2158,1044.193,47.13243,NorthCarSignal
1742767030625,14.24163,764,Eye Hit,Left,713.0931,1046.753,47.07942,NorthCarSignal
1742767030625,14.24163,764,Eye Hit,Right,712.0378,1046.753,47.07942,NorthCarSignal
1742767030625,14.24163,764,Eye Hit,Center,712.5657,1046.753,47.07942,NorthCarSignal
1742767030644,14.26137,765,Eye Hit,Left,712.6461,1046.647,47.08131,NorthCarSignal
1742767030644,14.26137,765,Eye Hit,Right,711.5908,1046.647,47.08131,NorthCarSignal
1742767030644,14.26137,765,Eye Hit,Center,712.1184,1046.647,47.08131,NorthCarSignal
1742767030660,14.28015,766,Eye Hit,Left,711.3233,1048.34,47.04514,NorthCarSignal
1742767030660,14.28015,766,Eye Hit,Right,710.2672,1048.34,47.04514,NorthCarSignal
1742767030660,14.28015,766,Eye Hit,Center,710.7953,1048.34,47.04514,NorthCarSignal
1742767030703,14.31854,768,Eye Hit,Left,711.9416,1047.856,47.05572,NorthCarSignal
1742767030703,14.31854,768,Eye Hit,Right,710.8857,1047.856,47.05572,NorthCarSignal
1742767030703,14.31854,768,Eye Hit,Center,711.4137,1047.856,47.05572,NorthCarSignal
1742767030729,14.33926,769,Eye Hit,Left,711.1458,1047.81,47.05606,NorthCarSignal
1742767030729,14.33926,769,Eye Hit,Right,710.0898,1047.81,47.05606,NorthCarSignal
1742767030729,14.33926,769,Eye Hit,Center,710.6178,1047.81,47.05606,NorthCarSignal
1742767030755,14.36543,770,Eye Hit,Left,711.6379,1049.298,47.02536,NorthCarSignal
1742767030755,14.36543,770,Eye Hit,Right,710.5814,1049.298,47.02536,NorthCarSignal
1742767030755,14.36543,770,Eye Hit,Center,711.1097,1049.298,47.02536,NorthCarSignal
1742767030783,14.39124,771,Eye Hit,Left,712.1698,1054.454,46.91704,NorthCarSignal
1742767030783,14.39124,771,Eye Hit,Right,711.1108,1054.454,46.91704,NorthCarSignal
1742767030783,14.39124,771,Eye Hit,Center,711.6403,1054.454,46.91704,NorthCarSignal
1742767030810,14.42017,772,Eye Hit,Left,710.5641,1054.507,46.91476,NorthCarSignal
1742767030810,14.42017,772,Eye Hit,Right,709.5051,1054.507,46.91476,NorthCarSignal
1742767030810,14.42017,772,Eye Hit,Center,710.0347,1054.507,46.91476,NorthCarSignal
1742767030840,14.44683,773,,Left,622.2969,987.4204,47.79544,
1742767030840,14.44683,773,,Right,621.2574,987.4204,47.79545,
1742767030840,14.44683,773,,Center,621.7772,987.4204,47.79545,
1742767030867,14.47629,774,Eye Hit,Left,522.0097,912.8434,47.5348,NW_Tree_30
1742767030867,14.47629,774,Eye Hit,Right,520.9645,912.8434,47.5348,NW_Tree_30
1742767030867,14.47629,774,Eye Hit,Center,521.4871,912.8434,47.5348,NW_Tree_30
1742767030894,14.50315,775,Eye Hit,Left,521.4183,913.3821,47.5195,NW_Tree_30
1742767030894,14.50315,775,Eye Hit,Right,520.3727,913.3821,47.5195,NW_Tree_30
1742767030894,14.50315,775,Eye Hit,Center,520.8954,913.3821,47.5195,NW_Tree_30
1742767030922,14.53069,776,Eye Hit,Left,452.195,869.1207,46.55984,NW_Tree_50
1742767030922,14.53069,776,Eye Hit,Right,451.1279,869.1207,46.55984,NW_Tree_50
1742767030922,14.53069,776,Eye Hit,Center,451.6614,869.1207,46.55984,NW_Tree_50
1742767030950,14.55842,777,Eye Hit,Left,453.1041,854.0084,46.66253,MicroBus2-Detailed
1742767030950,14.55842,777,Eye Hit,Right,452.0393,854.0084,46.66253,MicroBus2-Detailed
1742767030950,14.55842,777,Eye Hit,Center,452.5717,854.0084,46.66253,MicroBus2-Detailed
1742767030976,14.58709,778,Eye Hit,Left,460.3409,852.2535,46.82375,MicroBus2-Detailed
1742767030976,14.58709,778,Eye Hit,Right,459.2798,852.2535,46.82375,MicroBus2-Detailed
1742767030976,14.58709,778,Eye Hit,Center,459.8105,852.2535,46.82375,MicroBus2-Detailed
1742767030994,14.61232,779,Eye Hit,Left,461.1704,851.7415,46.84351,MicroBus2-Detailed
1742767030994,14.61232,779,Eye Hit,Right,460.1097,851.7415,46.84351,MicroBus2-Detailed
1742767030994,14.61232,779,Eye Hit,Center,460.6402,851.7415,46.84352,MicroBus2-Detailed
1742767031016,14.62989,780,Eye Hit,Left,461.0435,851.361,46.84273,MicroBus2-Detailed
1742767031016,14.62989,780,Eye Hit,Right,459.9828,851.361,46.84272,MicroBus2-Detailed
1742767031016,14.62989,780,Eye Hit,Center,460.5131,851.361,46.84272,MicroBus2-Detailed
1742767031038,14.65332,781,Eye Hit,Left,457.811,850.5105,46.77896,MicroBus2-Detailed
1742767031038,14.65332,781,Eye Hit,Right,456.7489,850.5105,46.77896,MicroBus2-Detailed
1742767031038,14.65332,781,Eye Hit,Center,457.2799,850.5105,46.77896,MicroBus2-Detailed
1742767031064,14.67392,782,Eye Hit,Left,457.5254,850.7968,46.77167,MicroBus2-Detailed
1742767031064,14.67392,782,Eye Hit,Right,456.4631,850.7968,46.77167,MicroBus2-Detailed
1742767031064,14.67392,782,Eye Hit,Center,456.9942,850.7968,46.77166,MicroBus2-Detailed
1742767031089,14.70075,783,Eye Hit,Left,457.6514,852.8539,46.76444,MicroBus2-Detailed
1742767031089,14.70075,783,Eye Hit,Right,456.589,852.8539,46.76445,MicroBus2-Detailed
1742767031089,14.70075,783,Eye Hit,Center,457.1202,852.8539,46.76444,MicroBus2-Detailed
1742767031117,14.72577,784,Eye Hit,Left,459.0785,851.2583,46.802,MicroBus2-Detailed
1742767031117,14.72577,784,Eye Hit,Right,458.0169,851.2583,46.80199,MicroBus2-Detailed
1742767031117,14.72577,784,Eye Hit,Center,458.5477,851.2583,46.80199,MicroBus2-Detailed
1742767031145,14.75346,785,Eye Hit,Left,463.1497,850.9724,46.88834,MicroBus2-Detailed
1742767031145,14.75346,785,Eye Hit,Right,462.0901,850.9724,46.88833,MicroBus2-Detailed
1742767031145,14.75346,785,Eye Hit,Center,462.6199,850.9724,46.88833,MicroBus2-Detailed
1742767031173,14.78108,786,Eye Hit,Left,463.7914,851.0721,46.90118,MicroBus2-Detailed
1742767031173,14.78108,786,Eye Hit,Right,462.7321,851.0721,46.90119,MicroBus2-Detailed
1742767031173,14.78108,786,Eye Hit,Center,463.2618,851.0721,46.90118,MicroBus2-Detailed
1742767031201,14.80986,787,Eye Hit,Left,464.4473,850.8743,46.91569,MicroBus2-Detailed
1742767031201,14.80986,787,Eye Hit,Right,463.3883,850.8743,46.91569,MicroBus2-Detailed
1742767031201,14.80986,787,Eye Hit,Center,463.9178,850.8743,46.91568,MicroBus2-Detailed
1742767031227,14.83704,788,Eye Hit,Left,464.5393,850.7996,46.91792,MicroBus2-Detailed
1742767031227,14.83704,788,Eye Hit,Right,463.4803,850.7996,46.91792,MicroBus2-Detailed
1742767031227,14.83704,788,Eye Hit,Center,464.0098,850.7996,46.91792,MicroBus2-Detailed
1742767031256,14.86429,789,Eye Hit,Left,457.6453,839.5251,46.8221,MicroBus2-Detailed
1742767031256,14.86429,789,Eye Hit,Right,456.5842,839.5251,46.8221,MicroBus2-Detailed
1742767031256,14.86429,789,Eye Hit,Center,457.1148,839.5251,46.82209,MicroBus2-Detailed
1742767031283,14.89303,790,Eye Hit,Left,457.2503,830.0989,46.84619,MicroBus2-Detailed
1742767031283,14.89303,790,Eye Hit,Right,456.1897,830.0989,46.84619,MicroBus2-Detailed
1742767031283,14.89303,790,Eye Hit,Center,456.72,830.0989,46.84619,MicroBus2-Detailed
1742767031313,14.92027,791,Eye Hit,Left,461.6716,830.0973,46.9393,MicroBus2-Detailed
1742767031313,14.92027,791,Eye Hit,Right,460.6131,830.0973,46.9393,MicroBus2-Detailed
1742767031313,14.92027,791,Eye Hit,Center,461.1424,830.0973,46.93931,MicroBus2-Detailed
1742767031340,14.94915,792,Eye Hit,Left,461.9143,832.8934,46.93546,MicroBus2-Detailed
1742767031340,14.94915,792,Eye Hit,Right,460.8558,832.8934,46.93546,MicroBus2-Detailed
1742767031340,14.94915,792,Eye Hit,Center,461.3852,832.8934,46.93546,MicroBus2-Detailed
1742767031369,14.97682,793,Eye Hit,Left,469.9373,833.9868,47.09796,MicroBus2-Detailed
1742767031369,14.97682,793,Eye Hit,Right,468.8824,833.9868,47.09796,MicroBus2-Detailed
1742767031369,14.97682,793,Eye Hit,Center,469.4098,833.9868,47.09797,MicroBus2-Detailed
1742767031403,15.00545,794,Eye Hit,Left,470.568,833.2808,47.11318,MicroBus2-Detailed
1742767031403,15.00545,794,Eye Hit,Right,469.5135,833.2808,47.11317,MicroBus2-Detailed
1742767031403,15.00545,794,Eye Hit,Center,470.041,833.2808,47.11318,MicroBus2-Detailed
1742767031425,15.0391,795,Eye Hit,Left,472.2055,834.3611,47.14278,MicroBus2-Detailed
1742767031425,15.0391,795,Eye Hit,Right,471.1516,834.3611,47.14278,MicroBus2-Detailed
1742767031425,15.0391,795,Eye Hit,Center,471.6786,834.3611,47.14279,MicroBus2-Detailed
1742767031454,15.06151,796,Eye Hit,Left,471.5117,835.0608,47.12622,MicroBus2-Detailed
1742767031454,15.06151,796,Eye Hit,Right,470.4574,835.0608,47.12622,MicroBus2-Detailed
1742767031454,15.06151,796,Eye Hit,Center,470.9846,835.0608,47.12622,MicroBus2-Detailed
1742767031480,15.09167,797,Eye Hit,Left,470.4007,837.6547,47.0942,MicroBus2-Detailed
1742767031480,15.09167,797,Eye Hit,Right,469.3457,837.6547,47.0942,MicroBus2-Detailed
1742767031480,15.09167,797,Eye Hit,Center,469.8732,837.6547,47.0942,MicroBus2-Detailed
1742767031509,15.1163,798,Eye Hit,Left,475.2225,837.3316,47.19355,MicroBus2-Detailed
1742767031509,15.1163,798,Eye Hit,Right,474.1697,837.3316,47.19356,MicroBus2-Detailed
1742767031509,15.1163,798,Eye Hit,Center,474.696,837.3316,47.19356,MicroBus2-Detailed
1742767031539,15.14584,799,Eye Hit,Left,470.5452,844.3755,47.07025,MicroBus2-Detailed
1742767031539,15.14584,799,Eye Hit,Right,469.4897,844.3755,47.07025,MicroBus2-Detailed
1742767031539,15.14584,799,Eye Hit,Center,470.0174,844.3755,47.07025,MicroBus2-Detailed
1742767031568,15.17503,800,Eye Hit,Left,470.6146,845.0768,47.06861,MicroBus2-Detailed
1742767031568,15.17503,800,Eye Hit,Right,469.559,845.0768,47.06861,MicroBus2-Detailed
1742767031568,15.17503,800,Eye Hit,Center,470.0867,845.0768,47.06861,MicroBus2-Detailed
1742767031597,15.20455,801,Eye Hit,Left,472.0951,840.2114,47.11882,MicroBus2-Detailed
1742767031597,15.20455,801,Eye Hit,Right,471.0406,840.2114,47.11882,MicroBus2-Detailed
1742767031597,15.20455,801,Eye Hit,Center,471.5678,840.2114,47.11882,MicroBus2-Detailed
1742767031619,15.23345,802,Eye Hit,Left,471.8107,839.1699,47.11705,MicroBus2-Detailed
1742767031619,15.23345,802,Eye Hit,Right,470.7563,839.1699,47.11705,MicroBus2-Detailed
1742767031619,15.23345,802,Eye Hit,Center,471.2837,839.1699,47.11704,MicroBus2-Detailed
1742767031643,15.25613,803,Eye Hit,Left,411.4388,816.74,45.85704,MicroBus2-Detailed
1742767031643,15.25613,803,Eye Hit,Right,410.3554,816.74,45.85704,MicroBus2-Detailed
1742767031643,15.25613,803,Eye Hit,Center,410.8971,816.74,45.85703,MicroBus2-Detailed
1742767031673,15.27923,804,Eye Hit,Left,385.8065,811.2839,45.25539,SportCar3-Detailed
1742767031673,15.27923,804,Eye Hit,Right,384.7087,811.2839,45.25539,SportCar3-Detailed
1742767031673,15.27923,804,Eye Hit,Center,385.2576,811.2839,45.2554,SportCar3-Detailed
1742767031702,15.30929,805,Eye Hit,Left,386.0884,804.1238,45.27047,SportCar3-Detailed
1742767031702,15.30929,805,Eye Hit,Right,384.9909,804.1238,45.27047,SportCar3-Detailed
1742767031702,15.30929,805,Eye Hit,Center,385.5396,804.1238,45.27047,SportCar3-Detailed
1742767031732,15.33894,806,Eye Hit,Left,386.3742,804.2037,45.27728,SportCar3-Detailed
1742767031732,15.33894,806,Eye Hit,Right,385.2769,804.2037,45.27727,SportCar3-Detailed
1742767031732,15.33894,806,Eye Hit,Center,385.8256,804.2037,45.27727,SportCar3-Detailed
1742767031760,15.36887,807,Eye Hit,Left,386.4472,804.8438,45.27836,SportCar3-Detailed
1742767031760,15.36887,807,Eye Hit,Right,385.3498,804.8438,45.27836,SportCar3-Detailed
1742767031760,15.36887,807,Eye Hit,Center,385.8986,804.8438,45.27836,SportCar3-Detailed
1742767031785,15.39576,808,Eye Hit,Left,382.8361,809.8134,45.18488,SportCar3-Detailed
1742767031785,15.39576,808,Eye Hit,Right,381.7365,809.8134,45.18488,SportCar3-Detailed
1742767031785,15.39576,808,Eye Hit,Center,382.2863,809.8134,45.18488,SportCar3-Detailed
1742767031814,15.42274,809,Eye Hit,Left,382.696,810.7977,45.1801,SportCar3-Detailed
1742767031814,15.42274,809,Eye Hit,Right,381.5964,810.7977,45.1801,SportCar3-Detailed
1742767031814,15.42274,809,Eye Hit,Center,382.1464,810.7977,45.1801,SportCar3-Detailed
1742767031842,15.44993,810,Eye Hit,Left,387.1282,810.0132,45.28895,SportCar3-Detailed
1742767031842,15.44993,810,Eye Hit,Right,386.0311,810.0132,45.28895,SportCar3-Detailed
1742767031842,15.44993,810,Eye Hit,Center,386.5797,810.0132,45.28895,SportCar3-Detailed
1742767031871,15.47852,811,Eye Hit,Left,387.0944,810.1135,45.28803,SportCar3-Detailed
1742767031871,15.47852,811,Eye Hit,Right,385.9974,810.1135,45.28803,SportCar3-Detailed
1742767031871,15.47852,811,Eye Hit,Center,386.5459,810.1135,45.28803,SportCar3-Detailed
1742767031897,15.50725,812,Eye Hit,Left,387.155,809.8369,45.28975,SportCar3-Detailed
1742767031897,15.50725,812,Eye Hit,Right,386.058,809.8369,45.28975,SportCar3-Detailed
1742767031897,15.50725,812,Eye Hit,Center,386.6065,809.8369,45.28975,SportCar3-Detailed
1742767031928,15.53424,813,Eye Hit,Left,386.3177,807.105,45.27273,SportCar3-Detailed
1742767031928,15.53424,813,Eye Hit,Right,385.2203,807.105,45.27273,SportCar3-Detailed
1742767031928,15.53424,813,Eye Hit,Center,385.769,807.105,45.27273,SportCar3-Detailed
1742767031957,15.5643,814,Eye Hit,Left,385.8062,809.6252,45.25739,SportCar3-Detailed
1742767031957,15.5643,814,Eye Hit,Right,384.7084,809.6252,45.2574,SportCar3-Detailed
1742767031957,15.5643,814,Eye Hit,Center,385.2573,809.6252,45.2574,SportCar3-Detailed
1742767031995,15.60165,815,Eye Hit,Left,387.0172,808.2715,45.28852,SportCar3-Detailed
1742767031996,15.60165,815,Eye Hit,Right,385.9201,808.2715,45.28852,SportCar3-Detailed
1742767031996,15.60165,815,Eye Hit,Center,386.4686,808.2715,45.28852,SportCar3-Detailed
1742767032026,15.63239,816,Eye Hit,Left,388.2966,809.6246,45.31791,SportCar3-Detailed
1742767032026,15.63239,816,Eye Hit,Right,387.2002,809.6246,45.31791,SportCar3-Detailed
1742767032026,15.63239,816,Eye Hit,Center,387.7484,809.6246,45.31791,SportCar3-Detailed
1742767032050,15.66267,817,Eye Hit,Left,389.6989,809.1711,45.35246,SportCar3-Detailed
1742767032050,15.66267,817,Eye Hit,Right,388.6034,809.1711,45.35246,SportCar3-Detailed
1742767032050,15.66267,817,Eye Hit,Center,389.1511,809.1711,45.35246,SportCar3-Detailed
1742767032077,15.68757,818,Eye Hit,Left,388.9693,809.5793,45.3344,SportCar3-Detailed
1742767032077,15.68757,818,Eye Hit,Right,387.8734,809.5793,45.3344,SportCar3-Detailed
1742767032077,15.68757,818,Eye Hit,Center,388.4213,809.5793,45.3344,SportCar3-Detailed
1742767032105,15.71386,819,Eye Hit,Left,389.6882,806.2694,45.35575,SportCar3-Detailed
1742767032105,15.71386,819,Eye Hit,Right,388.5928,806.2694,45.35575,SportCar3-Detailed
1742767032105,15.71386,819,Eye Hit,Center,389.1405,806.2694,45.35575,SportCar3-Detailed
1742767032134,15.74123,820,Eye Hit,Left,389.4654,805.8961,45.35081,SportCar3-Detailed
1742767032134,15.74123,820,Eye Hit,Right,388.3698,805.8961,45.35081,SportCar3-Detailed
1742767032134,15.74123,820,Eye Hit,Center,388.9176,805.8961,45.35081,SportCar3-Detailed
1742767032162,15.77077,821,Eye Hit,Left,387.5381,805.3,45.30479,SportCar3-Detailed
1742767032162,15.77077,821,Eye Hit,Right,386.4414,805.3,45.30479,SportCar3-Detailed
1742767032162,15.77077,821,Eye Hit,Center,386.9897,805.3,45.30479,SportCar3-Detailed
1742767032189,15.79894,822,Eye Hit,Left,393.8003,804.3859,45.45676,SportCar3-Detailed
1742767032189,15.79894,822,Eye Hit,Right,392.7072,804.3859,45.45676,SportCar3-Detailed
1742767032189,15.79894,822,Eye Hit,Center,393.2538,804.3859,45.45676,SportCar3-Detailed
1742767032216,15.82612,823,Eye Hit,Left,523.7592,779.6633,48.18495,MicroBus2-Detailed
1742767032216,15.82612,823,Eye Hit,Right,522.7281,779.6633,48.18494,MicroBus2-Detailed
1742767032216,15.82612,823,Eye Hit,Center,523.2437,779.6633,48.18495,MicroBus2-Detailed
1742767032244,15.85351,824,Eye Hit,Left,523.5593,780.2291,48.18214,MicroBus2-Detailed
1742767032244,15.85351,824,Eye Hit,Right,522.5281,780.2291,48.18214,MicroBus2-Detailed
1742767032244,15.85351,824,Eye Hit,Center,523.0437,780.2291,48.18214,MicroBus2-Detailed
1742767032272,15.88145,825,,Left,405.7697,865.1422,45.5481,
1742767032272,15.88145,825,,Right,404.6789,865.1422,45.5481,
1742767032272,15.88145,825,,Center,405.2243,865.1422,45.5481,
1742767032302,15.90927,826,,Left,405.2652,865.8469,45.53239,
1742767032302,15.90927,826,,Right,404.174,865.8469,45.53239,
1742767032302,15.90927,826,,Center,404.7196,865.8469,45.53239,
1742767032333,15.93906,827,,Left,404.0275,866.27,45.50124,
1742767032333,15.93906,827,,Right,402.9356,866.27,45.50124,
1742767032333,15.93906,827,,Center,403.4815,866.27,45.50124,
1742767032358,15.96976,828,,Left,413.4698,824.1028,45.88882,
1742767032358,15.96976,828,,Right,412.3871,824.1028,45.88882,
1742767032358,15.96976,828,,Center,412.9284,824.1028,45.88882,
1742767032384,15.99472,829,Eye Hit,Left,416.4072,812.6783,45.97983,SportCar3-Detailed
1742767032384,15.99472,829,Eye Hit,Right,415.3266,812.6783,45.97983,SportCar3-Detailed
1742767032384,15.99472,829,Eye Hit,Center,415.8669,812.6783,45.97983,SportCar3-Detailed
1742767032411,16.02157,830,Eye Hit,Left,412.508,811.8177,45.89054,SportCar3-Detailed
1742767032411,16.02157,830,Eye Hit,Right,411.4254,811.8177,45.89055,SportCar3-Detailed
1742767032411,16.02157,830,Eye Hit,Center,411.9667,811.8177,45.89055,SportCar3-Detailed
1742767032438,16.04762,831,Eye Hit,Left,415.1737,805.2372,45.96083,SportCar3-Detailed
1742767032439,16.04762,831,Eye Hit,Right,414.0927,805.2372,45.96083,SportCar3-Detailed
1742767032439,16.04762,831,Eye Hit,Center,414.6332,805.2372,45.96083,SportCar3-Detailed
1742767032466,16.07511,832,Eye Hit,Left,414.7538,805.8151,45.95057,SportCar3-Detailed
1742767032466,16.07511,832,Eye Hit,Right,413.6725,805.8151,45.95057,SportCar3-Detailed
1742767032466,16.07511,832,Eye Hit,Center,414.2132,805.8151,45.95056,SportCar3-Detailed
1742767032493,16.103,833,Eye Hit,Left,419.3027,804.4941,46.05707,SportCar3-Detailed
1742767032493,16.103,833,Eye Hit,Right,418.224,804.4941,46.05707,SportCar3-Detailed
1742767032493,16.103,833,Eye Hit,Center,418.7634,804.4941,46.05707,SportCar3-Detailed
1742767032520,16.12941,834,Eye Hit,Left,419.7662,803.0645,46.06899,SportCar3-Detailed
1742767032520,16.12941,834,Eye Hit,Right,418.6878,803.0645,46.06899,SportCar3-Detailed
1742767032520,16.12941,834,Eye Hit,Center,419.227,803.0645,46.06898,SportCar3-Detailed
1742767032548,16.15826,835,Eye Hit,Left,419.2186,804.4044,46.05519,SportCar3-Detailed
1742767032548,16.15826,835,Eye Hit,Right,418.1398,804.4044,46.05519,SportCar3-Detailed
1742767032548,16.15826,835,Eye Hit,Center,418.6792,804.4044,46.05519,SportCar3-Detailed
1742767032576,16.1854,836,Eye Hit,Left,420.6761,795.8318,46.09408,SportCar3-Detailed
1742767032576,16.1854,836,Eye Hit,Right,419.5983,795.8318,46.09408,SportCar3-Detailed
1742767032576,16.1854,836,Eye Hit,Center,420.1372,795.8318,46.09408,SportCar3-Detailed
1742767032605,16.21321,837,Eye Hit,Left,423.73,794.99,46.16423,SportCar3-Detailed
1742767032605,16.21321,837,Eye Hit,Right,422.6537,794.99,46.16423,SportCar3-Detailed
1742767032606,16.21321,837,Eye Hit,Center,423.1919,794.99,46.16423,SportCar3-Detailed
1742767032635,16.24332,838,Eye Hit,Left,422.5047,795.2222,46.13619,SportCar3-Detailed
1742767032635,16.24332,838,Eye Hit,Right,421.4278,795.2222,46.13619,SportCar3-Detailed
1742767032635,16.24332,838,Eye Hit,Center,421.9662,795.2222,46.13619,SportCar3-Detailed
1742767032662,16.27177,839,Eye Hit,Left,426.9835,794.0258,46.23865,SportCar3-Detailed
1742767032662,16.27177,839,Eye Hit,Right,425.909,794.0258,46.23865,SportCar3-Detailed
1742767032662,16.27177,839,Eye Hit,Center,426.4462,794.0258,46.23865,SportCar3-Detailed
1742767032688,16.29832,840,Eye Hit,Left,435.2979,796.2896,46.42534,SportCar3-Detailed
1742767032688,16.29832,840,Eye Hit,Right,434.2278,796.2896,46.42534,SportCar3-Detailed
1742767032688,16.29832,840,Eye Hit,Center,434.7629,796.2896,46.42534,SportCar3-Detailed
1742767032716,16.32456,841,Eye Hit,Left,444.2473,796.8528,46.62309,SportCar3-Detailed
1742767032716,16.32456,841,Eye Hit,Right,443.1816,796.8528,46.62309,SportCar3-Detailed
1742767032716,16.32456,841,Eye Hit,Center,443.7144,796.8528,46.62309,SportCar3-Detailed
1742767032744,16.35312,842,Eye Hit,Left,447.7853,796.7819,46.70037,SportCar3-Detailed
1742767032744,16.35312,842,Eye Hit,Right,446.7214,796.7819,46.70037,SportCar3-Detailed
1742767032744,16.35312,842,Eye Hit,Center,447.2533,796.7819,46.70037,SportCar3-Detailed
1742767032772,16.38163,843,Eye Hit,Left,452.7222,792.6473,46.80801,SportCar3-Detailed
1742767032772,16.38163,843,Eye Hit,Right,451.6607,792.6473,46.80801,SportCar3-Detailed
1742767032772,16.38163,843,Eye Hit,Center,452.1915,792.6473,46.80802,SportCar3-Detailed
1742767032801,16.40965,844,Eye Hit,Left,454.8229,791.0008,46.85292,SportCar3-Detailed
1742767032801,16.40965,844,Eye Hit,Right,453.7625,791.0008,46.85293,SportCar3-Detailed
1742767032801,16.40965,844,Eye Hit,Center,454.2927,791.0008,46.85292,SportCar3-Detailed
1742767032830,16.43795,845,Eye Hit,Left,454.6176,790.878,46.84848,SportCar3-Detailed
1742767032830,16.43795,845,Eye Hit,Right,453.5571,790.878,46.84848,SportCar3-Detailed
1742767032830,16.43795,845,Eye Hit,Center,454.0872,790.878,46.84848,SportCar3-Detailed
1742767032857,16.46701,846,Eye Hit,Left,457.2518,792.6797,46.90479,SportCar3-Detailed
1742767032857,16.46701,846,Eye Hit,Right,456.1926,792.6797,46.90479,SportCar3-Detailed
1742767032857,16.46701,846,Eye Hit,Center,456.7222,792.6797,46.90479,SportCar3-Detailed
1742767032884,16.49385,847,Eye Hit,Left,469.2917,794.7731,47.15672,SportCar3-Detailed
1742767032884,16.49385,847,Eye Hit,Right,468.2381,794.7731,47.15672,SportCar3-Detailed
1742767032884,16.49385,847,Eye Hit,Center,468.7649,794.7731,47.15672,SportCar3-Detailed
1742767032911,16.52151,848,Eye Hit,Left,472.9783,799.1133,47.23062,SportCar3-Detailed
1742767032911,16.52151,848,Eye Hit,Right,471.9263,799.1133,47.23061,SportCar3-Detailed
1742767032911,16.52151,848,Eye Hit,Center,472.4523,799.1133,47.23061,SportCar3-Detailed
1742767032940,16.54757,849,Eye Hit,Left,484.9461,799.2838,47.47063,SportCar3-Detailed
1742767032940,16.54757,849,Eye Hit,Right,483.8995,799.2838,47.47063,SportCar3-Detailed
1742767032940,16.54757,849,Eye Hit,Center,484.4229,799.2838,47.47063,SportCar3-Detailed
1742767032968,16.57694,850,Eye Hit,Left,484.4518,800.1439,47.46038,SportCar3-Detailed
1742767032968,16.57694,850,Eye Hit,Right,483.4049,800.1439,47.46038,SportCar3-Detailed
1742767032968,16.57694,850,Eye Hit,Center,483.9283,800.1439,47.46038,SportCar3-Detailed
1742767032996,16.60465,851,Eye Hit,Left,486.3318,799.6346,47.49771,SportCar3-Detailed
1742767032996,16.60465,851,Eye Hit,Right,485.2858,799.6346,47.49771,SportCar3-Detailed
1742767032996,16.60465,851,Eye Hit,Center,485.8088,799.6346,47.49771,SportCar3-Detailed
1742767033022,16.63303,852,Eye Hit,Left,491.2468,797.2954,47.59479,SportCar3-Detailed
1742767033022,16.63303,852,Eye Hit,Right,490.2029,797.2954,47.59479,SportCar3-Detailed
1742767033022,16.63303,852,Eye Hit,Center,490.7248,797.2954,47.5948,SportCar3-Detailed
1742767033048,16.65925,853,Eye Hit,Left,492.7038,784.6486,47.62195,SportCar3-Detailed
1742767033048,16.65925,853,Eye Hit,Right,491.6604,784.6486,47.62194,SportCar3-Detailed
1742767033048,16.65925,853,Eye Hit,Center,492.1822,784.6486,47.62195,SportCar3-Detailed
1742767033076,16.68551,854,Eye Hit,Left,504.4705,783.9698,47.84384,SportCar3-Detailed
1742767033076,16.68551,854,Eye Hit,Right,503.432,783.9698,47.84385,SportCar3-Detailed
1742767033076,16.68551,854,Eye Hit,Center,503.9512,783.9698,47.84385,SportCar3-Detailed
1742767033104,16.71321,855,Eye Hit,Left,505.9159,786.1769,47.87196,SportCar3-Detailed
1742767033104,16.71321,855,Eye Hit,Right,504.878,786.1769,47.87196,SportCar3-Detailed
1742767033104,16.71321,855,Eye Hit,Center,505.3969,786.1769,47.87196,SportCar3-Detailed
1742767033134,16.74065,856,Eye Hit,Left,506.815,786.0308,47.88855,SportCar3-Detailed
1742767033134,16.74065,856,Eye Hit,Right,505.7776,786.0308,47.88855,SportCar3-Detailed
1742767033134,16.74065,856,Eye Hit,Center,506.2963,786.0308,47.88855,SportCar3-Detailed
1742767033163,16.77061,857,Eye Hit,Left,508.365,789.4229,47.91821,SportCar3-Detailed
1742767033164,16.77061,857,Eye Hit,Right,507.3281,789.4229,47.91822,SportCar3-Detailed
1742767033164,16.77061,857,Eye Hit,Center,507.8465,789.4229,47.91821,SportCar3-Detailed
1742767033190,16.80011,858,Eye Hit,Left,565.1113,815.3704,48.81755,SportCar3-Detailed
1742767033190,16.80011,858,Eye Hit,Right,564.0936,815.3704,48.81755,SportCar3-Detailed
1742767033190,16.80011,858,Eye Hit,Center,564.6024,815.3704,48.81755,SportCar3-Detailed
1742767033218,16.82657,859,Eye Hit,Left,650.3576,819.9092,49.70578,SportCar3-Detailed
1742767033218,16.82657,859,Eye Hit,Right,649.358,819.9092,49.70577,SportCar3-Detailed
1742767033218,16.82657,859,Eye Hit,Center,649.8578,819.9092,49.70577,SportCar3-Detailed
1742767033246,16.85544,860,Eye Hit,Left,657.584,815.8729,49.76225,SportCar3-Detailed
1742767033246,16.85544,860,Eye Hit,Right,656.5856,815.8729,49.76224,SportCar3-Detailed
1742767033246,16.85544,860,Eye Hit,Center,657.0848,815.8729,49.76224,SportCar3-Detailed
1742767033274,16.88249,861,Eye Hit,Left,658.2172,818.9628,49.7586,SportCar3-Detailed
1742767033274,16.88249,861,Eye Hit,Right,657.2187,818.9628,49.75861,SportCar3-Detailed
1742767033274,16.88249,861,Eye Hit,Center,657.7179,818.9628,49.75861,SportCar3-Detailed
1742767033305,16.91072,862,Eye Hit,Left,658.6007,819.528,49.75943,SportCar3-Detailed
1742767033305,16.91072,862,Eye Hit,Right,657.6022,819.528,49.75943,SportCar3-Detailed
1742767033305,16.91072,862,Eye Hit,Center,658.1015,819.528,49.75943,SportCar3-Detailed
1742767033330,16.94142,863,Eye Hit,Left,659.4855,819.2319,49.76569,SportCar3-Detailed
1742767033330,16.94142,863,Eye Hit,Right,658.4871,819.2319,49.76568,SportCar3-Detailed
1742767033330,16.94142,863,Eye Hit,Center,658.9863,819.2319,49.76568,SportCar3-Detailed
1742767033358,16.96672,864,Eye Hit,Left,646.313,818.8832,49.68108,SportCar3-Detailed
1742767033358,16.96672,864,Eye Hit,Right,645.313,818.8832,49.68107,SportCar3-Detailed
1742767033358,16.96672,864,Eye Hit,Center,645.813,818.8832,49.68108,SportCar3-Detailed
1742767033384,16.9947,865,Eye Hit,Left,636.451,819.8264,49.60399,SportCar3-Detailed
1742767033384,16.9947,865,Eye Hit,Right,635.4495,819.8264,49.604,SportCar3-Detailed
1742767033384,16.9947,865,Eye Hit,Center,635.9503,819.8264,49.60399,SportCar3-Detailed
1742767033413,17.0217,866,Eye Hit,Left,630.9653,819.0507,49.56054,SportCar3-Detailed
1742767033413,17.0217,866,Eye Hit,Right,629.9628,819.0507,49.56054,SportCar3-Detailed
1742767033413,17.0217,866,Eye Hit,Center,630.4641,819.0507,49.56054,SportCar3-Detailed
1742767033441,17.05034,867,Eye Hit,Left,615.9569,819.7744,49.42047,SportCar3-Detailed
1742767033441,17.05034,867,Eye Hit,Right,614.9515,819.7744,49.42047,SportCar3-Detailed
1742767033441,17.05034,867,Eye Hit,Center,615.4542,819.7744,49.42048,SportCar3-Detailed
1742767033469,17.07858,868,Eye Hit,Left,605.7075,822.2574,49.30791,SportCar3-Detailed
1742767033469,17.07858,868,Eye Hit,Right,604.6998,822.2574,49.30791,SportCar3-Detailed
1742767033469,17.07858,868,Eye Hit,Center,605.2037,822.2574,49.30791,SportCar3-Detailed
1742767033496,17.10632,869,Eye Hit,Left,606.1403,821.9866,49.31363,SportCar3-Detailed
1742767033496,17.10632,869,Eye Hit,Right,605.1328,821.9866,49.31364,SportCar3-Detailed
1742767033496,17.10632,869,Eye Hit,Center,605.6366,821.9866,49.31363,SportCar3-Detailed
1742767033524,17.13308,870,Eye Hit,Left,605.1644,821.6311,49.30409,SportCar3-Detailed
1742767033524,17.13308,870,Eye Hit,Right,604.1567,821.6311,49.30409,SportCar3-Detailed
1742767033524,17.13308,870,Eye Hit,Center,604.6605,821.6311,49.30409,SportCar3-Detailed
1742767033552,17.1604,871,Eye Hit,Left,604.4703,823.8025,49.29022,SportCar3-Detailed
1742767033552,17.1604,871,Eye Hit,Right,603.4623,823.8025,49.29022,SportCar3-Detailed
1742767033552,17.1604,871,Eye Hit,Center,603.9663,823.8025,49.29022,SportCar3-Detailed
1742767033581,17.18954,872,Eye Hit,Left,609.3377,823.5281,49.34291,SportCar3-Detailed
1742767033581,17.18954,872,Eye Hit,Right,608.3308,823.5281,49.34291,SportCar3-Detailed
1742767033581,17.18954,872,Eye Hit,Center,608.8342,823.5281,49.34291,SportCar3-Detailed
1742767033610,17.2181,873,Eye Hit,Left,609.2014,822.6858,49.34391,SportCar3-Detailed
1742767033610,17.2181,873,Eye Hit,Right,608.1944,822.6858,49.34391,SportCar3-Detailed
1742767033610,17.2181,873,Eye Hit,Center,608.698,822.6858,49.34391,SportCar3-Detailed
1742767033635,17.24667,874,Eye Hit,Left,604.4235,821.4326,49.29628,SportCar3-Detailed
1742767033635,17.24667,874,Eye Hit,Right,603.4156,821.4326,49.29628,SportCar3-Detailed
1742767033635,17.24667,874,Eye Hit,Center,603.9194,821.4326,49.29628,SportCar3-Detailed
1742767033662,17.27107,875,Eye Hit,Left,598.5786,820.4554,49.23405,SportCar3-Detailed
1742767033662,17.27107,875,Eye Hit,Right,597.5694,820.4554,49.23405,SportCar3-Detailed
1742767033662,17.27107,875,Eye Hit,Center,598.074,820.4554,49.23405,SportCar3-Detailed
1742767033690,17.2994,876,Eye Hit,Left,582.053,815.5889,49.04617,SportCar3-Detailed
1742767033690,17.2994,876,Eye Hit,Right,581.04,815.5889,49.04617,SportCar3-Detailed
1742767033690,17.2994,876,Eye Hit,Center,581.5464,815.5889,49.04617,SportCar3-Detailed
1742767033720,17.32697,877,Eye Hit,Left,562.5106,815.0021,48.78286,SportCar3-Detailed
1742767033720,17.32697,877,Eye Hit,Right,561.4921,815.0021,48.78286,SportCar3-Detailed
1742767033720,17.32697,877,Eye Hit,Center,562.0013,815.0021,48.78286,SportCar3-Detailed
1742767033746,17.35741,878,Eye Hit,Left,650.9447,848.1647,49.59742,SportCar3-Detailed
1742767033746,17.35741,878,Eye Hit,Right,649.9429,848.1647,49.59742,SportCar3-Detailed
1742767033746,17.35741,878,Eye Hit,Center,650.4438,848.1647,49.59742,SportCar3-Detailed
1742767033774,17.38661,879,Eye Hit,Left,780.3931,916.7252,49.07159,MicroBus4-Detailed
1742767033774,17.38661,879,Eye Hit,Right,779.3806,916.7252,49.07159,MicroBus4-Detailed
1742767033774,17.38661,879,Eye Hit,Center,779.8868,916.7252,49.07159,MicroBus4-Detailed
1742767033802,17.41291,880,Eye Hit,Left,817.6493,913.7966,48.83475,MicroBus4-Detailed
1742767033802,17.41291,880,Eye Hit,Right,816.632,913.7966,48.83474,MicroBus4-Detailed
1742767033803,17.41291,880,Eye Hit,Center,817.1406,913.7966,48.83475,MicroBus4-Detailed
1742767033826,17.4404,881,Eye Hit,Left,749.1974,899.5458,49.3852,MicroBus4-Detailed
1742767033827,17.4404,881,Eye Hit,Right,748.1914,899.5458,49.3852,MicroBus4-Detailed
1742767033827,17.4404,881,Eye Hit,Center,748.6944,899.5458,49.3852,MicroBus4-Detailed
1742767033852,17.46443,882,Eye Hit,Left,789.3284,892.5405,49.2686,MicroBus4-Detailed
1742767033852,17.46443,882,Eye Hit,Right,788.3199,892.5405,49.2686,MicroBus4-Detailed
1742767033852,17.46443,882,Eye Hit,Center,788.8241,892.5405,49.2686,MicroBus4-Detailed
1742767033890,17.49183,883,Eye Hit,Left,766.8983,883.9006,49.46811,MicroBus4-Detailed
1742767033890,17.49183,883,Eye Hit,Right,765.8939,883.9006,49.46811,MicroBus4-Detailed
1742767033890,17.49183,883,Eye Hit,Center,766.3961,883.9006,49.46811,MicroBus4-Detailed
1742767033930,17.52973,884,Eye Hit,Left,741.474,874.6832,49.62564,MicroBus4-Detailed
1742767033930,17.52973,884,Eye Hit,Right,740.4728,874.6832,49.62563,MicroBus4-Detailed
1742767033930,17.52973,884,Eye Hit,Center,740.9734,874.6832,49.62564,MicroBus4-Detailed
1742767033968,17.5688,885,,Left,734.8366,871.9276,49.65875,
1742767033968,17.5688,885,,Right,733.8361,871.9276,49.65874,
1742767033968,17.5688,885,,Center,734.3363,871.9276,49.65874,
1742767034009,17.60688,886,,Left,739.6835,884.7457,49.54531,
1742767034009,17.60688,886,,Right,738.6807,884.7457,49.54531,
1742767034009,17.60688,886,,Center,739.1821,884.7457,49.54531,
1742767034052,17.64748,887,,Left,687.1543,890.8483,49.45745,
1742767034052,17.64748,887,,Right,686.1497,890.8483,49.45744,
1742767034052,17.64748,887,,Center,686.652,890.8483,49.45744,
1742767034080,17.69286,888,,Left,634.5671,897.7096,49.09919,
1742767034080,17.69286,888,,Right,633.5552,897.7096,49.09919,
1742767034080,17.69286,888,,Center,634.0611,897.7096,49.09919,
1742767034119,17.71903,889,,Left,561.5176,904.3528,48.22815,
1742767034119,17.71903,889,,Right,560.4874,904.3528,48.22815,
1742767034119,17.71903,889,,Center,561.0025,904.3528,48.22815,
1742767034164,17.75747,890,,Left,546.5096,909.2486,47.96202,
1742767034164,17.75747,890,,Right,545.4738,909.2486,47.96202,
1742767034164,17.75747,890,,Center,545.9917,909.2486,47.96202,
1742767034194,17.80375,891,,Left,690.796,907.4214,49.3004,
1742767034194,17.80375,891,,Right,689.7882,907.4214,49.30041,
1742767034194,17.80375,891,,Center,690.2921,907.4214,49.3004,
1742767034217,17.83231,892,,Left,749.6607,901.564,49.36296,
1742767034217,17.83231,892,,Right,748.6542,901.564,49.36297,
1742767034217,17.83231,892,,Center,749.1573,901.564,49.36296,
1742767034258,17.85645,893,Eye Hit,Left,776.0751,865.0822,49.57213,SportCar3-Detailed
1742767034258,17.85645,893,Eye Hit,Right,775.0728,865.0822,49.57213,SportCar3-Detailed
1742767034258,17.85645,893,Eye Hit,Center,775.5739,865.0822,49.57213,SportCar3-Detailed
1742767034288,17.89745,894,Eye Hit,Left,807.2061,845.2631,49.48026,SportCar3-Detailed
1742767034288,17.89745,894,Eye Hit,Right,806.202,845.2631,49.48026,SportCar3-Detailed
1742767034288,17.89745,894,Eye Hit,Center,806.7041,845.2631,49.48026,SportCar3-Detailed
1742767034315,17.92671,895,Eye Hit,Left,821.3487,833.6541,49.40716,SportCar3-Detailed
1742767034315,17.92671,895,Eye Hit,Right,820.343,833.6541,49.40717,SportCar3-Detailed
1742767034315,17.92671,895,Eye Hit,Center,820.8458,833.6541,49.40716,SportCar3-Detailed
1742767034345,17.95398,896,Eye Hit,Left,805.1885,833.3283,49.55109,SportCar3-Detailed
1742767034345,17.95398,896,Eye Hit,Right,804.1859,833.3283,49.55109,SportCar3-Detailed
1742767034345,17.95398,896,Eye Hit,Center,804.6872,833.3283,49.55109,SportCar3-Detailed
1742767034374,17.99103,897,Eye Hit,Left,761.121,831.9184,49.82264,SportCar3-Detailed
1742767034374,17.99103,897,Eye Hit,Right,760.1237,831.9184,49.82264,SportCar3-Detailed
1742767034374,17.99103,897,Eye Hit,Center,760.6224,831.9184,49.82264,SportCar3-Detailed
1742767034415,18.01273,898,Eye Hit,Left,695.2171,831.1318,49.87664,SportCar3-Detailed
1742767034415,18.01273,898,Eye Hit,Right,694.2209,831.1318,49.87663,SportCar3-Detailed
1742767034415,18.01273,898,Eye Hit,Center,694.719,831.1318,49.87663,SportCar3-Detailed
1742767034457,18.05526,899,Eye Hit,Left,691.7546,836.5172,49.84607,SportCar3-Detailed
1742767034457,18.05526,899,Eye Hit,Right,690.7578,836.5172,49.84608,SportCar3-Detailed
1742767034457,18.05526,899,Eye Hit,Center,691.2562,836.5172,49.84607,SportCar3-Detailed
1742767034500,18.09597,900,Eye Hit,Left,788.3011,833.2934,49.67564,SportCar3-Detailed
1742767034500,18.09597,900,Eye Hit,Right,787.301,833.2934,49.67564,SportCar3-Detailed
1742767034500,18.09597,900,Eye Hit,Center,787.8011,833.2934,49.67564,SportCar3-Detailed
1742767034541,18.13856,901,Eye Hit,Left,858.3552,815.3719,49.0517,SportCar3-Detailed
1742767034541,18.13856,901,Eye Hit,Right,857.3423,815.3719,49.0517,SportCar3-Detailed
1742767034541,18.13856,901,Eye Hit,Center,857.8487,815.3719,49.05171,SportCar3-Detailed
1742767034570,18.17976,902,Eye Hit,Left,911.0386,808.8497,48.28359,SportCar3-Detailed
1742767034570,18.17976,902,Eye Hit,Right,910.0096,808.8497,48.28358,SportCar3-Detailed
1742767034570,18.17976,902,Eye Hit,Center,910.524,808.8497,48.28359,SportCar3-Detailed
1742767034600,18.20752,903,Eye Hit,Left,895.1221,811.7744,48.53708,SportCar3-Detailed
1742767034600,18.20752,903,Eye Hit,Right,894.0984,811.7744,48.53708,SportCar3-Detailed
1742767034600,18.20752,903,Eye Hit,Center,894.6103,811.7744,48.53707,SportCar3-Detailed
1742767034630,18.2374,904,Eye Hit,Left,885.2427,823.173,48.66213,SportCar3-Detailed
1742767034630,18.2374,904,Eye Hit,Right,884.2217,823.173,48.66212,SportCar3-Detailed
1742767034630,18.2374,904,Eye Hit,Center,884.7322,823.173,48.66212,SportCar3-Detailed
1742767034660,18.26724,905,Eye Hit,Left,905.2478,815.2911,48.36894,SportCar3-Detailed
1742767034660,18.26724,905,Eye Hit,Right,904.2206,815.2911,48.36894,SportCar3-Detailed
1742767034660,18.26724,905,Eye Hit,Center,904.7343,815.2911,48.36895,SportCar3-Detailed
1742767034691,18.29758,906,Eye Hit,Left,891.2346,829.6808,48.55182,SportCar3-Detailed
1742767034691,18.29758,906,Eye Hit,Right,890.2112,829.6808,48.55182,SportCar3-Detailed
1742767034691,18.29758,906,Eye Hit,Center,890.7229,829.6808,48.55182,SportCar3-Detailed
1742767034719,18.3285,907,Eye Hit,Left,906.3746,826.4277,48.32257,SportCar3-Detailed
1742767034719,18.3285,907,Eye Hit,Right,905.3465,826.4277,48.32257,SportCar3-Detailed
1742767034719,18.3285,907,Eye Hit,Center,905.8605,826.4277,48.32257,SportCar3-Detailed
1742767034746,18.35788,908,Eye Hit,Left,895.7941,828.4003,48.48623,SportCar3-Detailed
1742767034746,18.35788,908,Eye Hit,Right,894.7695,828.4003,48.48623,SportCar3-Detailed
1742767034746,18.35788,908,Eye Hit,Center,895.2818,828.4003,48.48623,SportCar3-Detailed
1742767034775,18.38355,909,Eye Hit,Left,895.1367,827.2386,48.50046,SportCar3-Detailed
1742767034775,18.38355,909,Eye Hit,Right,894.1122,827.2386,48.50045,SportCar3-Detailed
1742767034775,18.38355,909,Eye Hit,Center,894.6245,827.2386,48.50046,SportCar3-Detailed
1742767034802,18.41252,910,Eye Hit,Left,886.7052,827.5638,48.62854,SportCar3-Detailed
1742767034802,18.41252,910,Eye Hit,Right,885.6835,827.5638,48.62854,SportCar3-Detailed
1742767034802,18.41252,910,Eye Hit,Center,886.1943,827.5638,48.62854,SportCar3-Detailed
1742767034830,18.43909,911,Eye Hit,Left,888.1682,828.1097,48.60515,SportCar3-Detailed
1742767034830,18.43909,911,Eye Hit,Right,887.1461,828.1097,48.60515,SportCar3-Detailed
1742767034830,18.43909,911,Eye Hit,Center,887.6571,828.1097,48.60516,SportCar3-Detailed
1742767034859,18.46773,912,Eye Hit,Left,887.0956,828.3619,48.62083,SportCar3-Detailed
1742767034859,18.46773,912,Eye Hit,Right,886.0737,828.3619,48.62083,SportCar3-Detailed
1742767034859,18.46773,912,Eye Hit,Center,886.5847,828.3619,48.62084,SportCar3-Detailed
1742767034887,18.49706,913,Eye Hit,Left,883.2134,828.152,48.67918,SportCar3-Detailed
1742767034887,18.49706,913,Eye Hit,Right,882.1928,828.152,48.67918,SportCar3-Detailed
1742767034887,18.49706,913,Eye Hit,Center,882.7031,828.152,48.67918,SportCar3-Detailed
1742767034914,18.52549,914,Eye Hit,Left,886.498,828.8184,48.62878,SportCar3-Detailed
1742767034914,18.52549,914,Eye Hit,Right,885.4764,828.8184,48.62878,SportCar3-Detailed
1742767034914,18.52549,914,Eye Hit,Center,885.9873,828.8184,48.62878,SportCar3-Detailed
1742767034941,18.55158,915,Eye Hit,Left,880.5986,826.5555,48.72301,SportCar3-Detailed
1742767034941,18.55158,915,Eye Hit,Right,879.579,826.5555,48.72301,SportCar3-Detailed
1742767034941,18.55158,915,Eye Hit,Center,880.0887,826.5555,48.723,SportCar3-Detailed
1742767034971,18.57858,916,Eye Hit,Left,884.4899,825.2067,48.67015,SportCar3-Detailed
1742767034971,18.57858,916,Eye Hit,Right,883.4691,825.2067,48.67015,SportCar3-Detailed
1742767034971,18.57858,916,Eye Hit,Center,883.9796,825.2067,48.67015,SportCar3-Detailed
1742767034997,18.6083,917,Eye Hit,Left,895.7031,822.843,48.50602,SportCar3-Detailed
1742767034997,18.6083,917,Eye Hit,Right,894.6788,822.843,48.50602,SportCar3-Detailed
1742767034997,18.6083,917,Eye Hit,Center,895.1908,822.843,48.50602,SportCar3-Detailed
1742767035026,18.63393,918,Eye Hit,Left,899.1862,823.9559,48.44856,SportCar3-Detailed
1742767035026,18.63393,918,Eye Hit,Right,898.1607,823.9559,48.44856,SportCar3-Detailed
1742767035026,18.63393,918,Eye Hit,Center,898.6734,823.9559,48.44856,SportCar3-Detailed
1742767035054,18.66333,919,Eye Hit,Left,901.5115,828.8529,48.39639,SportCar3-Detailed
1742767035054,18.66333,919,Eye Hit,Right,900.4849,828.8529,48.39639,SportCar3-Detailed
1742767035054,18.66333,919,Eye Hit,Center,900.9982,828.8529,48.39639,SportCar3-Detailed
1742767035081,18.6922,920,Eye Hit,Left,903.7155,828.3184,48.36243,SportCar3-Detailed
1742767035081,18.6922,920,Eye Hit,Right,902.6882,828.3184,48.36244,SportCar3-Detailed
1742767035081,18.6922,920,Eye Hit,Center,903.2019,828.3184,48.36244,SportCar3-Detailed
1742767035108,18.71886,921,Eye Hit,Left,905.7949,835.6407,48.30241,SportCar3-Detailed
1742767035108,18.71886,921,Eye Hit,Right,904.7664,835.6407,48.30241,SportCar3-Detailed
1742767035108,18.71886,921,Eye Hit,Center,905.2806,835.6407,48.30241,SportCar3-Detailed
1742767035136,18.74504,922,Eye Hit,Left,910.2731,835.8157,48.2278,SportCar3-Detailed
1742767035136,18.74504,922,Eye Hit,Right,909.2429,835.8157,48.2278,SportCar3-Detailed
1742767035136,18.74504,922,Eye Hit,Center,909.7582,835.8157,48.2278,SportCar3-Detailed
1742767035166,18.7727,923,Eye Hit,Left,914.7778,834.7867,48.15586,SportCar3-Detailed
1742767035166,18.7727,923,Eye Hit,Right,913.7462,834.7867,48.15586,SportCar3-Detailed
1742767035166,18.7727,923,Eye Hit,Center,914.262,834.7867,48.15586,SportCar3-Detailed
1742767035192,18.80288,924,Eye Hit,Left,921.6129,834.114,48.04115,SportCar3-Detailed
1742767035192,18.80288,924,Eye Hit,Right,920.5786,834.114,48.04115,SportCar3-Detailed
1742767035192,18.80288,924,Eye Hit,Center,921.0958,834.114,48.04115,SportCar3-Detailed
1742767035220,18.82977,925,Eye Hit,Left,929.7054,835.8071,47.89136,SportCar3-Detailed
1742767035220,18.82977,925,Eye Hit,Right,928.668,835.8071,47.89136,SportCar3-Detailed
1742767035220,18.82977,925,Eye Hit,Center,929.1865,835.8071,47.89135,SportCar3-Detailed
1742767035239,18.85732,926,Eye Hit,Left,927.4007,836.6395,47.92915,SportCar3-Detailed
1742767035239,18.85732,926,Eye Hit,Right,926.3641,836.6395,47.92915,SportCar3-Detailed
1742767035239,18.85732,926,Eye Hit,Center,926.8823,836.6395,47.92913,SportCar3-Detailed
1742767035262,18.87547,927,Eye Hit,Left,933.7943,838.0038,47.80838,SportCar3-Detailed
1742767035262,18.87547,927,Eye Hit,Right,932.7551,838.0038,47.80838,SportCar3-Detailed
1742767035262,18.87547,927,Eye Hit,Center,933.2747,838.0038,47.80838,SportCar3-Detailed
1742767035279,18.89834,928,Eye Hit,Left,936.0272,837.3135,47.77032,SportCar3-Detailed
1742767035279,18.89834,928,Eye Hit,Right,934.9871,837.3135,47.77031,SportCar3-Detailed
1742767035279,18.89834,928,Eye Hit,Center,935.5071,837.3135,47.77031,SportCar3-Detailed
1742767035302,18.91543,929,Eye Hit,Left,952.4277,842.2161,47.44054,MicroBus2-Detailed
1742767035302,18.91543,929,Eye Hit,Right,951.3804,842.2161,47.44054,MicroBus2-Detailed
1742767035302,18.91543,929,Eye Hit,Center,951.9041,842.2161,47.44054,MicroBus2-Detailed
1742767035331,18.93861,930,Eye Hit,Left,951.7263,839.3994,47.46556,SportCar3-Detailed
1742767035331,18.93861,930,Eye Hit,Right,950.6796,839.3994,47.46557,SportCar3-Detailed
1742767035331,18.93861,930,Eye Hit,Center,951.2029,839.3994,47.46556,SportCar3-Detailed
1742767035349,18.96778,931,Eye Hit,Left,953.2334,838.8298,47.43872,SportCar3-Detailed
1742767035349,18.96778,931,Eye Hit,Right,952.186,838.8298,47.43872,SportCar3-Detailed
1742767035349,18.96778,931,Eye Hit,Center,952.7097,838.8298,47.43872,SportCar3-Detailed
1742767035372,18.98591,932,Eye Hit,Left,957.7908,837.3323,47.35514,SportCar3-Detailed
1742767035372,18.98591,932,Eye Hit,Right,956.7416,837.3323,47.35514,SportCar3-Detailed
1742767035372,18.98591,932,Eye Hit,Center,957.2662,837.3323,47.35514,SportCar3-Detailed
1742767035391,19.00851,933,Eye Hit,Left,965.2944,837.5404,47.20436,SportCar3-Detailed
1742767035391,19.00851,933,Eye Hit,Right,964.2419,837.5404,47.20436,SportCar3-Detailed
1742767035391,19.00851,933,Eye Hit,Center,964.7681,837.5404,47.20436,SportCar3-Detailed
1742767035414,19.02736,934,Eye Hit,Left,967.8702,837.0305,47.15434,SportCar3-Detailed
1742767035414,19.02736,934,Eye Hit,Right,966.8165,837.0305,47.15434,SportCar3-Detailed
1742767035414,19.02736,934,Eye Hit,Center,967.3434,837.0305,47.15434,SportCar3-Detailed
1742767035432,19.05008,935,Eye Hit,Left,965.0957,846.515,47.17146,MicroBus5-Detailed
1742767035432,19.05008,935,Eye Hit,Right,964.0425,846.515,47.17146,MicroBus5-Detailed
1742767035432,19.05008,935,Eye Hit,Center,964.5692,846.515,47.17147,MicroBus5-Detailed
1742767035456,19.06853,936,Eye Hit,Left,967.9293,846.1035,47.11642,MicroBus5-Detailed
1742767035456,19.06853,936,Eye Hit,Right,966.8749,846.1035,47.11641,MicroBus5-Detailed
1742767035456,19.06853,936,Eye Hit,Center,967.4022,846.1035,47.11642,MicroBus5-Detailed
1742767035474,19.09295,937,Eye Hit,Left,948.4358,851.9802,47.47183,MicroBus5-Detailed
1742767035474,19.09295,937,Eye Hit,Right,947.3892,851.9802,47.47183,MicroBus5-Detailed
1742767035474,19.09295,937,Eye Hit,Center,947.9126,851.9802,47.47184,MicroBus5-Detailed
1742767035497,19.10978,938,Eye Hit,Left,941.6295,851.5445,47.60191,MicroBus5-Detailed
1742767035497,19.10978,938,Eye Hit,Right,940.5858,851.5445,47.60191,MicroBus5-Detailed
1742767035497,19.10978,938,Eye Hit,Center,941.1077,851.5445,47.60191,MicroBus5-Detailed
1742767035515,19.13353,939,Eye Hit,Left,942.5794,851.2334,47.58575,MicroBus5-Detailed
1742767035515,19.13353,939,Eye Hit,Right,941.5353,851.2334,47.58575,MicroBus5-Detailed
1742767035515,19.13353,939,Eye Hit,Center,942.0573,851.2334,47.58575,MicroBus5-Detailed
1742767035539,19.1517,940,Eye Hit,Left,942.5354,850.8395,47.58873,MicroBus5-Detailed
1742767035539,19.1517,940,Eye Hit,Right,941.4913,850.8395,47.58873,MicroBus5-Detailed
1742767035539,19.1517,940,Eye Hit,Center,942.0134,850.8395,47.58874,MicroBus5-Detailed
1742767035556,19.17572,941,Eye Hit,Left,938.7324,850.6577,47.66034,MicroBus5-Detailed
1742767035556,19.17572,941,Eye Hit,Right,937.6899,850.6577,47.66034,MicroBus5-Detailed
1742767035556,19.17572,941,Eye Hit,Center,938.2111,850.6577,47.66034,MicroBus5-Detailed
1742767035574,19.19266,942,Eye Hit,Left,939.368,851.2571,47.64565,MicroBus5-Detailed
1742767035574,19.19266,942,Eye Hit,Right,938.3251,851.2571,47.64564,MicroBus5-Detailed
1742767035574,19.19266,942,Eye Hit,Center,938.8466,851.2571,47.64564,MicroBus5-Detailed
1742767035595,19.2102,943,Eye Hit,Left,938.1631,852.4776,47.66144,MicroBus5-Detailed
1742767035595,19.2102,943,Eye Hit,Right,937.1205,852.4776,47.66144,MicroBus5-Detailed
1742767035595,19.2102,943,Eye Hit,Center,937.6418,852.4776,47.66144,MicroBus5-Detailed
1742767035613,19.23161,944,Eye Hit,Left,938.3042,852.1662,47.6604,MicroBus5-Detailed
1742767035613,19.23161,944,Eye Hit,Right,937.2617,852.1662,47.6604,MicroBus5-Detailed
1742767035613,19.23161,944,Eye Hit,Center,937.7828,852.1662,47.6604,MicroBus5-Detailed
1742767035630,19.24898,945,Eye Hit,Left,927.6212,849.2031,47.86868,MicroBus5-Detailed
1742767035630,19.24898,945,Eye Hit,Right,926.5833,849.2031,47.86868,MicroBus5-Detailed
1742767035630,19.24898,945,Eye Hit,Center,927.1022,849.2031,47.86868,MicroBus5-Detailed
1742767035651,19.266,946,Eye Hit,Left,928.8599,849.0628,47.84734,MicroBus5-Detailed
1742767035651,19.266,946,Eye Hit,Right,927.8215,849.0628,47.84734,MicroBus5-Detailed
1742767035651,19.266,946,Eye Hit,Center,928.3407,849.0628,47.84734,MicroBus5-Detailed
1742767035668,19.28885,947,Eye Hit,Left,926.0211,848.8288,47.89882,MicroBus5-Detailed
1742767035668,19.28885,947,Eye Hit,Right,924.9838,848.8288,47.89882,MicroBus5-Detailed
1742767035668,19.28885,947,Eye Hit,Center,925.5024,848.8288,47.89882,MicroBus5-Detailed
1742767035706,19.32114,949,Eye Hit,Left,925.4591,849.433,47.90509,MicroBus5-Detailed
1742767035706,19.32114,949,Eye Hit,Right,924.4219,849.433,47.90509,MicroBus5-Detailed
1742767035706,19.32114,949,Eye Hit,Center,924.9405,849.433,47.90509,MicroBus5-Detailed
1742767035726,19.342,950,Eye Hit,Left,924.8413,854.582,47.88951,MicroBus5-Detailed
1742767035726,19.342,950,Eye Hit,Right,923.8038,854.582,47.8895,MicroBus5-Detailed
1742767035726,19.342,950,Eye Hit,Center,924.3225,854.582,47.8895,MicroBus5-Detailed
1742767035749,19.36242,951,Eye Hit,Left,925.1093,855.4916,47.87979,MicroBus5-Detailed
1742767035749,19.36242,951,Eye Hit,Right,924.0715,855.4916,47.8798,MicroBus5-Detailed
1742767035749,19.36242,951,Eye Hit,Center,924.5905,855.4916,47.8798,MicroBus5-Detailed
1742767035768,19.38589,952,Eye Hit,Left,924.6468,856.7501,47.88111,MicroBus5-Detailed
1742767035768,19.38589,952,Eye Hit,Right,923.6092,856.7501,47.88111,MicroBus5-Detailed
1742767035768,19.38589,952,Eye Hit,Center,924.1281,856.7501,47.88111,MicroBus5-Detailed
1742767035793,19.40456,953,Eye Hit,Left,923.931,857.7318,47.88798,MicroBus5-Detailed
1742767035793,19.40456,953,Eye Hit,Right,922.8936,857.7318,47.88798,MicroBus5-Detailed
1742767035793,19.40456,953,Eye Hit,Center,923.4121,857.7318,47.88799,MicroBus5-Detailed
1742767035808,19.42968,954,Eye Hit,Left,934.1126,863.9149,47.67044,MicroBus5-Detailed
1742767035808,19.42968,954,Eye Hit,Right,933.0704,863.9149,47.67045,MicroBus5-Detailed
1742767035808,19.42968,954,Eye Hit,Center,933.5915,863.9149,47.67044,MicroBus5-Detailed
1742767035849,19.46935,956,Eye Hit,Left,938.8198,863.1411,47.58914,MicroBus5-Detailed
1742767035849,19.46935,956,Eye Hit,Right,937.7757,863.1411,47.58914,MicroBus5-Detailed
1742767035849,19.46935,956,Eye Hit,Center,938.2977,863.1411,47.58914,MicroBus5-Detailed
1742767035893,19.5119,958,Eye Hit,Left,940.1229,854.6371,47.61307,MicroBus5-Detailed
1742767035893,19.5119,958,Eye Hit,Right,939.0793,854.6371,47.61307,MicroBus5-Detailed
1742767035893,19.5119,958,Eye Hit,Center,939.6009,854.6371,47.61306,MicroBus5-Detailed
1742767035916,19.52907,959,Eye Hit,Left,940.548,855.5641,47.6001,MicroBus5-Detailed
1742767035916,19.52907,959,Eye Hit,Right,939.5042,855.5641,47.6001,MicroBus5-Detailed
1742767035916,19.52907,959,Eye Hit,Center,940.0261,855.5641,47.6001,MicroBus5-Detailed
1742767035935,19.55182,960,Eye Hit,Left,937.0059,858.6121,47.64896,MicroBus5-Detailed
1742767035935,19.55182,960,Eye Hit,Right,935.9631,858.6121,47.64896,MicroBus5-Detailed
1742767035935,19.55182,960,Eye Hit,Center,936.4846,858.6121,47.64897,MicroBus5-Detailed
1742767035957,19.57155,961,Eye Hit,Left,936.8943,859.2932,47.64717,MicroBus5-Detailed
1742767035957,19.57155,961,Eye Hit,Right,935.8516,859.2932,47.64717,MicroBus5-Detailed
1742767035957,19.57155,961,Eye Hit,Center,936.3728,859.2932,47.64717,MicroBus5-Detailed
1742767035974,19.5937,962,Eye Hit,Left,934.4922,855.1183,47.71431,MicroBus5-Detailed
1742767035974,19.5937,962,Eye Hit,Right,933.4509,855.1183,47.71432,MicroBus5-Detailed
1742767035974,19.5937,962,Eye Hit,Center,933.9716,855.1183,47.71432,MicroBus5-Detailed
1742767035998,19.61071,963,Eye Hit,Left,932.9404,863.0402,47.69727,MicroBus5-Detailed
1742767035998,19.61071,963,Eye Hit,Right,931.8988,863.0402,47.69726,MicroBus5-Detailed
1742767035998,19.61071,963,Eye Hit,Center,932.4194,863.0402,47.69726,MicroBus5-Detailed
1742767036016,19.63495,964,Eye Hit,Left,933.1165,863.2552,47.69281,MicroBus5-Detailed
1742767036016,19.63495,964,Eye Hit,Right,932.0748,863.2552,47.69281,MicroBus5-Detailed
1742767036016,19.63495,964,Eye Hit,Center,932.5956,863.2552,47.69281,MicroBus5-Detailed
1742767036033,19.65283,965,Eye Hit,Left,932.0502,863.8115,47.70868,MicroBus5-Detailed
1742767036033,19.65283,965,Eye Hit,Right,931.0089,863.8115,47.70868,MicroBus5-Detailed
1742767036033,19.65283,965,Eye Hit,Center,931.5295,863.8115,47.70869,MicroBus5-Detailed
1742767036055,19.66966,966,Eye Hit,Left,932.3671,865.1037,47.69514,MicroBus5-Detailed
1742767036055,19.66966,966,Eye Hit,Right,931.3254,865.1037,47.69514,MicroBus5-Detailed
1742767036055,19.66966,966,Eye Hit,Center,931.8463,865.1037,47.69513,MicroBus5-Detailed
1742767036074,19.69168,967,Eye Hit,Left,928.8247,864.6902,47.76102,MicroBus5-Detailed
1742767036074,19.69168,967,Eye Hit,Right,927.7844,864.6902,47.76102,MicroBus5-Detailed
1742767036074,19.69168,967,Eye Hit,Center,928.3046,864.6902,47.76102,MicroBus5-Detailed
1742767036099,19.7104,968,Eye Hit,Left,926.2112,859.7664,47.83656,MicroBus5-Detailed
1742767036099,19.7104,968,Eye Hit,Right,925.1726,859.7664,47.83656,MicroBus5-Detailed
1742767036099,19.7104,968,Eye Hit,Center,925.6919,859.7664,47.83656,MicroBus5-Detailed
1742767036116,19.73508,969,Eye Hit,Left,926.1389,859.7042,47.83823,MicroBus5-Detailed
1742767036116,19.73508,969,Eye Hit,Right,925.1003,859.7042,47.83822,MicroBus5-Detailed
1742767036116,19.73508,969,Eye Hit,Center,925.6196,859.7042,47.83823,MicroBus5-Detailed
1742767036140,19.75205,970,Eye Hit,Left,922.5068,859.1535,47.90526,MicroBus5-Detailed
1742767036140,19.75205,970,Eye Hit,Right,921.4696,859.1535,47.90526,MicroBus5-Detailed
1742767036140,19.75205,970,Eye Hit,Center,921.9882,859.1535,47.90526,MicroBus5-Detailed
1742767036156,19.77653,971,Eye Hit,Left,922.5761,875.2043,47.80068,MicroBus5-Detailed
1742767036156,19.77653,971,Eye Hit,Right,921.5368,875.2043,47.80068,MicroBus5-Detailed
1742767036156,19.77653,971,Eye Hit,Center,922.0564,875.2043,47.80068,MicroBus5-Detailed
1742767036202,19.81993,973,,Left,962.1328,885.1465,46.9969,
1742767036202,19.81993,973,,Right,961.0757,885.1465,46.9969,
1742767036202,19.81993,973,,Center,961.604,885.1465,46.9969,
1742767036222,19.83815,974,,Left,962.6827,883.0123,47.00229,
1742767036222,19.83815,974,,Right,961.6255,883.0123,47.00229,
1742767036222,19.83815,974,,Center,962.1541,883.0123,47.00229,
1742767036241,19.85871,975,,Left,968.6147,891.6782,46.81806,
1742767036241,19.85871,975,,Right,967.5535,891.6782,46.81806,
1742767036241,19.85871,975,,Center,968.0841,891.6782,46.81806,
1742767036266,19.87798,976,,Left,967.9484,889.2103,46.85101,
1742767036266,19.87798,976,,Right,966.8879,889.2103,46.851,
1742767036266,19.87798,976,,Center,967.4182,889.2103,46.851,
1742767036286,19.9022,977,,Left,967.7295,887.8047,46.8664,
1742767036286,19.9022,977,,Right,966.6693,887.8047,46.86641,
1742767036286,19.9022,977,,Center,967.1994,887.8047,46.86641,
1742767036308,19.92287,978,,Left,975.138,888.9705,46.70837,
1742767036308,19.92287,978,,Right,974.0743,888.9705,46.70837,
1742767036308,19.92287,978,,Center,974.6061,888.9705,46.70837,
1742767036329,19.94419,979,,Left,972.1147,994.0034,45.56025,
1742767036329,19.94419,979,,Right,971.0241,994.0034,45.56025,
1742767036329,19.94419,979,,Center,971.5694,994.0034,45.56025,
1742767036352,19.9649,980,,Left,972.2739,993.1664,45.57013,
1742767036352,19.9649,980,,Right,971.1836,993.1664,45.57013,
1742767036352,19.9649,980,,Center,971.7287,993.1664,45.57013,
1742767036377,19.98918,981,,Left,975.9795,1044.18,44.67125,
1742767036377,19.98918,981,,Right,974.8672,1044.18,44.67125,
1742767036377,19.98918,981,,Center,975.4234,1044.18,44.67125,
1742767036408,20.01354,982,,Left,949.8551,1065.613,44.7196,
1742767036408,20.01354,982,,Right,948.7441,1065.613,44.7196,
1742767036408,20.01354,982,,Center,949.2996,1065.613,44.7196,
1742767036437,20.04467,983,,Left,948.2028,1074.209,44.5795,
1742767036437,20.04467,983,,Right,947.0883,1074.209,44.5795,
1742767036437,20.04467,983,,Center,947.6456,1074.209,44.5795,
1742767036461,20.07346,984,,Left,948.2604,1074.423,44.57481,
1742767036461,20.07346,984,,Right,947.1457,1074.423,44.57481,
1742767036461,20.07346,984,,Center,947.703,1074.423,44.57481,
1742767036489,20.09747,985,,Left,942.1042,1074.745,44.66447,
1742767036489,20.09747,985,,Right,940.9918,1074.745,44.66447,
1742767036489,20.09747,985,,Center,941.548,1074.745,44.66447,
1742767036517,20.12554,986,,Left,938.9486,1069.992,44.80632,
1742767036517,20.12554,986,,Right,937.8397,1069.992,44.80632,
1742767036517,20.12554,986,,Center,938.3941,1069.992,44.80632,
1742767036545,20.1541,987,,Left,938.384,1068.156,44.85092,
1742767036545,20.1541,987,,Right,937.2762,1068.156,44.85092,
1742767036545,20.1541,987,,Center,937.8301,1068.156,44.85092,
1742767036574,20.18139,988,,Left,942.9084,1062.953,44.88118,
1742767036574,20.18139,988,,Right,941.8013,1062.953,44.88118,
1742767036574,20.18139,988,,Center,942.3547,1062.953,44.88118,
1742767036601,20.21104,989,,Left,943.5826,1061.107,44.90581,
1742767036601,20.21104,989,,Right,942.4763,1061.107,44.90581,
1742767036601,20.21104,989,,Center,943.0292,1061.107,44.90582,
1742767036630,20.23839,990,,Left,943.1992,1060.692,44.92021,
1742767036630,20.23839,990,,Right,942.0931,1060.692,44.92021,
1742767036630,20.23839,990,,Center,942.6462,1060.692,44.92021,
1742767036657,20.26615,991,,Left,942.5815,1060.624,44.93118,
1742767036657,20.26615,991,,Right,941.4757,1060.624,44.93118,
1742767036657,20.26615,991,,Center,942.0286,1060.624,44.93117,
1742767036685,20.29336,992,,Left,942.8401,1060.422,44.93075,
1742767036685,20.29336,992,,Right,941.7343,1060.422,44.93076,
1742767036685,20.29336,992,,Center,942.2873,1060.422,44.93076,
1742767036712,20.32207,993,,Left,943.8021,1061.155,44.90133,
1742767036712,20.32207,993,,Right,942.6956,1061.155,44.90133,
1742767036712,20.32207,993,,Center,943.2489,1061.155,44.90133,
1742767036741,20.34893,994,,Left,944.0892,1062.219,44.87646,
1742767036741,20.34893,994,,Right,942.9821,1062.219,44.87646,
1742767036741,20.34893,994,,Center,943.5356,1062.219,44.87646,
1742767036772,20.37781,995,,Left,940.957,1060.561,44.95739,
1742767036772,20.37781,995,,Right,939.852,1060.561,44.95739,
1742767036772,20.37781,995,,Center,940.4045,1060.561,44.95739,
1742767036800,20.40849,996,,Left,940.7814,1060.209,44.96716,
1742767036800,20.40849,996,,Right,939.6765,1060.209,44.96716,
1742767036800,20.40849,996,,Center,940.229,1060.209,44.96716,
1742767036827,20.43658,997,,Left,940.5112,1060.254,44.97039,
1742767036827,20.43658,997,,Right,939.4063,1060.254,44.97039,
1742767036827,20.43658,997,,Center,939.9586,1060.254,44.97039,
1742767036854,20.46315,998,,Left,940.3621,1059.281,44.99112,
1742767036854,20.46315,998,,Right,939.2578,1059.281,44.99112,
1742767036854,20.46315,998,,Center,939.8099,1059.281,44.99112,
1742767036882,20.49075,999,,Left,940.767,1061.061,44.95067,
1742767036882,20.49075,999,,Right,939.6617,1061.061,44.95067,
1742767036882,20.49075,999,,Center,940.2144,1061.061,44.95067,
1742767036909,20.5181,1000,,Left,939.4865,1060.417,44.98275,
1742767036909,20.5181,1000,,Right,938.382,1060.417,44.98275,
1742767036909,20.5181,1000,,Center,938.9342,1060.417,44.98275,
1742767036936,20.54539,1001,,Left,939.5649,1055.895,45.06766,
1742767036936,20.54539,1001,,Right,938.4625,1055.895,45.06765,
1742767036936,20.54539,1001,,Center,939.0137,1055.895,45.06765,
1742767036964,20.57176,1002,,Left,940.7981,1054.077,45.08286,
1742767036964,20.57176,1002,,Right,939.696,1054.077,45.08285,
1742767036964,20.57176,1002,,Center,940.2471,1054.077,45.08286,
1742767036993,20.60021,1003,,Left,942.1802,1054.808,45.04731,
1742767036993,20.60021,1003,,Right,941.0773,1054.808,45.04731,
1742767036993,20.60021,1003,,Center,941.6287,1054.808,45.04732,
1742767037020,20.62988,1004,Eye Hit,Left,932.05,1062.929,45.04906,SouthCarSignal
1742767037020,20.62988,1004,Eye Hit,Right,930.9472,1062.929,45.04906,SouthCarSignal
1742767037020,20.62988,1004,Eye Hit,Center,931.4987,1062.929,45.04906,SouthCarSignal
1742767037050,20.65713,1005,Eye Hit,Left,931.5557,1064.574,45.02459,SouthCarSignal
1742767037050,20.65713,1005,Eye Hit,Right,930.4523,1064.574,45.0246,SouthCarSignal
1742767037050,20.65713,1005,Eye Hit,Center,931.004,1064.574,45.0246,SouthCarSignal
1742767037075,20.6866,1006,,Left,934.6773,1059.126,45.08241,
1742767037075,20.6866,1006,,Right,933.5753,1059.126,45.08241,
1742767037075,20.6866,1006,,Center,934.1263,1059.126,45.08241,
1742767037105,20.712,1007,,Left,935.0999,1059.599,45.06674,
1742767037105,20.712,1007,,Right,933.9974,1059.599,45.06673,
1742767037105,20.712,1007,,Center,934.5486,1059.599,45.06674,
1742767037131,20.74146,1008,,Left,934.7621,1058.437,45.0946,
1742767037131,20.74146,1008,,Right,933.6603,1058.437,45.0946,
1742767037131,20.74146,1008,,Center,934.2112,1058.437,45.0946,
1742767037158,20.76746,1009,,Left,933.3486,1053.85,45.20371,
1742767037158,20.76746,1009,,Right,932.2496,1053.85,45.20371,
1742767037158,20.76746,1009,,Center,932.7992,1053.85,45.2037,
1742767037186,20.79471,1010,,Left,934.6675,1046.726,45.31695,
1742767037186,20.79471,1010,,Right,933.5711,1046.726,45.31695,
1742767037186,20.79471,1010,,Center,934.1193,1046.726,45.31695,
1742767037214,20.82266,1011,,Left,933.8467,1037.316,45.50242,
1742767037214,20.82266,1011,,Right,932.7549,1037.316,45.50242,
1742767037214,20.82266,1011,,Center,933.3008,1037.316,45.50243,
1742767037241,20.85062,1012,,Left,934.1671,1034.637,45.54577,
1742767037241,20.85062,1012,,Right,933.0763,1034.637,45.54576,
1742767037241,20.85062,1012,,Center,933.6218,1034.637,45.54577,
1742767037270,20.87806,1013,,Left,933.3819,1030.97,45.62379,
1742767037270,20.87806,1013,,Right,932.293,1030.97,45.62379,
1742767037270,20.87806,1013,,Center,932.8373,1030.97,45.62379,
1742767037298,20.90623,1014,,Left,932.6033,1026.279,45.71946,
1742767037298,20.90623,1014,,Right,931.5166,1026.279,45.71946,
1742767037298,20.90623,1014,,Center,932.0599,1026.279,45.71946,
1742767037325,20.93446,1015,Eye Hit,Left,930.5619,1030.983,45.66837,SouthCarSignal
1742767037325,20.93446,1015,Eye Hit,Right,929.4739,1030.983,45.66838,SouthCarSignal
1742767037325,20.93446,1015,Eye Hit,Center,930.0179,1030.983,45.66837,SouthCarSignal
1742767037354,20.96199,1016,Eye Hit,Left,930.9267,1029.46,45.68967,SouthCarSignal
1742767037354,20.96199,1016,Eye Hit,Right,929.8393,1029.46,45.68967,SouthCarSignal
1742767037354,20.96199,1016,Eye Hit,Center,930.3831,1029.46,45.68967,SouthCarSignal
1742767037382,20.99101,1017,Eye Hit,Left,937.1499,1030.875,45.56575,SouthCarSignal
1742767037382,20.99101,1017,Eye Hit,Right,936.0595,1030.875,45.56574,SouthCarSignal
1742767037382,20.99101,1017,Eye Hit,Center,936.6047,1030.875,45.56575,SouthCarSignal
1742767037409,21.01876,1018,Eye Hit,Left,938.4135,1029.124,45.57598,SouthCarSignal
1742767037409,21.01876,1018,Eye Hit,Right,937.3233,1029.124,45.57598,SouthCarSignal
1742767037409,21.01876,1018,Eye Hit,Center,937.8683,1029.124,45.57598,SouthCarSignal
1742767037435,21.04644,1019,Eye Hit,Left,939.371,1028.972,45.56296,SouthCarSignal
1742767037435,21.04644,1019,Eye Hit,Right,938.2805,1028.972,45.56296,SouthCarSignal
1742767037435,21.04644,1019,Eye Hit,Center,938.8256,1028.972,45.56295,SouthCarSignal
1742767037463,21.07199,1020,Eye Hit,Left,936.6616,1024.957,45.67716,SouthCarSignal
1742767037463,21.07199,1020,Eye Hit,Right,935.5738,1024.957,45.67716,SouthCarSignal
1742767037463,21.07199,1020,Eye Hit,Center,936.1176,1024.957,45.67717,SouthCarSignal
1742767037493,21.09951,1021,Eye Hit,Left,936.0269,1015.869,45.84267,SouthCarSignal
1742767037493,21.09951,1021,Eye Hit,Right,934.9432,1015.869,45.84267,SouthCarSignal
1742767037493,21.09951,1021,Eye Hit,Center,935.485,1015.869,45.84267,SouthCarSignal
1742767037518,21.13014,1022,Eye Hit,Left,932.9277,1018.291,45.85114,SouthCarSignal
1742767037518,21.13014,1022,Eye Hit,Right,931.8441,1018.291,45.85114,SouthCarSignal
1742767037518,21.13014,1022,Eye Hit,Center,932.3859,1018.291,45.85114,SouthCarSignal
1742767037547,21.1554,1023,Eye Hit,Left,921.7263,1020.987,45.9798,SouthCarSignal
1742767037547,21.1554,1023,Eye Hit,Right,920.6458,1020.987,45.9798,SouthCarSignal
1742767037547,21.1554,1023,Eye Hit,Center,921.1861,1020.987,45.9798,SouthCarSignal
1742767037576,21.18407,1024,Eye Hit,Left,922.2367,1022.357,45.94769,SouthCarSignal
1742767037576,21.18407,1024,Eye Hit,Right,921.1554,1022.357,45.94768,SouthCarSignal
1742767037576,21.18407,1024,Eye Hit,Center,921.6959,1022.357,45.94769,SouthCarSignal
1742767037601,21.21301,1025,Eye Hit,Left,928.0486,1017.585,45.9396,SouthCarSignal
1742767037601,21.21301,1025,Eye Hit,Right,926.9672,1017.585,45.9396,SouthCarSignal
1742767037601,21.21301,1025,Eye Hit,Center,927.5079,1017.585,45.9396,SouthCarSignal
1742767037630,21.23732,1026,Eye Hit,Left,927.7178,1017.719,45.94243,SouthCarSignal
1742767037630,21.23732,1026,Eye Hit,Right,926.6364,1017.719,45.94242,SouthCarSignal
1742767037630,21.23732,1026,Eye Hit,Center,927.1771,1017.719,45.94242,SouthCarSignal
1742767037658,21.26721,1027,Eye Hit,Left,929.5338,1020.403,45.86729,SouthCarSignal
1742767037658,21.26721,1027,Eye Hit,Right,928.4504,1020.403,45.86729,SouthCarSignal
1742767037658,21.26721,1027,Eye Hit,Center,928.9921,1020.403,45.86729,SouthCarSignal
1742767037684,21.29514,1028,Eye Hit,Left,925.0993,1022.427,45.90108,SouthCarSignal
1742767037684,21.29514,1028,Eye Hit,Right,924.0169,1022.427,45.90107,SouthCarSignal
1742767037684,21.29514,1028,Eye Hit,Center,924.5581,1022.427,45.90107,SouthCarSignal
1742767037712,21.32161,1029,Eye Hit,Left,925.5109,1023.463,45.87604,SouthCarSignal
1742767037712,21.32161,1029,Eye Hit,Right,924.4279,1023.463,45.87605,SouthCarSignal
1742767037712,21.32161,1029,Eye Hit,Center,924.9694,1023.463,45.87604,SouthCarSignal
1742767037741,21.34916,1030,Eye Hit,Left,926.436,1013.778,46.02824,SouthCarSignal
1742767037741,21.34916,1030,Eye Hit,Right,925.3566,1013.778,46.02824,SouthCarSignal
1742767037741,21.34916,1030,Eye Hit,Center,925.8963,1013.778,46.02824,SouthCarSignal
1742767037768,21.37834,1031,Eye Hit,Left,926.1219,1016.295,45.99022,SouthCarSignal
1742767037768,21.37834,1031,Eye Hit,Right,925.0415,1016.295,45.99021,SouthCarSignal
1742767037768,21.37834,1031,Eye Hit,Center,925.5817,1016.295,45.99022,SouthCarSignal
1742767037795,21.40576,1032,Eye Hit,Left,927.4354,1017.511,45.94827,SouthCarSignal
1742767037795,21.40576,1032,Eye Hit,Right,926.3541,1017.511,45.94827,SouthCarSignal
1742767037795,21.40576,1032,Eye Hit,Center,926.8946,1017.511,45.94827,SouthCarSignal
1742767037823,21.43255,1033,Eye Hit,Left,930.1197,1023.809,45.79709,SouthCarSignal
1742767037823,21.43255,1033,Eye Hit,Right,929.0348,1023.809,45.79709,SouthCarSignal
1742767037823,21.43255,1033,Eye Hit,Center,929.5773,1023.809,45.79709,SouthCarSignal
1742767037852,21.4605,1034,Eye Hit,Left,932.2278,1028.243,45.68602,SouthCarSignal
1742767037852,21.4605,1034,Eye Hit,Right,931.1403,1028.243,45.68602,SouthCarSignal
1742767037852,21.4605,1034,Eye Hit,Center,931.6841,1028.243,45.68602,SouthCarSignal
1742767037880,21.49017,1035,Eye Hit,Left,927.6566,1033.539,45.66303,SouthCarSignal
1742767037880,21.49017,1035,Eye Hit,Right,926.5685,1033.539,45.66304,SouthCarSignal
1742767037880,21.49017,1035,Eye Hit,Center,927.1125,1033.539,45.66304,SouthCarSignal
1742767037909,21.51769,1036,Eye Hit,Left,927.3735,1032.638,45.68358,SouthCarSignal
1742767037909,21.51769,1036,Eye Hit,Right,926.2859,1032.638,45.68358,SouthCarSignal
1742767037909,21.51769,1036,Eye Hit,Center,926.8297,1032.638,45.68358,SouthCarSignal
1742767037934,21.54656,1037,Eye Hit,Left,930.5629,1030.124,45.67907,SouthCarSignal
1742767037934,21.54656,1037,Eye Hit,Right,929.4752,1030.124,45.67906,SouthCarSignal
1742767037934,21.54656,1037,Eye Hit,Center,930.0191,1030.124,45.67906,SouthCarSignal
1742767037963,21.57123,1038,Eye Hit,Left,933.067,1028.42,45.66991,SouthCarSignal
1742767037963,21.57123,1038,Eye Hit,Right,931.9791,1028.42,45.66991,SouthCarSignal
1742767037963,21.57123,1038,Eye Hit,Center,932.5231,1028.42,45.66992,SouthCarSignal
1742767037990,21.60002,1039,Eye Hit,Left,933.9244,1029.534,45.63618,SouthCarSignal
1742767037991,21.60002,1039,Eye Hit,Right,932.8358,1029.534,45.63618,SouthCarSignal
1742767037991,21.60002,1039,Eye Hit,Center,933.3801,1029.534,45.63617,SouthCarSignal
1742767038019,21.62852,1040,Eye Hit,Left,935.6327,1029.566,45.60856,SouthCarSignal
1742767038019,21.62852,1040,Eye Hit,Right,934.5433,1029.566,45.60856,SouthCarSignal
1742767038019,21.62852,1040,Eye Hit,Center,935.088,1029.566,45.60857,SouthCarSignal
1742767038047,21.65792,1041,Eye Hit,Left,936.6476,1032.25,45.54514,SouthCarSignal
1742767038047,21.65792,1041,Eye Hit,Right,935.5568,1032.25,45.54514,SouthCarSignal
1742767038047,21.65792,1041,Eye Hit,Center,936.1021,1032.25,45.54514,SouthCarSignal
1742767038073,21.6849,1042,Eye Hit,Left,936.0594,1038.783,45.43742,SouthCarSignal
1742767038074,21.6849,1042,Eye Hit,Right,934.9661,1038.783,45.43742,SouthCarSignal
1742767038074,21.6849,1042,Eye Hit,Center,935.5126,1038.783,45.43742,SouthCarSignal
1742767038102,21.71125,1043,Eye Hit,Left,938.9919,1037.353,45.41672,SouthCarSignal
1742767038102,21.71125,1043,Eye Hit,Right,937.898,1037.353,45.41672,SouthCarSignal
1742767038102,21.71125,1043,Eye Hit,Center,938.4449,1037.353,45.41672,SouthCarSignal
1742767038131,21.73948,1044,Eye Hit,Left,940.1698,1035.027,45.43966,SouthCarSignal
1742767038131,21.73948,1044,Eye Hit,Right,939.0764,1035.027,45.43966,SouthCarSignal
1742767038131,21.73948,1044,Eye Hit,Center,939.6231,1035.027,45.43966,SouthCarSignal
1742767038158,21.76824,1045,Eye Hit,Left,941.0578,1036.386,45.40088,SouthCarSignal
1742767038158,21.76824,1045,Eye Hit,Right,939.9634,1036.386,45.40088,SouthCarSignal
1742767038158,21.76824,1045,Eye Hit,Center,940.5106,1036.386,45.40088,SouthCarSignal
1742767038185,21.79531,1046,Eye Hit,Left,945.2824,1034.544,45.36507,SouthCarSignal
1742767038185,21.79531,1046,Eye Hit,Right,944.1872,1034.544,45.36507,SouthCarSignal
1742767038185,21.79531,1046,Eye Hit,Center,944.7348,1034.544,45.36507,SouthCarSignal
1742767038214,21.82306,1047,Eye Hit,Left,945.2876,1034.323,45.36902,SouthCarSignal
1742767038214,21.82306,1047,Eye Hit,Right,944.1925,1034.323,45.36903,SouthCarSignal
1742767038214,21.82306,1047,Eye Hit,Center,944.74,1034.323,45.36903,SouthCarSignal
1742767038240,21.85097,1048,Eye Hit,Left,944.0067,1035.212,45.37437,SouthCarSignal
1742767038240,21.85097,1048,Eye Hit,Right,942.9117,1035.212,45.37438,SouthCarSignal
1742767038240,21.85097,1048,Eye Hit,Center,943.4592,1035.212,45.37438,SouthCarSignal
1742767038259,21.8774,1049,Eye Hit,Left,943.4717,1035.608,45.37617,SouthCarSignal
1742767038259,21.8774,1049,Eye Hit,Right,942.3768,1035.608,45.37617,SouthCarSignal
1742767038259,21.8774,1049,Eye Hit,Center,942.9243,1035.608,45.37617,SouthCarSignal
1742767038282,21.89597,1050,Eye Hit,Left,943.2916,1037.395,45.34696,SouthCarSignal
1742767038282,21.89597,1050,Eye Hit,Right,942.196,1037.395,45.34696,SouthCarSignal
1742767038282,21.89597,1050,Eye Hit,Center,942.7438,1037.395,45.34696,SouthCarSignal
1742767038301,21.91926,1051,Eye Hit,Left,944.6866,1039.356,45.28921,SouthCarSignal
1742767038301,21.91926,1051,Eye Hit,Right,943.5896,1039.356,45.28921,SouthCarSignal
1742767038301,21.91926,1051,Eye Hit,Center,944.1381,1039.356,45.28921,SouthCarSignal
1742767038323,21.93753,1052,Eye Hit,Left,944.4438,1040.871,45.26554,SouthCarSignal
1742767038324,21.93753,1052,Eye Hit,Right,943.3462,1040.871,45.26554,SouthCarSignal
1742767038324,21.93753,1052,Eye Hit,Center,943.895,1040.871,45.26554,SouthCarSignal
1742767038341,21.96041,1053,Eye Hit,Left,944.0305,1039.868,45.2905,SouthCarSignal
1742767038341,21.96041,1053,Eye Hit,Right,942.9335,1039.868,45.29051,SouthCarSignal
1742767038341,21.96041,1053,Eye Hit,Center,943.482,1039.868,45.2905,SouthCarSignal
1742767038367,21.97955,1054,,Left,941.8854,999.9915,46.00282,
1742767038367,21.97955,1054,,Right,940.8053,999.9915,46.00282,
1742767038367,21.97955,1054,,Center,941.3453,999.9915,46.00282,
1742767038383,22.00266,1055,,Left,942.2617,1000.631,45.98622,
1742767038383,22.00266,1055,,Right,941.1814,1000.631,45.98622,
1742767038383,22.00266,1055,,Center,941.7216,1000.631,45.98622,
1742767038407,22.01936,1056,,Left,952.2452,918.8933,46.88381,
1742767038407,22.01936,1056,,Right,951.1855,918.8933,46.88381,
1742767038407,22.01936,1056,,Center,951.7154,918.8933,46.88381,
1742767038425,22.04331,1057,Eye Hit,Left,949.7944,819.5142,47.56307,NE_Tree_30
1742767038425,22.04331,1057,Eye Hit,Right,948.7498,819.5142,47.56307,NE_Tree_30
1742767038425,22.04331,1057,Eye Hit,Center,949.2722,819.5142,47.56308,NE_Tree_30
1742767038449,22.06134,1058,Eye Hit,Left,950.345,820.1115,47.55069,NE_Tree_30
1742767038449,22.06134,1058,Eye Hit,Right,949.3002,820.1115,47.55069,NE_Tree_30
1742767038449,22.06134,1058,Eye Hit,Center,949.8226,820.1115,47.5507,NE_Tree_30
1742767038468,22.08558,1059,Eye Hit,Left,938.5266,786.2795,47.80745,Car1-Detailed
1742767038468,22.08558,1059,Eye Hit,Right,937.4872,786.2795,47.80746,Car1-Detailed
1742767038468,22.08558,1059,Eye Hit,Center,938.007,786.2795,47.80746,Car1-Detailed
1742767038490,22.10455,1060,Eye Hit,Left,939.7676,787.7821,47.78458,Car1-Detailed
1742767038490,22.10455,1060,Eye Hit,Right,938.7278,787.7821,47.78458,Car1-Detailed
1742767038490,22.10455,1060,Eye Hit,Center,939.2477,787.7821,47.78458,Car1-Detailed
1742767038509,22.12732,1061,Eye Hit,Left,939.3759,782.3896,47.789,Car1-Detailed
1742767038509,22.12732,1061,Eye Hit,Right,938.3363,782.3896,47.789,Car1-Detailed
1742767038509,22.12732,1061,Eye Hit,Center,938.8561,782.3896,47.789,Car1-Detailed
1742767038532,22.14523,1062,Eye Hit,Left,948.7994,782.6125,47.61044,Car1-Detailed
1742767038532,22.14523,1062,Eye Hit,Right,947.7559,782.6125,47.61045,Car1-Detailed
1742767038532,22.14523,1062,Eye Hit,Center,948.2777,782.6125,47.61044,Car1-Detailed
1742767038550,22.16933,1063,Eye Hit,Left,949.3423,783.745,47.6007,Car1-Detailed
1742767038550,22.16933,1063,Eye Hit,Right,948.2985,783.745,47.6007,Car1-Detailed
1742767038550,22.16933,1063,Eye Hit,Center,948.8204,783.745,47.6007,Car1-Detailed
1742767038573,22.18827,1064,Eye Hit,Left,949.4954,788.3895,47.60027,Car1-Detailed
1742767038573,22.18827,1064,Eye Hit,Right,948.4516,788.3895,47.60027,Car1-Detailed
1742767038573,22.18827,1064,Eye Hit,Center,948.9734,788.3895,47.60027,Car1-Detailed
1742767038592,22.21037,1065,Eye Hit,Left,936.5952,792.9186,47.84516,Car1-Detailed
1742767038592,22.21037,1065,Eye Hit,Right,935.5568,792.9186,47.84517,Car1-Detailed
1742767038592,22.21037,1065,Eye Hit,Center,936.076,792.9186,47.84517,Car1-Detailed
1742767038615,22.22951,1066,Eye Hit,Left,937.7832,793.9985,47.82283,Car1-Detailed
1742767038615,22.22951,1066,Eye Hit,Right,936.7442,793.9985,47.82283,Car1-Detailed
1742767038615,22.22951,1066,Eye Hit,Center,937.2637,793.9985,47.82283,Car1-Detailed
1742767038634,22.25333,1067,Eye Hit,Left,929.899,797.1967,47.96666,Car1-Detailed
1742767038634,22.25333,1067,Eye Hit,Right,928.8632,797.1967,47.96666,Car1-Detailed
1742767038634,22.25333,1067,Eye Hit,Center,929.3811,797.1967,47.96666,Car1-Detailed
1742767038658,22.27077,1068,Eye Hit,Left,930.358,797.6758,47.95805,Car1-Detailed
1742767038658,22.27077,1068,Eye Hit,Right,929.322,797.6758,47.95805,Car1-Detailed
1742767038658,22.27077,1068,Eye Hit,Center,929.8399,797.6758,47.95805,Car1-Detailed
1742767038675,22.2945,1069,Eye Hit,Left,936.8561,795.5927,47.84007,Car1-Detailed
1742767038675,22.2945,1069,Eye Hit,Right,935.8176,795.5927,47.84006,Car1-Detailed
1742767038675,22.2945,1069,Eye Hit,Center,936.3369,795.5927,47.84007,Car1-Detailed
1742767038717,22.33576,1071,Eye Hit,Left,955.6573,805.4721,47.47382,Car1-Detailed
1742767038717,22.33576,1071,Eye Hit,Right,954.6108,805.4721,47.47382,Car1-Detailed
1742767038717,22.33576,1071,Eye Hit,Center,955.1341,805.4721,47.47382,Car1-Detailed
1742767038741,22.35406,1072,,Left,958.662,818.0139,47.39393,
1742767038741,22.35406,1072,,Right,957.6136,818.0139,47.39394,
1742767038741,22.35406,1072,,Center,958.1378,818.0139,47.39393,
1742767038759,22.37788,1073,,Left,957.6355,821.1746,47.40702,
1742767038760,22.37788,1073,,Right,956.5875,821.1746,47.40702,
1742767038760,22.37788,1073,,Center,957.1115,821.1746,47.40702,
1742767038782,22.39593,1074,,Left,958.1798,820.8843,47.39702,
1742767038782,22.39593,1074,,Right,957.1315,820.8843,47.39702,
1742767038782,22.39593,1074,,Center,957.6556,820.8843,47.39702,
1742767038801,22.41858,1075,,Left,957.435,821.204,47.41106,
1742767038801,22.41858,1075,,Right,956.387,821.204,47.41105,
1742767038801,22.41858,1075,,Center,956.911,821.204,47.41106,
1742767038824,22.43671,1076,,Left,957.9354,821.924,47.39953,
1742767038824,22.43671,1076,,Right,956.8872,821.924,47.39953,
1742767038824,22.43671,1076,,Center,957.4113,821.924,47.39953,
1742767038842,22.46126,1077,,Left,957.5768,822.0846,47.40624,
1742767038842,22.46126,1077,,Right,956.5288,822.0846,47.40624,
1742767038842,22.46126,1077,,Center,957.0528,822.0846,47.40624,
1742767038868,22.4788,1078,,Left,957.1544,820.4254,47.41862,
1742767038868,22.4788,1078,,Right,956.1066,820.4254,47.41861,
1742767038868,22.4788,1078,,Center,956.6305,820.4254,47.41862,
1742767038886,22.50463,1079,,Left,957.0611,819.7535,47.42204,
1742767038887,22.50463,1079,,Right,956.0134,819.7535,47.42204,
1742767038887,22.50463,1079,,Center,956.5373,819.7535,47.42204,
1742767038910,22.52359,1080,,Left,956.3907,818.8143,47.43734,
1742767038910,22.52359,1080,,Right,955.3434,818.8143,47.43734,
1742767038910,22.52359,1080,,Center,955.8669,818.8143,47.43734,
1742767038929,22.54605,1081,,Left,955.9724,822.7485,47.43605,
1742767038929,22.54605,1081,,Right,954.9249,822.7486,47.43605,
1742767038929,22.54605,1081,,Center,955.4486,822.7485,47.43605,
1742767038953,22.5652,1082,,Left,955.7784,823.5253,47.43788,
1742767038953,22.5652,1082,,Right,954.7311,823.5253,47.43787,
1742767038953,22.5652,1082,,Center,955.2547,823.5253,47.43788,
1742767038978,22.59044,1083,,Left,961.3578,824.4747,47.32473,
1742767038978,22.59044,1083,,Right,960.308,824.4747,47.32473,
1742767038978,22.59044,1083,,Center,960.8328,824.4747,47.32473,
1742767038997,22.61472,1084,,Left,963.2899,817.2474,47.30325,
1742767038998,22.61472,1084,,Right,962.2395,817.2474,47.30325,
1742767038998,22.61472,1084,,Center,962.7647,817.2474,47.30325,
1742767039022,22.63365,1085,,Left,963.6479,817.906,47.29468,
1742767039022,22.63365,1085,,Right,962.5974,817.906,47.29467,
1742767039022,22.63365,1085,,Center,963.1226,817.906,47.29467,
1742767039040,22.65864,1086,,Left,963.9545,817.9934,47.28832,
1742767039040,22.65864,1086,,Right,962.9039,817.9934,47.28833,
1742767039040,22.65864,1086,,Center,963.4292,817.9934,47.28832,
1742767039062,22.67656,1087,,Left,956.2623,818.8497,47.43967,
1742767039062,22.67656,1087,,Right,955.2149,818.8497,47.43967,
1742767039062,22.67656,1087,,Center,955.7386,818.8497,47.43968,
1742767039080,22.69788,1088,,Left,956.3329,819.3348,47.4372,
1742767039080,22.69788,1088,,Right,955.2856,819.3348,47.43719,
1742767039080,22.69788,1088,,Center,955.8093,819.3348,47.43719,
1742767039102,22.71608,1089,,Left,954.5509,821.0065,47.46817,
1742767039102,22.71608,1089,,Right,953.5043,821.0065,47.46817,
1742767039102,22.71608,1089,,Center,954.0276,821.0065,47.46817,
1742767039121,22.73872,1090,,Left,951.0327,825.2512,47.52557,
1742767039121,22.73872,1090,,Right,949.9873,825.2512,47.52557,
1742767039121,22.73872,1090,,Center,950.51,825.2512,47.52557,
1742767039144,22.75756,1091,,Left,951.7576,826.9915,47.5066,
1742767039144,22.75756,1091,,Right,950.7118,826.9915,47.5066,
1742767039144,22.75756,1091,,Center,951.2347,826.9915,47.5066,
1742767039163,22.78063,1092,Eye Hit,Left,949.2431,827.2534,47.55445,NE_Tree_30
1742767039163,22.78063,1092,Eye Hit,Right,948.1983,827.2534,47.55445,NE_Tree_30
1742767039163,22.78063,1092,Eye Hit,Center,948.7207,827.2534,47.55445,NE_Tree_30
1742767039186,22.79897,1093,Eye Hit,Left,949.996,827.997,47.53772,NE_Tree_30
1742767039186,22.79897,1093,Eye Hit,Right,948.9508,827.997,47.53772,NE_Tree_30
1742767039186,22.79897,1093,Eye Hit,Center,949.4733,827.997,47.53772,NE_Tree_30
1742767039204,22.82347,1094,Eye Hit,Left,950.1129,827.3823,47.53728,NE_Tree_30
1742767039204,22.82347,1094,Eye Hit,Right,949.0677,827.3823,47.53728,NE_Tree_30
1742767039204,22.82347,1094,Eye Hit,Center,949.5904,827.3823,47.53728,NE_Tree_30
1742767039228,22.8411,1095,,Left,947.729,831.7772,47.56927,
1742767039228,22.8411,1095,,Right,946.6845,831.7772,47.56926,
1742767039228,22.8411,1095,,Center,947.2068,831.7772,47.56927,
1742767039245,22.86478,1096,,Left,948.8643,832.9416,47.54363,
1742767039245,22.86478,1096,,Right,947.8192,832.9416,47.54362,
1742767039245,22.86478,1096,,Center,948.3417,832.9416,47.54362,
1742767039269,22.88171,1097,Eye Hit,Left,940.7181,830.4464,47.70647,NE_Tree_30
1742767039269,22.88171,1097,Eye Hit,Right,939.6766,830.4464,47.70647,NE_Tree_30
1742767039269,22.88171,1097,Eye Hit,Center,940.1973,830.4464,47.70647,NE_Tree_30
1742767039289,22.90593,1098,Eye Hit,Left,939.5913,831.829,47.72287,NE_Tree_30
1742767039289,22.90593,1098,Eye Hit,Right,938.5502,831.829,47.72287,NE_Tree_30
1742767039289,22.90593,1098,Eye Hit,Center,939.0707,831.829,47.72287,NE_Tree_30
1742767039312,22.92538,1099,Eye Hit,Left,941.4713,832.2293,47.68655,NE_Tree_30
1742767039312,22.92538,1099,Eye Hit,Right,940.4294,832.2293,47.68655,NE_Tree_30
1742767039312,22.92538,1099,Eye Hit,Center,940.9503,832.2293,47.68654,NE_Tree_30
1742767039330,22.94873,1100,,Left,940.0438,831.0784,47.71712,
1742767039330,22.94873,1100,,Right,939.0026,831.0784,47.71712,
1742767039330,22.94873,1100,,Center,939.5231,831.0784,47.71712,
1742767039354,22.96586,1101,,Left,941.4267,832.3062,47.68736,
1742767039354,22.96586,1101,,Right,940.3848,832.3062,47.68736,
1742767039354,22.96586,1101,,Center,940.9058,832.3062,47.68736,
1742767039371,22.99087,1102,,Left,931.532,831.7431,47.87158,
1742767039371,22.99087,1102,,Right,930.4941,831.7431,47.87158,
1742767039371,22.99087,1102,,Center,931.0131,831.7431,47.87158,
1742767039415,23.03153,1104,,Left,931.9791,835.702,47.84936,
1742767039415,23.03153,1104,,Right,930.9409,835.702,47.84936,
1742767039415,23.03153,1104,,Center,931.46,835.702,47.84936,
1742767039437,23.05135,1105,,Left,931.6315,834.3711,47.86066,
1742767039437,23.05135,1105,,Right,930.5934,834.3711,47.86066,
1742767039437,23.05135,1105,,Center,931.1124,834.3711,47.86066,
1742767039455,23.07369,1106,Eye Hit,Left,927.0052,819.337,47.98889,Car3-Detailed
1742767039455,23.07369,1106,Eye Hit,Right,925.97,819.337,47.98889,Car3-Detailed
1742767039455,23.07369,1106,Eye Hit,Center,926.4876,819.337,47.98889,Car3-Detailed
1742767039478,23.09163,1107,Eye Hit,Left,931.8553,819.9995,47.90023,Car3-Detailed
1742767039478,23.09163,1107,Eye Hit,Right,930.8181,819.9995,47.90022,Car3-Detailed
1742767039478,23.09163,1107,Eye Hit,Center,931.3367,819.9995,47.90022,Car3-Detailed
1742767039499,23.11494,1108,Eye Hit,Left,916.272,748.0571,48.12516,Car3-Detailed
1742767039499,23.11494,1108,Eye Hit,Right,915.2396,748.0571,48.12516,Car3-Detailed
1742767039499,23.11494,1108,Eye Hit,Center,915.7557,748.0571,48.12516,Car3-Detailed
1742767039522,23.13534,1109,Eye Hit,Left,920.0048,747.7914,48.06025,Car3-Detailed
1742767039522,23.13534,1109,Eye Hit,Right,918.971,747.7914,48.06026,Car3-Detailed
1742767039522,23.13534,1109,Eye Hit,Center,919.4879,747.7914,48.06026,Car3-Detailed
1742767039541,23.15879,1110,Eye Hit,Left,918.4479,746.3239,48.08126,Car3-Detailed
1742767039541,23.15879,1110,Eye Hit,Right,917.4146,746.3239,48.08126,Car3-Detailed
1742767039541,23.15879,1110,Eye Hit,Center,917.9312,746.3239,48.08125,Car3-Detailed
1742767039567,23.17783,1111,Eye Hit,Left,945.7019,750.9139,47.60434,Car3-Detailed
1742767039567,23.17783,1111,Eye Hit,Right,944.6582,750.9139,47.60434,Car3-Detailed
1742767039567,23.17783,1111,Eye Hit,Center,945.1801,750.9139,47.60434,Car3-Detailed
1742767039593,23.20454,1112,Eye Hit,Left,952.2685,752.5566,47.4841,Car3-Detailed
1742767039593,23.20454,1112,Eye Hit,Right,951.2222,752.5566,47.4841,Car3-Detailed
1742767039593,23.20454,1112,Eye Hit,Center,951.7454,752.5566,47.4841,Car3-Detailed
1742767039619,23.23007,1113,Eye Hit,Left,952.2549,803.0889,47.54429,Car3-Detailed
1742767039619,23.23007,1113,Eye Hit,Right,951.2098,803.0889,47.54429,Car3-Detailed
1742767039619,23.23007,1113,Eye Hit,Center,951.7322,803.0889,47.54428,Car3-Detailed
1742767039651,23.25786,1114,Eye Hit,Left,925.426,816.3558,48.02405,Car3-Detailed
1742767039651,23.25786,1114,Eye Hit,Right,924.3915,816.3558,48.02406,Car3-Detailed
1742767039651,23.25786,1114,Eye Hit,Center,924.9088,816.3558,48.02406,Car3-Detailed
1742767039676,23.28946,1115,Eye Hit,Left,923.8803,819.5938,48.04408,Car3-Detailed
1742767039676,23.28946,1115,Eye Hit,Right,922.8463,819.5938,48.04408,Car3-Detailed
1742767039676,23.28946,1115,Eye Hit,Center,923.3633,819.5938,48.04408,Car3-Detailed
1742767039705,23.31379,1116,Eye Hit,Left,924.3598,825.1033,48.02094,Car3-Detailed
1742767039705,23.31379,1116,Eye Hit,Right,923.3251,825.1033,48.02094,Car3-Detailed
1742767039705,23.31379,1116,Eye Hit,Center,923.8424,825.1033,48.02094,Car3-Detailed
1742767039734,23.34289,1117,Eye Hit,Left,923.3375,824.7787,48.03984,Car3-Detailed
1742767039734,23.34289,1117,Eye Hit,Right,922.3033,824.7787,48.03984,Car3-Detailed
1742767039734,23.34289,1117,Eye Hit,Center,922.8203,824.7787,48.03984,Car3-Detailed
1742767039761,23.37173,1118,Eye Hit,Left,929.4212,824.3967,47.93288,Car3-Detailed
1742767039761,23.37173,1118,Eye Hit,Right,928.3846,824.3967,47.93289,Car3-Detailed
1742767039761,23.37173,1118,Eye Hit,Center,928.9028,824.3967,47.93288,Car3-Detailed
1742767039787,23.40015,1119,Eye Hit,Left,927.957,823.9575,47.9603,Car3-Detailed
1742767039787,23.40015,1119,Eye Hit,Right,926.921,823.9575,47.9603,Car3-Detailed
1742767039787,23.40015,1119,Eye Hit,Center,927.439,823.9575,47.9603,Car3-Detailed
1742767039814,23.42548,1120,Eye Hit,Left,927.5342,824.4365,47.96635,Car3-Detailed
1742767039814,23.42548,1120,Eye Hit,Right,926.4984,824.4365,47.96635,Car3-Detailed
1742767039814,23.42548,1120,Eye Hit,Center,927.0163,824.4365,47.96635,Car3-Detailed
1742767039840,23.45204,1121,Eye Hit,Left,926.3031,826.5908,47.98216,Car3-Detailed
1742767039840,23.45204,1121,Eye Hit,Right,925.2676,826.5908,47.98216,Car3-Detailed
1742767039840,23.45204,1121,Eye Hit,Center,925.7853,826.5908,47.98216,Car3-Detailed
1742767039868,23.4776,1122,Eye Hit,Left,914.0143,827.7493,48.19201,Car3-Detailed
1742767039868,23.4776,1122,Eye Hit,Right,912.9835,827.7493,48.19202,Car3-Detailed
1742767039868,23.4776,1122,Eye Hit,Center,913.499,827.7493,48.19202,Car3-Detailed
1742767039893,23.5058,1123,Eye Hit,Left,922.099,828.5368,48.05059,Car3-Detailed
1742767039893,23.5058,1123,Eye Hit,Right,921.0651,828.5368,48.05059,Car3-Detailed
1742767039893,23.5058,1123,Eye Hit,Center,921.582,828.5368,48.05059,Car3-Detailed
1742767039920,23.53174,1124,Eye Hit,Left,920.7033,827.7371,48.07742,Car3-Detailed
1742767039920,23.53174,1124,Eye Hit,Right,919.6699,827.7371,48.07742,Car3-Detailed
1742767039920,23.53174,1124,Eye Hit,Center,920.1866,827.7371,48.07741,Car3-Detailed
1742767039947,23.55876,1125,Eye Hit,Left,924.066,830.0439,48.011,Car3-Detailed
1742767039947,23.55876,1125,Eye Hit,Right,923.0312,830.0439,48.011,Car3-Detailed
1742767039947,23.55876,1125,Eye Hit,Center,923.5487,830.0439,48.011,Car3-Detailed
1742767039975,23.58506,1126,Eye Hit,Left,917.1544,825.5169,48.14518,Car3-Detailed
1742767039975,23.58506,1126,Eye Hit,Right,916.1224,825.5169,48.14519,Car3-Detailed
1742767039975,23.58506,1126,Eye Hit,Center,916.6385,825.5169,48.14518,Car3-Detailed
1742767040009,23.61243,1127,Eye Hit,Left,915.5696,828.9724,48.1615,Car3-Detailed
1742767040009,23.61243,1127,Eye Hit,Right,914.538,828.9724,48.1615,Car3-Detailed
1742767040009,23.61243,1127,Eye Hit,Center,915.0538,828.9724,48.1615,Car3-Detailed
1742767040046,23.64774,1128,Eye Hit,Left,931.1432,828.9726,47.88818,Car3-Detailed
1742767040046,23.64774,1128,Eye Hit,Right,930.1058,828.9726,47.88818,Car3-Detailed
1742767040046,23.64774,1128,Eye Hit,Center,930.6245,828.9726,47.88818,Car3-Detailed
1742767040085,23.68516,1129,Eye Hit,Left,920.7236,834.69,48.05312,Car3-Detailed
1742767040085,23.68516,1129,Eye Hit,Right,919.6896,834.69,48.05312,Car3-Detailed
1742767040085,23.68516,1129,Eye Hit,Center,920.2066,834.69,48.05313,Car3-Detailed
1742767040112,23.72507,1130,Eye Hit,Left,916.1934,832.5284,48.13899,Car3-Detailed
1742767040112,23.72507,1130,Eye Hit,Right,915.1611,832.5284,48.13899,Car3-Detailed
1742767040112,23.72507,1130,Eye Hit,Center,915.6771,832.5284,48.13899,Car3-Detailed
1742767040135,23.7497,1131,Eye Hit,Left,908.4396,831.725,48.27226,Car3-Detailed
1742767040135,23.7497,1131,Eye Hit,Right,907.4103,831.725,48.27227,Car3-Detailed
1742767040135,23.7497,1131,Eye Hit,Center,907.9251,831.725,48.27227,Car3-Detailed
1742767040165,23.77256,1132,Eye Hit,Left,923.6554,833.4668,48.00681,Car3-Detailed
1742767040165,23.77256,1132,Eye Hit,Right,922.6204,833.4668,48.00681,Car3-Detailed
1742767040165,23.77256,1132,Eye Hit,Center,923.1379,833.4668,48.00681,Car3-Detailed
1742767040191,23.80273,1133,Eye Hit,Left,923.876,831.8115,48.00864,Car3-Detailed
1742767040191,23.80273,1133,Eye Hit,Right,922.8411,831.8115,48.00864,Car3-Detailed
1742767040191,23.80273,1133,Eye Hit,Center,923.3585,831.8115,48.00864,Car3-Detailed
1742767040219,23.82904,1134,Eye Hit,Left,915.777,823.9521,48.1734,Car3-Detailed
1742767040219,23.82904,1134,Eye Hit,Right,914.7457,823.9521,48.17339,Car3-Detailed
1742767040219,23.82904,1134,Eye Hit,Center,915.2613,823.9521,48.1734,Car3-Detailed
1742767040249,23.8576,1135,Eye Hit,Left,918.2883,823.586,48.13105,Car3-Detailed
1742767040249,23.8576,1135,Eye Hit,Right,917.256,823.586,48.13105,Car3-Detailed
1742767040249,23.8576,1135,Eye Hit,Center,917.7722,823.586,48.13105,Car3-Detailed
1742767040277,23.88753,1136,Eye Hit,Left,912.1927,827.4878,48.22321,Car3-Detailed
1742767040278,23.88753,1136,Eye Hit,Right,911.1625,827.4878,48.22321,Car3-Detailed
1742767040278,23.88753,1136,Eye Hit,Center,911.6776,827.4878,48.22321,Car3-Detailed
1742767040305,23.91587,1137,Eye Hit,Left,890.4741,828.3742,48.56832,Car3-Detailed
1742767040305,23.91587,1137,Eye Hit,Right,889.451,828.3742,48.56832,Car3-Detailed
1742767040305,23.91587,1137,Eye Hit,Center,889.9626,828.3742,48.56832,Car3-Detailed
1742767040335,23.94282,1138,Eye Hit,Left,886.1016,826.2599,48.64086,Car3-Detailed
1742767040335,23.94282,1138,Eye Hit,Right,885.0801,826.2599,48.64086,Car3-Detailed
1742767040335,23.94282,1138,Eye Hit,Center,885.5908,826.2599,48.64086,Car3-Detailed
1742767040363,23.97451,1139,Eye Hit,Left,905.026,828.1109,48.33963,Car3-Detailed
1742767040363,23.97451,1139,Eye Hit,Right,903.9982,828.1109,48.33963,Car3-Detailed
1742767040363,23.97451,1139,Eye Hit,Center,904.5121,828.1109,48.33963,Car3-Detailed
1742767040391,24.00198,1140,Eye Hit,Left,890.2662,821.0131,48.59274,Car3-Detailed
1742767040391,24.00198,1140,Eye Hit,Right,889.2437,821.0131,48.59274,Car3-Detailed
1742767040391,24.00198,1140,Eye Hit,Center,889.755,821.0131,48.59274,Car3-Detailed
1742767040418,24.0298,1141,Eye Hit,Left,886.3146,816.9103,48.66235,Car3-Detailed
1742767040418,24.0298,1141,Eye Hit,Right,885.2936,816.9103,48.66235,Car3-Detailed
1742767040418,24.0298,1141,Eye Hit,Center,885.8041,816.9103,48.66235,Car3-Detailed
1742767040445,24.05732,1142,Eye Hit,Left,870.1379,817.9805,48.8914,Car3-Detailed
1742767040445,24.05732,1142,Eye Hit,Right,869.1217,817.9805,48.8914,Car3-Detailed
1742767040445,24.05732,1142,Eye Hit,Center,869.6298,817.9805,48.8914,Car3-Detailed
1742767040472,24.08257,1143,Eye Hit,Left,868.7046,817.5623,48.91198,Car3-Detailed
1742767040472,24.08257,1143,Eye Hit,Right,867.6888,817.5623,48.91198,Car3-Detailed
1742767040472,24.08257,1143,Eye Hit,Center,868.1967,817.5623,48.91198,Car3-Detailed
1742767040503,24.11082,1144,Eye Hit,Left,855.6786,819.0532,49.07816,Car3-Detailed
1742767040503,24.11082,1144,Eye Hit,Right,854.6663,819.0532,49.07817,Car3-Detailed
1742767040503,24.11082,1144,Eye Hit,Center,855.1724,819.0532,49.07817,Car3-Detailed
1742767040533,24.14069,1145,Eye Hit,Left,894.1738,821.4899,48.53177,Car3-Detailed
1742767040533,24.14069,1145,Eye Hit,Right,893.1501,821.4899,48.53177,Car3-Detailed
1742767040533,24.14069,1145,Eye Hit,Center,893.662,821.4899,48.53177,Car3-Detailed
1742767040560,24.17188,1146,Eye Hit,Left,900.2573,821.4533,48.43614,Car3-Detailed
1742767040560,24.17188,1146,Eye Hit,Right,899.2316,821.4533,48.43614,Car3-Detailed
1742767040560,24.17188,1146,Eye Hit,Center,899.7445,821.4533,48.43614,Car3-Detailed
1742767040588,24.19838,1147,Eye Hit,Left,900.1998,822.8184,48.43346,Car3-Detailed
1742767040588,24.19838,1147,Eye Hit,Right,899.174,822.8184,48.43346,Car3-Detailed
1742767040588,24.19838,1147,Eye Hit,Center,899.6869,822.8184,48.43346,Car3-Detailed
1742767040617,24.22619,1148,Eye Hit,Left,912.5369,820.8328,48.23629,Car3-Detailed
1742767040617,24.22619,1148,Eye Hit,Right,911.507,820.8328,48.23629,Car3-Detailed
1742767040617,24.22619,1148,Eye Hit,Center,912.022,820.8328,48.2363,Car3-Detailed
1742767040644,24.25602,1149,Eye Hit,Left,922.5903,826.7628,48.04687,Car3-Detailed
1742767040644,24.25602,1149,Eye Hit,Right,921.5562,826.7628,48.04687,Car3-Detailed
1742767040644,24.25602,1149,Eye Hit,Center,922.0732,826.7628,48.04688,Car3-Detailed
1742767040671,24.28121,1150,Eye Hit,Left,940.2431,824.6508,47.73318,Car3-Detailed
1742767040673,24.28121,1150,Eye Hit,Right,939.2023,824.6508,47.73319,Car3-Detailed
1742767040673,24.28121,1150,Eye Hit,Center,939.7227,824.6508,47.73318,Car3-Detailed
1742767040701,24.31092,1151,Eye Hit,Left,981.4403,837.4393,46.87247,Car3-Detailed
1742767040701,24.31092,1151,Eye Hit,Right,980.3804,837.4393,46.87246,Car3-Detailed
1742767040701,24.31092,1151,Eye Hit,Center,980.9103,837.4393,46.87246,Car3-Detailed
1742767040728,24.33854,1152,Eye Hit,Left,1045.425,841.5031,45.4189,Car3-Detailed
1742767040728,24.33854,1152,Eye Hit,Right,1044.332,841.5031,45.41889,Car3-Detailed
1742767040728,24.33854,1152,Eye Hit,Center,1044.878,841.5031,45.4189,Car3-Detailed
1742767040757,24.36618,1153,Eye Hit,Left,1058.517,842.1459,45.10204,Car3-Detailed
1742767040757,24.36618,1153,Eye Hit,Right,1057.415,842.1459,45.10203,Car3-Detailed
1742767040757,24.36618,1153,Eye Hit,Center,1057.966,842.1459,45.10203,Car3-Detailed
1742767040784,24.39575,1154,Eye Hit,Left,1069.233,835.4256,44.86294,Car3-Detailed
1742767040784,24.39575,1154,Eye Hit,Right,1068.125,835.4256,44.86294,Car3-Detailed
1742767040784,24.39575,1154,Eye Hit,Center,1068.679,835.4256,44.86294,Car3-Detailed
1742767040812,24.42247,1155,Eye Hit,Left,1083.229,822.7716,44.54806,Car3-Detailed
1742767040812,24.42247,1155,Eye Hit,Right,1082.114,822.7716,44.54806,Car3-Detailed
1742767040812,24.42247,1155,Eye Hit,Center,1082.672,822.7716,44.54806,Car3-Detailed
1742767040839,24.45073,1156,Eye Hit,Left,1118.261,807.5297,43.67832,Car3-Detailed
1742767040839,24.45073,1156,Eye Hit,Right,1117.124,807.5297,43.67832,Car3-Detailed
1742767040839,24.45073,1156,Eye Hit,Center,1117.693,807.5297,43.67832,Car3-Detailed
1742767040867,24.47762,1157,Eye Hit,Left,1116.622,800.3978,43.72613,Car3-Detailed
1742767040867,24.47762,1157,Eye Hit,Right,1115.486,800.3978,43.72613,Car3-Detailed
1742767040868,24.47762,1157,Eye Hit,Center,1116.054,800.3978,43.72612,Car3-Detailed
1742767040894,24.50597,1158,,Left,1194.617,790.682,41.6676,
1742767040894,24.50597,1158,,Right,1193.424,790.682,41.6676,
1742767040894,24.50597,1158,,Center,1194.021,790.682,41.6676,
1742767040923,24.53184,1159,Eye Hit,Left,975.1163,835.8163,47.00814,Car3-Detailed
1742767040923,24.53184,1159,Eye Hit,Right,974.0594,835.8163,47.00814,Car3-Detailed
1742767040923,24.53184,1159,Eye Hit,Center,974.5879,835.8163,47.00814,Car3-Detailed
1742767040947,24.56112,1160,,Left,827.8441,870.6596,49.13046,
1742767040948,24.56112,1160,,Right,826.8328,870.6596,49.13046,
1742767040948,24.56112,1160,,Center,827.3383,870.6596,49.13046,
1742767040975,24.58621,1161,Eye Hit,Left,745.7606,871.0099,49.6387,NW_Tree_10
1742767040975,24.58621,1161,Eye Hit,Right,744.7596,871.0099,49.6387,NW_Tree_10
1742767040975,24.58621,1161,Eye Hit,Center,745.2601,871.0099,49.6387,NW_Tree_10
1742767041002,24.61376,1162,,Left,618.33,869.1359,49.18806,
1742767041002,24.61376,1162,,Right,617.3198,869.1359,49.18806,
1742767041002,24.61376,1162,,Center,617.8249,869.1359,49.18805,
1742767041029,24.6398,1163,Eye Hit,Left,562.8937,834.957,48.71679,NW_Tree_30
1742767041029,24.6398,1163,Eye Hit,Right,561.8738,834.957,48.71679,NW_Tree_30
1742767041029,24.6398,1163,Eye Hit,Center,562.3837,834.957,48.71679,NW_Tree_30
1742767041060,24.66693,1164,Eye Hit,Left,586.291,831.4348,49.04128,NW_Tree_30
1742767041060,24.66693,1164,Eye Hit,Right,585.2779,831.4348,49.04128,NW_Tree_30
1742767041060,24.66693,1164,Eye Hit,Center,585.7844,831.4348,49.04128,NW_Tree_30
1742767041089,24.69875,1165,Eye Hit,Left,528.0831,832.9891,48.18314,NW_Tree_30
1742767041089,24.69875,1165,Eye Hit,Right,527.0519,832.9891,48.18314,NW_Tree_30
1742767041089,24.69875,1165,Eye Hit,Center,527.5675,832.9891,48.18314,NW_Tree_30
1742767041116,24.72653,1166,,Left,504.4459,831.0318,47.77575,
1742767041116,24.72653,1166,,Right,503.406,831.0318,47.77575,
1742767041116,24.72653,1166,,Center,503.926,831.0318,47.77575,
1742767041146,24.75425,1167,,Left,514.7192,828.4523,47.97329,
1742767041146,24.75425,1167,,Right,513.6836,828.4523,47.97329,
1742767041146,24.75425,1167,,Center,514.2014,828.4523,47.97329,
1742767041177,24.78351,1168,,Left,516.4484,811.2358,48.04717,
1742767041177,24.78351,1168,,Right,515.4144,811.2358,48.04716,
1742767041177,24.78351,1168,,Center,515.9314,811.2358,48.04717,
1742767041205,24.8141,1169,,Left,529.2061,797.4693,48.28412,
1742767041205,24.8141,1169,,Right,528.1771,797.4693,48.28412,
1742767041205,24.8141,1169,,Center,528.6917,797.4693,48.28412,
1742767041232,24.84217,1170,,Left,525.1317,792.9699,48.21729,
1742767041232,24.84217,1170,,Right,524.1013,792.9699,48.21729,
1742767041232,24.84217,1170,,Center,524.6165,792.9699,48.21728,
1742767041262,24.86979,1171,,Left,530.3829,790.7329,48.30744,
1742767041262,24.86979,1171,,Right,529.3545,790.7329,48.30744,
1742767041262,24.86979,1171,,Center,529.8687,790.733,48.30745,
1742767041289,24.90022,1172,,Left,540.9349,786.5251,48.48037,
1742767041289,24.90022,1172,,Right,539.91,786.5251,48.48036,
1742767041289,24.90022,1172,,Center,540.4225,786.5251,48.48036,
1742767041316,24.92639,1173,,Left,542.8276,785.7514,48.51102,
1742767041316,24.92639,1173,,Right,541.8034,785.7514,48.51102,
1742767041316,24.92639,1173,,Center,542.3154,785.7514,48.51102,
1742767041345,24.9544,1174,,Left,552.9763,789.4832,48.67025,
1742767041345,24.9544,1174,,Right,551.9555,789.4832,48.67025,
1742767041345,24.9544,1174,,Center,552.4659,789.4832,48.67025,
1742767041374,24.98265,1175,Eye Hit,Left,591.6964,849.2549,49.04469,NW_Tree_30
1742767041374,24.98265,1175,Eye Hit,Right,590.6833,849.2549,49.0447,NW_Tree_30
1742767041374,24.98265,1175,Eye Hit,Center,591.1898,849.2549,49.04469,NW_Tree_30
1742767041400,25.01179,1176,,Left,746.0905,947.9107,48.81041,
1742767041400,25.01179,1176,,Right,745.0726,947.9107,48.81041,
1742767041400,25.01179,1176,,Center,745.5815,947.9107,48.81041,
1742767041430,25.03685,1177,,Left,745.8967,943.7412,48.87121,
1742767041430,25.03685,1177,,Right,744.8801,943.7412,48.87121,
1742767041430,25.03685,1177,,Center,745.3884,943.7412,48.87121,
1742767041457,25.06783,1178,Eye Hit,Left,803.5058,973.2866,48.1525,NorthCarSignal
1742767041457,25.06783,1178,Eye Hit,Right,802.4739,973.2866,48.1525,NorthCarSignal
1742767041457,25.06783,1178,Eye Hit,Center,802.9899,973.2866,48.1525,NorthCarSignal
1742767041483,25.09567,1179,Eye Hit,Left,807.9612,971.9307,48.14055,NorthCarSignal
1742767041483,25.09567,1179,Eye Hit,Right,806.9291,971.9307,48.14055,NorthCarSignal
1742767041483,25.09567,1179,Eye Hit,Center,807.4452,971.9307,48.14055,NorthCarSignal
1742767041511,25.12125,1180,Eye Hit,Left,807.3024,970.7802,48.16341,NorthCarSignal
1742767041511,25.12125,1180,Eye Hit,Right,806.2708,970.7802,48.1634,NorthCarSignal
1742767041511,25.12125,1180,Eye Hit,Center,806.7865,970.7802,48.1634,NorthCarSignal
1742767041539,25.14929,1181,Eye Hit,Left,803.9556,968.5905,48.22185,NorthCarSignal
1742767041539,25.14929,1181,Eye Hit,Right,802.9253,968.5903,48.22185,NorthCarSignal
1742767041539,25.14929,1181,Eye Hit,Center,803.4405,968.5903,48.22185,NorthCarSignal
1742767041569,25.17829,1182,Eye Hit,Left,802.0818,968.7555,48.23195,NorthCarSignal
1742767041569,25.17829,1182,Eye Hit,Right,801.0518,968.7555,48.23195,NorthCarSignal
1742767041569,25.17829,1182,Eye Hit,Center,801.5668,968.7555,48.23194,NorthCarSignal
1742767041595,25.206,1183,Eye Hit,Left,799.1742,965.6476,48.30143,NorthCarSignal
1742767041595,25.206,1183,Eye Hit,Right,798.1455,965.6476,48.30142,NorthCarSignal
1742767041595,25.206,1183,Eye Hit,Center,798.6599,965.6476,48.30142,NorthCarSignal
1742767041623,25.2327,1184,Eye Hit,Left,797.3748,961.846,48.36998,NorthCarSignal
1742767041623,25.2327,1184,Eye Hit,Right,796.3476,961.846,48.36997,NorthCarSignal
1742767041623,25.2327,1184,Eye Hit,Center,796.8612,961.846,48.36998,NorthCarSignal
1742767041650,25.26093,1185,Eye Hit,Left,790.0444,957.906,48.475,NorthCarSignal
1742767041650,25.26093,1185,Eye Hit,Right,789.0193,957.906,48.475,NorthCarSignal
1742767041650,25.26093,1185,Eye Hit,Center,789.5319,957.906,48.475,NorthCarSignal
1742767041680,25.28908,1186,Eye Hit,Left,787.5988,951.7135,48.57882,NorthCarSignal
1742767041681,25.28908,1186,Eye Hit,Right,786.576,951.7135,48.57882,NorthCarSignal
1742767041681,25.28908,1186,Eye Hit,Center,787.0874,951.7135,48.57882,NorthCarSignal
1742767041708,25.31911,1187,Eye Hit,Left,779.5834,955.7507,48.56414,NorthCarSignal
1742767041708,25.31911,1187,Eye Hit,Right,778.5603,955.7507,48.56414,NorthCarSignal
1742767041708,25.31911,1187,Eye Hit,Center,779.072,955.7507,48.56414,NorthCarSignal
1742767041734,25.34578,1188,Eye Hit,Left,769.9073,953.98,48.63619,NorthCarSignal
1742767041734,25.34578,1188,Eye Hit,Right,768.8859,953.98,48.6362,NorthCarSignal
1742767041734,25.34578,1188,Eye Hit,Center,769.3968,953.98,48.63619,NorthCarSignal
1742767041763,25.37175,1189,Eye Hit,Left,761.3047,954.1662,48.66764,NorthCarSignal
1742767041763,25.37175,1189,Eye Hit,Right,760.2838,954.1662,48.66764,NorthCarSignal
1742767041763,25.37175,1189,Eye Hit,Center,760.7942,954.1662,48.66764,NorthCarSignal
1742767041790,25.40015,1190,Eye Hit,Left,753.0884,952.1718,48.72227,NorthCarSignal
1742767041790,25.40015,1190,Eye Hit,Right,752.0687,952.1718,48.72227,NorthCarSignal
1742767041790,25.40015,1190,Eye Hit,Center,752.5785,952.1718,48.72226,NorthCarSignal
1742767041819,25.42745,1191,Eye Hit,Left,736.5811,955.6017,48.70683,NorthCarSignal
1742767041819,25.42745,1191,Eye Hit,Right,735.561,955.6017,48.70682,NorthCarSignal
1742767041819,25.42745,1191,Eye Hit,Center,736.071,955.6017,48.70683,NorthCarSignal
1742767041850,25.45763,1192,Eye Hit,Left,726.7373,947.7679,48.8294,NorthCarSignal
1742767041850,25.45763,1192,Eye Hit,Right,725.7197,947.7679,48.8294,NorthCarSignal
1742767041850,25.45763,1192,Eye Hit,Center,726.2286,947.7679,48.8294,NorthCarSignal
1742767041877,25.48882,1193,Eye Hit,Left,724.9743,950.1257,48.79573,NorthCarSignal
1742767041877,25.48882,1193,Eye Hit,Right,723.9561,950.1257,48.79572,NorthCarSignal
1742767041877,25.48882,1193,Eye Hit,Center,724.4653,950.1257,48.79573,NorthCarSignal
1742767041904,25.5143,1194,,Left,723.3312,942.8295,48.89831,
1742767041904,25.5143,1194,,Right,722.3151,942.8295,48.8983,
1742767041904,25.5143,1194,,Center,722.8231,942.8295,48.8983,
1742767041932,25.54003,1195,Eye Hit,Left,701.8145,934.1146,48.99867,NorthCarSignal
1742767041932,25.54003,1195,Eye Hit,Right,700.8005,934.1146,48.99867,NorthCarSignal
1742767041932,25.54003,1195,Eye Hit,Center,701.3074,934.1146,48.99867,NorthCarSignal
1742767041960,25.56866,1196,Eye Hit,Left,697.9397,936.9432,48.95103,NorthCarSignal
1742767041960,25.56866,1196,Eye Hit,Right,696.9247,936.9432,48.95104,NorthCarSignal
1742767041960,25.56866,1196,Eye Hit,Center,697.4323,936.9432,48.95104,NorthCarSignal
1742767041987,25.59717,1197,,Left,598.756,911.3528,48.60655,
1742767041987,25.59717,1197,,Right,597.7338,911.3528,48.60655,
1742767041987,25.59717,1197,,Center,598.2449,911.3528,48.60655,
1742767042015,25.62485,1198,,Left,483.9221,911.0412,46.85775,
1742767042015,25.62485,1198,,Right,482.8617,911.0412,46.85775,
1742767042015,25.62485,1198,,Center,483.3919,911.0412,46.85775,
1742767042043,25.6532,1199,,Left,437.1841,890.7805,46.07626,
1742767042043,25.6532,1199,,Right,436.1059,890.7805,46.07626,
1742767042043,25.6532,1199,,Center,436.645,890.7805,46.07626,
1742767042069,25.68013,1200,Eye Hit,Left,415.2834,815.4462,45.9357,NW_Tree_50
1742767042069,25.68013,1200,Eye Hit,Right,414.2019,815.4462,45.9357,NW_Tree_50
1742767042069,25.68013,1200,Eye Hit,Center,414.7428,815.4462,45.9357,NW_Tree_50
1742767042098,25.70699,1201,Eye Hit,Left,388.973,727.0782,45.17933,Car4-Detailed
1742767042098,25.70699,1201,Eye Hit,Right,387.8733,727.0782,45.17933,Car4-Detailed
1742767042098,25.70699,1201,Eye Hit,Center,388.4232,727.0782,45.17933,Car4-Detailed
1742767042124,25.73486,1202,Eye Hit,Left,385.208,726.3504,45.08127,Car4-Detailed
1742767042124,25.73486,1202,Eye Hit,Right,384.106,726.3504,45.08127,Car4-Detailed
1742767042124,25.73486,1202,Eye Hit,Center,384.6571,726.3504,45.08128,Car4-Detailed
1742767042153,25.76149,1203,Eye Hit,Left,383.6396,722.9808,45.02682,Car4-Detailed
1742767042153,25.76149,1203,Eye Hit,Right,382.5362,722.9808,45.02682,Car4-Detailed
1742767042153,25.76149,1203,Eye Hit,Center,383.0879,722.9808,45.02682,Car4-Detailed
1742767042180,25.79104,1204,Eye Hit,Left,388.0737,722.1158,45.12855,Car4-Detailed
1742767042180,25.79104,1204,Eye Hit,Right,386.9727,722.1158,45.12855,Car4-Detailed
1742767042180,25.79104,1204,Eye Hit,Center,387.5232,722.1158,45.12855,Car4-Detailed
1742767042209,25.81773,1205,Eye Hit,Left,392.393,732.3544,45.27934,Car4-Detailed
1742767042209,25.81773,1205,Eye Hit,Right,391.2957,732.3544,45.27934,Car4-Detailed
1742767042209,25.81773,1205,Eye Hit,Center,391.8444,732.3544,45.27934,Car4-Detailed
1742767042238,25.84554,1206,Eye Hit,Left,389.2615,731.7614,45.20177,Car4-Detailed
1742767042238,25.84554,1206,Eye Hit,Right,388.1623,731.7614,45.20177,Car4-Detailed
1742767042238,25.84554,1206,Eye Hit,Center,388.7119,731.7614,45.20177,Car4-Detailed
1742767042265,25.87542,1207,Eye Hit,Left,391.3193,730.8933,45.24717,Car4-Detailed
1742767042265,25.87542,1207,Eye Hit,Right,390.2212,730.8933,45.24717,Car4-Detailed
1742767042265,25.87542,1207,Eye Hit,Center,390.7702,730.8933,45.24717,Car4-Detailed
1742767042291,25.90298,1208,Eye Hit,Left,388.3378,727.0859,45.15256,Car4-Detailed
1742767042291,25.90298,1208,Eye Hit,Right,387.2374,727.0859,45.15257,Car4-Detailed
1742767042291,25.90298,1208,Eye Hit,Center,387.7876,727.0859,45.15257,Car4-Detailed
1742767042320,25.93024,1209,Eye Hit,Left,386.3693,728.3242,45.11137,Car4-Detailed
1742767042320,25.93024,1209,Eye Hit,Right,385.2679,728.3242,45.11137,Car4-Detailed
1742767042320,25.93024,1209,Eye Hit,Center,385.8186,728.3242,45.11137,Car4-Detailed
1742767042347,25.95865,1210,Eye Hit,Left,380.4912,751.0861,45.05564,Car4-Detailed
1742767042347,25.95865,1210,Eye Hit,Right,379.3885,751.0861,45.05564,Car4-Detailed
1742767042347,25.95865,1210,Eye Hit,Center,379.9399,751.0861,45.05564,Car4-Detailed
1742767042374,25.98597,1211,,Left,380.0009,776.537,45.09668,
1742767042374,25.98597,1211,,Right,378.8992,776.537,45.09668,
1742767042374,25.98597,1211,,Center,379.4501,776.537,45.09668,
1742767042402,26.01232,1212,,Left,375.8459,789.3281,45.00477,
1742767042402,26.01232,1212,,Right,374.7419,789.3281,45.00477,
1742767042402,26.01232,1212,,Center,375.2938,789.3281,45.00477,
1742767042429,26.03907,1213,,Left,375.9341,789.971,45.00911,
1742767042429,26.03907,1213,,Right,374.8303,789.971,45.00911,
1742767042429,26.03907,1213,,Center,375.3821,789.971,45.00911,
1742767042457,26.06652,1214,,Left,372.8604,793.7259,44.9297,
1742767042457,26.06652,1214,,Right,371.7545,793.7259,44.9297,
1742767042457,26.06652,1214,,Center,372.3074,793.7259,44.9297,
1742767042484,26.09581,1215,,Left,379.4613,794.5221,45.09504,
1742767042484,26.09581,1215,,Right,378.3595,794.5221,45.09504,
1742767042484,26.09581,1215,,Center,378.9104,794.5221,45.09504,
1742767042510,26.12282,1216,,Left,388.868,795.7462,45.32678,
1742767042510,26.12282,1216,,Right,387.7718,795.7462,45.32677,
1742767042510,26.12282,1216,,Center,388.3199,795.7462,45.32677,
1742767042537,26.14792,1217,,Left,394.0168,791.2578,45.45448,
1742767042537,26.14792,1217,,Right,392.9237,791.2578,45.45449,
1742767042537,26.14792,1217,,Center,393.4702,791.2578,45.45448,
1742767042566,26.17575,1218,,Left,385.4479,791.6057,45.25108,
1742767042566,26.17575,1218,,Right,384.35,791.6057,45.25108,
1742767042566,26.17575,1218,,Center,384.899,791.6057,45.25108,
1742767042595,26.20397,1219,,Left,383.4519,789.5333,45.2017,
1742767042595,26.20397,1219,,Right,382.3527,789.5333,45.2017,
1742767042595,26.20397,1219,,Center,382.9023,789.5333,45.2017,
1742767042620,26.23267,1220,,Left,377.5852,788.7077,45.062,
1742767042620,26.23267,1220,,Right,376.4827,788.7077,45.062,
1742767042620,26.23267,1220,,Center,377.034,788.7077,45.062,
1742767042649,26.25869,1221,,Left,373.0113,796.8353,44.95267,
1742767042649,26.25869,1221,,Right,371.9061,796.8353,44.95268,
1742767042649,26.25869,1221,,Center,372.4587,796.8353,44.95268,
1742767042678,26.28704,1222,,Left,367.0628,799.0476,44.80747,
1742767042678,26.28704,1222,,Right,365.954,799.0476,44.80747,
1742767042678,26.28704,1222,,Center,366.5085,799.0476,44.80747,
1742767042704,26.31556,1223,,Left,365.7227,795.1024,44.77829,
1742767042704,26.31556,1223,,Right,364.6131,795.1024,44.77829,
1742767042704,26.31556,1223,,Center,365.1679,795.1024,44.77829,
1742767042734,26.34238,1224,,Left,363.7028,795.2412,44.7307,
1742767042734,26.34238,1224,,Right,362.5921,795.2412,44.7307,
1742767042734,26.34238,1224,,Center,363.1475,795.2412,44.73071,
1742767042761,26.37176,1225,,Left,371.6172,794.4206,44.93005,
1742767042761,26.37176,1225,,Right,370.5114,794.4206,44.93005,
1742767042761,26.37176,1225,,Center,371.0643,794.4206,44.93005,
1742767042788,26.39893,1226,Eye Hit,Left,379.8159,788.5726,45.13339,Car4-Detailed
1742767042788,26.39893,1226,Eye Hit,Right,378.715,788.5726,45.1334,Car4-Detailed
1742767042788,26.39893,1226,Eye Hit,Center,379.2655,788.5726,45.13339,Car4-Detailed
1742767042816,26.42689,1227,Eye Hit,Left,387.5568,791.4562,45.3233,Car4-Detailed
1742767042816,26.42689,1227,Eye Hit,Right,386.4606,791.4562,45.3233,Car4-Detailed
1742767042816,26.42689,1227,Eye Hit,Center,387.0087,791.4562,45.3233,Car4-Detailed
1742767042843,26.45549,1228,Eye Hit,Left,377.1168,783.7799,45.06646,Car4-Detailed
1742767042843,26.45549,1228,Eye Hit,Right,376.0143,783.7799,45.06646,Car4-Detailed
1742767042843,26.45549,1228,Eye Hit,Center,376.5655,783.7799,45.06646,Car4-Detailed
1742767042883,26.4816,1229,,Left,378.6273,796.3527,45.10599,
1742767042883,26.4816,1229,,Right,377.5258,796.3527,45.10599,
1742767042883,26.4816,1229,,Center,378.0766,796.3527,45.10599,
1742767042926,26.52264,1230,Eye Hit,Left,403.9021,801.6593,45.71085,Car4-Detailed
1742767042926,26.52264,1230,Eye Hit,Right,402.8152,801.6593,45.71085,Car4-Detailed
1742767042926,26.52264,1230,Eye Hit,Center,403.3587,801.6593,45.71085,Car4-Detailed
1742767042956,26.56477,1231,,Left,406.9429,812.8949,45.76731,
1742767042956,26.56477,1231,,Right,405.8573,812.8949,45.76731,
1742767042956,26.56477,1231,,Center,406.3999,812.8949,45.76731,
1742767042993,26.59487,1232,Eye Hit,Left,410.6121,809.1088,45.85638,Car4-Detailed
1742767042993,26.59487,1232,Eye Hit,Right,409.5286,809.1088,45.85637,Car4-Detailed
1742767042993,26.59487,1232,Eye Hit,Center,410.0703,809.1088,45.85638,Car4-Detailed
1742767043041,26.63172,1233,Eye Hit,Left,422.2234,796.314,46.13263,Car4-Detailed
1742767043041,26.63172,1233,Eye Hit,Right,421.1464,796.314,46.13263,Car4-Detailed
1742767043041,26.63172,1233,Eye Hit,Center,421.6849,796.314,46.13263,Car4-Detailed
1742767043082,26.67841,1234,Eye Hit,Left,439.9113,788.9106,46.52784,Car4-Detailed
1742767043082,26.67841,1234,Eye Hit,Right,438.8434,788.9106,46.52784,Car4-Detailed
1742767043082,26.67841,1234,Eye Hit,Center,439.3773,788.9106,46.52784,Car4-Detailed
1742767043123,26.71982,1235,Eye Hit,Left,454.372,800.4409,46.83657,Car4-Detailed
1742767043123,26.71982,1235,Eye Hit,Right,453.3112,800.4409,46.83658,Car4-Detailed
1742767043123,26.71982,1235,Eye Hit,Center,453.8416,800.4409,46.83658,Car4-Detailed
1742767043151,26.75967,1236,,Left,369.2169,809.6264,44.84809,
1742767043151,26.75967,1236,,Right,368.109,809.6264,44.84809,
1742767043151,26.75967,1236,,Center,368.6631,809.6263,44.84809,
1742767043177,26.78823,1237,,Left,364.6916,815.9726,44.72496,
1742767043177,26.78823,1237,,Right,363.5807,815.9726,44.72495,
1742767043177,26.78823,1237,,Center,364.1361,815.9726,44.72495,
1742767043206,26.81381,1238,,Left,373.8799,815.7042,44.95091,
1742767043206,26.81381,1238,,Right,372.7745,815.7042,44.95091,
1742767043206,26.81381,1238,,Center,373.3272,815.7042,44.95091,
1742767043234,26.84187,1239,,Left,391.558,817.7463,45.37619,
1742767043234,26.84187,1239,,Right,390.4631,817.7463,45.37619,
1742767043234,26.84187,1239,,Center,391.0107,817.7463,45.37619,
1742767043265,26.87046,1240,,Left,400.3017,817.7424,45.58447,
1742767043265,26.87046,1240,,Right,399.2118,817.7424,45.58448,
1742767043265,26.87046,1240,,Center,399.7567,817.7424,45.58448,
1742767043293,26.90154,1241,Eye Hit,Left,397.3751,807.3596,45.53038,Jeep4-Detailed
1742767043293,26.90154,1241,Eye Hit,Right,396.2838,807.3596,45.53038,Jeep4-Detailed
1742767043293,26.90154,1241,Eye Hit,Center,396.8294,807.3596,45.53038,Jeep4-Detailed
1742767043322,26.92997,1242,Eye Hit,Left,407.4179,811.4692,45.76217,Jeep4-Detailed
1742767043322,26.92997,1242,Eye Hit,Right,406.3323,811.4692,45.76217,Jeep4-Detailed
1742767043322,26.92997,1242,Eye Hit,Center,406.8751,811.4692,45.76217,Jeep4-Detailed
1742767043353,26.95911,1243,Eye Hit,Left,408.8185,800.8354,45.80549,Jeep4-Detailed
1742767043353,26.95911,1243,Eye Hit,Right,407.7338,800.8354,45.80548,Jeep4-Detailed
1742767043353,26.95911,1243,Eye Hit,Center,408.2762,800.8354,45.80548,Jeep4-Detailed
1742767043385,26.99121,1244,Eye Hit,Left,422.1642,797.0024,46.11638,Jeep4-Detailed
1742767043385,26.99121,1244,Eye Hit,Right,421.0868,797.0024,46.11638,Jeep4-Detailed
1742767043385,26.99121,1244,Eye Hit,Center,421.6256,797.0024,46.11638,Jeep4-Detailed
1742767043409,27.02287,1245,Eye Hit,Left,434.1486,791.3279,46.38802,Car4-Detailed
1742767043409,27.02287,1245,Eye Hit,Right,433.0776,791.3279,46.38802,Car4-Detailed
1742767043409,27.02287,1245,Eye Hit,Center,433.6131,791.3279,46.38802,Car4-Detailed
1742767043437,27.04629,1246,Eye Hit,Left,442.741,782.1829,46.57427,Car4-Detailed
1742767043437,27.04629,1246,Eye Hit,Right,441.6742,782.1829,46.57427,Car4-Detailed
1742767043437,27.04629,1246,Eye Hit,Center,442.2076,782.1829,46.57427,Car4-Detailed
1742767043464,27.07388,1247,Eye Hit,Left,445.3112,780.038,46.62463,Car4-Detailed
1742767043464,27.07388,1247,Eye Hit,Right,444.2455,780.038,46.62463,Car4-Detailed
1742767043464,27.07388,1247,Eye Hit,Center,444.7783,780.038,46.62463,Car4-Detailed
1742767043490,27.10042,1248,Eye Hit,Left,452.6058,787.7168,46.78814,Car4-Detailed
1742767043491,27.10042,1248,Eye Hit,Right,451.5439,787.7168,46.78814,Car4-Detailed
1742767043491,27.10042,1248,Eye Hit,Center,452.0749,787.7168,46.78814,Car4-Detailed
1742767043519,27.12783,1249,Eye Hit,Left,456.3074,791.0331,46.86888,Car4-Detailed
1742767043519,27.12783,1249,Eye Hit,Right,455.2473,791.0331,46.86888,Car4-Detailed
1742767043519,27.12783,1249,Eye Hit,Center,455.7773,791.0331,46.86888,Car4-Detailed
1742767043548,27.15667,1250,Eye Hit,Left,458.711,788.1004,46.91969,Jeep4-Detailed
1742767043548,27.15667,1250,Eye Hit,Right,457.6521,788.1004,46.91969,Jeep4-Detailed
1742767043548,27.15667,1250,Eye Hit,Center,458.1815,788.1004,46.91969,Jeep4-Detailed
1742767043575,27.18483,1251,Eye Hit,Left,462.9021,785.057,47.00686,Jeep4-Detailed
1742767043575,27.18483,1251,Eye Hit,Right,461.8452,785.0569,47.00686,Jeep4-Detailed
1742767043575,27.18483,1251,Eye Hit,Center,462.3736,785.057,47.00686,Jeep4-Detailed
1742767043604,27.21234,1252,Eye Hit,Left,475.7871,784.8024,47.27239,Jeep4-Detailed
1742767043604,27.21234,1252,Eye Hit,Right,474.7361,784.8024,47.27239,Jeep4-Detailed
1742767043604,27.21234,1252,Eye Hit,Center,475.2615,784.8024,47.27238,Jeep4-Detailed
1742767043629,27.24114,1253,Eye Hit,Left,479.8101,786.5364,47.34976,Jeep4-Detailed
1742767043629,27.24114,1253,Eye Hit,Right,478.7607,786.5364,47.34976,Jeep4-Detailed
1742767043629,27.24114,1253,Eye Hit,Center,479.2854,786.5364,47.34976,Jeep4-Detailed
1742767043658,27.26568,1254,Eye Hit,Left,488.5459,790.538,47.52413,Jeep4-Detailed
1742767043658,27.26568,1254,Eye Hit,Right,487.5005,790.538,47.52413,Jeep4-Detailed
1742767043658,27.26568,1254,Eye Hit,Center,488.0232,790.538,47.52413,Jeep4-Detailed
1742767043685,27.29489,1255,Eye Hit,Left,493.8267,792.7338,47.62704,Jeep4-Detailed
1742767043685,27.29489,1255,Eye Hit,Right,492.7835,792.7338,47.62704,Jeep4-Detailed
1742767043685,27.29489,1255,Eye Hit,Center,493.3051,792.7339,47.62704,Jeep4-Detailed
1742767043713,27.32267,1256,Eye Hit,Left,496.917,789.7113,47.68667,Jeep4-Detailed
1742767043713,27.32267,1256,Eye Hit,Right,495.8751,789.7113,47.68666,Jeep4-Detailed
1742767043713,27.32267,1256,Eye Hit,Center,496.3962,789.7113,47.68667,Jeep4-Detailed
1742767043743,27.34996,1257,Eye Hit,Left,497.1011,789.5442,47.69111,Jeep4-Detailed
1742767043743,27.34996,1257,Eye Hit,Right,496.0593,789.5442,47.69111,Jeep4-Detailed
1742767043743,27.34996,1257,Eye Hit,Center,496.5802,789.5442,47.69111,Jeep4-Detailed
1742767043774,27.38033,1258,Eye Hit,Left,505.4984,793.8876,47.84913,Jeep4-Detailed
1742767043774,27.38033,1258,Eye Hit,Right,504.4601,793.8876,47.84913,Jeep4-Detailed
1742767043775,27.38033,1258,Eye Hit,Center,504.9793,793.8876,47.84913,Jeep4-Detailed
1742767043799,27.41114,1259,Eye Hit,Left,509.5753,795.4055,47.91911,Jeep4-Detailed
1742767043799,27.41114,1259,Eye Hit,Right,508.5385,795.4055,47.91911,Jeep4-Detailed
1742767043799,27.41114,1259,Eye Hit,Center,509.057,795.4055,47.91911,Jeep4-Detailed
1742767043825,27.43594,1260,Eye Hit,Left,509.7296,797.2954,47.92226,Jeep4-Detailed
1742767043825,27.43594,1260,Eye Hit,Right,508.6928,797.2954,47.92226,Jeep4-Detailed
1742767043825,27.43594,1260,Eye Hit,Center,509.2112,797.2954,47.92226,Jeep4-Detailed
1742767043856,27.46186,1261,Eye Hit,Left,505.6533,797.928,47.84883,Jeep4-Detailed
1742767043856,27.46186,1261,Eye Hit,Right,504.6149,797.928,47.84883,Jeep4-Detailed
1742767043856,27.46186,1261,Eye Hit,Center,505.1342,797.928,47.84883,Jeep4-Detailed
1742767043883,27.49378,1262,Eye Hit,Left,494.3068,796.8992,47.63742,Jeep4-Detailed
1742767043883,27.49378,1262,Eye Hit,Right,493.2639,796.8992,47.63743,Jeep4-Detailed
1742767043883,27.49378,1262,Eye Hit,Center,493.7855,796.8992,47.63742,Jeep4-Detailed
1742767043911,27.52048,1263,Eye Hit,Left,491.2866,794.5009,47.58195,Jeep4-Detailed
1742767043911,27.52048,1263,Eye Hit,Right,490.2424,794.5009,47.58195,Jeep4-Detailed
1742767043911,27.52048,1263,Eye Hit,Center,490.7645,794.5009,47.58194,Jeep4-Detailed
1742767043938,27.54803,1264,Eye Hit,Left,483.1242,791.9879,47.42365,Jeep4-Detailed
1742767043938,27.54803,1264,Eye Hit,Right,482.0766,791.9879,47.42365,Jeep4-Detailed
1742767043938,27.54803,1264,Eye Hit,Center,482.6004,791.9879,47.42365,Jeep4-Detailed
1742767043965,27.57516,1265,Eye Hit,Left,482.463,793.7694,47.40745,Jeep4-Detailed
1742767043965,27.57516,1265,Eye Hit,Right,481.415,793.7694,47.40744,Jeep4-Detailed
1742767043965,27.57516,1265,Eye Hit,Center,481.939,793.7694,47.40744,Jeep4-Detailed
1742767043992,27.60141,1266,Eye Hit,Left,487.0167,795.6992,47.49862,Jeep4-Detailed
1742767043992,27.60141,1266,Eye Hit,Right,485.9706,795.6992,47.49862,Jeep4-Detailed
1742767043992,27.60141,1266,Eye Hit,Center,486.4937,795.6992,47.49862,Jeep4-Detailed
1742767044019,27.62888,1267,Eye Hit,Left,483.3364,796.7249,47.42717,Jeep4-Detailed
1742767044019,27.62888,1267,Eye Hit,Right,482.2888,796.7249,47.42717,Jeep4-Detailed
1742767044019,27.62888,1267,Eye Hit,Center,482.8126,796.7249,47.42717,Jeep4-Detailed
1742767044047,27.65588,1268,Eye Hit,Left,486.4765,795.8696,47.4914,Jeep4-Detailed
1742767044047,27.65588,1268,Eye Hit,Right,485.4304,795.8696,47.4914,Jeep4-Detailed
1742767044047,27.65588,1268,Eye Hit,Center,485.9534,795.8696,47.4914,Jeep4-Detailed
1742767044078,27.68391,1269,Eye Hit,Left,481.5016,805.3105,47.38799,Jeep4-Detailed
1742767044078,27.68391,1269,Eye Hit,Right,480.4531,805.3105,47.388,Jeep4-Detailed
1742767044078,27.68391,1269,Eye Hit,Center,480.9773,805.3105,47.388,Jeep4-Detailed
1742767044103,27.71476,1270,Eye Hit,Left,479.066,805.3627,47.3379,Jeep4-Detailed
1742767044103,27.71476,1270,Eye Hit,Right,478.0165,805.3627,47.3379,Jeep4-Detailed
1742767044103,27.71476,1270,Eye Hit,Center,478.5413,805.3627,47.3379,Jeep4-Detailed
1742767044129,27.73941,1271,,Left,465.3797,814.8646,47.04562,
1742767044129,27.73941,1271,,Right,464.3235,814.8646,47.04563,
1742767044129,27.73941,1271,,Center,464.8516,814.8646,47.04563,
1742767044158,27.76597,1272,,Left,463.3948,827.1805,46.97604,
1742767044158,27.76597,1272,,Right,462.3372,827.1805,46.97604,
1742767044158,27.76597,1272,,Center,462.866,827.1805,46.97604,
1742767044185,27.79504,1273,,Left,458.977,823.5666,46.89368,
1742767044185,27.79504,1273,,Right,457.9175,823.5666,46.89368,
1742767044185,27.79504,1273,,Center,458.4472,823.5666,46.89368,
1742767044214,27.82253,1274,,Left,456.1951,821.0845,46.84121,
1742767044214,27.82253,1274,,Right,455.1344,821.0845,46.84121,
1742767044214,27.82253,1274,,Center,455.6647,821.0845,46.84121,
1742767044242,27.85021,1275,,Left,455.4084,826.103,46.81245,
1742767044242,27.85021,1275,,Right,454.347,826.103,46.81245,
1742767044242,27.85021,1275,,Center,454.8779,826.103,46.81245,
1742767044270,27.87921,1276,,Left,448.3194,826.61,46.65946,
1742767044270,27.87921,1276,,Right,447.2546,826.61,46.65946,
1742767044270,27.87921,1276,,Center,447.787,826.61,46.65946,
1742767044301,27.90646,1277,,Left,445.9151,826.0967,46.60776,
1742767044301,27.90646,1277,,Right,444.849,826.0967,46.60776,
1742767044301,27.90646,1277,,Center,445.382,826.0967,46.60776,
1742767044328,27.93724,1278,,Left,444.0286,822.4161,46.57695,
1742767044328,27.93724,1278,,Right,442.9619,822.4161,46.57695,
1742767044328,27.93724,1278,,Center,443.495,822.4161,46.57695,
1742767044355,27.96522,1279,,Left,441.4702,825.5895,46.51343,
1742767044355,27.96522,1279,,Right,440.4019,825.5895,46.51343,
1742767044355,27.96522,1279,,Center,440.936,825.5895,46.51343,
1742767044382,27.99194,1280,,Left,434.1131,828.3912,46.34338,
1742767044382,27.99194,1280,,Right,433.041,828.3912,46.34337,
1742767044382,27.99194,1280,,Center,433.5771,828.3912,46.34337,
1742767044411,28.01867,1281,,Left,426.4445,827.9878,46.17279,
1742767044411,28.01867,1281,,Right,425.3684,827.9878,46.17279,
1742767044411,28.01867,1281,,Center,425.9065,827.9878,46.17279,
1742767044438,28.04798,1282,,Left,413.7246,826.3748,45.88669,
1742767044438,28.04798,1282,,Right,412.6419,826.3748,45.88669,
1742767044438,28.04798,1282,,Center,413.1833,826.3748,45.88668,
1742767044467,28.0746,1283,,Left,403.1064,824.8995,45.64283,
1742767044467,28.0746,1283,,Right,402.0178,824.8995,45.64283,
1742767044467,28.0746,1283,,Center,402.5621,824.8995,45.64283,
1742767044494,28.10357,1284,,Left,367.89,820.4269,44.7996,
1742767044494,28.10357,1284,,Right,366.7809,820.4269,44.7996,
1742767044494,28.10357,1284,,Center,367.3354,820.4269,44.79959,
1742767044522,28.13068,1285,Eye Hit,Left,406.3543,851.697,45.62841,Jeep4-Detailed
1742767044522,28.13068,1285,Eye Hit,Right,405.2654,851.697,45.62841,Jeep4-Detailed
1742767044522,28.13068,1285,Eye Hit,Center,405.8099,851.697,45.62841,Jeep4-Detailed
1742767044550,28.15908,1286,Eye Hit,Left,538.7661,854.9854,48.26517,Jeep4-Detailed
1742767044550,28.15908,1286,Eye Hit,Right,537.7368,854.9854,48.26517,Jeep4-Detailed
1742767044550,28.15908,1286,Eye Hit,Center,538.2515,854.9854,48.26517,Jeep4-Detailed
1742767044580,28.1908,1287,Eye Hit,Left,613.6516,861.3615,49.20384,Jeep4-Detailed
1742767044580,28.1908,1287,Eye Hit,Right,612.6418,861.3615,49.20383,Jeep4-Detailed
1742767044580,28.1908,1287,Eye Hit,Center,613.1467,861.3615,49.20383,Jeep4-Detailed
1742767044607,28.21811,1288,,Left,747.4238,872.5867,49.62444,
1742767044607,28.21811,1288,,Right,746.4225,872.5867,49.62444,
1742767044607,28.21811,1288,,Center,746.9232,872.5867,49.62444,
1742767044631,28.24493,1289,,Left,770.7235,900.9283,49.28374,
1742767044631,28.24493,1289,,Right,769.7155,900.9283,49.28374,
1742767044631,28.24493,1289,,Center,770.2195,900.9283,49.28374,
1742767044654,28.269,1290,,Left,695.1451,905.7646,49.32042,
1742767044654,28.269,1290,,Right,694.1378,905.7646,49.32042,
1742767044654,28.269,1290,,Center,694.6415,905.7646,49.32042,
1742767044682,28.29325,1291,,Left,745.1473,902.4908,49.35577,
1742767044682,28.29325,1291,,Right,744.1406,902.4908,49.35577,
1742767044682,28.29325,1291,,Center,744.644,902.4908,49.35577,
1742767044721,28.32052,1292,,Left,751.1876,897.5095,49.39032,
1742767044721,28.32052,1292,,Right,750.1817,897.5095,49.39031,
1742767044721,28.32052,1292,,Center,750.6846,897.5095,49.39032,
1742767044763,28.35985,1293,,Left,691.2366,894.6959,49.42456,
1742767044764,28.35985,1293,,Right,690.2314,894.6959,49.42456,
1742767044764,28.35985,1293,,Center,690.7341,894.6959,49.42456,
1742767044801,28.4019,1294,Eye Hit,Left,614.2361,890.1808,48.98258,Jeep5-Detailed
1742767044801,28.4019,1294,Eye Hit,Right,613.2217,890.1808,48.98258,Jeep5-Detailed
1742767044801,28.4019,1294,Eye Hit,Center,613.7289,890.1808,48.98258,Jeep5-Detailed
1742767044831,28.43978,1295,Eye Hit,Left,528.5568,890.9886,47.8445,Jeep5-Detailed
1742767044831,28.43978,1295,Eye Hit,Right,527.5183,890.9886,47.8445,Jeep5-Detailed
1742767044831,28.43978,1295,Eye Hit,Center,528.0375,890.9886,47.8445,Jeep5-Detailed
1742767044856,28.46915,1296,Eye Hit,Left,545.5152,893.6252,48.09052,Jeep5-Detailed
1742767044856,28.46915,1296,Eye Hit,Right,544.4821,893.6252,48.09052,Jeep5-Detailed
1742767044856,28.46915,1296,Eye Hit,Center,544.9986,893.6252,48.09052,Jeep5-Detailed
1742767044883,28.49352,1297,Eye Hit,Left,640.9244,886.0284,49.25138,Jeep5-Detailed
1742767044883,28.49352,1297,Eye Hit,Right,639.9156,886.0284,49.25138,Jeep5-Detailed
1742767044883,28.49352,1297,Eye Hit,Center,640.42,886.0284,49.25138,Jeep5-Detailed
1742767044910,28.52088,1298,Eye Hit,Left,743.3235,885.4623,49.52862,Jeep5-Detailed
1742767044910,28.52088,1298,Eye Hit,Right,742.3204,885.4623,49.52862,Jeep5-Detailed
1742767044910,28.52088,1298,Eye Hit,Center,742.822,885.4623,49.52863,Jeep5-Detailed
1742767044938,28.54814,1299,,Left,805.4662,837.0789,49.52738,
1742767044938,28.54814,1299,,Right,804.463,837.0789,49.52738,
1742767044938,28.54814,1299,,Center,804.9646,837.0789,49.52738,
1742767044968,28.57526,1300,,Left,832.6298,809.1235,49.35635,
1742767044968,28.57526,1300,,Right,831.623,809.1235,49.35635,
1742767044968,28.57526,1300,,Center,832.1264,809.1235,49.35634,
1742767044997,28.60615,1301,,Left,770.1389,811.6289,49.83341,
1742767044997,28.60615,1301,,Right,769.1419,811.6289,49.83341,
1742767044997,28.60615,1301,,Center,769.6404,811.6289,49.83341,
1742767045026,28.63596,1302,,Left,772.2535,808.3264,49.82867,
1742767045026,28.63596,1302,,Right,771.2565,808.3264,49.82868,
1742767045026,28.63596,1302,,Center,771.7549,808.3264,49.82868,
1742767045051,28.66496,1303,,Left,702.0575,819.5929,49.92093,
1742767045051,28.66496,1303,,Right,701.0623,819.5929,49.92093,
1742767045051,28.66496,1303,,Center,701.5599,819.5929,49.92093,
1742767045093,28.69045,1304,,Left,597.5245,821.1005,49.21407,
1742767045093,28.69045,1304,,Right,596.515,821.1005,49.21407,
1742767045093,28.69045,1304,,Center,597.0197,821.1005,49.21407,
1742767045135,28.73201,1305,Eye Hit,Left,581.1306,833.3843,48.97537,Jeep4-Detailed
1742767045135,28.73201,1305,Eye Hit,Right,580.1161,833.3843,48.97536,Jeep4-Detailed
1742767045135,28.73201,1305,Eye Hit,Center,580.6232,833.3843,48.97536,Jeep4-Detailed
1742767045164,28.7742,1306,Eye Hit,Left,706.5028,826.1287,49.90694,NE_Tree_10
1742767045164,28.7742,1306,Eye Hit,Right,705.5073,826.1287,49.90694,NE_Tree_10
1742767045164,28.7742,1306,Eye Hit,Center,706.0049,826.1287,49.90694,NE_Tree_10
1742767045202,28.80112,1307,,Left,776.2031,814.0123,49.798,
1742767045202,28.80112,1307,,Right,775.2054,814.0123,49.798,
1742767045202,28.80112,1307,,Center,775.7042,814.0123,49.798,
1742767045238,28.84007,1308,Eye Hit,Left,860.3416,807.1548,49.033,Car4-Detailed
1742767045238,28.84007,1308,Eye Hit,Right,859.3284,807.1548,49.03301,Car4-Detailed
1742767045238,28.84007,1308,Eye Hit,Center,859.8349,807.1548,49.03301,Car4-Detailed
1742767045269,28.87434,1309,Eye Hit,Left,938.9563,800.999,47.79051,Car4-Detailed
1742767045269,28.87434,1309,Eye Hit,Right,937.9167,800.999,47.79051,Car4-Detailed
1742767045269,28.87434,1309,Eye Hit,Center,938.4365,800.999,47.79051,Car4-Detailed
1742767045294,28.90536,1310,Eye Hit,Left,989.2268,796.1655,46.78178,Car4-Detailed
1742767045294,28.90536,1310,Eye Hit,Right,988.1648,796.1655,46.78178,Car4-Detailed
1742767045294,28.90536,1310,Eye Hit,Center,988.6958,796.1655,46.78178,Car4-Detailed
1742767045325,28.93043,1311,Eye Hit,Left,967.8093,788.2681,47.23264,Car4-Detailed
1742767045325,28.93043,1311,Eye Hit,Right,966.7574,788.2681,47.23264,Car4-Detailed
1742767045325,28.93043,1311,Eye Hit,Center,967.2833,788.2681,47.23264,Car4-Detailed
1742767045351,28.96171,1312,Eye Hit,Left,959.2386,788.0388,47.40629,Car4-Detailed
1742767045351,28.96171,1312,Eye Hit,Right,958.1906,788.0388,47.40629,Car4-Detailed
1742767045351,28.96171,1312,Eye Hit,Center,958.7146,788.0388,47.40629,Car4-Detailed
1742767045380,28.98814,1313,Eye Hit,Left,928.0367,786.8272,47.99761,Car4-Detailed
1742767045380,28.98814,1313,Eye Hit,Right,927.0015,786.8272,47.99761,Car4-Detailed
1742767045380,28.98814,1313,Eye Hit,Center,927.519,786.8272,47.99761,Car4-Detailed
1742767045409,29.01682,1314,Eye Hit,Left,920.7354,799.1053,48.12649,Car4-Detailed
1742767045409,29.01682,1314,Eye Hit,Right,919.7029,799.1053,48.12649,Car4-Detailed
1742767045409,29.01682,1314,Eye Hit,Center,920.2191,799.1053,48.12649,Car4-Detailed
1742767045435,29.04544,1315,Eye Hit,Left,916.4448,804.9102,48.19606,Car4-Detailed
1742767045435,29.04544,1315,Eye Hit,Right,915.4139,804.9102,48.19605,Car4-Detailed
1742767045435,29.04544,1315,Eye Hit,Center,915.9293,804.9102,48.19605,Car4-Detailed
1742767045464,29.07192,1316,Eye Hit,Left,916.7485,808.1706,48.18679,Car4-Detailed
1742767045464,29.07192,1316,Eye Hit,Right,915.7175,808.1706,48.18679,Car4-Detailed
1742767045464,29.07192,1316,Eye Hit,Center,916.233,808.1706,48.18679,Car4-Detailed
1742767045493,29.10079,1317,Eye Hit,Left,920.1992,807.5463,48.12735,Car4-Detailed
1742767045493,29.10079,1317,Eye Hit,Right,919.1667,807.5463,48.12735,Car4-Detailed
1742767045493,29.10079,1317,Eye Hit,Center,919.6827,807.5463,48.12736,Car4-Detailed
1742767045522,29.1305,1318,Eye Hit,Left,919.1448,805.0707,48.14892,Car4-Detailed
1742767045522,29.1305,1318,Eye Hit,Right,918.1129,805.0707,48.14892,Car4-Detailed
1742767045522,29.1305,1318,Eye Hit,Center,918.629,805.0707,48.14892,Car4-Detailed
1742767045552,29.15982,1319,Eye Hit,Left,925.9871,806.9658,48.02648,Car4-Detailed
1742767045552,29.15982,1319,Eye Hit,Right,924.9527,806.9658,48.02649,Car4-Detailed
1742767045552,29.15982,1319,Eye Hit,Center,925.4701,806.9658,48.02649,Car4-Detailed
1742767045582,29.19064,1320,Eye Hit,Left,933.6642,809.3749,47.8847,Car4-Detailed
1742767045582,29.19064,1320,Eye Hit,Right,932.6266,809.3749,47.8847,Car4-Detailed
1742767045582,29.19064,1320,Eye Hit,Center,933.1454,809.3749,47.8847,Car4-Detailed
1742767045607,29.21883,1321,Eye Hit,Left,953.1292,811.3168,47.51416,Car4-Detailed
1742767045607,29.21883,1321,Eye Hit,Right,952.0835,811.3168,47.51416,Car4-Detailed
1742767045607,29.21883,1321,Eye Hit,Center,952.6063,811.3168,47.51416,Car4-Detailed
1742767045633,29.24347,1322,Eye Hit,Left,955.1226,818.4666,47.46193,Jeep4-Detailed
1742767045633,29.24347,1322,Eye Hit,Right,954.0757,818.4666,47.46194,Jeep4-Detailed
1742767045633,29.24347,1322,Eye Hit,Center,954.5991,818.4666,47.46194,Jeep4-Detailed
1742767045665,29.26945,1323,Eye Hit,Left,978.8752,817.3428,46.9823,Jeep4-Detailed
1742767045665,29.26945,1323,Eye Hit,Right,977.8177,817.3428,46.9823,Jeep4-Detailed
1742767045665,29.26945,1323,Eye Hit,Center,978.3464,817.3428,46.9823,Jeep4-Detailed
1742767045692,29.30172,1324,Eye Hit,Left,947.6902,815.8158,47.6117,Jeep4-Detailed
1742767045692,29.30172,1324,Eye Hit,Right,946.6467,815.8158,47.61171,Jeep4-Detailed
1742767045692,29.30172,1324,Eye Hit,Center,947.1685,815.8158,47.6117,Jeep4-Detailed
1742767045718,29.32891,1325,Eye Hit,Left,956.353,821.5013,47.43133,Jeep4-Detailed
1742767045718,29.32891,1325,Eye Hit,Right,955.3055,821.5013,47.43134,Jeep4-Detailed
1742767045718,29.32891,1325,Eye Hit,Center,955.8293,821.5013,47.43133,Jeep4-Detailed
1742767045746,29.35596,1326,Eye Hit,Left,980.4387,818.7491,46.94769,Jeep4-Detailed
1742767045746,29.35596,1326,Eye Hit,Right,979.3804,818.7491,46.94769,Jeep4-Detailed
1742767045746,29.35596,1326,Eye Hit,Center,979.9095,818.7491,46.94769,Jeep4-Detailed
1742767045774,29.38385,1327,Eye Hit,Left,991.5853,815.1135,46.71764,Jeep4-Detailed
1742767045774,29.38385,1327,Eye Hit,Right,990.5218,815.1135,46.71764,Jeep4-Detailed
1742767045774,29.38385,1327,Eye Hit,Center,991.0535,815.1135,46.71764,Jeep4-Detailed
1742767045802,29.41349,1328,Eye Hit,Left,1008.469,817.4478,46.34228,Jeep4-Detailed
1742767045802,29.41349,1328,Eye Hit,Right,1007.397,817.4478,46.34228,Jeep4-Detailed
1742767045802,29.41349,1328,Eye Hit,Center,1007.933,817.4478,46.34228,Jeep4-Detailed
1742767045829,29.44061,1329,Eye Hit,Left,1023.836,810.0437,46.0056,Jeep4-Detailed
1742767045829,29.44061,1329,Eye Hit,Right,1022.756,810.0437,46.00561,Jeep4-Detailed
1742767045829,29.44061,1329,Eye Hit,Center,1023.296,810.0437,46.00562,Jeep4-Detailed
1742767045854,29.467,1330,Eye Hit,Left,1013.816,806.4034,46.2397,Jeep4-Detailed
1742767045854,29.467,1330,Eye Hit,Right,1012.742,806.4034,46.2397,Jeep4-Detailed
1742767045854,29.467,1330,Eye Hit,Center,1013.279,806.4034,46.2397,Jeep4-Detailed
1742767045879,29.49321,1331,Eye Hit,Left,1008.566,795.6884,46.36512,Jeep4-Detailed
1742767045879,29.49321,1331,Eye Hit,Right,1007.495,795.6884,46.36512,Jeep4-Detailed
1742767045879,29.49321,1331,Eye Hit,Center,1008.031,795.6884,46.36512,Jeep4-Detailed
1742767045905,29.51799,1332,Eye Hit,Left,1062.286,843.244,45.00576,Jeep4-Detailed
1742767045905,29.51799,1332,Eye Hit,Right,1061.182,843.244,45.00577,Jeep4-Detailed
1742767045905,29.51799,1332,Eye Hit,Center,1061.734,843.244,45.00576,Jeep4-Detailed
1742767045932,29.54361,1333,,Left,1097.319,884.9712,43.93356,
1742767045932,29.54361,1333,,Right,1096.188,884.9712,43.93355,
1742767045932,29.54361,1333,,Center,1096.753,884.9712,43.93355,
1742767045971,29.57044,1334,,Left,1083.518,867.5875,44.37714,
1742767045971,29.57044,1334,,Right,1082.398,867.5875,44.37714,
1742767045971,29.57044,1334,,Center,1082.958,867.5875,44.37714,
1742767046014,29.60859,1335,,Left,1097.107,905.1317,43.80282,
1742767046014,29.60859,1335,,Right,1095.973,905.1317,43.80282,
1742767046014,29.60859,1335,,Center,1096.54,905.1317,43.80282,
1742767046041,29.65373,1336,,Left,1095.019,901.6392,43.88039,
1742767046041,29.65373,1336,,Right,1093.887,901.6392,43.8804,
1742767046041,29.65373,1336,,Center,1094.453,901.6392,43.88039,
1742767046066,29.67862,1337,,Left,1091.644,910.8988,43.89305,
1742767046066,29.67862,1337,,Right,1090.512,910.8988,43.89305,
1742767046066,29.67862,1337,,Center,1091.078,910.8988,43.89305,
1742767046109,29.70477,1338,,Left,1093.684,904.409,43.89354,
1742767046109,29.70477,1338,,Right,1092.552,904.409,43.89354,
1742767046109,29.70477,1338,,Center,1093.118,904.409,43.89353,
1742767046148,29.748,1339,,Left,1099.357,918.2399,43.64485,
1742767046148,29.748,1339,,Right,1098.219,918.2399,43.64486,
1742767046148,29.748,1339,,Center,1098.788,918.2399,43.64485,
1742767046178,29.78828,1340,,Left,1117.853,930.2131,43.08622,
1742767046178,29.78828,1340,,Right,1116.7,930.2131,43.08622,
1742767046178,29.78828,1340,,Center,1117.276,930.2131,43.08622,
1742767046202,29.81649,1341,,Left,1140.623,936.1542,42.46519,
1742767046202,29.81649,1341,,Right,1139.453,936.1542,42.46519,
1742767046202,29.81649,1341,,Center,1140.038,936.1542,42.46519,
1742767046232,29.84047,1342,,Left,1065.792,905.1228,44.56369,
1742767046232,29.84047,1342,,Right,1064.677,905.1228,44.5637,
1742767046232,29.84047,1342,,Center,1065.235,905.1228,44.56369,
1742767046261,29.86978,1343,,Left,1130.521,926.1771,42.8018,
1742767046261,29.86978,1343,,Right,1129.361,926.1771,42.8018,
1742767046261,29.86978,1343,,Center,1129.941,926.1771,42.8018,
1742767046303,29.89916,1344,Eye Hit,Left,1061.811,893.6668,44.73724,NE_Tree_10
1742767046303,29.89916,1344,Eye Hit,Right,1060.7,893.6668,44.73724,NE_Tree_10
1742767046303,29.89916,1344,Eye Hit,Center,1061.255,893.6668,44.73724,NE_Tree_10
1742767046345,29.94273,1345,,Left,905.9442,853.6913,48.19366,
1742767046345,29.94273,1345,,Right,904.9133,853.6913,48.19366,
1742767046345,29.94273,1345,,Center,905.4287,853.6913,48.19366,
1742767046386,29.98351,1346,,Left,931.4978,911.7556,47.30135,
1742767046386,29.98351,1346,,Right,930.4474,911.7556,47.30135,
1742767046386,29.98351,1346,,Center,930.9726,911.7556,47.30135,
1742767046414,30.02528,1347,,Left,894.2776,919.9496,47.80951,
1742767046414,30.02528,1347,,Right,893.2384,919.9496,47.80951,
1742767046415,30.02528,1347,,Center,893.7579,919.9496,47.80951,
1742767046440,30.0531,1348,,Left,894.0466,962.0401,47.27886,
1742767046440,30.0531,1348,,Right,892.9957,962.0401,47.27886,
1742767046440,30.0531,1348,,Center,893.5212,962.0401,47.27887,
1742767046470,30.07816,1349,,Left,897.1905,965.7106,47.17917,
1742767046470,30.07816,1349,,Right,896.1375,965.7106,47.17917,
1742767046470,30.07816,1349,,Center,896.6639,965.7106,47.17917,
1742767046499,30.10808,1350,,Left,1052.377,976.114,44.09875,
1742767046499,30.10808,1350,,Right,1051.25,976.114,44.09875,
1742767046499,30.10808,1350,,Center,1051.814,976.114,44.09875,
1742767046529,30.13758,1351,,Left,968.3832,1002.549,45.44601,
1742767046529,30.13758,1351,,Right,967.29,1002.549,45.44601,
1742767046529,30.13758,1351,,Center,967.8366,1002.549,45.44601,
1742767046558,30.16705,1352,,Left,875.2406,986.8528,47.15816,
1742767046558,30.16705,1352,,Right,874.187,986.8528,47.15817,
1742767046558,30.16705,1352,,Center,874.7139,986.8528,47.15817,
1742767046584,30.19678,1353,Eye Hit,Left,767.5674,958.3555,48.54441,NW_Tree_10
1742767046584,30.19678,1353,Eye Hit,Right,766.5439,958.3555,48.54441,NW_Tree_10
1742767046584,30.19678,1353,Eye Hit,Center,767.0557,958.3555,48.54441,NW_Tree_10
1742767046612,30.22216,1354,,Left,665.0519,914.5496,49.09694,
1742767046612,30.22216,1354,,Right,664.0399,914.5496,49.09694,
1742767046612,30.22216,1354,,Center,664.546,914.5496,49.09694,
1742767046644,30.24928,1355,Eye Hit,Left,562.5295,866.233,48.54935,NW_Tree_30
1742767046644,30.24928,1355,Eye Hit,Right,561.5061,866.2329,48.54935,NW_Tree_30
1742767046644,30.24928,1355,Eye Hit,Center,562.0178,866.233,48.54935,NW_Tree_30
1742767046673,30.28091,1356,Eye Hit,Left,459.6878,800.0315,46.96093,NW_Tree_50
1742767046673,30.28091,1356,Eye Hit,Right,458.6299,800.0315,46.96093,NW_Tree_50
1742767046673,30.28091,1356,Eye Hit,Center,459.159,800.0315,46.96093,NW_Tree_50
1742767046701,30.30992,1357,,Left,408.8366,799.5916,45.83242,
1742767046701,30.30992,1357,,Right,407.7526,799.5916,45.83242,
1742767046701,30.30992,1357,,Center,408.2946,799.5916,45.83242,
1742767046734,30.33852,1358,,Left,421.8966,796.7659,46.13927,
1742767046734,30.33852,1358,,Right,420.8198,796.7659,46.13927,
1742767046734,30.33852,1358,,Center,421.3582,796.7659,46.13926,
1742767046760,30.37129,1359,,Left,433.7754,789.9799,46.41576,
1742767046760,30.37129,1359,,Right,432.705,789.9799,46.41576,
1742767046760,30.37129,1359,,Center,433.2402,789.9799,46.41576,
1742767046789,30.39776,1360,,Left,453.5799,784.9866,46.85044,
1742767046789,30.39776,1360,,Right,452.5195,784.9866,46.85043,
1742767046789,30.39776,1360,,Center,453.0497,784.9866,46.85044,
1742767046819,30.42702,1361,,Left,467.6679,781.2618,47.14585,
1742767046819,30.42702,1361,,Right,466.6141,781.2618,47.14585,
1742767046819,30.42702,1361,,Center,467.141,781.2618,47.14585,
1742767046845,30.45704,1362,,Left,463.467,760.5023,47.02385,
1742767046845,30.45704,1362,,Right,462.4104,760.5023,47.02385,
1742767046845,30.45704,1362,,Center,462.9387,760.5023,47.02385,
1742767046873,30.48247,1363,,Left,455.7238,755.6172,46.84848,
1742767046873,30.48247,1363,,Right,454.6633,755.6172,46.84848,
1742767046873,30.48247,1363,,Center,455.1935,755.6172,46.84848,
1742767046903,30.5106,1364,,Left,472.5594,761.858,47.21391,
1742767046903,30.5106,1364,,Right,471.507,761.858,47.21391,
1742767046904,30.5106,1364,,Center,472.0333,761.858,47.21391,
1742767046928,30.54064,1365,,Left,469.3098,766.58,47.16507,
1742767046928,30.54064,1365,,Right,468.2563,766.58,47.16507,
1742767046928,30.54064,1365,,Center,468.7831,766.58,47.16506,
1742767046956,30.56509,1366,,Left,465.5567,773.4009,47.09707,
1742767046956,30.56509,1366,,Right,464.5018,773.4009,47.09706,
1742767046956,30.56509,1366,,Center,465.0293,773.4009,47.09706,
1742767046982,30.59349,1367,,Left,464.9372,774.1983,47.08217,
1742767046982,30.59349,1367,,Right,463.8819,774.1983,47.08217,
1742767046982,30.59349,1367,,Center,464.4096,774.1983,47.08217,
1742767047000,30.61917,1368,,Left,470.4375,774.1119,47.1893,
1742767047000,30.61917,1368,,Right,469.3846,774.1119,47.1893,
1742767047000,30.61917,1368,,Center,469.911,774.1119,47.1893,
1742767047023,30.63672,1369,,Left,472.2039,769.4455,47.22178,
1742767047023,30.63672,1369,,Right,471.1518,769.4455,47.22178,
1742767047023,30.63672,1369,,Center,471.6778,769.4455,47.22178,
1742767047041,30.66018,1370,,Left,471.3339,762.4371,47.1826,
1742767047041,30.66018,1370,,Right,470.2809,762.4371,47.1826,
1742767047041,30.66018,1370,,Center,470.8074,762.4371,47.1826,
1742767047065,30.67786,1371,,Left,436.522,785.134,46.46889,
1742767047065,30.67786,1371,,Right,435.4528,785.134,46.46889,
1742767047065,30.67786,1371,,Center,435.9875,785.134,46.46888,
1742767047083,30.70161,1372,,Left,437.0367,786.6406,46.4826,
1742767047083,30.70161,1372,,Right,435.9678,786.6406,46.48261,
1742767047083,30.70161,1372,,Center,436.5023,786.6406,46.48261,
1742767047108,30.72018,1373,,Left,435.823,790.0181,46.45265,
1742767047108,30.72018,1373,,Right,434.7534,790.0181,46.45265,
1742767047108,30.72018,1373,,Center,435.2882,790.0181,46.45266,
1742767047126,30.74458,1374,,Left,440.7729,786.5456,46.55691,
1742767047126,30.74458,1374,,Right,439.7058,786.5456,46.55691,
1742767047126,30.74458,1374,,Center,440.2393,786.5456,46.55691,
1742767047149,30.76209,1375,,Left,437.7616,791.1051,46.49361,
1742767047149,30.76209,1375,,Right,436.693,791.1051,46.49361,
1742767047149,30.76209,1375,,Center,437.2274,791.1051,46.4936,
1742767047167,30.78544,1376,,Left,435.3766,792.1303,46.43698,
1742767047167,30.78544,1376,,Right,434.3066,792.1303,46.43698,
1742767047167,30.78544,1376,,Center,434.8416,792.1303,46.43697,
1742767047190,30.80359,1377,,Left,428.7351,795.5963,46.28898,
1742767047190,30.80359,1377,,Right,427.6618,795.5963,46.28897,
1742767047190,30.80359,1377,,Center,428.1985,795.5963,46.28898,
1742767047209,30.82697,1378,,Left,420.9562,796.8181,46.10876,
1742767047209,30.82697,1378,,Right,419.8787,796.8181,46.10876,
1742767047209,30.82697,1378,,Center,420.4174,796.8181,46.10876,
1742767047233,30.84559,1379,,Left,416.5855,796.4915,46.00601,
1742767047233,30.84559,1379,,Right,415.5056,796.4915,46.00601,
1742767047233,30.84559,1379,,Center,416.0453,796.4916,46.00602,
1742767047251,30.86927,1380,,Left,412.8603,796.2953,45.91993,
1742767047251,30.86927,1380,,Right,411.7782,796.2953,45.91993,
1742767047251,30.86927,1380,,Center,412.3193,796.2953,45.91993,
1742767047274,30.88805,1381,,Left,412.7626,793.9479,45.91583,
1742767047274,30.88805,1381,,Right,411.6805,793.9479,45.91584,
1742767047274,30.88805,1381,,Center,412.2216,793.9479,45.91584,
1742767047295,30.91127,1382,,Left,415.9467,799.5598,45.98586,
1742767047295,30.91127,1382,,Right,414.8663,799.5598,45.98586,
1742767047295,30.91127,1382,,Center,415.4064,799.5598,45.98587,
1742767047316,30.93129,1383,,Left,410.1007,799.2845,45.85009,
1742767047316,30.93129,1383,,Right,409.0171,799.2845,45.85008,
1742767047316,30.93129,1383,,Center,409.5589,799.2845,45.85009,
1742767047344,30.95248,1384,,Left,393.2233,802.6155,45.44621,
1742767047344,30.95248,1384,,Right,392.13,802.6155,45.4462,
1742767047344,30.95248,1384,,Center,392.6768,802.6155,45.44621,
1742767047374,30.98146,1385,,Left,371.2012,799.7175,44.90961,
1742767047374,30.98146,1385,,Right,370.095,799.7175,44.90961,
1742767047374,30.98146,1385,,Center,370.6482,799.7175,44.90961,
1742767047400,31.0112,1386,,Left,360.5067,798.2139,44.64186,
1742767047400,31.0112,1386,,Right,359.3938,798.2139,44.64187,
1742767047400,31.0112,1386,,Center,359.9503,798.2139,44.64186,
1742767047430,31.03728,1387,,Left,342.9997,793.384,44.19888,
1742767047430,31.03728,1387,,Right,341.8756,793.384,44.19888,
1742767047430,31.03728,1387,,Center,342.4377,793.384,44.19888,
1742767047458,31.0676,1388,,Left,379.7393,803.4393,45.10633,
1742767047458,31.0676,1388,,Right,378.6379,803.4393,45.10633,
1742767047458,31.0676,1388,,Center,379.1887,803.4393,45.10633,
1742767047485,31.09676,1389,,Left,549.072,901.168,48.04404,
1742767047485,31.09676,1389,,Right,548.0378,901.168,48.04405,
1742767047485,31.09676,1389,,Center,548.5549,901.168,48.04405,
1742767047511,31.1229,1390,,Left,591.9421,971.3322,47.72077,
1742767047511,31.1229,1390,,Right,590.901,971.3322,47.72077,
1742767047511,31.1229,1390,,Center,591.4216,971.3322,47.72077,
1742767047542,31.14891,1391,Eye Hit,Left,594.116,992.2002,47.40785,NorthCarSignal
1742767047542,31.14891,1391,Eye Hit,Right,593.068,992.2002,47.40784,NorthCarSignal
1742767047542,31.14891,1391,Eye Hit,Center,593.592,992.2002,47.40784,NorthCarSignal
1742767047568,31.18037,1392,Eye Hit,Left,554.962,1002.884,46.7606,NorthCarSignal
1742767047568,31.18037,1392,Eye Hit,Right,553.8994,1002.884,46.7606,NorthCarSignal
1742767047568,31.18037,1392,Eye Hit,Center,554.4307,1002.884,46.7606,NorthCarSignal
1742767047597,31.20787,1393,Eye Hit,Left,509.4417,1004.205,46.05708,NorthCarSignal
1742767047597,31.20787,1393,Eye Hit,Right,508.363,1004.205,46.05708,NorthCarSignal
1742767047597,31.20787,1393,Eye Hit,Center,508.9024,1004.205,46.05708,NorthCarSignal
1742767047623,31.23604,1394,Eye Hit,Left,442.9267,1019.339,44.63016,NorthCarSignal
1742767047623,31.23604,1394,Eye Hit,Right,441.8134,1019.339,44.63016,NorthCarSignal
1742767047623,31.23604,1394,Eye Hit,Center,442.3701,1019.339,44.63016,NorthCarSignal
1742767047649,31.26167,1395,Eye Hit,Left,389.5816,1032.076,43.35014,NorthCarSignal
1742767047649,31.26167,1395,Eye Hit,Right,388.4355,1032.076,43.35014,NorthCarSignal
1742767047649,31.26167,1395,Eye Hit,Center,389.0086,1032.076,43.35014,NorthCarSignal
1742767047673,31.28791,1396,,Left,335.1789,1042.969,42.00118,
1742767047673,31.28791,1396,,Right,333.996,1042.969,42.00118,
1742767047673,31.28791,1396,,Center,334.5875,1042.969,42.00118,
1742767047700,31.31214,1397,,Left,481.466,1021.614,45.28409,
1742767047700,31.31214,1397,,Right,480.3688,1021.614,45.28409,
1742767047700,31.31214,1397,,Center,480.9174,1021.614,45.28409,
1742767047729,31.33794,1398,,Left,332.3863,1052.955,41.76064,
1742767047729,31.33794,1398,,Right,331.1965,1052.955,41.76064,
1742767047729,31.33794,1398,,Center,331.7914,1052.955,41.76064,
1742767047757,31.3666,1399,Eye Hit,Left,472.189,989.6857,45.5857,NorthWalkingSignal
1742767047757,31.3666,1399,Eye Hit,Right,471.099,989.6857,45.5857,NorthWalkingSignal
1742767047757,31.3666,1399,Eye Hit,Center,471.644,989.6857,45.5857,NorthWalkingSignal
1742767047782,31.39487,1400,,Left,521.73,955.4797,46.91897,
1742767047782,31.39487,1400,,Right,520.671,955.4797,46.91897,
1742767047782,31.39487,1400,,Center,521.2005,955.4797,46.91898,
1742767047809,31.4205,1401,,Left,564.9394,954.1036,47.57021,
1742767047809,31.4205,1401,,Right,563.895,954.1036,47.57021,
1742767047809,31.4205,1401,,Center,564.4172,954.1036,47.57021,
1742767047839,31.44741,1402,,Left,629.0624,935.0278,48.51694,
1742767047839,31.44741,1402,,Right,628.0383,935.0278,48.51694,
1742767047839,31.44741,1402,,Center,628.5504,935.0278,48.51694,
1742767047869,31.47747,1403,,Left,532.0316,936.3242,47.30293,
1742767047869,31.47747,1403,,Right,530.9813,936.3242,47.30293,
1742767047869,31.47747,1403,,Center,531.5065,936.3242,47.30293,
1742767047897,31.5074,1404,,Left,595.1196,919.5079,48.36055,
1742767047897,31.5074,1404,,Right,594.0922,919.5079,48.36055,
1742767047897,31.5074,1404,,Center,594.6059,919.5079,48.36055,
1742767047923,31.53492,1405,,Left,673.2317,891.8104,49.27774,
1742767047923,31.53492,1405,,Right,672.2234,891.8104,49.27774,
1742767047923,31.53492,1405,,Center,672.7277,891.8104,49.27775,
1742767047950,31.56129,1406,,Left,761.5378,842.8173,49.67032,
1742767047950,31.56129,1406,,Right,760.5376,842.8173,49.67032,
1742767047950,31.56129,1406,,Center,761.0377,842.8173,49.67031,
1742767047978,31.58938,1407,,Left,839.9756,847.6335,49.06734,
1742767047978,31.58938,1407,,Right,838.9631,847.6335,49.06734,
1742767047978,31.58938,1407,,Center,839.4693,847.6335,49.06734,
1742767048008,31.61543,1408,Eye Hit,Left,826.063,828.4926,49.30229,NE_Tree_10
1742767048008,31.61543,1408,Eye Hit,Right,825.0553,828.4926,49.30229,NE_Tree_10
1742767048008,31.61543,1408,Eye Hit,Center,825.5592,828.4926,49.30229,NE_Tree_10
1742767048038,31.64633,1409,Eye Hit,Left,808.2173,840.2039,49.42282,NE_Tree_10
1742767048038,31.64633,1409,Eye Hit,Right,807.212,840.2039,49.42282,NE_Tree_10
1742767048038,31.64633,1409,Eye Hit,Center,807.7147,840.2039,49.42282,NE_Tree_10
1742767048064,31.67618,1410,Eye Hit,Left,787.4096,835.0734,49.57836,NE_Tree_10
1742767048065,31.67618,1410,Eye Hit,Right,786.4075,835.0734,49.57836,NE_Tree_10
1742767048065,31.67618,1410,Eye Hit,Center,786.9086,835.0734,49.57836,NE_Tree_10
1742767048091,31.70251,1411,,Left,726.6108,827.0706,49.8219,
1742767048091,31.70251,1411,,Right,725.6135,827.0706,49.82191,
1742767048091,31.70251,1411,,Center,726.1122,827.0706,49.8219,
1742767048118,31.72823,1412,,Left,705.4386,833.424,49.79225,
1742767048118,31.72823,1412,,Right,704.4408,833.424,49.79226,
1742767048118,31.72823,1412,,Center,704.9397,833.424,49.79225,
1742767048148,31.75524,1413,Eye Hit,Left,736.6177,832.9908,49.79911,NE_Tree_10
1742767048148,31.75524,1413,Eye Hit,Right,735.62,832.9908,49.79911,NE_Tree_10
1742767048148,31.75524,1413,Eye Hit,Center,736.1188,832.9908,49.79911,NE_Tree_10
1742767048178,31.78546,1414,Eye Hit,Left,918.4556,816.2231,48.08429,Sedan2-Detailed
1742767048178,31.78546,1414,Eye Hit,Right,917.4224,816.2231,48.08429,Sedan2-Detailed
1742767048178,31.78546,1414,Eye Hit,Center,917.939,816.2231,48.08429,Sedan2-Detailed
1742767048207,31.8143,1415,Eye Hit,Left,960.3211,824.8826,47.29228,Sedan2-Detailed
1742767048207,31.8143,1415,Eye Hit,Right,959.2706,824.8826,47.29228,Sedan2-Detailed
1742767048207,31.8143,1415,Eye Hit,Center,959.7958,824.8826,47.29228,Sedan2-Detailed
1742767048237,31.843,1416,Eye Hit,Left,975.7947,816.4219,47.005,Sedan2-Detailed
1742767048237,31.843,1416,Eye Hit,Right,974.7377,816.4219,47.00501,Sedan2-Detailed
1742767048237,31.843,1416,Eye Hit,Center,975.2662,816.4219,47.00501,Sedan2-Detailed
1742767048266,31.87372,1417,Eye Hit,Left,974.3443,813.1859,47.03166,Sedan2-Detailed
1742767048266,31.87372,1417,Eye Hit,Right,973.2879,813.1859,47.03166,Sedan2-Detailed
1742767048266,31.87372,1417,Eye Hit,Center,973.8161,813.1859,47.03166,Sedan2-Detailed
1742767048294,31.90375,1418,Eye Hit,Left,969.7224,799.1463,47.1496,Sedan2-Detailed
1742767048294,31.90375,1418,Eye Hit,Right,968.6686,799.1463,47.1496,Sedan2-Detailed
1742767048294,31.90375,1418,Eye Hit,Center,969.1953,799.1463,47.1496,Sedan2-Detailed
1742767048321,31.93212,1419,Eye Hit,Left,978.911,792.7177,46.96849,Sedan2-Detailed
1742767048321,31.93212,1419,Eye Hit,Right,977.8531,792.7177,46.96849,Sedan2-Detailed
1742767048321,31.93212,1419,Eye Hit,Center,978.3821,792.7177,46.96849,Sedan2-Detailed
1742767048348,31.95959,1420,Eye Hit,Left,970.675,795.2178,47.14336,Sedan2-Detailed
1742767048348,31.95959,1420,Eye Hit,Right,969.621,795.2178,47.14337,Sedan2-Detailed
1742767048348,31.95959,1420,Eye Hit,Center,970.1481,795.2178,47.14337,Sedan2-Detailed
1742767048374,31.98532,1421,Eye Hit,Left,988.137,805.818,46.77449,Sedan2-Detailed
1742767048375,31.98532,1421,Eye Hit,Right,987.0748,805.818,46.77449,Sedan2-Detailed
1742767048375,31.98532,1421,Eye Hit,Center,987.6058,805.818,46.77449,Sedan2-Detailed
1742767048403,32.01112,1422,Eye Hit,Left,1017.482,818.5163,46.11027,Sedan2-Detailed
1742767048403,32.01112,1422,Eye Hit,Right,1016.404,818.5163,46.11026,Sedan2-Detailed
1742767048403,32.01112,1422,Eye Hit,Center,1016.943,818.5163,46.11026,Sedan2-Detailed
1742767048434,32.03973,1423,Eye Hit,Left,1023.755,815.5793,45.96698,Sedan2-Detailed
1742767048434,32.03973,1423,Eye Hit,Right,1022.674,815.5793,45.96698,Sedan2-Detailed
1742767048434,32.03973,1423,Eye Hit,Center,1023.215,815.5793,45.96697,Sedan2-Detailed
1742767048462,32.07045,1424,Eye Hit,Left,1016.866,815.4201,46.12801,Sedan2-Detailed
1742767048462,32.07045,1424,Eye Hit,Right,1015.789,815.4201,46.12801,Sedan2-Detailed
1742767048462,32.07045,1424,Eye Hit,Center,1016.327,815.4201,46.12801,Sedan2-Detailed
1742767048491,32.09898,1425,Eye Hit,Left,1000.992,811.8287,46.49214,Sedan2-Detailed
1742767048491,32.09898,1425,Eye Hit,Right,999.9236,811.8287,46.49214,Sedan2-Detailed
1742767048491,32.09898,1425,Eye Hit,Center,1000.458,811.8287,46.49214,Sedan2-Detailed
1742767048516,32.12798,1426,Eye Hit,Left,995.2557,811.2985,46.62172,Sedan2-Detailed
1742767048516,32.12798,1426,Eye Hit,Right,994.1901,811.2985,46.62172,Sedan2-Detailed
1742767048516,32.12798,1426,Eye Hit,Center,994.7229,811.2985,46.62172,Sedan2-Detailed
1742767048545,32.15414,1427,Eye Hit,Left,983.0565,814.3666,46.88087,Sedan2-Detailed
1742767048545,32.15414,1427,Eye Hit,Right,981.9967,814.3666,46.88087,Sedan2-Detailed
1742767048545,32.15414,1427,Eye Hit,Center,982.5266,814.3666,46.88087,Sedan2-Detailed
1742767048572,32.18157,1428,Eye Hit,Left,980.369,808.5972,46.94983,Sedan2-Detailed
1742767048572,32.18157,1428,Eye Hit,Right,979.3107,808.5972,46.94982,Sedan2-Detailed
1742767048572,32.18157,1428,Eye Hit,Center,979.8398,808.5972,46.94982,Sedan2-Detailed
1742767048601,32.2097,1429,Eye Hit,Left,981.6027,810.6485,46.92437,Sedan2-Detailed
1742767048601,32.2097,1429,Eye Hit,Right,980.5439,810.6485,46.92437,Sedan2-Detailed
1742767048601,32.2097,1429,Eye Hit,Center,981.0732,810.6485,46.92438,Sedan2-Detailed
1742767048628,32.23731,1430,Eye Hit,Left,981.3872,813.5093,46.92261,Sedan2-Detailed
1742767048628,32.23731,1430,Eye Hit,Right,980.3284,813.5093,46.9226,Sedan2-Detailed
1742767048628,32.23731,1430,Eye Hit,Center,980.8578,813.5093,46.92261,Sedan2-Detailed
1742767048656,32.26452,1431,Eye Hit,Left,977.5745,821.7631,46.98931,Sedan2-Detailed
1742767048656,32.26452,1431,Eye Hit,Right,976.5171,821.7631,46.98931,Sedan2-Detailed
1742767048656,32.26452,1431,Eye Hit,Center,977.0458,821.7631,46.98931,Sedan2-Detailed
1742767048684,32.29299,1432,Eye Hit,Left,973.7119,822.1742,47.07217,Sedan2-Detailed
1742767048684,32.29299,1432,Eye Hit,Right,972.6564,822.1742,47.07216,Sedan2-Detailed
1742767048684,32.29299,1432,Eye Hit,Center,973.1841,822.1742,47.07216,Sedan2-Detailed
1742767048712,32.32223,1433,Eye Hit,Left,961.0568,817.3126,47.34287,Sedan2-Detailed
1742767048712,32.32223,1433,Eye Hit,Right,960.0073,817.3126,47.34288,Sedan2-Detailed
1742767048712,32.32223,1433,Eye Hit,Center,960.532,817.3126,47.34288,Sedan2-Detailed
1742767048738,32.34882,1434,Eye Hit,Left,961.4515,806.8589,47.35563,Sedan2-Detailed
1742767048739,32.34882,1434,Eye Hit,Right,960.4023,806.8589,47.35563,Sedan2-Detailed
1742767048739,32.34882,1434,Eye Hit,Center,960.9269,806.8589,47.35563,Sedan2-Detailed
1742767048767,32.3752,1435,Eye Hit,Left,960.5273,807.8401,47.37317,Sedan2-Detailed
1742767048767,32.3752,1435,Eye Hit,Right,959.4785,807.8401,47.37317,Sedan2-Detailed
1742767048767,32.3752,1435,Eye Hit,Center,960.0029,807.8401,47.37317,Sedan2-Detailed
1742767048793,32.40376,1436,Eye Hit,Left,962.1393,814.1492,47.33299,Sedan2-Detailed
1742767048793,32.40376,1436,Eye Hit,Right,961.0897,814.1492,47.33299,Sedan2-Detailed
1742767048793,32.40376,1436,Eye Hit,Center,961.6145,814.1492,47.33299,Sedan2-Detailed
1742767048821,32.42985,1437,Eye Hit,Left,987.9044,823.702,46.78097,Sedan2-Detailed
1742767048821,32.42985,1437,Eye Hit,Right,986.8423,823.702,46.78097,Sedan2-Detailed
1742767048821,32.42985,1437,Eye Hit,Center,987.3732,823.702,46.78097,Sedan2-Detailed
1742767048850,32.45935,1438,Eye Hit,Left,1086.011,800.7083,44.51821,RoadEast
1742767048850,32.45935,1438,Eye Hit,Right,1084.895,800.7083,44.5182,RoadEast
1742767048850,32.45935,1438,Eye Hit,Center,1085.453,800.7083,44.51821,RoadEast
1742767048876,32.48825,1439,Eye Hit,Left,1079.78,801.8283,44.672,RoadEast
1742767048876,32.48825,1439,Eye Hit,Right,1078.668,801.8283,44.67199,RoadEast
1742767048876,32.48825,1439,Eye Hit,Center,1079.224,801.8283,44.67199,RoadEast
1742767048905,32.51358,1440,Eye Hit,Left,1072.982,795.123,44.84129,RoadEast
1742767048905,32.51358,1440,Eye Hit,Right,1071.874,795.123,44.84129,RoadEast
1742767048905,32.51358,1440,Eye Hit,Center,1072.428,795.123,44.84129,RoadEast
1742767048934,32.54239,1441,Eye Hit,Left,1069.615,785.4734,44.92102,RoadEast
1742767048934,32.54239,1441,Eye Hit,Right,1068.509,785.4734,44.92101,RoadEast
1742767048934,32.54239,1441,Eye Hit,Center,1069.062,785.4734,44.92101,RoadEast
1742767048961,32.57104,1442,Eye Hit,Left,1067.604,783.9997,44.97054,RoadEast
1742767048961,32.57104,1442,Eye Hit,Right,1066.499,783.9997,44.97055,RoadEast
1742767048961,32.57104,1442,Eye Hit,Center,1067.051,783.9997,44.97055,RoadEast
1742767048988,32.59866,1443,Eye Hit,Left,1061.897,786.4765,45.11004,RoadEast
1742767048988,32.59866,1443,Eye Hit,Right,1060.796,786.4765,45.11004,RoadEast
1742767048988,32.59866,1443,Eye Hit,Center,1061.346,786.4765,45.11004,RoadEast
1742767049017,32.62504,1444,Eye Hit,Left,1058.994,797.8969,45.17941,RoadEast
1742767049017,32.62504,1444,Eye Hit,Right,1057.895,797.8969,45.17941,RoadEast
1742767049017,32.62504,1444,Eye Hit,Center,1058.444,797.8969,45.17941,RoadEast
1742767049044,32.65479,1445,Eye Hit,Left,1059.112,807.0406,45.1697,Sedan1-Detailed
1742767049044,32.65479,1445,Eye Hit,Right,1058.012,807.0406,45.1697,Sedan1-Detailed
1742767049044,32.65479,1445,Eye Hit,Center,1058.562,807.0406,45.1697,Sedan1-Detailed
1742767049072,32.68057,1446,Eye Hit,Left,1058.205,807.0106,45.19145,RoadEast
1742767049072,32.68057,1446,Eye Hit,Right,1057.105,807.0106,45.19145,RoadEast
1742767049072,32.68057,1446,Eye Hit,Center,1057.655,807.0106,45.19145,RoadEast
1742767049100,32.70832,1447,Eye Hit,Left,1058.37,786.5559,45.19415,RoadEast
1742767049100,32.70832,1447,Eye Hit,Right,1057.271,786.5559,45.19414,RoadEast
1742767049100,32.70832,1447,Eye Hit,Center,1057.82,786.5559,45.19415,RoadEast
1742767049127,32.73711,1448,Eye Hit,Left,1053.411,785.0217,45.31322,RoadEast
1742767049127,32.73711,1448,Eye Hit,Right,1052.315,785.0217,45.31322,RoadEast
1742767049127,32.73711,1448,Eye Hit,Center,1052.863,785.0217,45.31322,RoadEast
1742767049146,32.76477,1449,Eye Hit,Left,1051.886,778.5535,45.34431,RoadEast
1742767049146,32.76477,1449,Eye Hit,Right,1050.79,778.5535,45.34432,RoadEast
1742767049146,32.76477,1449,Eye Hit,Center,1051.338,778.5535,45.34432,RoadEast
1742767049168,32.78287,1450,Eye Hit,Left,1039.648,794.2487,45.64214,RoadEast
1742767049168,32.78287,1450,Eye Hit,Right,1038.56,794.2487,45.64214,RoadEast
1742767049168,32.78287,1450,Eye Hit,Center,1039.104,794.2487,45.64214,RoadEast
1742767049186,32.80518,1451,Eye Hit,Left,1035.309,792.0936,45.74386,RoadEast
1742767049186,32.80518,1451,Eye Hit,Right,1034.222,792.0936,45.74385,RoadEast
1742767049186,32.80518,1451,Eye Hit,Center,1034.766,792.0936,45.74386,RoadEast
1742767049209,32.82331,1452,Eye Hit,Left,1030.862,791.6133,45.84659,RoadEast
1742767049209,32.82331,1452,Eye Hit,Right,1029.778,791.6133,45.8466,RoadEast
1742767049209,32.82331,1452,Eye Hit,Center,1030.32,791.6133,45.84659,RoadEast
1742767049238,32.84628,1453,Eye Hit,Left,1033.321,796.0558,45.78702,Jeep4-Detailed
1742767049238,32.84628,1453,Eye Hit,Right,1032.236,796.0558,45.78702,Jeep4-Detailed
1742767049238,32.84628,1453,Eye Hit,Center,1032.779,796.0558,45.78702,Jeep4-Detailed
1742767049266,32.87508,1454,Eye Hit,Left,1039.698,801.7466,45.63259,Jeep4-Detailed
1742767049266,32.87508,1454,Eye Hit,Right,1038.609,801.7466,45.6326,Jeep4-Detailed
1742767049266,32.87508,1454,Eye Hit,Center,1039.153,801.7466,45.6326,Jeep4-Detailed
1742767049294,32.90289,1455,Eye Hit,Left,1041.58,805.655,45.58114,Jeep4-Detailed
1742767049294,32.90289,1455,Eye Hit,Right,1040.49,805.655,45.58113,Jeep4-Detailed
1742767049294,32.90289,1455,Eye Hit,Center,1041.035,805.655,45.58113,Jeep4-Detailed
1742767049311,32.93055,1456,Eye Hit,Left,1048.493,809.5164,45.41201,Jeep4-Detailed
1742767049311,32.93055,1456,Eye Hit,Right,1047.399,809.5164,45.41202,Jeep4-Detailed
1742767049311,32.93055,1456,Eye Hit,Center,1047.946,809.5164,45.41202,Jeep4-Detailed
1742767049335,32.9475,1457,Eye Hit,Left,1052.795,815.1978,45.2995,Jeep4-Detailed
1742767049335,32.9475,1457,Eye Hit,Right,1051.698,815.1978,45.29949,Jeep4-Detailed
1742767049335,32.9475,1457,Eye Hit,Center,1052.247,815.1978,45.29949,Jeep4-Detailed
1742767049355,32.97168,1458,Eye Hit,Left,1049.677,815.9681,45.3716,Jeep4-Detailed
1742767049355,32.97168,1458,Eye Hit,Right,1048.582,815.9681,45.3716,Jeep4-Detailed
1742767049355,32.97168,1458,Eye Hit,Center,1049.129,815.9681,45.3716,Jeep4-Detailed
1742767049378,32.99201,1459,Eye Hit,Left,1038.91,806.4488,45.64114,Jeep4-Detailed
1742767049378,32.99201,1459,Eye Hit,Right,1037.821,806.4488,45.64114,Jeep4-Detailed
1742767049378,32.99201,1459,Eye Hit,Center,1038.365,806.4488,45.64114,Jeep4-Detailed
1742767049395,33.01398,1460,Eye Hit,Left,1033.466,803.4711,45.77364,Jeep4-Detailed
1742767049395,33.01398,1460,Eye Hit,Right,1032.38,803.4711,45.77364,Jeep4-Detailed
1742767049395,33.01398,1460,Eye Hit,Center,1032.923,803.4711,45.77364,Jeep4-Detailed
1742767049422,33.03135,1461,Eye Hit,Left,1024.085,803.1133,45.98788,Jeep4-Detailed
1742767049422,33.03135,1461,Eye Hit,Right,1023.005,803.1133,45.98787,Jeep4-Detailed
1742767049422,33.03135,1461,Eye Hit,Center,1023.545,803.1133,45.98788,Jeep4-Detailed
1742767049449,33.0589,1462,Eye Hit,Left,1015.489,804.3076,46.18337,Jeep4-Detailed
1742767049449,33.0589,1462,Eye Hit,Right,1014.413,804.3076,46.18337,Jeep4-Detailed
1742767049449,33.0589,1462,Eye Hit,Center,1014.951,804.3076,46.18337,Jeep4-Detailed
1742767049477,33.08591,1463,Eye Hit,Left,1004.939,803.1855,46.42084,Jeep4-Detailed
1742767049477,33.08591,1463,Eye Hit,Right,1003.869,803.1855,46.42085,Jeep4-Detailed
1742767049477,33.08591,1463,Eye Hit,Center,1004.404,803.1855,46.42084,Jeep4-Detailed
1742767049507,33.11411,1464,Eye Hit,Left,1005.488,805.3703,46.40662,Jeep4-Detailed
1742767049507,33.11411,1464,Eye Hit,Right,1004.418,805.3703,46.40662,Jeep4-Detailed
1742767049507,33.11411,1464,Eye Hit,Center,1004.953,805.3703,46.40661,Jeep4-Detailed
1742767049533,33.14363,1465,Eye Hit,Left,1000.783,804.4337,46.50603,Jeep4-Detailed
1742767049533,33.14363,1465,Eye Hit,Right,999.7145,804.4337,46.50603,Jeep4-Detailed
1742767049533,33.14363,1465,Eye Hit,Center,1000.249,804.4337,46.50603,Jeep4-Detailed
1742767049562,33.17023,1466,Eye Hit,Left,992.6338,816.7012,46.66507,Jeep4-Detailed
1742767049562,33.17023,1466,Eye Hit,Right,991.5692,816.7012,46.66507,Jeep4-Detailed
1742767049562,33.17023,1466,Eye Hit,Center,992.1015,816.7012,46.66507,Jeep4-Detailed
1742767049589,33.19893,1467,Eye Hit,Left,989.6556,815.428,46.72987,Jeep4-Detailed
1742767049589,33.19893,1467,Eye Hit,Right,988.5924,815.428,46.72987,Jeep4-Detailed
1742767049589,33.19893,1467,Eye Hit,Center,989.124,815.428,46.72987,Jeep4-Detailed
1742767049616,33.2261,1468,Eye Hit,Left,983.5432,815.8907,46.859,Jeep4-Detailed
1742767049616,33.2261,1468,Eye Hit,Right,982.483,815.8907,46.859,Jeep4-Detailed
1742767049616,33.2261,1468,Eye Hit,Center,983.0131,815.8907,46.859,Jeep4-Detailed
1742767049645,33.25328,1469,Eye Hit,Left,976.6239,812.2542,47.01357,Jeep4-Detailed
1742767049645,33.25328,1469,Eye Hit,Right,975.5671,812.2542,47.01357,Jeep4-Detailed
1742767049645,33.25328,1469,Eye Hit,Center,976.0955,812.2542,47.01357,Jeep4-Detailed
1742767049672,33.28195,1470,Eye Hit,Left,972.3507,812.0347,47.10535,Jeep4-Detailed
1742767049672,33.28195,1470,Eye Hit,Right,971.296,812.0347,47.10535,Jeep4-Detailed
1742767049672,33.28195,1470,Eye Hit,Center,971.8233,812.0347,47.10535,Jeep4-Detailed
1742767049701,33.30939,1471,Eye Hit,Left,971.517,810.7009,47.1192,Jeep4-Detailed
1742767049701,33.30939,1471,Eye Hit,Right,970.4627,810.7009,47.1192,Jeep4-Detailed
1742767049701,33.30939,1471,Eye Hit,Center,970.9899,810.7009,47.1192,Jeep4-Detailed
1742767049731,33.33834,1472,Eye Hit,Left,982.145,803.1086,46.91046,Jeep4-Detailed
1742767049731,33.33834,1472,Eye Hit,Right,981.0858,803.1086,46.91047,Jeep4-Detailed
1742767049731,33.33834,1472,Eye Hit,Center,981.6154,803.1086,46.91046,Jeep4-Detailed
1742767049758,33.36726,1473,Eye Hit,Left,995.72,796.1809,46.62659,Jeep4-Detailed
1742767049758,33.36726,1473,Eye Hit,Right,994.6544,796.1809,46.62659,Jeep4-Detailed
1742767049758,33.36726,1473,Eye Hit,Center,995.1873,796.1809,46.62658,Jeep4-Detailed
1742767049787,33.39437,1474,Eye Hit,Left,1010.727,793.4393,46.2978,Jeep4-Detailed
1742767049787,33.39437,1474,Eye Hit,Right,1009.654,793.4393,46.2978,Jeep4-Detailed
1742767049787,33.39437,1474,Eye Hit,Center,1010.19,793.4393,46.2978,Jeep4-Detailed
1742767049813,33.42418,1475,Eye Hit,Left,1010.458,797.7167,46.3043,Jeep4-Detailed
1742767049813,33.42418,1475,Eye Hit,Right,1009.385,797.7167,46.30431,Jeep4-Detailed
1742767049813,33.42418,1475,Eye Hit,Center,1009.922,797.7167,46.3043,Jeep4-Detailed
1742767049841,33.44985,1476,,Left,1009.253,803.1261,46.3297,
1742767049841,33.44985,1476,,Right,1008.181,803.1261,46.3297,
1742767049841,33.44985,1476,,Center,1008.717,803.1261,46.3297,
1742767049871,33.47741,1477,,Left,1018.962,800.3065,46.10976,
1742767049871,33.47741,1477,,Right,1017.884,800.3065,46.10976,
1742767049871,33.47741,1477,,Center,1018.423,800.3065,46.10976,
1742767049897,33.50787,1478,,Left,1013.975,800.2449,46.22578,
1742767049897,33.50787,1478,,Right,1012.9,800.2449,46.22578,
1742767049897,33.50787,1478,,Center,1013.437,800.2449,46.22578,
1742767049923,33.5337,1479,,Left,1020.46,793.4098,46.0834,
1742767049923,33.5337,1479,,Right,1019.382,793.4098,46.08339,
1742767049923,33.5337,1479,,Center,1019.921,793.4098,46.0834,
1742767049952,33.55993,1480,Eye Hit,Left,1035.902,774.4523,45.71671,Sedan1-Detailed
1742767049952,33.55993,1480,Eye Hit,Right,1034.816,774.4523,45.71671,Sedan1-Detailed
1742767049952,33.55993,1480,Eye Hit,Center,1035.359,774.4523,45.7167,Sedan1-Detailed
1742767049980,33.58884,1481,,Left,1051.025,771.4487,45.35534,
1742767049980,33.58884,1481,,Right,1049.93,771.4487,45.35535,
1742767049980,33.58884,1481,,Center,1050.478,771.4487,45.35535,
1742767050007,33.61671,1482,Eye Hit,Left,1065.8,766.8078,44.99071,Jeep4-Detailed
1742767050007,33.61671,1482,Eye Hit,Right,1064.696,766.8078,44.99071,Jeep4-Detailed
1742767050007,33.61671,1482,Eye Hit,Center,1065.248,766.8078,44.99072,Jeep4-Detailed
1742767050036,33.64336,1483,Eye Hit,Left,1069.339,759.1932,44.8895,Jeep4-Detailed
1742767050036,33.64336,1483,Eye Hit,Right,1068.232,759.1932,44.8895,Jeep4-Detailed
1742767050036,33.64336,1483,Eye Hit,Center,1068.786,759.1932,44.8895,Jeep4-Detailed
1742767050066,33.67216,1484,Eye Hit,Left,1074.344,759.0559,44.76747,Jeep4-Detailed
1742767050066,33.67216,1484,Eye Hit,Right,1073.235,759.0559,44.76747,Jeep4-Detailed
1742767050066,33.67216,1484,Eye Hit,Center,1073.79,759.0559,44.76747,Jeep4-Detailed
1742767050092,33.70251,1485,,Left,1072.789,763.1602,44.81738,
1742767050093,33.70251,1485,,Right,1071.681,763.1602,44.81738,
1742767050093,33.70251,1485,,Center,1072.235,763.1602,44.81738,
1742767050117,33.72974,1486,,Left,1073.698,763.2045,44.79775,
1742767050117,33.72974,1486,,Right,1072.589,763.2045,44.79774,
1742767050117,33.72974,1486,,Center,1073.143,763.2045,44.79775,
1742767050146,33.75423,1487,Eye Hit,Left,1079.02,752.9332,44.64388,Jeep4-Detailed
1742767050146,33.75423,1487,Eye Hit,Right,1077.908,752.9332,44.64388,Jeep4-Detailed
1742767050146,33.75423,1487,Eye Hit,Center,1078.464,752.9332,44.64388,Jeep4-Detailed
1742767050174,33.78237,1488,,Left,1077.409,745.9741,44.66554,
1742767050174,33.78237,1488,,Right,1076.297,745.9741,44.66554,
1742767050174,33.78237,1488,,Center,1076.853,745.9741,44.66554,
1742767050200,33.81112,1489,,Left,1076.468,751.1407,44.70621,
1742767050200,33.81112,1489,,Right,1075.357,751.1407,44.70621,
1742767050200,33.81112,1489,,Center,1075.912,751.1407,44.70621,
1742767050229,33.83705,1490,,Left,1079.297,750.4219,44.63983,
1742767050229,33.83705,1490,,Right,1078.184,750.4219,44.63983,
1742767050229,33.83705,1490,,Center,1078.74,750.4219,44.63982,
1742767050256,33.86555,1491,Eye Hit,Left,1040.995,762.4733,45.60114,Sedan1-Detailed
1742767050256,33.86555,1491,Eye Hit,Right,1039.906,762.4733,45.60113,Sedan1-Detailed
1742767050256,33.86555,1491,Eye Hit,Center,1040.451,762.4733,45.60114,Sedan1-Detailed
1742767050284,33.89308,1492,Eye Hit,Left,1043.833,768.4539,45.54593,Sedan1-Detailed
1742767050284,33.89308,1492,Eye Hit,Right,1042.742,768.4539,45.54593,Sedan1-Detailed
1742767050284,33.89308,1492,Eye Hit,Center,1043.287,768.4539,45.54593,Sedan1-Detailed
1742767050311,33.92316,1493,Eye Hit,Left,1045.714,777.9705,45.51373,Sedan1-Detailed
1742767050311,33.92316,1493,Eye Hit,Right,1044.622,777.9705,45.51373,Sedan1-Detailed
1742767050311,33.92316,1493,Eye Hit,Center,1045.168,777.9705,45.51373,Sedan1-Detailed
1742767050340,33.94847,1494,Eye Hit,Left,1046.687,769.8871,45.47743,Sedan1-Detailed
1742767050340,33.94847,1494,Eye Hit,Right,1045.595,769.8871,45.47744,Sedan1-Detailed
1742767050340,33.94847,1494,Eye Hit,Center,1046.141,769.8871,45.47744,Sedan1-Detailed
1742767050371,33.97715,1495,Eye Hit,Left,1035.47,775.4443,45.74953,Sedan1-Detailed
1742767050371,33.97715,1495,Eye Hit,Right,1034.384,775.4443,45.74953,Sedan1-Detailed
1742767050371,33.97715,1495,Eye Hit,Center,1034.927,775.4443,45.74952,Sedan1-Detailed
1742767050396,34.00721,1496,Eye Hit,Left,1027.355,774.499,45.94145,Sedan1-Detailed
1742767050396,34.00721,1496,Eye Hit,Right,1026.274,774.499,45.94145,Sedan1-Detailed
1742767050396,34.00721,1496,Eye Hit,Center,1026.814,774.499,45.94146,Sedan1-Detailed
1742767050424,34.03281,1497,Eye Hit,Left,1018.928,771.6414,46.12844,Sedan1-Detailed
1742767050424,34.03281,1497,Eye Hit,Right,1017.851,771.6414,46.12844,Sedan1-Detailed
1742767050424,34.03281,1497,Eye Hit,Center,1018.389,771.6414,46.12844,Sedan1-Detailed
1742767050452,34.06075,1498,Eye Hit,Left,1016.714,766.4171,46.1669,Sedan1-Detailed
1742767050452,34.06075,1498,Eye Hit,Right,1015.637,766.4171,46.1669,Sedan1-Detailed
1742767050452,34.06075,1498,Eye Hit,Center,1016.176,766.4171,46.1669,Sedan1-Detailed
1742767050478,34.08925,1499,Eye Hit,Left,1018.513,766.0317,46.12334,Sedan1-Detailed
1742767050478,34.08925,1499,Eye Hit,Right,1017.436,766.0317,46.12333,Sedan1-Detailed
1742767050478,34.08925,1499,Eye Hit,Center,1017.975,766.0317,46.12333,Sedan1-Detailed
1742767050507,34.11499,1500,Eye Hit,Left,1022.852,765.8857,46.02278,Sedan1-Detailed
1742767050507,34.11499,1500,Eye Hit,Right,1021.772,765.8857,46.02278,Sedan1-Detailed
1742767050507,34.11499,1500,Eye Hit,Center,1022.312,765.8857,46.02278,Sedan1-Detailed
1742767050536,34.14336,1501,Eye Hit,Left,1022.487,771.0336,46.03933,Sedan1-Detailed
1742767050536,34.14336,1501,Eye Hit,Right,1021.407,771.0336,46.03933,Sedan1-Detailed
1742767050536,34.14336,1501,Eye Hit,Center,1021.947,771.0336,46.03933,Sedan1-Detailed
1742767050563,34.17252,1502,Eye Hit,Left,1024.635,770.4045,45.99107,Sedan1-Detailed
1742767050563,34.17252,1502,Eye Hit,Right,1023.555,770.4045,45.99107,Sedan1-Detailed
1742767050563,34.17252,1502,Eye Hit,Center,1024.095,770.4045,45.99107,Sedan1-Detailed
1742767050590,34.20034,1503,Eye Hit,Left,1030.056,763.6403,45.85176,Sedan1-Detailed
1742767050590,34.20034,1503,Eye Hit,Right,1028.973,763.6403,45.85176,Sedan1-Detailed
1742767050590,34.20034,1503,Eye Hit,Center,1029.514,763.6404,45.85176,Sedan1-Detailed
1742767050618,34.2269,1504,Eye Hit,Left,1032.565,756.3357,45.77458,Sedan1-Detailed
1742767050618,34.2269,1504,Eye Hit,Right,1031.479,756.3357,45.77458,Sedan1-Detailed
1742767050618,34.2269,1504,Eye Hit,Center,1032.022,756.3357,45.77458,Sedan1-Detailed
1742767050646,34.25554,1505,Eye Hit,Left,1034.927,757.8687,45.72192,Sedan1-Detailed
1742767050646,34.25554,1505,Eye Hit,Right,1033.841,757.8687,45.72192,Sedan1-Detailed
1742767050646,34.25554,1505,Eye Hit,Center,1034.384,757.8687,45.72192,Sedan1-Detailed
1742767050664,34.2824,1506,Eye Hit,Left,1039.813,761.5477,45.61334,Sedan1-Detailed
1742767050664,34.2824,1506,Eye Hit,Right,1038.724,761.5477,45.61334,Sedan1-Detailed
1742767050664,34.2824,1506,Eye Hit,Center,1039.269,761.5477,45.61334,Sedan1-Detailed
1742767050687,34.29971,1507,Eye Hit,Left,1052.785,761.878,45.30519,Sedan1-Detailed
1742767050687,34.29971,1507,Eye Hit,Right,1051.689,761.878,45.30518,Sedan1-Detailed
1742767050687,34.29971,1507,Eye Hit,Center,1052.237,761.878,45.30519,Sedan1-Detailed
1742767050706,34.32422,1508,Eye Hit,Left,1059.832,765.2461,45.13856,Sedan1-Detailed
1742767050706,34.32422,1508,Eye Hit,Right,1058.731,765.2461,45.13856,Sedan1-Detailed
1742767050706,34.32422,1508,Eye Hit,Center,1059.281,765.2461,45.13856,Sedan1-Detailed
1742767050728,34.34278,1509,,Left,1055.979,766.6423,45.23142,
1742767050728,34.34278,1509,,Right,1054.881,766.6423,45.23142,
1742767050728,34.34278,1509,,Center,1055.43,766.6423,45.23142,
1742767050745,34.36468,1510,,Left,1071.589,765.7443,44.84689,
1742767050745,34.36468,1510,,Right,1070.481,765.7443,44.84689,
1742767050745,34.36468,1510,,Center,1071.035,765.7443,44.84689,
1742767050769,34.38187,1511,Eye Hit,Left,886.3641,763.2969,48.63097,NE_Tree_10
1742767050769,34.38187,1511,Eye Hit,Right,885.3425,763.2969,48.63097,NE_Tree_10
1742767050769,34.38187,1511,Eye Hit,Center,885.8534,763.2969,48.63097,NE_Tree_10
1742767050786,34.40533,1512,Eye Hit,Left,897.9908,760.3321,48.44087,NE_Tree_10
1742767050786,34.40533,1512,Eye Hit,Right,896.9652,760.3321,48.44087,NE_Tree_10
1742767050786,34.40533,1512,Eye Hit,Center,897.478,760.3321,48.44087,NE_Tree_10
1742767050811,34.42385,1513,Eye Hit,Left,772.9492,694.9231,49.35264,NorthSidewalk
1742767050811,34.42385,1513,Eye Hit,Right,771.9425,694.9231,49.35264,NorthSidewalk
1742767050811,34.42385,1513,Eye Hit,Center,772.446,694.9231,49.35264,NorthSidewalk
1742767050829,34.44857,1514,Eye Hit,Left,673.1863,593.8542,48.02229,NorthSidewalk
1742767050829,34.44857,1514,Eye Hit,Right,672.1517,593.8542,48.02229,NorthSidewalk
1742767050829,34.44857,1514,Eye Hit,Center,672.6691,593.8542,48.02229,NorthSidewalk
1742767050853,34.46556,1515,Eye Hit,Left,692.987,586.1382,47.93658,NorthSidewalk
1742767050853,34.46556,1515,Eye Hit,Right,691.9506,586.1382,47.93658,NorthSidewalk
1742767050853,34.46556,1515,Eye Hit,Center,692.4688,586.1382,47.93658,NorthSidewalk
1742767050873,34.49108,1516,Eye Hit,Left,633.7351,515.7533,46.27168,NorthSidewalk
1742767050873,34.49108,1516,Eye Hit,Right,632.6614,515.7533,46.27168,NorthSidewalk
1742767050873,34.49108,1516,Eye Hit,Center,633.1983,515.7533,46.27168,NorthSidewalk
1742767050896,34.51145,1517,Eye Hit,Left,562.8944,482.311,44.89548,NorthSidewalk
1742767050896,34.51145,1517,Eye Hit,Right,561.7878,482.311,44.89548,NorthSidewalk
1742767050896,34.51145,1517,Eye Hit,Center,562.3411,482.311,44.89548,NorthSidewalk
1742767050923,34.53351,1518,Eye Hit,Left,576.5271,477.1599,44.90871,NorthSidewalk
1742767050923,34.53351,1518,Eye Hit,Right,575.4208,477.1599,44.90871,NorthSidewalk
1742767050923,34.53351,1518,Eye Hit,Center,575.9739,477.1599,44.90871,NorthSidewalk
1742767050949,34.56001,1519,Eye Hit,Left,535.5251,441.4274,43.63748,NorthSidewalk
1742767050949,34.56001,1519,Eye Hit,Right,534.3866,441.4275,43.63748,NorthSidewalk
1742767050949,34.56001,1519,Eye Hit,Center,534.9559,441.4275,43.63748,NorthSidewalk
1742767050975,34.58697,1520,Eye Hit,Left,534.4305,451.3575,43.85133,NorthSidewalk
1742767050975,34.58697,1520,Eye Hit,Right,533.2975,451.3575,43.85133,NorthSidewalk
1742767050975,34.58697,1520,Eye Hit,Center,533.864,451.3575,43.85133,NorthSidewalk
1742767051002,34.61266,1521,Eye Hit,Left,558.9965,469.0753,44.54402,NorthSidewalk
1742767051002,34.61266,1521,Eye Hit,Right,557.8811,469.0753,44.54401,NorthSidewalk
1742767051002,34.61266,1521,Eye Hit,Center,558.4388,469.0753,44.54402,NorthSidewalk
1742767051031,34.64035,1522,Eye Hit,Left,582.5984,476.2582,44.93692,NorthSidewalk
1742767051031,34.64035,1522,Eye Hit,Right,581.4928,476.2582,44.93692,NorthSidewalk
1742767051031,34.64035,1522,Eye Hit,Center,582.0455,476.2582,44.93691,NorthSidewalk
1742767051060,34.66915,1523,Eye Hit,Left,604.8868,478.167,45.18772,NorthSidewalk
1742767051061,34.66915,1523,Eye Hit,Right,603.7874,478.167,45.18772,NorthSidewalk
1742767051061,34.66915,1523,Eye Hit,Center,604.3371,478.167,45.18772,NorthSidewalk
1742767051087,34.69859,1524,Eye Hit,Left,623.3649,460.2179,44.91848,NorthSidewalk
1742767051087,34.69859,1524,Eye Hit,Right,622.2588,460.2179,44.91849,NorthSidewalk
1742767051087,34.69859,1524,Eye Hit,Center,622.8118,460.2179,44.91848,NorthSidewalk
1742767051113,34.72608,1525,Eye Hit,Left,665.5612,444.5442,44.77575,NorthSidewalk
1742767051113,34.72608,1525,Eye Hit,Right,664.4516,444.5442,44.77575,NorthSidewalk
1742767051113,34.72608,1525,Eye Hit,Center,665.0063,444.5442,44.77575,NorthSidewalk
1742767051140,34.75096,1526,Eye Hit,Left,693.2214,453.6568,45.08383,NorthSidewalk
1742767051140,34.75096,1526,Eye Hit,Right,692.1194,453.6568,45.08383,NorthSidewalk
1742767051140,34.75096,1526,Eye Hit,Center,692.6703,453.6568,45.08383,NorthSidewalk
1742767051170,34.7774,1527,Eye Hit,Left,705.3123,448.2616,44.97308,NorthSidewalk
1742767051170,34.7774,1527,Eye Hit,Right,704.2075,448.2616,44.97308,NorthSidewalk
1742767051170,34.7774,1527,Eye Hit,Center,704.7599,448.2616,44.97308,NorthSidewalk
1742767051198,34.80771,1528,Eye Hit,Left,741.2761,443.1712,44.82481,NorthSidewalk
1742767051198,34.80771,1528,Eye Hit,Right,740.1677,443.1712,44.82481,NorthSidewalk
1742767051198,34.80771,1528,Eye Hit,Center,740.7219,443.1712,44.82481,NorthSidewalk
1742767051228,34.83559,1529,Eye Hit,Left,733.6708,434.4982,44.6193,NorthSidewalk
1742767051228,34.83559,1529,Eye Hit,Right,732.5574,434.4982,44.6193,NorthSidewalk
1742767051228,34.83559,1529,Eye Hit,Center,733.1141,434.4982,44.6193,NorthSidewalk
1742767051257,34.86947,1530,Eye Hit,Left,624.5707,511.4186,46.07639,NorthSidewalk
1742767051257,34.86947,1530,Eye Hit,Right,623.4923,511.4186,46.0764,NorthSidewalk
1742767051257,34.86947,1530,Eye Hit,Center,624.0316,511.4186,46.0764,NorthSidewalk
1742767051285,34.8943,1531,Eye Hit,Left,564.9119,601.3594,47.16352,NorthSidewalk
1742767051285,34.8943,1531,Eye Hit,Right,563.8583,601.3593,47.16352,NorthSidewalk
1742767051285,34.8943,1531,Eye Hit,Center,564.3851,601.3594,47.16352,NorthSidewalk
1742767051311,34.92303,1532,Eye Hit,Left,550.3073,600.6702,46.96111,NorthSidewalk
1742767051311,34.92303,1532,Eye Hit,Right,549.2493,600.6702,46.96111,NorthSidewalk
1742767051311,34.92303,1532,Eye Hit,Center,549.7783,600.6702,46.9611,NorthSidewalk
1742767051339,34.94737,1533,Eye Hit,Left,601.4233,585.0211,47.31784,NorthSidewalk
1742767051339,34.94737,1533,Eye Hit,Right,600.3733,585.0211,47.31783,NorthSidewalk
1742767051339,34.94737,1533,Eye Hit,Center,600.8983,585.0211,47.31783,NorthSidewalk
1742767051368,34.97657,1534,Eye Hit,Left,633.5073,581.0714,47.53048,NorthSidewalk
1742767051368,34.97657,1534,Eye Hit,Right,632.462,581.0714,47.53048,NorthSidewalk
1742767051368,34.97657,1534,Eye Hit,Center,632.9847,581.0714,47.53048,NorthSidewalk
1742767051398,35.00539,1535,Eye Hit,Left,659.3311,581.3657,47.67411,NorthSidewalk
1742767051398,35.00539,1535,Eye Hit,Right,658.289,581.3657,47.67411,NorthSidewalk
1742767051398,35.00539,1535,Eye Hit,Center,658.8101,581.3657,47.67411,NorthSidewalk
1742767051424,35.03511,1536,Eye Hit,Left,668.5651,587.8806,47.83797,NorthSidewalk
1742767051424,35.03511,1536,Eye Hit,Right,667.5265,587.8806,47.83797,NorthSidewalk
1742767051424,35.03511,1536,Eye Hit,Center,668.0458,587.8806,47.83797,NorthSidewalk
1742767051452,35.061,1537,Eye Hit,Left,695.6607,588.6956,47.94708,NorthSidewalk
1742767051452,35.061,1537,Eye Hit,Right,694.6245,588.6956,47.94708,NorthSidewalk
1742767051452,35.061,1537,Eye Hit,Center,695.1426,588.6956,47.94708,NorthSidewalk
1742767051479,35.09025,1538,Eye Hit,Left,714.4506,583.2297,47.87955,NorthSidewalk
1742767051479,35.09025,1538,Eye Hit,Right,713.4129,583.2297,47.87955,NorthSidewalk
1742767051479,35.09025,1538,Eye Hit,Center,713.9317,583.2297,47.87955,NorthSidewalk
1742767051507,35.11708,1539,Eye Hit,Left,713.8044,589.1971,47.98921,NorthSidewalk
1742767051507,35.11708,1539,Eye Hit,Right,712.7691,589.1971,47.9892,NorthSidewalk
1742767051507,35.11708,1539,Eye Hit,Center,713.2867,589.1971,47.98921,NorthSidewalk
1742767051535,35.144,1540,Eye Hit,Left,700.409,594.9128,48.07704,NorthSidewalk
1742767051535,35.144,1540,Eye Hit,Right,699.3755,594.9128,48.07703,NorthSidewalk
1742767051535,35.144,1540,Eye Hit,Center,699.8923,594.9128,48.07703,NorthSidewalk
1742767051565,35.17199,1541,Eye Hit,Left,718.4738,583.6143,47.87155,NorthSidewalk
1742767051565,35.17199,1541,Eye Hit,Right,717.4359,583.6143,47.87155,NorthSidewalk
1742767051565,35.17199,1541,Eye Hit,Center,717.9548,583.6143,47.87155,NorthSidewalk
1742767051592,35.20184,1542,Eye Hit,Left,673.1393,680.4694,49.16387,NorthSidewalk
1742767051592,35.20184,1542,Eye Hit,Right,672.1287,680.4694,49.16386,NorthSidewalk
1742767051592,35.20184,1542,Eye Hit,Center,672.634,680.4694,49.16386,NorthSidewalk
1742767051620,35.22879,1543,,Left,665.286,706.9576,49.37467,
1742767051620,35.22879,1543,,Right,664.2797,706.9576,49.37467,
1742767051620,35.22879,1543,,Center,664.7828,706.9576,49.37467,
1742767051648,35.25783,1544,,Left,665.5362,704.6303,49.3612,
1742767051648,35.25783,1544,,Right,664.5296,704.6303,49.3612,
1742767051648,35.25783,1544,,Center,665.0329,704.6303,49.3612,
1742767051675,35.28565,1545,,Left,670.3188,708.6891,49.42294,
1742767051675,35.28565,1545,,Right,669.3135,708.6891,49.42295,
1742767051675,35.28565,1545,,Center,669.8162,708.6891,49.42295,
1742767051702,35.31285,1546,,Left,677.1595,734.5642,49.63259,
1742767051702,35.31285,1546,,Right,676.1584,734.5642,49.63259,
1742767051702,35.31285,1546,,Center,676.659,734.5642,49.63259,
1742767051731,35.33887,1547,,Left,679.356,740.3957,49.64558,
1742767051731,35.33887,1547,,Right,678.3552,740.3957,49.64558,
1742767051731,35.33887,1547,,Center,678.8555,740.3957,49.64558,
1742767051757,35.36807,1548,,Left,662.601,750.2101,49.61511,
1742767051757,35.36807,1548,,Right,661.5996,750.2101,49.61511,
1742767051757,35.36807,1548,,Center,662.1003,750.2101,49.61511,
1742767051786,35.39359,1549,,Left,686.4526,727.2191,49.60934,
1742767051786,35.39359,1549,,Right,685.451,727.2191,49.60934,
1742767051786,35.39359,1549,,Center,685.9518,727.2191,49.60934,
1742767051814,35.42352,1550,,Left,693,724.3256,49.61544,
1742767051814,35.42352,1550,,Right,691.9987,724.3256,49.61544,
1742767051814,35.42352,1550,,Center,692.4993,724.3256,49.61544,
1742767051845,35.45026,1551,,Left,686.2819,726.3237,49.61361,
1742767051845,35.45026,1551,,Right,685.2805,726.3237,49.6136,
1742767051845,35.45026,1551,,Center,685.7813,726.3237,49.61361,
1742767051873,35.48204,1552,,Left,682.0687,728.9525,49.62071,
1742767051873,35.48204,1552,,Right,681.0674,728.9525,49.62071,
1742767051873,35.48204,1552,,Center,681.5681,728.9525,49.62071,
1742767051900,35.51043,1553,,Left,681.7485,727.0945,49.61322,
1742767051900,35.51043,1553,,Right,680.7471,727.0945,49.61322,
1742767051900,35.51043,1553,,Center,681.2478,727.0945,49.61322,
1742767051930,35.53759,1554,,Left,675.7694,723.8845,49.54255,
1742767051930,35.53759,1554,,Right,674.7665,723.8845,49.54255,
1742767051930,35.53759,1554,,Center,675.2679,723.8845,49.54255,
1742767051954,35.56742,1555,,Left,668.2692,709.4061,49.40872,
1742767051954,35.56742,1555,,Right,667.2635,709.4061,49.40872,
1742767051954,35.56742,1555,,Center,667.7664,709.4061,49.40872,
1742767051980,35.59155,1556,,Left,658.7656,711.3184,49.37641,
1742767051980,35.59155,1556,,Right,657.7593,711.3184,49.37641,
1742767051980,35.59155,1556,,Center,658.2625,711.3184,49.3764,
1742767052009,35.6172,1557,,Left,662.9098,712.8715,49.41539,
1742767052009,35.6172,1557,,Right,661.9043,712.8715,49.4154,
1742767052009,35.6172,1557,,Center,662.407,712.8715,49.41539,
1742767052039,35.64775,1558,,Left,725.7914,714.8632,49.59141,
1742767052039,35.64775,1558,,Right,724.7896,714.8632,49.59141,
1742767052039,35.64775,1558,,Center,725.2905,714.8632,49.59141,
1742767052066,35.67657,1559,,Left,723.6685,717.3713,49.58358,
1742767052066,35.67657,1559,,Right,722.6665,717.3713,49.58358,
1742767052066,35.67657,1559,,Center,723.1675,717.3713,49.58358,
1742767052091,35.7028,1560,,Left,739.4537,696.8821,49.4053,
1742767052091,35.7028,1560,,Right,738.448,696.8821,49.4053,
1742767052091,35.7028,1560,,Center,738.9508,696.8821,49.40529,
1742767052118,35.72808,1561,,Left,743.9251,686.754,49.30416,
1742767052118,35.72808,1561,,Right,742.9175,686.754,49.30416,
1742767052118,35.72808,1561,,Center,743.4213,686.754,49.30416,
1742767052146,35.75508,1562,,Left,742.8353,658.722,48.99831,
1742767052146,35.75508,1562,,Right,741.8212,658.722,48.99831,
1742767052146,35.75508,1562,,Center,742.3282,658.722,48.99831,
1742767052177,35.78335,1563,,Left,746.4487,621.32,48.47776,
1742767052177,35.78335,1563,,Right,745.4238,621.32,48.47776,
1742767052177,35.78335,1563,,Center,745.9362,621.32,48.47776,
1742767052206,35.81408,1564,,Left,748.0286,610.1432,48.30464,
1742767052206,35.81408,1564,,Right,747,610.1432,48.30465,
1742767052206,35.81408,1564,,Center,747.5143,610.1432,48.30464,
1742767052233,35.84344,1565,,Left,757.1409,630.4596,48.5972,
1742767052233,35.84344,1565,,Right,756.1185,630.4596,48.5972,
1742767052233,35.84344,1565,,Center,756.6297,630.4596,48.5972,
1742767052260,35.8693,1566,,Left,766.8099,632.9481,48.57004,
1742767052260,35.8693,1566,,Right,765.787,632.9482,48.57004,
1742767052260,35.8693,1566,,Center,766.2985,632.9481,48.57004,
1742767052287,35.89697,1567,Eye Hit,Left,779.6938,563.1064,47.34071,NorthSidewalk
1742767052287,35.89697,1567,Eye Hit,Right,778.6442,563.1064,47.34071,NorthSidewalk
1742767052287,35.89697,1567,Eye Hit,Center,779.169,563.1064,47.3407,NorthSidewalk
1742767052317,35.92476,1568,Eye Hit,Left,807.4909,481.3711,45.45726,NorthSidewalk
1742767052317,35.92476,1568,Eye Hit,Right,806.3979,481.3711,45.45726,NorthSidewalk
1742767052317,35.92476,1568,Eye Hit,Center,806.9445,481.3711,45.45725,NorthSidewalk
1742767052343,35.95449,1569,Eye Hit,Left,810.473,402.3417,43.53397,NorthSidewalk
1742767052343,35.95449,1569,Eye Hit,Right,809.3317,402.3417,43.53397,NorthSidewalk
1742767052343,35.95449,1569,Eye Hit,Center,809.9024,402.3417,43.53397,NorthSidewalk
1742767052373,35.97958,1570,Eye Hit,Left,847.812,364.9943,42.34072,NorthSidewalk
1742767052373,35.97958,1570,Eye Hit,Right,846.6385,364.9943,42.34072,NorthSidewalk
1742767052373,35.97958,1570,Eye Hit,Center,847.2253,364.9943,42.34071,NorthSidewalk
1742767052401,36.00965,1571,Eye Hit,Left,870.4174,342.5416,41.59461,NorthSidewalk
1742767052401,36.00965,1571,Eye Hit,Right,869.2228,342.5416,41.5946,NorthSidewalk
1742767052401,36.00965,1571,Eye Hit,Center,869.8201,342.5416,41.59461,NorthSidewalk
1742767052427,36.03773,1572,Eye Hit,Left,870.4554,356.8852,41.93702,NorthSidewalk
1742767052427,36.03773,1572,Eye Hit,Right,869.2708,356.8852,41.93702,NorthSidewalk
1742767052427,36.03773,1572,Eye Hit,Center,869.863,356.8852,41.93702,NorthSidewalk
1742767052456,36.06406,1573,Eye Hit,Left,868.0894,349.7748,41.78254,NorthSidewalk
1742767052456,36.06406,1573,Eye Hit,Right,866.9003,349.7748,41.78254,NorthSidewalk
1742767052456,36.06406,1573,Eye Hit,Center,867.4948,349.7748,41.78254,NorthSidewalk
1742767052483,36.09267,1574,Eye Hit,Left,869.2328,347.1536,41.71035,NorthSidewalk
1742767052483,36.09267,1574,Eye Hit,Right,868.0416,347.1536,41.71035,NorthSidewalk
1742767052483,36.09267,1574,Eye Hit,Center,868.6372,347.1536,41.71035,NorthSidewalk
1742767052512,36.12114,1575,Eye Hit,Left,878.9619,342.119,41.50251,NorthSidewalk
1742767052512,36.12114,1575,Eye Hit,Right,877.7647,342.119,41.5025,NorthSidewalk
1742767052513,36.12114,1575,Eye Hit,Center,878.3633,342.119,41.50251,NorthSidewalk
1742767052541,36.14976,1576,Eye Hit,Left,905.5796,330.3808,40.95988,NorthSidewalk
1742767052541,36.14976,1576,Eye Hit,Right,904.3666,330.3808,40.95988,NorthSidewalk
1742767052541,36.14976,1576,Eye Hit,Center,904.9731,330.3808,40.95987,NorthSidewalk
1742767052569,36.17745,1577,Eye Hit,Left,906.33,342.5941,41.25804,NorthSidewalk
1742767052569,36.17745,1577,Eye Hit,Right,905.1256,342.5942,41.25804,NorthSidewalk
1742767052569,36.17745,1577,Eye Hit,Center,905.7278,342.5941,41.25804,NorthSidewalk
1742767052596,36.20675,1578,Eye Hit,Left,906.8372,349.4908,41.40268,NorthSidewalk
1742767052596,36.20675,1578,Eye Hit,Right,905.6372,349.4908,41.40268,NorthSidewalk
1742767052596,36.20675,1578,Eye Hit,Center,906.2371,349.4908,41.40268,NorthSidewalk
1742767052622,36.23312,1579,Eye Hit,Left,910.8287,350.6059,41.39059,NorthSidewalk
1742767052622,36.23312,1579,Eye Hit,Right,909.6283,350.6059,41.39059,NorthSidewalk
1742767052622,36.23312,1579,Eye Hit,Center,910.2285,350.6059,41.39059,NorthSidewalk
1742767052649,36.25912,1580,Eye Hit,Left,903.0914,351.3173,41.49096,NorthSidewalk
1742767052649,36.25912,1580,Eye Hit,Right,901.8939,351.3173,41.49096,NorthSidewalk
1742767052649,36.25912,1580,Eye Hit,Center,902.4927,351.3173,41.49096,NorthSidewalk
1742767052679,36.28627,1581,Eye Hit,Left,845.5463,375.5582,42.61544,NorthSidewalk
1742767052679,36.28627,1581,Eye Hit,Right,844.3805,375.5582,42.61545,NorthSidewalk
1742767052679,36.28627,1581,Eye Hit,Center,844.9634,375.5582,42.61545,NorthSidewalk
1742767052706,36.31557,1582,Eye Hit,Left,843.0198,356.4419,42.14988,NorthSidewalk
1742767052706,36.31557,1582,Eye Hit,Right,841.8409,356.4419,42.14988,NorthSidewalk
1742767052706,36.31557,1582,Eye Hit,Center,842.4304,356.4419,42.14988,NorthSidewalk
1742767052736,36.34319,1583,Eye Hit,Left,863.8304,353.5127,41.91727,NorthSidewalk
1742767052736,36.34319,1583,Eye Hit,Right,862.6451,353.5127,41.91727,NorthSidewalk
1742767052736,36.34319,1583,Eye Hit,Center,863.2378,353.5127,41.91727,NorthSidewalk
1742767052765,36.37313,1584,Eye Hit,Left,862.8911,356.1372,41.96853,NorthSidewalk
1742767052765,36.37313,1584,Eye Hit,Right,861.7072,356.1372,41.96853,NorthSidewalk
1742767052765,36.37313,1584,Eye Hit,Center,862.2991,356.1372,41.96853,NorthSidewalk
1742767052792,36.40168,1585,Eye Hit,Left,872.0713,351.4113,41.77514,NorthSidewalk
1742767052792,36.40168,1585,Eye Hit,Right,870.882,351.4113,41.77514,NorthSidewalk
1742767052792,36.40168,1585,Eye Hit,Center,871.4767,351.4113,41.77514,NorthSidewalk
1742767052818,36.4295,1586,Eye Hit,Left,873.1255,346.668,41.65063,NorthSidewalk
1742767052818,36.4295,1586,Eye Hit,Right,871.9326,346.668,41.65063,NorthSidewalk
1742767052818,36.4295,1586,Eye Hit,Center,872.5291,346.668,41.65063,NorthSidewalk
1742767052845,36.45568,1587,Eye Hit,Left,862.0429,364.5276,42.20082,NorthSidewalk
1742767052845,36.45568,1587,Eye Hit,Right,860.8656,364.5276,42.20082,NorthSidewalk
1742767052845,36.45568,1587,Eye Hit,Center,861.4542,364.5276,42.20082,NorthSidewalk
1742767052875,36.48244,1588,Eye Hit,Left,857.1899,376.1789,42.54026,NorthSidewalk
1742767052875,36.48244,1588,Eye Hit,Right,856.0221,376.1789,42.54026,NorthSidewalk
1742767052875,36.48244,1588,Eye Hit,Center,856.6061,376.1789,42.54026,NorthSidewalk
1742767052906,36.51202,1589,Eye Hit,Left,853.655,384.2678,42.75126,NorthSidewalk
1742767052906,36.51202,1589,Eye Hit,Right,852.4929,384.2678,42.75126,NorthSidewalk
1742767052906,36.51202,1589,Eye Hit,Center,853.074,384.2678,42.75126,NorthSidewalk
1742767052930,36.54283,1590,Eye Hit,Left,807.9354,429.8786,44.2175,NorthSidewalk
1742767052930,36.54283,1590,Eye Hit,Right,806.8116,429.8786,44.21751,NorthSidewalk
1742767052930,36.54283,1590,Eye Hit,Center,807.3735,429.8786,44.2175,NorthSidewalk
1742767052957,36.56645,1591,,Left,755.396,687.6673,49.27546,
1742767052957,36.56645,1591,,Right,754.3876,687.6673,49.27546,
1742767052957,36.56645,1591,,Center,754.8918,687.6673,49.27546,
1742767052985,36.59323,1592,,Left,755.4523,756.9192,49.74372,
1742767052985,36.59323,1592,,Right,754.4536,756.9192,49.74372,
1742767052985,36.59323,1592,,Center,754.9529,756.9192,49.74372,
1742767053013,36.62278,1593,,Left,743.5354,844.2488,49.70972,
1742767053013,36.62278,1593,,Right,742.5359,844.2488,49.70972,
1742767053013,36.62278,1593,,Center,743.0356,844.2488,49.70972,
1742767053041,36.64968,1594,,Left,750.0736,842.41,49.70793,
1742767053041,36.64968,1594,,Right,749.0741,842.41,49.70793,
1742767053041,36.64968,1594,,Center,749.5739,842.41,49.70793,
1742767053071,36.67757,1595,,Left,736.6399,836.7126,49.77008,
1742767053071,36.67757,1595,,Right,735.6416,836.7126,49.77009,
1742767053071,36.67757,1595,,Center,736.1407,836.7126,49.77009,
1742767053097,36.7079,1596,,Left,735.7867,840.6254,49.7261,
1742767053097,36.7079,1596,,Right,734.7876,840.6254,49.7261,
1742767053097,36.7079,1596,,Center,735.2871,840.6254,49.7261,
1742767053123,36.73378,1597,,Left,731.8907,847.6582,49.70187,
1742767053123,36.73378,1597,,Right,730.8911,847.6583,49.70187,
1742767053123,36.73378,1597,,Center,731.3909,847.6583,49.70187,
1742767053153,36.76025,1598,,Left,732.692,849.0124,49.6998,
1742767053153,36.76025,1598,,Right,731.6923,849.0124,49.6998,
1742767053153,36.76025,1598,,Center,732.1921,849.0124,49.6998,
1742767053182,36.79084,1599,,Left,727.4935,845.8456,49.72656,
1742767053182,36.79084,1599,,Right,726.4943,845.8456,49.72656,
1742767053182,36.79084,1599,,Center,726.9939,845.8456,49.72656,
1742767053207,36.81954,1600,,Left,729.0591,835.5016,49.77867,
1742767053207,36.81954,1600,,Right,728.061,835.5016,49.77867,
1742767053207,36.81954,1600,,Center,728.56,835.5016,49.77867,
1742767053236,36.84456,1601,,Left,730.7438,830.4576,49.76871,
1742767053236,36.84456,1601,,Right,729.7455,830.4576,49.76871,
1742767053236,36.84456,1601,,Center,730.2447,830.4576,49.76872,
1742767053262,36.87329,1602,,Left,723.5792,827.1836,49.78907,
1742767053262,36.87329,1602,,Right,722.5812,827.1836,49.78907,
1742767053262,36.87329,1602,,Center,723.0801,827.1836,49.78907,
1742767053289,36.89841,1603,,Left,725.6841,821.4892,49.81001,
1742767053289,36.89841,1603,,Right,724.6866,821.4892,49.81,
1742767053289,36.89841,1603,,Center,725.1853,821.4892,49.81,
1742767053319,36.92595,1604,,Left,722.6273,837.5681,49.75749,
1742767053319,36.92595,1604,,Right,721.6288,837.5681,49.75748,
1742767053319,36.92595,1604,,Center,722.1281,837.5681,49.75748,
1742767053346,36.9572,1605,,Left,725.8536,839.1208,49.75416,
1742767053346,36.9572,1605,,Right,724.8549,839.1208,49.75416,
1742767053346,36.9572,1605,,Center,725.3542,839.1208,49.75416,
1742767053374,36.98322,1606,,Left,737.2582,840.3931,49.7414,
1742767053374,36.98322,1606,,Right,736.2593,840.3931,49.74141,
1742767053374,36.98322,1606,,Center,736.7588,840.3931,49.7414,
1742767053401,37.01144,1607,,Left,747.7603,837.1782,49.70391,
1742767053401,37.01144,1607,,Right,746.7606,837.1782,49.70391,
1742767053401,37.01144,1607,,Center,747.2605,837.1782,49.70391,
1742767053430,37.0383,1608,,Left,753.1772,829.2124,49.72598,
1742767053430,37.0383,1608,,Right,752.178,829.2125,49.72598,
1742767053430,37.0383,1608,,Center,752.6776,829.2125,49.72599,
1742767053457,37.06735,1609,,Left,756.2553,830.5162,49.71823,
1742767053457,37.06735,1609,,Right,755.256,830.5161,49.71823,
1742767053457,37.06735,1609,,Center,755.7556,830.5162,49.71823,
1742767053485,37.0948,1610,,Left,765.5741,840.5004,49.64586,
1742767053485,37.0948,1610,,Right,764.5734,840.5004,49.64586,
1742767053485,37.0948,1610,,Center,765.0737,840.5004,49.64586,
1742767053514,37.12292,1611,,Left,768.37,846.4253,49.61143,
1742767053514,37.12292,1611,,Right,767.3686,846.4253,49.61143,
1742767053514,37.12292,1611,,Center,767.8693,846.4253,49.61143,
1742767053544,37.15163,1612,,Left,784.0751,855.2451,49.48511,
1742767053544,37.15163,1612,,Right,783.071,855.2451,49.48511,
1742767053544,37.15163,1612,,Center,783.5731,855.2451,49.48511,
1742767053569,37.18128,1613,,Left,798.2062,856.6176,49.35455,
1742767053569,37.18128,1613,,Right,797.1996,856.6176,49.35455,
1742767053569,37.18128,1613,,Center,797.7029,856.6176,49.35455,
1742767053596,37.20617,1614,,Left,804.3956,852.1652,49.33995,
1742767053596,37.20617,1614,,Right,803.3885,852.1652,49.33995,
1742767053596,37.20617,1614,,Center,803.892,852.1652,49.33995,
1742767053623,37.23354,1615,,Left,819.576,852.363,49.21435,
1742767053623,37.23354,1615,,Right,818.5665,852.363,49.21435,
1742767053623,37.23354,1615,,Center,819.0712,852.363,49.21434,
1742767053650,37.25975,1616,,Left,831.7037,852.1794,49.10223,
1742767053651,37.25975,1616,,Right,830.6918,852.1794,49.10223,
1742767053651,37.25975,1616,,Center,831.1978,852.1794,49.10223,
1742767053681,37.28889,1617,,Left,866.6611,854.4741,48.68274,
1742767053681,37.28889,1617,,Right,865.6405,854.4741,48.68275,
1742767053681,37.28889,1617,,Center,866.1508,854.4741,48.68275,
1742767053708,37.31952,1618,,Left,883.1499,860.472,48.42564,
1742767053708,37.31952,1618,,Right,882.124,860.472,48.42564,
1742767053708,37.31952,1618,,Center,882.637,860.472,48.42564,
1742767053735,37.34474,1619,,Left,920.333,862.502,47.79942,
1742767053735,37.34474,1619,,Right,919.2935,862.502,47.79942,
1742767053735,37.34474,1619,,Center,919.8134,862.502,47.79942,
1742767053763,37.37231,1620,,Left,885.7191,858.0281,48.3872,
1742767053764,37.37231,1620,,Right,884.6923,858.0281,48.3872,
1742767053764,37.37231,1620,,Center,885.2057,858.0281,48.3872,
1742767053790,37.40059,1621,,Left,764.2683,859.7716,49.55869,
1742767053790,37.40059,1621,,Right,763.2658,859.7716,49.55869,
1742767053790,37.40059,1621,,Center,763.767,859.7716,49.55869,
1742767053817,37.42783,1622,,Left,690.9386,879.0834,49.47709,
1742767053817,37.42783,1622,,Right,689.9344,879.0834,49.47709,
1742767053817,37.42783,1622,,Center,690.4365,879.0834,49.47709,
1742767053844,37.45497,1623,,Left,666.3368,874.3417,49.42606,
1742767053844,37.45497,1623,,Right,665.3315,874.3417,49.42606,
1742767053844,37.45497,1623,,Center,665.8342,874.3417,49.42606,
1742767053875,37.48063,1624,,Left,659.4511,857.0809,49.51663,
1742767053875,37.48063,1624,,Right,658.4478,857.0809,49.51664,
1742767053875,37.48063,1624,,Center,658.9494,857.0809,49.51663,
1742767053911,37.51217,1625,,Left,694.5521,855.939,49.6502,
1742767053911,37.51217,1625,,Right,693.5514,855.939,49.65021,
1742767053911,37.51217,1625,,Center,694.0518,855.939,49.65021,
1742767053948,37.54834,1626,,Left,762.9071,841.5657,49.6701,
1742767053948,37.54834,1626,,Right,761.9069,841.5657,49.6701,
1742767053948,37.54834,1626,,Center,762.4069,841.5657,49.67011,
1742767053993,37.58682,1627,,Left,814.9747,831.5104,49.36938,
1742767053993,37.58682,1627,,Right,813.9684,831.5104,49.36938,
1742767053993,37.58682,1627,,Center,814.4715,831.5104,49.36938,
1742767054031,37.6299,1628,Eye Hit,Left,803.4012,677.1747,48.9401,NorthSidewalk
1742767054031,37.6299,1628,Eye Hit,Right,802.386,677.1747,48.9401,NorthSidewalk
1742767054031,37.6299,1628,Eye Hit,Center,802.8936,677.1747,48.9401,NorthSidewalk
1742767054071,37.6689,1629,Eye Hit,Left,818.2478,669.0918,48.72638,NorthSidewalk
1742767054071,37.6689,1629,Eye Hit,Right,817.2281,669.0918,48.72638,NorthSidewalk
1742767054071,37.6689,1629,Eye Hit,Center,817.738,669.0918,48.72638,NorthSidewalk
1742767054109,37.70833,1630,,Left,695.2662,828.5654,49.79903,
1742767054109,37.70833,1630,,Right,694.2685,828.5654,49.79903,
1742767054109,37.70833,1630,,Center,694.7675,828.5654,49.79902,
1742767054148,37.74593,1631,,Left,604.8472,952.5901,48.10141,
1742767054148,37.74593,1631,,Right,603.8143,952.5901,48.10141,
1742767054148,37.74593,1631,,Center,604.3309,952.5901,48.10141,
1742767054191,37.7846,1632,Eye Hit,Left,613.8474,966.338,47.99406,NW_Tree_10
1742767054191,37.7846,1632,Eye Hit,Right,612.8121,966.338,47.99406,NW_Tree_10
1742767054191,37.7846,1632,Eye Hit,Center,613.3298,966.338,47.99406,NW_Tree_10
1742767054236,37.82866,1633,Eye Hit,Left,576.5315,874.6201,48.64807,NW_Tree_10
1742767054236,37.82866,1633,Eye Hit,Right,575.5102,874.6201,48.64808,NW_Tree_10
1742767054236,37.82866,1633,Eye Hit,Center,576.0208,874.6201,48.64808,NW_Tree_10
1742767054288,37.87329,1634,Eye Hit,Left,625.8889,860.9073,49.28935,NW_Tree_50
1742767054288,37.87329,1634,Eye Hit,Right,624.8809,860.9073,49.28934,NW_Tree_50
1742767054288,37.87329,1634,Eye Hit,Center,625.3849,860.9073,49.28935,NW_Tree_50
1742767054331,37.92538,1635,Eye Hit,Left,681.8551,859.4637,49.65621,NW_Tree_10
1742767054331,37.92538,1635,Eye Hit,Right,680.8546,859.4637,49.65622,NW_Tree_10
1742767054331,37.92538,1635,Eye Hit,Center,681.3549,859.4637,49.65622,NW_Tree_10
1742767054374,37.96759,1636,Eye Hit,Left,745.4031,879.3433,49.56291,NW_Tree_10
1742767054374,37.96759,1636,Eye Hit,Right,744.4007,879.3433,49.56291,NW_Tree_10
1742767054374,37.96759,1636,Eye Hit,Center,744.902,879.3433,49.56291,NW_Tree_10
1742767054412,38.01059,1637,,Left,813.5535,869.8754,49.26136,
1742767054412,38.01059,1637,,Right,812.5449,869.8754,49.26135,
1742767054412,38.01059,1637,,Center,813.0492,869.8754,49.26135,
1742767054455,38.04897,1638,,Left,892.1883,866.5775,48.34184,
1742767054455,38.04897,1638,,Right,891.1606,866.5775,48.34184,
1742767054455,38.04897,1638,,Center,891.6744,866.5775,48.34184,
1742767054497,38.09223,1639,,Left,773.4307,868.9321,49.56898,
1742767054497,38.09223,1639,,Right,772.4284,868.9321,49.56899,
1742767054498,38.09223,1639,,Center,772.9296,868.9321,49.56899,
1742767054541,38.13478,1640,Eye Hit,Left,682.1516,844.9123,49.79795,SportCar5-Detailed
1742767054541,38.13478,1640,Eye Hit,Right,681.1539,844.9123,49.79795,SportCar5-Detailed
1742767054541,38.13478,1640,Eye Hit,Center,681.6528,844.9123,49.79794,SportCar5-Detailed
1742767054588,38.17751,1641,Eye Hit,Left,670.5231,832.7523,49.81272,SportCar5-Detailed
1742767054588,38.17751,1641,Eye Hit,Right,669.5257,832.7523,49.81272,SportCar5-Detailed
1742767054588,38.17751,1641,Eye Hit,Center,670.0244,832.7523,49.81273,SportCar5-Detailed
1742767054625,38.22547,1642,Eye Hit,Left,707.023,832.6282,49.93021,SportCar5-Detailed
1742767054625,38.22547,1642,Eye Hit,Right,706.0279,832.6282,49.93021,SportCar5-Detailed
1742767054625,38.22547,1642,Eye Hit,Center,706.5255,832.6282,49.93021,SportCar5-Detailed
1742767054665,38.2616,1643,Eye Hit,Left,760.9536,822.5722,49.88879,SportCar5-Detailed
1742767054665,38.2616,1643,Eye Hit,Right,759.9577,822.5722,49.88879,SportCar5-Detailed
1742767054665,38.2616,1643,Eye Hit,Center,760.4555,822.5722,49.88879,SportCar5-Detailed
1742767054693,38.30146,1644,Eye Hit,Left,791.9317,820.1616,49.72675,SportCar5-Detailed
1742767054693,38.30146,1644,Eye Hit,Right,790.9326,820.1616,49.72674,SportCar5-Detailed
1742767054693,38.30146,1644,Eye Hit,Center,791.4321,820.1616,49.72675,SportCar5-Detailed
1742767054720,38.33061,1645,Eye Hit,Left,781.5386,817.9526,49.79878,SportCar5-Detailed
1742767054720,38.33061,1645,Eye Hit,Right,780.541,817.9526,49.79878,SportCar5-Detailed
1742767054720,38.33061,1645,Eye Hit,Center,781.0398,817.9526,49.79878,SportCar5-Detailed
1742767054749,38.35762,1646,Eye Hit,Left,760.0635,818.0106,49.90411,SportCar5-Detailed
1742767054749,38.35762,1646,Eye Hit,Right,759.0679,818.0106,49.90411,SportCar5-Detailed
1742767054749,38.35762,1646,Eye Hit,Center,759.5657,818.0106,49.9041,SportCar5-Detailed
1742767054778,38.38549,1647,Eye Hit,Left,757.392,819.5541,49.90956,SportCar5-Detailed
1742767054778,38.38549,1647,Eye Hit,Right,756.3965,819.5541,49.90956,SportCar5-Detailed
1742767054778,38.38549,1647,Eye Hit,Center,756.8943,819.5541,49.90956,SportCar5-Detailed
1742767054809,38.4152,1648,Eye Hit,Left,794.4545,825.1397,49.69258,SportCar5-Detailed
1742767054809,38.4152,1648,Eye Hit,Right,793.4548,825.1397,49.69258,SportCar5-Detailed
1742767054809,38.4152,1648,Eye Hit,Center,793.9547,825.1397,49.69259,SportCar5-Detailed
1742767054840,38.44642,1649,Eye Hit,Left,828.9296,830.1584,49.38374,SportCar5-Detailed
1742767054840,38.44642,1649,Eye Hit,Right,827.9235,830.1584,49.38374,SportCar5-Detailed
1742767054840,38.44642,1649,Eye Hit,Center,828.4266,830.1584,49.38372,SportCar5-Detailed
1742767054876,38.47646,1650,Eye Hit,Left,880.9786,841.0796,48.69623,SportCar5-Detailed
1742767054876,38.47646,1650,Eye Hit,Right,879.9583,841.0796,48.69623,SportCar5-Detailed
1742767054876,38.47646,1650,Eye Hit,Center,880.4684,841.0796,48.69623,SportCar5-Detailed
1742767054910,38.51295,1651,Eye Hit,Left,941.2433,839.1336,47.68931,SportCar5-Detailed
1742767054910,38.51295,1651,Eye Hit,Right,940.2015,839.1336,47.68932,SportCar5-Detailed
1742767054910,38.51295,1651,Eye Hit,Center,940.7225,839.1336,47.68932,SportCar5-Detailed
1742767054948,38.5466,1652,Eye Hit,Left,1027.207,848.08,45.85064,SportCar5-Detailed
1742767054948,38.5466,1652,Eye Hit,Right,1026.124,848.08,45.85064,SportCar5-Detailed
1742767054948,38.5466,1652,Eye Hit,Center,1026.666,848.08,45.85062,SportCar5-Detailed
1742767054981,38.58447,1653,Eye Hit,Left,897.7918,845.0344,48.41413,SportCar5-Detailed
1742767054981,38.58447,1653,Eye Hit,Right,896.7656,845.0344,48.41412,SportCar5-Detailed
1742767054981,38.58447,1653,Eye Hit,Center,897.2787,845.0344,48.41412,SportCar5-Detailed
1742767055022,38.61718,1654,Eye Hit,Left,963.4319,851.7182,47.21452,SportCar5-Detailed
1742767055022,38.61718,1654,Eye Hit,Right,962.3797,851.7182,47.21452,SportCar5-Detailed
1742767055023,38.61718,1654,Eye Hit,Center,962.9058,851.7182,47.21453,SportCar5-Detailed
1742767055063,38.65949,1655,,Left,679.0754,852.4393,49.7461,
1742767055063,38.65949,1655,,Right,678.0766,852.4393,49.74609,
1742767055063,38.65949,1655,,Center,678.576,852.4393,49.74609,
1742767055107,38.69957,1656,,Left,625.8235,833.5645,49.48866,
1742767055107,38.69957,1656,,Right,624.8195,833.5645,49.48866,
1742767055107,38.69957,1656,,Center,625.3215,833.5645,49.48866,
1742767055146,38.74334,1657,,Left,614.3363,819.3425,49.42173,
1742767055146,38.74334,1657,,Right,613.331,819.3425,49.42173,
1742767055146,38.74334,1657,,Center,613.8336,819.3425,49.42173,
1742767055189,38.78231,1658,,Left,606.4548,817.8549,49.33877,
1742767055189,38.78231,1658,,Right,605.4478,817.8549,49.33877,
1742767055189,38.78231,1658,,Center,605.9513,817.8549,49.33877,
1742767055230,38.82547,1659,,Left,620.3058,808.371,49.48999,
1742767055230,38.82547,1659,,Right,619.3018,808.371,49.49,
1742767055230,38.82547,1659,,Center,619.8038,808.371,49.49,
1742767055274,38.86571,1660,,Left,634.1084,804.414,49.61438,
1742767055274,38.86571,1660,,Right,633.107,804.414,49.61438,
1742767055274,38.86571,1660,,Center,633.6077,804.414,49.61438,
1742767055315,38.90985,1661,,Left,657.0623,801.0361,49.77895,
1742767055315,38.90985,1661,,Right,656.0642,801.0361,49.77895,
1742767055315,38.90985,1661,,Center,656.5632,801.0361,49.77893,
1742767055358,38.95152,1662,,Left,663.9457,800.5384,49.81394,
1742767055358,38.95152,1662,,Right,662.9483,800.5384,49.81395,
1742767055358,38.95152,1662,,Center,663.447,800.5384,49.81394,
1742767055397,38.99389,1663,,Left,671.0975,809.4354,49.83529,
1742767055397,38.99389,1663,,Right,670.1005,809.4354,49.83528,
1742767055397,38.99389,1663,,Center,670.599,809.4354,49.83528,
1742767055436,39.03299,1664,,Left,689.3965,806.7493,49.90463,
1742767055436,39.03299,1664,,Right,688.4009,806.7493,49.90463,
1742767055436,39.03299,1664,,Center,688.8987,806.7493,49.90463,
1742767055466,39.07247,1665,,Left,691.2024,805.3385,49.90929,
1742767055466,39.07247,1665,,Right,690.2069,805.3385,49.90929,
1742767055466,39.07247,1665,,Center,690.7047,805.3385,49.90929,
1742767055491,39.10191,1666,,Left,686.5961,807.337,49.89003,
1742767055491,39.10191,1666,,Right,685.6003,807.337,49.89003,
1742767055491,39.10191,1666,,Center,686.0981,807.337,49.89003,
1742767055519,39.12742,1667,Eye Hit,Left,731.5151,743.1953,49.83357,SouthSidewalk
1742767055519,39.12742,1667,Eye Hit,Right,730.5181,743.1953,49.83357,SouthSidewalk
1742767055519,39.12742,1667,Eye Hit,Center,731.0166,743.1953,49.83357,SouthSidewalk
1742767055547,39.15575,1668,Eye Hit,Left,764.5166,676.3991,49.22317,SouthSidewalk
1742767055547,39.15575,1668,Eye Hit,Right,763.5072,676.3991,49.22317,SouthSidewalk
1742767055547,39.15575,1668,Eye Hit,Center,764.0119,676.3991,49.22316,SouthSidewalk
1742767055576,39.18379,1669,Eye Hit,Left,789.5426,606.4624,48.14204,RoadCrosswalk
1742767055576,39.18379,1669,Eye Hit,Right,788.5106,606.4624,48.14204,RoadCrosswalk
1742767055576,39.18379,1669,Eye Hit,Center,789.0266,606.4624,48.14204,RoadCrosswalk
1742767055606,39.21252,1670,Eye Hit,Left,782.4706,600.751,48.07709,RoadCrosswalk
1742767055606,39.21252,1670,Eye Hit,Right,781.4372,600.7509,48.07709,RoadCrosswalk
1742767055606,39.21252,1670,Eye Hit,Center,781.9539,600.7509,48.07709,RoadCrosswalk
1742767055633,39.24201,1671,Eye Hit,Left,797.8838,548.6563,47.02838,RoadCrosswalk
1742767055634,39.24201,1671,Eye Hit,Right,796.8274,548.6563,47.02838,RoadCrosswalk
1742767055634,39.24201,1671,Eye Hit,Center,797.3556,548.6563,47.02838,RoadCrosswalk
1742767055662,39.26942,1672,Eye Hit,Left,805.9919,457.9672,44.97753,RoadCrosswalk
1742767055662,39.26942,1672,Eye Hit,Right,804.8872,457.9672,44.97753,RoadCrosswalk
1742767055662,39.26942,1672,Eye Hit,Center,805.4396,457.9672,44.97753,RoadCrosswalk
1742767055693,39.29824,1673,Eye Hit,Left,805.9008,446.4519,44.69506,RoadCrosswalk
1742767055693,39.29824,1673,Eye Hit,Right,804.7892,446.4519,44.69506,RoadCrosswalk
1742767055693,39.29824,1673,Eye Hit,Center,805.345,446.4519,44.69506,RoadCrosswalk
1742767055718,39.32933,1674,Eye Hit,Left,786.1563,406.223,43.79089,RoadCrosswalk
1742767055718,39.32933,1674,Eye Hit,Right,785.0217,406.2231,43.79089,RoadCrosswalk
1742767055718,39.32933,1674,Eye Hit,Center,785.5889,406.223,43.79089,RoadCrosswalk
1742767055746,39.35457,1675,Eye Hit,Left,789.7907,399.8328,43.60804,RoadCrosswalk
1742767055746,39.35457,1675,Eye Hit,Right,788.6513,399.8328,43.60804,RoadCrosswalk
1742767055746,39.35457,1675,Eye Hit,Center,789.2211,399.8328,43.60804,RoadCrosswalk
1742767055773,39.38215,1676,Eye Hit,Left,793.6801,410.8997,43.86937,RoadCrosswalk
1742767055773,39.38215,1676,Eye Hit,Right,792.5475,410.8997,43.86936,RoadCrosswalk
1742767055773,39.38215,1676,Eye Hit,Center,793.1138,410.8997,43.86936,RoadCrosswalk
1742767055802,39.40981,1677,Eye Hit,Left,790.235,408.3731,43.80539,RoadCrosswalk
1742767055802,39.40981,1677,Eye Hit,Right,789.1008,408.3731,43.80539,RoadCrosswalk
1742767055802,39.40981,1677,Eye Hit,Center,789.6679,408.3732,43.80538,RoadCrosswalk
1742767055830,39.43807,1678,Eye Hit,Left,783.8365,389.5496,43.35458,RoadCrosswalk
1742767055830,39.43807,1678,Eye Hit,Right,782.6906,389.5496,43.35458,RoadCrosswalk
1742767055830,39.43807,1678,Eye Hit,Center,783.2635,389.5496,43.35458,RoadCrosswalk
1742767055858,39.46587,1679,Eye Hit,Left,766.7544,398.6648,43.6535,RoadCrosswalk
1742767055858,39.46587,1679,Eye Hit,Right,765.6161,398.6648,43.65349,RoadCrosswalk
1742767055858,39.46587,1679,Eye Hit,Center,766.1853,398.6648,43.65349,RoadCrosswalk
1742767055887,39.49424,1680,Eye Hit,Left,763.4566,452.9227,45.02898,RoadCrosswalk
1742767055887,39.49424,1680,Eye Hit,Right,762.3532,452.9227,45.02898,RoadCrosswalk
1742767055887,39.49424,1680,Eye Hit,Center,762.905,452.9227,45.02898,RoadCrosswalk
1742767055915,39.5236,1681,Eye Hit,Left,792.332,462.321,45.1449,RoadCrosswalk
1742767055915,39.5236,1681,Eye Hit,Right,791.2315,462.321,45.1449,RoadCrosswalk
1742767055915,39.5236,1681,Eye Hit,Center,791.7817,462.321,45.14489,RoadCrosswalk
1742767055946,39.55068,1682,Eye Hit,Left,806.283,475.6897,45.38623,RoadCrosswalk
1742767055946,39.55068,1682,Eye Hit,Right,805.1882,475.6897,45.38623,RoadCrosswalk
1742767055946,39.55068,1682,Eye Hit,Center,805.7356,475.6897,45.38623,RoadCrosswalk
1742767055983,39.58221,1683,Eye Hit,Left,811.467,467.6739,45.14784,RoadCrosswalk
1742767055983,39.58221,1683,Eye Hit,Right,810.3666,467.6739,45.14784,RoadCrosswalk
1742767055983,39.58221,1683,Eye Hit,Center,810.9169,467.6739,45.14784,RoadCrosswalk
1742767056013,39.61928,1684,Eye Hit,Left,797.1283,645.2751,48.63373,SouthSidewalk
1742767056013,39.61928,1684,Eye Hit,Right,796.1067,645.2751,48.63373,SouthSidewalk
1742767056013,39.61928,1684,Eye Hit,Center,796.6174,645.2751,48.63373,SouthSidewalk
1742767056051,39.65118,1685,Eye Hit,Left,795.8705,635.6821,48.48669,SouthSidewalk
1742767056051,39.65118,1685,Eye Hit,Right,794.8458,635.6821,48.48669,SouthSidewalk
1742767056052,39.65118,1685,Eye Hit,Center,795.3582,635.6821,48.48669,SouthSidewalk
1742767056081,39.68877,1686,,Left,730.7606,727.5687,49.70452,
1742767056081,39.68877,1686,,Right,729.761,727.5687,49.70452,
1742767056081,39.68877,1686,,Center,730.2608,727.5687,49.70453,
1742767056122,39.71783,1687,,Left,715.5867,729.1639,49.69116,
1742767056122,39.71783,1687,,Right,714.5869,729.164,49.69115,
1742767056122,39.71783,1687,,Center,715.0868,729.164,49.69115,
1742767056151,39.75864,1688,,Left,693.8321,736.4203,49.72347,
1742767056151,39.75864,1688,,Right,692.8329,736.4203,49.72348,
1742767056151,39.75864,1688,,Center,693.3325,736.4203,49.72348,
1742767056191,39.7878,1689,,Left,692.6896,739.92,49.73118,
1742767056191,39.7878,1689,,Right,691.6906,739.92,49.73118,
1742767056191,39.7878,1689,,Center,692.1901,739.92,49.73118,
1742767056222,39.82732,1690,,Left,696.2261,737.8654,49.7317,
1742767056222,39.82732,1690,,Right,695.2271,737.8654,49.7317,
1742767056222,39.82732,1690,,Center,695.7266,737.8654,49.7317,
1742767056264,39.85846,1691,,Left,709.2021,730.3864,49.70333,
1742767056264,39.85846,1691,,Right,708.2025,730.3864,49.70333,
1742767056264,39.85846,1691,,Center,708.7022,730.3864,49.70333,
1742767056304,39.89968,1692,,Left,712.2631,732.3848,49.70821,
1742767056304,39.89968,1692,,Right,711.2635,732.3848,49.70821,
1742767056304,39.89968,1692,,Center,711.7633,732.3848,49.70821,
1742767056346,39.94007,1693,,Left,720.3118,736.8109,49.72594,
1742767056347,39.94007,1693,,Right,719.3127,736.8109,49.72594,
1742767056347,39.94007,1693,,Center,719.8123,736.8109,49.72594,
1742767056387,39.98258,1694,,Left,716.5793,740.5046,49.73399,
1742767056387,39.98258,1694,,Right,715.5803,740.5046,49.734,
1742767056388,39.98258,1694,,Center,716.0798,740.5046,49.734,
1742767056429,40.02423,1695,,Left,565.2563,900.212,48.22631,
1742767056429,40.02423,1695,,Right,564.2261,900.212,48.22631,
1742767056429,40.02423,1695,,Center,564.7412,900.212,48.22631,
1742767056471,40.0651,1696,,Left,558.9947,959.7705,47.42968,
1742767056471,40.0651,1696,,Right,557.9472,959.7705,47.42968,
1742767056471,40.0651,1696,,Center,558.4709,959.7705,47.42968,
1742767056512,40.10709,1697,,Left,558.1666,964.2045,47.34707,
1742767056512,40.10709,1697,,Right,557.1172,964.2045,47.34708,
1742767056512,40.10709,1697,,Center,557.6419,964.2045,47.34708,
1742767056554,40.14737,1698,,Left,597.4234,958.5971,47.89198,
1742767056554,40.14737,1698,,Right,596.386,958.5971,47.89198,
1742767056554,40.14737,1698,,Center,596.9047,958.5971,47.89198,
1742767056601,40.19081,1699,,Left,595.173,868.1006,48.85619,
1742767056601,40.19081,1699,,Right,594.156,868.1006,48.85619,
1742767056601,40.19081,1699,,Center,594.6645,868.1006,48.85619,
1742767056639,40.23697,1700,,Left,626.5098,847.9891,49.2881,
1742767056639,40.23697,1700,,Right,625.5018,847.9891,49.2881,
1742767056639,40.23697,1700,,Center,626.0057,847.9891,49.2881,
1742767056677,40.27428,1701,,Left,683.3644,822.0042,49.73981,
1742767056677,40.27428,1701,,Right,682.3655,822.0042,49.73981,
1742767056677,40.27428,1701,,Center,682.8649,822.0042,49.73981,
1742767056707,40.31313,1702,,Left,690.167,820.8445,49.76967,
1742767056707,40.31313,1702,,Right,689.1687,820.8445,49.76967,
1742767056707,40.31313,1702,,Center,689.6678,820.8445,49.76966,
1742767056731,40.34249,1703,,Left,683.9525,812.7256,49.77428,
1742767056731,40.34249,1703,,Right,682.9543,812.7256,49.77428,
1742767056731,40.34249,1703,,Center,683.4534,812.7256,49.77428,
1742767056759,40.3671,1704,,Left,676.4767,808.5826,49.75791,
1742767056759,40.3671,1704,,Right,675.4781,808.5826,49.75791,
1742767056759,40.3671,1704,,Center,675.9774,808.5826,49.75791,
1742767056787,40.39529,1705,,Left,681.6052,808.0956,49.78418,
1742767056788,40.39529,1705,,Right,680.6072,808.0956,49.78418,
1742767056788,40.39529,1705,,Center,681.1063,808.0956,49.78418,
1742767056817,40.42388,1706,,Left,686.7993,808.501,49.80627,
1742767056817,40.42388,1706,,Right,685.8017,808.501,49.80627,
1742767056817,40.42388,1706,,Center,686.3005,808.501,49.80627,
1742767056847,40.4538,1707,,Left,688.0402,811.0856,49.80997,
1742767056847,40.4538,1707,,Right,687.0427,811.0856,49.80997,
1742767056847,40.4538,1707,,Center,687.5414,811.0856,49.80997,
1742767056874,40.48323,1708,,Left,691.8973,799.8008,49.84037,
1742767056874,40.48323,1708,,Right,690.9004,799.8008,49.84037,
1742767056874,40.48323,1708,,Center,691.3989,799.8008,49.84036,
1742767056907,40.51078,1709,,Left,699.4043,802.6226,49.82825,
1742767056907,40.51078,1709,,Right,698.4072,802.6226,49.82825,
1742767056907,40.51078,1709,,Center,698.9058,802.6226,49.82825,
1742767056943,40.5431,1710,,Left,709.228,793.4835,49.83833,
1742767056943,40.5431,1710,,Right,708.2311,793.4836,49.83833,
1742767056943,40.5431,1710,,Center,708.7295,793.4836,49.83833,
1742767056975,40.57921,1711,,Left,727.9019,785.4685,49.87543,
1742767056975,40.57921,1711,,Right,726.9057,785.4685,49.87543,
1742767056975,40.57921,1711,,Center,727.4037,785.4685,49.87543,
1742767057013,40.61146,1712,,Left,787.8704,782.6989,49.61283,
1742767057013,40.61146,1712,,Right,786.869,782.6989,49.61283,
1742767057013,40.61146,1712,,Center,787.3697,782.6989,49.61284,
1742767057047,40.64883,1713,,Left,668.8849,852.4247,49.57171,
1742767057047,40.64883,1713,,Right,667.8827,852.4247,49.57171,
1742767057047,40.64883,1713,,Center,668.3839,852.4247,49.57171,
1742767057083,40.68321,1714,,Left,759.1322,855.6731,49.56554,
1742767057083,40.68321,1714,,Right,758.1299,855.6731,49.56554,
1742767057083,40.68321,1714,,Center,758.6311,855.6731,49.56555,
1742767057117,40.72022,1715,,Left,577.955,856.8546,48.7243,
1742767057117,40.72022,1715,,Right,576.9354,856.8546,48.72429,
1742767057117,40.72022,1715,,Center,577.4452,856.8546,48.7243,
1742767057155,40.7536,1716,,Left,665.8372,855.3038,49.49931,
1742767057155,40.7536,1716,,Right,664.8334,855.3038,49.49931,
1742767057155,40.7536,1716,,Center,665.3353,855.3038,49.49932,
1742767057195,40.79223,1717,Eye Hit,Left,558.4835,792.8601,48.63519,SE_Tree_10
1742767057195,40.79223,1717,Eye Hit,Right,557.4619,792.8601,48.63518,SE_Tree_10
1742767057195,40.79223,1717,Eye Hit,Center,557.9727,792.8601,48.63519,SE_Tree_10
1742767057234,40.83126,1718,Eye Hit,Left,517.6384,791.1996,47.97705,Sedan1-Detailed
1742767057234,40.83126,1718,Eye Hit,Right,516.6028,791.1996,47.97705,Sedan1-Detailed
1742767057234,40.83126,1718,Eye Hit,Center,517.1206,791.1996,47.97707,Sedan1-Detailed
1742767057277,40.87084,1719,Eye Hit,Left,479.7894,821.6379,47.23747,Sedan1-Detailed
1742767057277,40.87084,1719,Eye Hit,Right,478.7376,821.6379,47.23747,Sedan1-Detailed
1742767057277,40.87084,1719,Eye Hit,Center,479.2635,821.6379,47.23747,Sedan1-Detailed
1742767057316,40.91348,1720,Eye Hit,Left,445.2992,823.312,46.52296,Sedan1-Detailed
1742767057316,40.91348,1720,Eye Hit,Right,444.2313,823.312,46.52296,Sedan1-Detailed
1742767057316,40.91348,1720,Eye Hit,Center,444.7652,823.312,46.52295,Sedan1-Detailed
1742767057360,40.95328,1721,Eye Hit,Left,453.6194,802.2756,46.76273,Sedan1-Detailed
1742767057360,40.95328,1721,Eye Hit,Right,452.5569,802.2756,46.76274,Sedan1-Detailed
1742767057360,40.95328,1721,Eye Hit,Center,453.0882,802.2756,46.76274,Sedan1-Detailed
1742767057400,40.9967,1722,Eye Hit,Left,481.5629,802.2084,47.34067,Sedan1-Detailed
1742767057400,40.9967,1722,Eye Hit,Right,480.5134,802.2084,47.34067,Sedan1-Detailed
1742767057400,40.9967,1722,Eye Hit,Center,481.0381,802.2084,47.34067,Sedan1-Detailed
1742767057442,41.03648,1723,Eye Hit,Left,476.1463,802.6177,47.23441,Sedan1-Detailed
1742767057442,41.03648,1723,Eye Hit,Right,475.0945,802.6177,47.23441,Sedan1-Detailed
1742767057442,41.03648,1723,Eye Hit,Center,475.6204,802.6177,47.23441,Sedan1-Detailed
1742767057483,41.0788,1724,Eye Hit,Left,492.8284,793.2049,47.56863,Sedan1-Detailed
1742767057483,41.0788,1724,Eye Hit,Right,491.7839,793.2049,47.56863,Sedan1-Detailed
1742767057483,41.0788,1724,Eye Hit,Center,492.3061,793.2049,47.56863,Sedan1-Detailed
1742767057526,41.12034,1725,Eye Hit,Left,506.3706,790.1529,47.83741,Sedan1-Detailed
1742767057526,41.12034,1725,Eye Hit,Right,505.332,790.1529,47.8374,Sedan1-Detailed
1742767057526,41.12034,1725,Eye Hit,Center,505.8512,790.1529,47.8374,Sedan1-Detailed
1742767057568,41.16246,1726,Eye Hit,Left,511.632,794.3098,47.93486,Sedan1-Detailed
1742767057568,41.16246,1726,Eye Hit,Right,510.5955,794.3098,47.93486,Sedan1-Detailed
1742767057568,41.16246,1726,Eye Hit,Center,511.1139,794.3098,47.93487,Sedan1-Detailed
1742767057613,41.20422,1727,Eye Hit,Left,515.3543,783.8076,48.0009,Sedan1-Detailed
1742767057613,41.20422,1727,Eye Hit,Right,514.3192,783.8076,48.0009,Sedan1-Detailed
1742767057613,41.20422,1727,Eye Hit,Center,514.8367,783.8076,48.0009,Sedan1-Detailed
1742767057650,41.25016,1728,Eye Hit,Left,514.5096,784.8125,47.9912,Sedan1-Detailed
1742767057650,41.25016,1728,Eye Hit,Right,513.4743,784.8125,47.9912,Sedan1-Detailed
1742767057650,41.25016,1728,Eye Hit,Center,513.9918,784.8125,47.99119,Sedan1-Detailed
1742767057690,41.28691,1729,Eye Hit,Left,521.1138,791.4915,48.12443,Sedan1-Detailed
1742767057690,41.28691,1729,Eye Hit,Right,520.0814,791.4915,48.12444,Sedan1-Detailed
1742767057690,41.28691,1729,Eye Hit,Center,520.5975,791.4915,48.12443,Sedan1-Detailed
1742767057732,41.32668,1730,Eye Hit,Left,527.095,787.7814,48.23225,Sedan1-Detailed
1742767057732,41.32668,1730,Eye Hit,Right,526.0649,787.7814,48.23226,Sedan1-Detailed
1742767057732,41.32668,1730,Eye Hit,Center,526.58,787.7814,48.23226,Sedan1-Detailed
1742767057775,41.368,1731,Eye Hit,Left,518.0578,779.1327,48.07639,Sedan1-Detailed
1742767057775,41.368,1731,Eye Hit,Right,517.0244,779.1327,48.07639,Sedan1-Detailed
1742767057775,41.368,1731,Eye Hit,Center,517.5411,779.1327,48.07639,Sedan1-Detailed
1742767057814,41.41121,1732,Eye Hit,Left,500.8912,785.0548,47.77533,Sedan1-Detailed
1742767057814,41.41121,1732,Eye Hit,Right,499.8513,785.0548,47.77533,Sedan1-Detailed
1742767057814,41.41121,1732,Eye Hit,Center,500.3713,785.0548,47.77533,Sedan1-Detailed
1742767057844,41.45064,1733,Eye Hit,Left,481.3713,790.743,47.403,Sedan1-Detailed
1742767057844,41.45064,1733,Eye Hit,Right,480.3232,790.743,47.403,Sedan1-Detailed
1742767057844,41.45064,1733,Eye Hit,Center,480.8473,790.743,47.403,Sedan1-Detailed
1742767057881,41.48092,1734,Eye Hit,Left,468.9211,788.2166,47.1488,Sedan1-Detailed
1742767057881,41.48092,1734,Eye Hit,Right,467.8674,788.2166,47.1488,Sedan1-Detailed
1742767057881,41.48092,1734,Eye Hit,Center,468.3943,788.2166,47.1488,Sedan1-Detailed
1742767057914,41.5178,1735,Eye Hit,Left,475.9123,790.7498,47.2892,Sedan1-Detailed
1742767057914,41.5178,1735,Eye Hit,Right,474.8616,790.7498,47.28919,Sedan1-Detailed
1742767057914,41.5178,1735,Eye Hit,Center,475.387,790.7498,47.2892,Sedan1-Detailed
1742767057940,41.55032,1736,Eye Hit,Left,547.9416,733.1255,48.41781,Sedan1-Detailed
1742767057940,41.55032,1736,Eye Hit,Right,546.9155,733.1255,48.41781,Sedan1-Detailed
1742767057940,41.55032,1736,Eye Hit,Center,547.4285,733.1255,48.41781,Sedan1-Detailed
1742767057967,41.57647,1737,Eye Hit,Left,540.5273,728.1698,48.26984,Sedan1-Detailed
1742767057967,41.57647,1737,Eye Hit,Right,539.498,728.1698,48.26984,Sedan1-Detailed
1742767057967,41.57647,1737,Eye Hit,Center,540.0126,728.1698,48.26984,Sedan1-Detailed
1742767057996,41.60374,1738,Eye Hit,Left,634.6069,596.3609,47.85665,RoadEast
1742767057996,41.60374,1738,Eye Hit,Right,633.5687,596.3609,47.85666,RoadEast
1742767057996,41.60374,1738,Eye Hit,Center,634.0878,596.3609,47.85665,RoadEast
1742767058027,41.63235,1739,Eye Hit,Left,683.3571,492.5906,46.01543,RoadEast
1742767058027,41.63235,1739,Eye Hit,Right,682.2774,492.5906,46.01542,RoadEast
1742767058027,41.63235,1739,Eye Hit,Center,682.8174,492.5905,46.01543,RoadEast
1742767058052,41.66379,1740,Eye Hit,Left,761.5524,402.2953,43.7932,RoadCrosswalk
1742767058052,41.66379,1740,Eye Hit,Right,760.4178,402.2953,43.7932,RoadCrosswalk
1742767058052,41.66379,1740,Eye Hit,Center,760.9849,402.2954,43.79319,RoadCrosswalk
1742767058079,41.68943,1741,Eye Hit,Left,832.9393,394.9292,43.24518,RoadCrosswalk
1742767058079,41.68943,1741,Eye Hit,Right,831.7903,394.9292,43.24518,RoadCrosswalk
1742767058079,41.68943,1741,Eye Hit,Center,832.3648,394.9292,43.24517,RoadCrosswalk
1742767058107,41.71574,1742,Eye Hit,Left,868.6661,393.9881,42.92683,RoadCrosswalk
1742767058107,41.71574,1742,Eye Hit,Right,867.5087,393.9881,42.92683,RoadCrosswalk
1742767058107,41.71574,1742,Eye Hit,Center,868.0874,393.9881,42.92683,RoadCrosswalk
1742767058137,41.74421,1743,Eye Hit,Left,862.3563,400.2018,43.12406,RoadCrosswalk
1742767058137,41.74421,1743,Eye Hit,Right,861.2042,400.2018,43.12406,RoadCrosswalk
1742767058137,41.74421,1743,Eye Hit,Center,861.7803,400.2018,43.12406,RoadCrosswalk
1742767058164,41.77382,1744,Eye Hit,Left,865.3275,382.855,42.66757,RoadCrosswalk
1742767058164,41.77382,1744,Eye Hit,Right,864.163,382.855,42.66757,RoadCrosswalk
1742767058164,41.77382,1744,Eye Hit,Center,864.7452,382.855,42.66757,RoadCrosswalk
1742767058190,41.80038,1745,Eye Hit,Left,863.7928,372.2639,42.41586,RoadCrosswalk
1742767058190,41.80038,1745,Eye Hit,Right,862.6214,372.2639,42.41586,RoadCrosswalk
1742767058190,41.80038,1745,Eye Hit,Center,863.2072,372.2639,42.41586,RoadCrosswalk
1742767058219,41.82684,1746,Eye Hit,Left,834.0205,375.4017,42.72915,RoadCrosswalk
1742767058219,41.82684,1746,Eye Hit,Right,832.8577,375.4017,42.72915,RoadCrosswalk
1742767058219,41.82684,1746,Eye Hit,Center,833.4391,375.4017,42.72916,RoadCrosswalk
1742767058247,41.85626,1747,Eye Hit,Left,829.6606,377.5128,42.81348,RoadCrosswalk
1742767058247,41.85626,1747,Eye Hit,Right,828.5001,377.5128,42.81348,RoadCrosswalk
1742767058247,41.85626,1747,Eye Hit,Center,829.0804,377.5128,42.81348,RoadCrosswalk
1742767058274,41.88343,1748,Eye Hit,Left,810.3782,398.8047,43.47764,RoadCrosswalk
1742767058274,41.88343,1748,Eye Hit,Right,809.2354,398.8047,43.47764,RoadCrosswalk
1742767058274,41.88343,1748,Eye Hit,Center,809.8068,398.8047,43.47763,RoadCrosswalk
1742767058310,41.91124,1749,Eye Hit,Left,803.371,399.0019,43.50639,RoadCrosswalk
1742767058310,41.91124,1749,Eye Hit,Right,802.229,399.0019,43.50639,RoadCrosswalk
1742767058310,41.91124,1749,Eye Hit,Center,802.7999,399.0019,43.50639,RoadCrosswalk
1742767058345,41.94681,1750,Eye Hit,Left,755.6589,424.3418,44.33029,RoadCrosswalk
1742767058345,41.94681,1750,Eye Hit,Right,754.5381,424.3418,44.33029,RoadCrosswalk
1742767058345,41.94681,1750,Eye Hit,Center,755.0986,424.3417,44.3303,RoadCrosswalk
1742767058377,41.98179,1751,Eye Hit,Left,735.9275,547.8437,47.20712,RoadEast
1742767058377,41.98179,1751,Eye Hit,Right,734.875,547.8437,47.20712,RoadEast
1742767058377,41.98179,1751,Eye Hit,Center,735.4013,547.8437,47.20712,RoadEast
1742767058413,42.01438,1752,Eye Hit,Left,705.9476,544.9372,47.14275,RoadEast
1742767058413,42.01438,1752,Eye Hit,Right,704.8937,544.9371,47.14275,RoadEast
1742767058413,42.01438,1752,Eye Hit,Center,705.4205,544.9373,47.14275,RoadEast
1742767058445,42.04995,1753,Eye Hit,Left,692.876,582.1381,47.85564,RoadEast
1742767058445,42.04995,1753,Eye Hit,Right,691.8379,582.1381,47.85564,RoadEast
1742767058445,42.04995,1753,Eye Hit,Center,692.357,582.1381,47.85565,RoadEast
1742767058482,42.08214,1754,Eye Hit,Left,660.8502,573.2192,47.54591,RoadEast
1742767058482,42.08214,1754,Eye Hit,Right,659.8052,573.2192,47.54591,RoadEast
1742767058482,42.08214,1754,Eye Hit,Center,660.3277,573.2194,47.5459,RoadEast
1742767058511,42.11919,1755,Eye Hit,Left,636.5868,583.619,47.61117,RoadEast
1742767058511,42.11919,1755,Eye Hit,Right,635.5433,583.619,47.61117,RoadEast
1742767058511,42.11919,1755,Eye Hit,Center,636.065,583.619,47.61116,RoadEast
1742767058540,42.14827,1756,Eye Hit,Left,604.0253,587.5928,47.39079,RoadEast
1742767058540,42.14827,1756,Eye Hit,Right,602.9769,587.5928,47.39079,RoadEast
1742767058540,42.14827,1756,Eye Hit,Center,603.501,587.5929,47.39077,RoadEast
1742767058566,42.17662,1757,Eye Hit,Left,588.8723,611.5967,47.62547,RoadEast
1742767058566,42.17662,1757,Eye Hit,Right,587.829,611.5967,47.62547,RoadEast
1742767058566,42.17662,1757,Eye Hit,Center,588.3506,611.5969,47.62546,RoadEast
1742767058594,42.2033,1758,Eye Hit,Left,681.4506,632.3702,48.61882,SouthSidewalk
1742767058594,42.2033,1758,Eye Hit,Right,680.4288,632.3702,48.61882,SouthSidewalk
1742767058594,42.2033,1758,Eye Hit,Center,680.9397,632.3702,48.61882,SouthSidewalk
1742767058624,42.23026,1759,Eye Hit,Left,762.865,637.1164,48.6712,SouthSidewalk
1742767058624,42.23026,1759,Eye Hit,Right,761.8441,637.1164,48.6712,SouthSidewalk
1742767058624,42.23026,1759,Eye Hit,Center,762.3546,637.1164,48.6712,SouthSidewalk
1742767058656,42.26047,1760,Eye Hit,Left,792.1542,672.4803,48.96235,SouthSidewalk
1742767058656,42.26047,1760,Eye Hit,Right,791.1395,672.4803,48.96235,SouthSidewalk
1742767058656,42.26047,1760,Eye Hit,Center,791.6469,672.4803,48.96234,SouthSidewalk
1742767058681,42.29263,1761,Eye Hit,Left,783.4342,689.758,49.19777,SouthSidewalk
1742767058681,42.29263,1761,Eye Hit,Right,782.4243,689.758,49.19777,SouthSidewalk
1742767058681,42.29263,1761,Eye Hit,Center,782.9293,689.758,49.19777,SouthSidewalk
1742767058710,42.31715,1762,Eye Hit,Left,724.2535,691.8723,49.40984,SouthSidewalk
1742767058710,42.31715,1762,Eye Hit,Right,723.248,691.8723,49.40985,SouthSidewalk
1742767058710,42.31715,1762,Eye Hit,Center,723.7507,691.8723,49.40984,SouthSidewalk
1742767058738,42.34624,1763,Eye Hit,Left,662.5241,689.4393,49.2063,SouthSidewalk
1742767058738,42.34624,1763,Eye Hit,Right,661.5143,689.4393,49.2063,SouthSidewalk
1742767058738,42.34624,1763,Eye Hit,Center,662.0192,689.4393,49.2063,SouthSidewalk
1742767058767,42.37365,1764,Eye Hit,Left,622.843,689.3965,48.92298,SouthSidewalk
1742767058767,42.37365,1764,Eye Hit,Right,621.8275,689.3965,48.92298,SouthSidewalk
1742767058767,42.37365,1764,Eye Hit,Center,622.3352,689.3965,48.92298,SouthSidewalk
1742767058795,42.40281,1765,Eye Hit,Left,543.9761,679.3527,47.87072,SouthSidewalk
1742767058795,42.40281,1765,Eye Hit,Right,542.9382,679.3527,47.87072,SouthSidewalk
1742767058795,42.40281,1765,Eye Hit,Center,543.4572,679.3527,47.87072,SouthSidewalk
1742767058829,42.43077,1766,Eye Hit,Left,553.7491,683.0662,48.05249,SouthSidewalk
1742767058829,42.43077,1766,Eye Hit,Right,552.7151,683.0662,48.0525,SouthSidewalk
1742767058829,42.43077,1766,Eye Hit,Center,553.2321,683.0662,48.0525,SouthSidewalk
1742767058865,42.46493,1767,,Left,548.2024,699.8843,48.10646,
1742767058865,42.46493,1767,,Right,547.1697,699.8843,48.10646,
1742767058865,42.46493,1767,,Center,547.686,699.8844,48.10646,
1742767058897,42.50134,1768,,Left,677.7915,718.0628,49.51375,
1742767058897,42.50134,1768,,Right,676.7881,718.0628,49.51375,
1742767058897,42.50134,1768,,Center,677.2898,718.0628,49.51375,
1742767058925,42.53322,1769,,Left,772.9146,761.3383,49.69037,
1742767058925,42.53322,1769,,Right,771.9147,761.3383,49.69037,
1742767058925,42.53322,1769,,Center,772.4146,761.3383,49.69037,
1742767058963,42.56124,1770,,Left,824.0976,758.2974,49.29195,
1742767058963,42.56124,1770,,Right,823.0897,758.2974,49.29194,
1742767058963,42.56124,1770,,Center,823.5937,758.2974,49.29194,
1742767058996,42.59891,1771,,Left,892.778,751.8839,48.40797,
1742767058996,42.59891,1771,,Right,891.7516,751.8839,48.40797,
1742767058996,42.59891,1771,,Center,892.2648,751.8839,48.40797,
1742767059039,42.63166,1772,,Left,911.6725,753.1562,48.09982,
1742767059039,42.63166,1772,,Right,910.6395,753.1562,48.09982,
1742767059039,42.63166,1772,,Center,911.1559,753.1562,48.09982,
1742767059078,42.67526,1773,,Left,874.7293,765.6331,48.69516,
1742767059078,42.67526,1773,,Right,873.709,765.6331,48.69516,
1742767059078,42.67526,1773,,Center,874.2192,765.6331,48.69516,
1742767059117,42.71432,1774,,Left,834.5308,777.8276,49.20551,
1742767059117,42.71432,1774,,Right,833.5211,777.8276,49.20551,
1742767059117,42.71432,1774,,Center,834.0259,777.8276,49.2055,
1742767059157,42.75221,1775,,Left,762.6571,793.2513,49.74132,
1742767059157,42.75221,1775,,Right,761.6583,793.2513,49.74132,
1742767059157,42.75221,1775,,Center,762.1577,793.2513,49.74132,
1742767059202,42.79321,1776,,Left,732.8052,783.3732,49.84849,
1742767059202,42.79321,1776,,Right,731.8084,783.3732,49.8485,
1742767059202,42.79321,1776,,Center,732.3068,783.3732,49.84848,
1742767059243,42.83855,1777,,Left,723.4276,770.109,49.83377,
1742767059244,42.83855,1777,,Right,722.4305,770.109,49.83377,
1742767059244,42.83855,1777,,Center,722.9291,770.109,49.83377,
1742767059280,42.88029,1778,,Left,802.1712,785.9193,49.5394,
1742767059280,42.88029,1778,,Right,801.1683,785.9193,49.53941,
1742767059280,42.88029,1778,,Center,801.6698,785.9193,49.53941,
1742767059321,42.91671,1779,Eye Hit,Left,926.4369,777.9487,47.92215,SportCar5-Detailed
1742767059321,42.91671,1779,Eye Hit,Right,925.4001,777.9487,47.92215,SportCar5-Detailed
1742767059321,42.91671,1779,Eye Hit,Center,925.9185,777.9487,47.92215,SportCar5-Detailed
1742767059362,42.95797,1780,Eye Hit,Left,985.9664,746.0214,46.70626,SportCar5-Detailed
1742767059362,42.95797,1780,Eye Hit,Right,984.9027,746.0214,46.70626,SportCar5-Detailed
1742767059362,42.95797,1780,Eye Hit,Center,985.4347,746.0214,46.70624,SportCar5-Detailed
1742767059403,42.99845,1781,Eye Hit,Left,957.621,748.4432,47.29335,SportCar5-Detailed
1742767059403,42.99845,1781,Eye Hit,Right,956.5705,748.4432,47.29336,SportCar5-Detailed
1742767059404,42.99845,1781,Eye Hit,Center,957.0958,748.4432,47.29336,SportCar5-Detailed
1742767059445,43.04026,1782,Eye Hit,Left,931.7211,756.3898,47.80816,SportCar5-Detailed
1742767059445,43.04026,1782,Eye Hit,Right,930.6818,756.3898,47.80816,SportCar5-Detailed
1742767059445,43.04026,1782,Eye Hit,Center,931.2014,756.3898,47.80816,SportCar5-Detailed
1742767059486,43.08143,1783,Eye Hit,Left,893.946,758.3962,48.44631,SportCar5-Detailed
1742767059486,43.08143,1783,Eye Hit,Right,892.9205,758.3962,48.44631,SportCar5-Detailed
1742767059486,43.08143,1783,Eye Hit,Center,893.4333,758.3962,48.44631,SportCar5-Detailed
1742767059533,43.12396,1784,Eye Hit,Left,879.624,758.3243,48.67572,SportCar5-Detailed
1742767059533,43.12396,1784,Eye Hit,Right,878.6033,758.3243,48.67571,SportCar5-Detailed
1742767059533,43.12396,1784,Eye Hit,Center,879.1137,758.3243,48.67571,SportCar5-Detailed
1742767059570,43.16945,1785,Eye Hit,Left,880.872,764.7374,48.67612,SportCar5-Detailed
1742767059570,43.16945,1785,Eye Hit,Right,879.8513,764.7374,48.67612,SportCar5-Detailed
1742767059570,43.16945,1785,Eye Hit,Center,880.3616,764.7374,48.67613,SportCar5-Detailed
1742767059609,43.20736,1786,Eye Hit,Left,902.7137,791.5626,48.3796,SportCar5-Detailed
1742767059609,43.20736,1786,Eye Hit,Right,901.6868,791.5626,48.37961,SportCar5-Detailed
1742767059609,43.20736,1786,Eye Hit,Center,902.2002,791.5626,48.3796,SportCar5-Detailed
1742767059651,43.24583,1787,Eye Hit,Left,910.6813,794.6688,48.25282,SportCar5-Detailed
1742767059651,43.24583,1787,Eye Hit,Right,909.6516,794.6688,48.25282,SportCar5-Detailed
1742767059651,43.24583,1787,Eye Hit,Center,910.1664,794.6688,48.25282,SportCar5-Detailed
1742767059693,43.28867,1788,Eye Hit,Left,912.4672,803.1264,48.23309,SportCar5-Detailed
1742767059693,43.28867,1788,Eye Hit,Right,911.4371,803.1264,48.23309,SportCar5-Detailed
1742767059693,43.28867,1788,Eye Hit,Center,911.9522,803.1264,48.2331,SportCar5-Detailed
1742767059736,43.33064,1789,Eye Hit,Left,885.9191,802.2192,48.65574,SportCar5-Detailed
1742767059736,43.33064,1789,Eye Hit,Right,884.898,802.2192,48.65574,SportCar5-Detailed
1742767059736,43.33064,1789,Eye Hit,Center,885.4085,802.2192,48.65574,SportCar5-Detailed
1742767059779,43.37368,1790,Eye Hit,Left,864.7322,799.0515,48.95522,SportCar5-Detailed
1742767059779,43.37368,1790,Eye Hit,Right,863.7173,799.0515,48.95522,SportCar5-Detailed
1742767059779,43.37368,1790,Eye Hit,Center,864.2247,799.0515,48.95522,SportCar5-Detailed
1742767059818,43.4161,1791,Eye Hit,Left,866.939,794.8486,48.9276,SportCar5-Detailed
1742767059818,43.4161,1791,Eye Hit,Right,865.9236,794.8486,48.9276,SportCar5-Detailed
1742767059818,43.4161,1791,Eye Hit,Center,866.4315,794.8486,48.92759,SportCar5-Detailed
1742767059862,43.45617,1792,Eye Hit,Left,873.9686,796.8172,48.83649,SportCar5-Detailed
1742767059862,43.45617,1792,Eye Hit,Right,872.9512,796.8172,48.8365,SportCar5-Detailed
1742767059862,43.45617,1792,Eye Hit,Center,873.4598,796.8172,48.83651,SportCar5-Detailed
1742767059905,43.49898,1793,Eye Hit,Left,853.0556,799.4869,49.10449,SportCar5-Detailed
1742767059905,43.49898,1793,Eye Hit,Right,852.0438,799.4869,49.10449,SportCar5-Detailed
1742767059905,43.49898,1793,Eye Hit,Center,852.5497,799.4869,49.1045,SportCar5-Detailed
1742767059944,43.54269,1794,Eye Hit,Left,847.722,790.0052,49.16771,SportCar5-Detailed
1742767059944,43.54269,1794,Eye Hit,Right,846.7116,790.0052,49.16771,SportCar5-Detailed
1742767059944,43.54269,1794,Eye Hit,Center,847.2169,790.0052,49.16771,SportCar5-Detailed
1742767059982,43.58051,1795,Eye Hit,Left,849.4375,781.9385,49.1385,SportCar5-Detailed
1742767059983,43.58051,1795,Eye Hit,Right,848.4264,781.9385,49.1385,SportCar5-Detailed
1742767059983,43.58051,1795,Eye Hit,Center,848.9319,781.9385,49.1385,SportCar5-Detailed
1742767060027,43.61932,1796,Eye Hit,Left,845.9279,785.7913,49.18809,SportCar5-Detailed
1742767060027,43.61932,1796,Eye Hit,Right,844.9177,785.7913,49.18808,SportCar5-Detailed
1742767060027,43.61932,1796,Eye Hit,Center,845.4227,785.7913,49.18808,SportCar5-Detailed
1742767060069,43.66422,1797,Eye Hit,Left,849.1257,789.4271,49.14821,SportCar5-Detailed
1742767060069,43.66422,1797,Eye Hit,Right,848.1148,789.4271,49.14821,SportCar5-Detailed
1742767060069,43.66422,1797,Eye Hit,Center,848.6202,789.4271,49.14822,SportCar5-Detailed
1742767060111,43.70594,1798,Eye Hit,Left,843.1462,780.605,49.20737,SportCar5-Detailed
1742767060111,43.70594,1798,Eye Hit,Right,842.1365,780.605,49.20737,SportCar5-Detailed
1742767060111,43.70594,1798,Eye Hit,Center,842.6414,780.605,49.20737,SportCar5-Detailed
1742767060152,43.74826,1799,Eye Hit,Left,851.7482,777.7501,49.09782,SportCar5-Detailed
1742767060152,43.74826,1799,Eye Hit,Right,850.7363,777.7501,49.09783,SportCar5-Detailed
1742767060152,43.74826,1799,Eye Hit,Center,851.2422,777.7501,49.09782,SportCar5-Detailed
1742767060195,43.79026,1800,Eye Hit,Left,867.5121,774.885,48.89708,SportCar5-Detailed
1742767060195,43.79026,1800,Eye Hit,Right,866.496,774.885,48.89709,SportCar5-Detailed
1742767060195,43.79026,1800,Eye Hit,Center,867.0041,774.885,48.89708,SportCar5-Detailed
1742767060240,43.83164,1801,Eye Hit,Left,896.151,785.7878,48.48477,SportCar5-Detailed
1742767060241,43.83164,1801,Eye Hit,Right,895.1263,785.7878,48.48477,SportCar5-Detailed
1742767060241,43.83164,1801,Eye Hit,Center,895.6387,785.7878,48.48476,SportCar5-Detailed
1742767060278,43.87816,1802,Eye Hit,Left,926.9108,791.1579,47.96282,SportCar5-Detailed
1742767060278,43.87816,1802,Eye Hit,Right,925.8749,791.1579,47.96282,SportCar5-Detailed
1742767060278,43.87816,1802,Eye Hit,Center,926.3928,791.1579,47.96282,SportCar5-Detailed
1742767060319,43.91639,1803,Eye Hit,Left,957.6506,790.9171,47.37548,SportCar5-Detailed
1742767060319,43.91639,1803,Eye Hit,Right,956.6019,790.9171,47.37548,SportCar5-Detailed
1742767060319,43.91639,1803,Eye Hit,Center,957.1262,790.9171,47.37548,SportCar5-Detailed
1742767060359,43.95627,1804,Eye Hit,Left,806.098,719.7119,49.29044,SouthSidewalk
1742767060359,43.95627,1804,Eye Hit,Right,805.09,719.7119,49.29044,SouthSidewalk
1742767060359,43.95627,1804,Eye Hit,Center,805.594,719.7119,49.29044,SouthSidewalk
1742767060390,43.99579,1805,Eye Hit,Left,694.0876,682.6772,49.27294,SouthSidewalk
1742767060390,43.99579,1805,Eye Hit,Right,693.0793,682.6772,49.27294,SouthSidewalk
1742767060390,43.99579,1805,Eye Hit,Center,693.5835,682.6772,49.27294,SouthSidewalk
1742767060428,44.02707,1806,Eye Hit,Left,689.0096,680.5931,49.22538,SouthSidewalk
1742767060428,44.02707,1806,Eye Hit,Right,688.0004,680.5931,49.22538,SouthSidewalk
1742767060428,44.02707,1806,Eye Hit,Center,688.5049,680.5931,49.2254,SouthSidewalk
1742767060460,44.065,1807,Eye Hit,Left,645.8392,674.9648,48.95231,SouthSidewalk
1742767060460,44.065,1807,Eye Hit,Right,644.8242,674.9648,48.9523,SouthSidewalk
1742767060460,44.065,1807,Eye Hit,Center,645.3318,674.9648,48.9523,SouthSidewalk
1742767060500,44.09694,1808,Eye Hit,Left,628.1508,666.8815,48.71713,SouthSidewalk
1742767060500,44.09694,1808,Eye Hit,Right,627.131,666.8815,48.71714,SouthSidewalk
1742767060500,44.09694,1808,Eye Hit,Center,627.6409,666.8815,48.71713,SouthSidewalk
1742767060530,44.1363,1809,Eye Hit,Left,575.5871,654.8404,48.02237,SouthSidewalk
1742767060530,44.1363,1809,Eye Hit,Right,574.5526,654.8404,48.02237,SouthSidewalk
1742767060530,44.1363,1809,Eye Hit,Center,575.0698,654.8404,48.02237,SouthSidewalk
1742767060562,44.1667,1810,Eye Hit,Left,573.154,668.7866,48.15283,SouthSidewalk
1742767060562,44.1667,1810,Eye Hit,Right,572.1222,668.7866,48.15282,SouthSidewalk
1742767060562,44.1667,1810,Eye Hit,Center,572.6381,668.7866,48.15283,SouthSidewalk
1742767060598,44.19809,1811,Eye Hit,Left,571.6478,683.765,48.27542,SouthSidewalk
1742767060598,44.19809,1811,Eye Hit,Right,570.6185,683.765,48.27542,SouthSidewalk
1742767060598,44.19809,1811,Eye Hit,Center,571.1332,683.765,48.27542,SouthSidewalk
1742767060631,44.23353,1812,,Left,555.5563,695.4617,48.1622,
1742767060631,44.23353,1812,,Right,554.5247,695.4617,48.1622,
1742767060631,44.23353,1812,,Center,555.0405,695.4617,48.1622,
1742767060657,44.26694,1813,,Left,544.2675,693.9706,47.98563,
1742767060657,44.26694,1813,,Right,543.2321,693.9706,47.98564,
1742767060657,44.26694,1813,,Center,543.7498,693.9706,47.98563,
1742767060687,44.29301,1814,Eye Hit,Left,534.4155,691.5422,47.81569,SouthSidewalk
1742767060687,44.29301,1814,Eye Hit,Right,533.3765,691.5422,47.81569,SouthSidewalk
1742767060687,44.29301,1814,Eye Hit,Center,533.896,691.5422,47.81569,SouthSidewalk
1742767060717,44.32297,1815,Eye Hit,Left,517.38,688.726,47.51504,SouthSidewalk
1742767060717,44.32297,1815,Eye Hit,Right,516.3344,688.726,47.51504,SouthSidewalk
1742767060717,44.32297,1815,Eye Hit,Center,516.8572,688.726,47.51505,SouthSidewalk
1742767060752,44.35315,1816,Eye Hit,Left,525.9203,685.3275,47.63481,SouthSidewalk
1742767060752,44.35315,1816,Eye Hit,Right,524.8773,685.3275,47.63481,SouthSidewalk
1742767060752,44.35315,1816,Eye Hit,Center,525.3988,685.3275,47.63481,SouthSidewalk
1742767060788,44.38797,1817,Eye Hit,Left,529.5712,645.9945,47.269,SouthSidewalk
1742767060788,44.38797,1817,Eye Hit,Right,528.5201,645.9945,47.269,SouthSidewalk
1742767060788,44.38797,1817,Eye Hit,Center,529.0456,645.9945,47.269,SouthSidewalk
1742767060820,44.42402,1818,Eye Hit,Left,550.7927,631.9271,47.41314,SouthSidewalk
1742767060820,44.42402,1818,Eye Hit,Right,549.7449,631.9271,47.41314,SouthSidewalk
1742767060820,44.42402,1818,Eye Hit,Center,550.2688,631.9272,47.41312,SouthSidewalk
1742767060862,44.4578,1819,Eye Hit,Left,582.9025,629.2292,47.78415,SouthSidewalk
1742767060862,44.4578,1819,Eye Hit,Right,581.8627,629.2292,47.78415,SouthSidewalk
1742767060862,44.4578,1819,Eye Hit,Center,582.3826,629.2292,47.78414,SouthSidewalk
1742767060899,44.49694,1820,Eye Hit,Left,620.5268,631.0804,48.18895,SouthSidewalk
1742767060899,44.49694,1820,Eye Hit,Right,619.4957,631.0804,48.18895,SouthSidewalk
1742767060899,44.49694,1820,Eye Hit,Center,620.0112,631.0804,48.18895,SouthSidewalk
1742767060930,44.53474,1821,Eye Hit,Left,629.4033,630.8286,48.26505,SouthSidewalk
1742767060930,44.53474,1821,Eye Hit,Right,628.3738,630.8286,48.26505,SouthSidewalk
1742767060930,44.53474,1821,Eye Hit,Center,628.8885,630.8286,48.26505,SouthSidewalk
1742767060973,44.5658,1822,Eye Hit,Left,619.4061,597.0147,47.6491,SouthSidewalk
1742767060973,44.5658,1822,Eye Hit,Right,618.3634,597.0147,47.6491,SouthSidewalk
1742767060973,44.5658,1822,Eye Hit,Center,618.8848,597.0147,47.6491,SouthSidewalk
1742767061015,44.60893,1823,Eye Hit,Left,662.3041,520.938,46.46716,SouthSidewalk
1742767061015,44.60893,1823,Eye Hit,Right,661.2349,520.938,46.46717,SouthSidewalk
1742767061015,44.60893,1823,Eye Hit,Center,661.7695,520.9379,46.46718,SouthSidewalk
1742767061055,44.65035,1824,Eye Hit,Left,683.0398,446.4161,44.81845,SouthSidewalk
1742767061055,44.65035,1824,Eye Hit,Right,681.9313,446.4161,44.81845,SouthSidewalk
1742767061055,44.65035,1824,Eye Hit,Center,682.4855,446.4161,44.81845,SouthSidewalk
1742767061097,44.69052,1825,Eye Hit,Left,724.5621,413.8109,44.081,SouthSidewalk
1742767061097,44.69052,1825,Eye Hit,Right,723.4349,413.8109,44.081,SouthSidewalk
1742767061097,44.69052,1825,Eye Hit,Center,723.9985,413.8109,44.081,SouthSidewalk
1742767061139,44.73324,1826,Eye Hit,Left,731.4182,431.9969,44.53365,SouthSidewalk
1742767061139,44.73324,1826,Eye Hit,Right,730.3025,431.9969,44.53365,SouthSidewalk
1742767061139,44.73324,1826,Eye Hit,Center,730.8604,431.9969,44.53365,SouthSidewalk
1742767061181,44.7743,1827,Eye Hit,Left,726.9758,420.4973,44.24392,SouthSidewalk
1742767061181,44.7743,1827,Eye Hit,Right,725.8529,420.4973,44.24392,SouthSidewalk
1742767061181,44.7743,1827,Eye Hit,Center,726.4144,420.4973,44.24392,SouthSidewalk
1742767061220,44.81618,1828,Eye Hit,Left,723.114,478.1611,45.64764,SouthSidewalk
1742767061220,44.81618,1828,Eye Hit,Right,722.0256,478.1611,45.64764,SouthSidewalk
1742767061220,44.81618,1828,Eye Hit,Center,722.5699,478.1611,45.64764,SouthSidewalk
1742767061263,44.85604,1829,Eye Hit,Left,748.2446,621.8186,48.47583,SouthSidewalk
1742767061263,44.85604,1829,Eye Hit,Right,747.2195,621.8186,48.47584,SouthSidewalk
1742767061263,44.85604,1829,Eye Hit,Center,747.7321,621.8186,48.47583,SouthSidewalk
1742767061309,44.89847,1830,Eye Hit,Left,714.481,612.6845,48.35658,SouthSidewalk
1742767061309,44.89847,1830,Eye Hit,Right,713.4535,612.6845,48.35658,SouthSidewalk
1742767061309,44.89847,1830,Eye Hit,Center,713.9673,612.6845,48.35658,SouthSidewalk
1742767061348,44.94474,1831,Eye Hit,Left,699.7214,602.5187,48.16245,SouthSidewalk
1742767061348,44.94474,1831,Eye Hit,Right,698.6898,602.5187,48.16245,SouthSidewalk
1742767061348,44.94474,1831,Eye Hit,Center,699.2056,602.5187,48.16245,SouthSidewalk
1742767061387,44.983,1832,Eye Hit,Left,689.9741,592.6098,47.95973,SouthSidewalk
1742767061387,44.983,1832,Eye Hit,Right,688.9381,592.6098,47.95973,SouthSidewalk
1742767061387,44.983,1832,Eye Hit,Center,689.4561,592.6099,47.95973,SouthSidewalk
1742767061431,45.02357,1833,Eye Hit,Left,676.9792,580.0552,47.71416,SouthSidewalk
1742767061431,45.02357,1833,Eye Hit,Right,675.938,580.0552,47.71416,SouthSidewalk
1742767061431,45.02357,1833,Eye Hit,Center,676.4586,580.0552,47.71416,SouthSidewalk
1742767061474,45.06604,1834,Eye Hit,Left,674.0923,591.1624,47.88759,SouthSidewalk
1742767061474,45.06604,1834,Eye Hit,Right,673.0548,591.1624,47.88759,SouthSidewalk
1742767061474,45.06604,1834,Eye Hit,Center,673.5736,591.1624,47.88759,SouthSidewalk
1742767061514,45.10952,1835,Eye Hit,Left,669.8814,608.834,48.15413,SouthSidewalk
1742767061514,45.10952,1835,Eye Hit,Right,668.8496,608.834,48.15413,SouthSidewalk
1742767061514,45.10952,1835,Eye Hit,Center,669.3655,608.834,48.15413,SouthSidewalk
1742767061557,45.1494,1836,Eye Hit,Left,678.1394,610.8601,48.21004,SouthSidewalk
1742767061557,45.1494,1836,Eye Hit,Right,677.1088,610.8601,48.21004,SouthSidewalk
1742767061557,45.1494,1836,Eye Hit,Center,677.6241,610.8601,48.21004,SouthSidewalk
1742767061604,45.19182,1837,Eye Hit,Left,753.073,663.1547,49.00317,SouthSidewalk
1742767061604,45.19182,1837,Eye Hit,Right,752.059,663.1547,49.00317,SouthSidewalk
1742767061604,45.19182,1837,Eye Hit,Center,752.566,663.1547,49.00317,SouthSidewalk
1742767061639,45.23891,1838,Eye Hit,Left,822.9738,653.0046,48.44154,SouthSidewalk
1742767061639,45.23891,1838,Eye Hit,Right,821.9482,653.0046,48.44154,SouthSidewalk
1742767061640,45.23891,1838,Eye Hit,Center,822.4611,653.0046,48.44154,SouthSidewalk
1742767061681,45.2746,1839,Eye Hit,Left,836.5555,656.3152,48.34342,SouthSidewalk
1742767061681,45.2746,1839,Eye Hit,Right,835.5278,656.3152,48.34342,SouthSidewalk
1742767061681,45.2746,1839,Eye Hit,Center,836.0416,656.3152,48.34342,SouthSidewalk
1742767061721,45.31607,1840,Eye Hit,Left,836.724,651.3716,48.27669,SouthSidewalk
1742767061721,45.31607,1840,Eye Hit,Right,835.6948,651.3716,48.27669,SouthSidewalk
1742767061721,45.31607,1840,Eye Hit,Center,836.2094,651.3716,48.27669,SouthSidewalk
1742767061764,45.35646,1841,Eye Hit,Left,800.4249,651.6879,48.63009,SouthSidewalk
1742767061764,45.35646,1841,Eye Hit,Right,799.4033,651.6879,48.6301,SouthSidewalk
1742767061764,45.35646,1841,Eye Hit,Center,799.9141,651.6879,48.6301,SouthSidewalk
1742767061807,45.39933,1842,Eye Hit,Left,791.891,656.6992,48.74414,SouthSidewalk
1742767061807,45.39933,1842,Eye Hit,Right,790.8718,656.6992,48.74414,SouthSidewalk
1742767061807,45.39933,1842,Eye Hit,Center,791.3814,656.6992,48.74414,SouthSidewalk
1742767061848,45.4419,1843,Eye Hit,Left,772.9926,673.6974,49.04076,SouthSidewalk
1742767061848,45.4419,1843,Eye Hit,Right,771.9795,673.6974,49.04076,SouthSidewalk
1742767061848,45.4419,1843,Eye Hit,Center,772.4861,673.6974,49.04076,SouthSidewalk
1742767061896,45.48416,1844,Eye Hit,Left,768.1644,675.3923,49.10551,SouthSidewalk
1742767061896,45.48416,1844,Eye Hit,Right,767.1526,675.3923,49.10551,SouthSidewalk
1742767061896,45.48416,1844,Eye Hit,Center,767.6585,675.3923,49.10551,SouthSidewalk
1742767061932,45.53095,1845,,Left,767.1233,681.1174,49.16049,
1742767061932,45.53095,1845,,Right,766.1126,681.1174,49.16049,
1742767061932,45.53095,1845,,Center,766.6179,681.1174,49.16049,
1742767061975,45.56724,1846,,Left,744.0475,691.8456,49.33195,
1742767061975,45.56724,1846,,Right,743.0404,691.8456,49.33195,
1742767061975,45.56724,1846,,Center,743.5439,691.8456,49.33196,
1742767062015,45.61002,1847,,Left,744.0347,689.2267,49.29638,
1742767062015,45.61002,1847,,Right,743.0269,689.2267,49.29638,
1742767062015,45.61002,1847,,Center,743.5308,689.2267,49.29638,
1742767062058,45.65079,1848,,Left,753.812,692.2108,49.32506,
1742767062058,45.65079,1848,,Right,752.8047,692.2108,49.32506,
1742767062058,45.65079,1848,,Center,753.3083,692.2108,49.32505,
1742767062100,45.69287,1849,,Left,751.9207,689.2093,49.29301,
1742767062100,45.69287,1849,,Right,750.9128,689.2093,49.29302,
1742767062100,45.69287,1849,,Center,751.4167,689.2093,49.29302,
1742767062141,45.73497,1850,,Left,748.3859,696.2442,49.36035,
1742767062141,45.73497,1850,,Right,747.3794,696.2442,49.36034,
1742767062141,45.73497,1850,,Center,747.8827,696.2442,49.36035,
1742767062173,45.77575,1851,,Left,748.4389,690.9471,49.31731,
1742767062173,45.77575,1851,,Right,747.4315,690.9471,49.31731,
1742767062173,45.77575,1851,,Center,747.9352,690.9471,49.31731,
1742767062214,45.80832,1852,,Left,746.8795,683.3962,49.23927,
1742767062214,45.80832,1852,,Right,745.8704,683.3962,49.23927,
1742767062214,45.80832,1852,,Center,746.3749,683.3962,49.23927,
1742767062254,45.8493,1853,,Left,748.9494,672.3711,49.10883,
1742767062254,45.8493,1853,,Right,747.9377,672.3711,49.10883,
1742767062254,45.8493,1853,,Center,748.4436,672.3711,49.10883,
1742767062296,45.88953,1854,,Left,760.8964,684.296,49.22709,
1742767062296,45.88953,1854,,Right,759.8871,684.296,49.2271,
1742767062296,45.88953,1854,,Center,760.3918,684.296,49.22709,
1742767062338,45.93124,1855,Eye Hit,Left,769.1547,624.25,48.43364,SouthSidewalk
1742767062338,45.93124,1855,Eye Hit,Right,768.1288,624.25,48.43364,SouthSidewalk
1742767062338,45.93124,1855,Eye Hit,Center,768.6418,624.25,48.43363,SouthSidewalk
1742767062379,45.97321,1856,Eye Hit,Left,772.6657,476.6421,45.52069,SouthSidewalk
1742767062379,45.97321,1856,Eye Hit,Right,771.5743,476.6421,45.52068,SouthSidewalk
1742767062379,45.97321,1856,Eye Hit,Center,772.12,476.6421,45.52069,SouthSidewalk
1742767062423,46.01464,1857,Eye Hit,Left,791.0151,285.9437,40.57809,SouthSidewalk
1742767062423,46.01464,1857,Eye Hit,Right,789.7907,285.9437,40.57809,SouthSidewalk
1742767062423,46.01464,1857,Eye Hit,Center,790.4029,285.9437,40.57809,SouthSidewalk
1742767062470,46.05851,1858,Eye Hit,Left,808.1883,275.2329,40.23862,SouthSidewalk
1742767062470,46.05851,1858,Eye Hit,Right,806.9536,275.2329,40.23862,SouthSidewalk
1742767062470,46.05851,1858,Eye Hit,Center,807.5709,275.233,40.23861,SouthSidewalk
1742767062507,46.10506,1859,Eye Hit,Left,869.2017,316.4577,40.92473,SouthSidewalk
1742767062507,46.10506,1859,Eye Hit,Right,867.9877,316.4577,40.92473,SouthSidewalk
1742767062507,46.10506,1859,Eye Hit,Center,868.5947,316.4577,40.92473,SouthSidewalk
1742767062544,46.14172,1860,Eye Hit,Left,935.9671,338.4636,40.81225,SouthSidewalk
1742767062544,46.14172,1860,Eye Hit,Right,934.7497,338.4636,40.81225,SouthSidewalk
1742767062544,46.14172,1860,Eye Hit,Center,935.3584,338.4636,40.81225,SouthSidewalk
1742767062586,46.17889,1861,Eye Hit,Left,937.7465,363.0401,41.37096,SouthSidewalk
1742767062586,46.17889,1861,Eye Hit,Right,936.5456,363.0401,41.37096,SouthSidewalk
1742767062586,46.17889,1861,Eye Hit,Center,937.1461,363.0401,41.37097,SouthSidewalk
1742767062630,46.22222,1862,Eye Hit,Left,915.7307,357.2298,41.49735,SouthSidewalk
1742767062630,46.22222,1862,Eye Hit,Right,914.5334,357.2298,41.49735,SouthSidewalk
1742767062630,46.22222,1862,Eye Hit,Center,915.132,357.2298,41.49735,SouthSidewalk
1742767062672,46.26481,1863,Eye Hit,Left,896.8583,317.0459,40.68201,SouthSidewalk
1742767062672,46.26481,1863,Eye Hit,Right,895.6371,317.0459,40.68201,SouthSidewalk
1742767062672,46.26481,1863,Eye Hit,Center,896.2477,317.0459,40.68201,SouthSidewalk
1742767062714,46.3071,1864,Eye Hit,Left,874.5613,343.3766,41.53703,SouthSidewalk
1742767062714,46.3071,1864,Eye Hit,Right,873.3652,343.3766,41.53703,SouthSidewalk
1742767062714,46.3071,1864,Eye Hit,Center,873.9633,343.3766,41.53703,SouthSidewalk
1742767062755,46.34866,1865,Eye Hit,Left,882.0857,344.1673,41.48169,SouthSidewalk
1742767062755,46.34866,1865,Eye Hit,Right,880.8879,344.1673,41.48169,SouthSidewalk
1742767062755,46.34866,1865,Eye Hit,Center,881.4868,344.1673,41.48169,SouthSidewalk
1742767062797,46.39019,1866,Eye Hit,Left,864.657,392.9892,42.8798,SouthSidewalk
1742767062797,46.39019,1866,Eye Hit,Right,863.4984,392.9892,42.8798,SouthSidewalk
1742767062797,46.39019,1866,Eye Hit,Center,864.0777,392.9892,42.8798,SouthSidewalk
1742767062845,46.43253,1867,Eye Hit,Left,878.1906,406.1602,43.07109,SouthSidewalk
1742767062845,46.43253,1867,Eye Hit,Right,877.037,406.1602,43.07109,SouthSidewalk
1742767062845,46.43253,1867,Eye Hit,Center,877.6138,406.1601,43.07111,SouthSidewalk
1742767062880,46.48001,1868,Eye Hit,Left,845.7647,442.4735,44.24123,SouthSidewalk
1742767062880,46.48001,1868,Eye Hit,Right,844.6416,442.4735,44.24123,SouthSidewalk
1742767062880,46.48001,1868,Eye Hit,Center,845.2032,442.4735,44.24123,SouthSidewalk
1742767062920,46.51554,1869,Eye Hit,Left,875.1137,437.4734,43.8447,SouthSidewalk
1742767062920,46.51554,1869,Eye Hit,Right,873.9806,437.4734,43.8447,SouthSidewalk
1742767062920,46.51554,1869,Eye Hit,Center,874.5472,437.4734,43.8447,SouthSidewalk
1742767062965,46.5557,1870,Eye Hit,Left,854.1181,396.2667,43.06792,SouthSidewalk
1742767062965,46.5557,1870,Eye Hit,Right,852.9644,396.2667,43.06792,SouthSidewalk
1742767062965,46.5557,1870,Eye Hit,Center,853.5412,396.2667,43.06792,SouthSidewalk
1742767063006,46.60028,1871,Eye Hit,Left,848.1968,390.4053,42.965,SouthSidewalk
1742767063006,46.60028,1871,Eye Hit,Right,847.0404,390.4053,42.96501,SouthSidewalk
1742767063006,46.60028,1871,Eye Hit,Center,847.6187,390.4053,42.965,SouthSidewalk
1742767063048,46.64095,1872,Eye Hit,Left,844.4658,410.3977,43.48524,SouthSidewalk
1742767063048,46.64095,1872,Eye Hit,Right,843.3232,410.3977,43.48524,SouthSidewalk
1742767063048,46.64095,1872,Eye Hit,Center,843.8945,410.3977,43.48524,SouthSidewalk
1742767063089,46.68332,1873,Eye Hit,Left,848.8852,420.3448,43.68581,SouthSidewalk
1742767063089,46.68332,1873,Eye Hit,Right,847.7478,420.3448,43.6858,SouthSidewalk
1742767063089,46.68332,1873,Eye Hit,Center,848.3165,420.3448,43.68581,SouthSidewalk
1742767063137,46.72445,1874,Eye Hit,Left,852.0344,407.2018,43.35536,SouthSidewalk
1742767063137,46.72445,1874,Eye Hit,Right,850.8884,407.2018,43.35536,SouthSidewalk
1742767063137,46.72445,1874,Eye Hit,Center,851.4614,407.2018,43.35536,SouthSidewalk
1742767063173,46.77203,1875,Eye Hit,Left,841.4321,400.6938,43.27098,SouthSidewalk
1742767063173,46.77203,1875,Eye Hit,Right,840.284,400.6938,43.27097,SouthSidewalk
1742767063173,46.77203,1875,Eye Hit,Center,840.858,400.6938,43.27097,SouthSidewalk
1742767063212,46.80825,1876,Eye Hit,Left,790.6984,477.2082,45.44182,SouthSidewalk
1742767063212,46.80825,1876,Eye Hit,Right,789.6051,477.2082,45.44182,SouthSidewalk
1742767063212,46.80825,1876,Eye Hit,Center,790.1517,477.2082,45.44182,SouthSidewalk
1742767063257,46.8469,1877,Eye Hit,Left,754.3636,523.8762,46.61785,SouthSidewalk
1742767063257,46.8469,1877,Eye Hit,Right,753.2979,523.8763,46.61785,SouthSidewalk
1742767063257,46.8469,1877,Eye Hit,Center,753.8307,523.8763,46.61784,SouthSidewalk
1742767063298,46.89341,1878,Eye Hit,Left,716.9937,527.6345,46.76551,SouthSidewalk
1742767063298,46.89341,1878,Eye Hit,Right,715.9313,527.6345,46.76551,SouthSidewalk
1742767063298,46.89341,1878,Eye Hit,Center,716.4625,527.6345,46.76551,SouthSidewalk
1742767063341,46.93386,1879,Eye Hit,Left,776.8679,556.8268,47.22313,SouthSidewalk
1742767063341,46.93386,1879,Eye Hit,Right,775.8158,556.8268,47.22313,SouthSidewalk
1742767063341,46.93386,1879,Eye Hit,Center,776.3419,556.8268,47.22313,SouthSidewalk
1742767063380,46.97587,1880,Eye Hit,Left,776.7797,572.522,47.51358,SouthSidewalk
1742767063380,46.97587,1880,Eye Hit,Right,775.734,572.522,47.51358,SouthSidewalk
1742767063380,46.97587,1880,Eye Hit,Center,776.2568,572.522,47.51358,SouthSidewalk
1742767063422,47.01503,1881,,Left,701.1141,682.6261,49.24111,
1742767063422,47.01503,1881,,Right,700.1051,682.6261,49.24112,
1742767063422,47.01503,1881,,Center,700.6096,682.6261,49.24112,
1742767063464,47.05655,1882,,Left,639.1995,729.7018,49.35526,
1742767063464,47.05655,1882,,Right,638.1928,729.7018,49.35526,
1742767063464,47.05655,1882,,Center,638.6962,729.7018,49.35525,
1742767063511,47.09891,1883,,Left,645.149,735.1163,49.42453,
1742767063512,47.09891,1883,,Right,644.1438,735.1163,49.42453,
1742767063512,47.09891,1883,,Center,644.6464,735.1163,49.42453,
1742767063548,47.14679,1884,,Left,652.7307,736.7645,49.47898,
1742767063548,47.14679,1884,,Right,651.7265,736.7645,49.47898,
1742767063548,47.14679,1884,,Center,652.2286,736.7645,49.47899,
1742767063588,47.1834,1885,,Left,660.3142,711.9247,49.35822,
1742767063588,47.1834,1885,,Right,659.3076,711.9247,49.35823,
1742767063588,47.1834,1885,,Center,659.8109,711.9247,49.35822,
1742767063631,47.22347,1886,,Left,664.6204,701.7589,49.32372,
1742767063631,47.22347,1886,,Right,663.613,701.7589,49.32371,
1742767063631,47.22347,1886,,Center,664.1168,701.7589,49.32372,
1742767063672,47.26585,1887,,Left,680.932,708.0391,49.44125,
1742767063672,47.26585,1887,,Right,679.9271,708.0391,49.44124,
1742767063672,47.26585,1887,,Center,680.4296,708.0391,49.44125,
1742767063713,47.30717,1888,,Left,692.7547,723.9329,49.58701,
1742767063713,47.30717,1888,,Right,691.7527,723.9329,49.58702,
1742767063713,47.30717,1888,,Center,692.2537,723.9329,49.58702,
1742767063756,47.34833,1889,,Left,703.5518,718.2614,49.5638,
1742767063756,47.34833,1889,,Right,702.5494,718.2614,49.5638,
1742767063756,47.34833,1889,,Center,703.0506,718.2614,49.5638,
1742767063804,47.39126,1890,,Left,637.4662,737.65,49.39437,
1742767063804,47.39126,1890,,Right,636.4603,737.65,49.39438,
1742767063804,47.39126,1890,,Center,636.9633,737.65,49.39437,
1742767063841,47.43882,1891,,Left,646.6117,739.7674,49.46581,
1742767063841,47.43882,1891,,Right,645.6073,739.7673,49.46581,
1742767063841,47.43882,1891,,Center,646.1095,739.7674,49.46581,
1742767063879,47.47589,1892,,Left,664.6353,742.7354,49.58491,
1742767063879,47.47589,1892,,Right,663.6333,742.7354,49.58491,
1742767063879,47.47589,1892,,Center,664.1343,742.7354,49.58491,
1742767063924,47.5147,1893,,Left,692.011,750.3547,49.72406,
1742767063924,47.5147,1893,,Right,691.0118,750.3547,49.72406,
1742767063924,47.5147,1893,,Center,691.5115,750.3547,49.72407,
1742767063965,47.55906,1894,,Left,718.8225,748.364,49.78166,
1742767063965,47.55906,1894,,Right,717.8245,748.364,49.78166,
1742767063965,47.55906,1894,,Center,718.3235,748.364,49.78167,
1742767064007,47.59998,1895,,Left,734.5914,749.21,49.7739,
1742767064007,47.59998,1895,,Right,733.5932,749.21,49.77391,
1742767064007,47.59998,1895,,Center,734.0923,749.21,49.7739,
1742767064051,47.64239,1896,,Left,692.9229,789.8094,49.83895,
1742767064051,47.64239,1896,,Right,691.926,789.8094,49.83894,
1742767064051,47.64239,1896,,Center,692.4244,789.8094,49.83894,
1742767064095,47.68682,1897,,Left,622.1402,842.8121,49.29718,
1742767064095,47.68682,1897,,Right,621.1323,842.8121,49.29718,
1742767064095,47.68682,1897,,Center,621.6362,842.8121,49.29718,
1742767064132,47.73063,1898,,Left,602.6556,836.392,49.15005,
1742767064132,47.73063,1898,,Right,601.6447,836.392,49.15005,
1742767064132,47.73063,1898,,Center,602.1501,836.392,49.15004,
1742767064170,47.76762,1899,,Left,627.2531,825.6124,49.42855,
1742767064170,47.76762,1899,,Right,626.2479,825.6124,49.42855,
1742767064170,47.76762,1899,,Center,626.7506,825.6124,49.42856,
1742767064215,47.80587,1900,,Left,655.1776,829.1036,49.62144,
1742767064215,47.80587,1900,,Right,654.1763,829.1036,49.62144,
1742767064215,47.80587,1900,,Center,654.677,829.1036,49.62144,
1742767064255,47.85114,1901,,Left,705.0044,828.3669,49.81059,
1742767064255,47.85114,1901,,Right,704.007,828.3669,49.81059,
1742767064255,47.85114,1901,,Center,704.5057,828.3669,49.81059,
1742767064297,47.89119,1902,,Left,746.7517,815.3512,49.84262,
1742767064297,47.89119,1902,,Right,745.7549,815.3512,49.84262,
1742767064297,47.89119,1902,,Center,746.2532,815.3512,49.84261,
1742767064342,47.93296,1903,,Left,764.8369,823.3622,49.75689,
1742767064342,47.93296,1903,,Right,763.8383,823.3622,49.75689,
1742767064342,47.93296,1903,,Center,764.3376,823.3622,49.7569,
1742767064385,47.97796,1904,,Left,760.2853,837.129,49.72556,
1742767064385,47.97796,1904,,Right,759.2861,837.129,49.72556,
1742767064385,47.97796,1904,,Center,759.7857,837.129,49.72556,
1742767064435,48.02245,1905,,Left,680.7883,865.3469,49.56814,
1742767064435,48.02245,1905,,Right,679.7859,865.3469,49.56814,
1742767064435,48.02245,1905,,Center,680.2871,865.3469,49.56814,
1742767064478,48.0715,1906,,Left,579.1462,867.7599,48.71849,
1742767064478,48.0715,1906,,Right,578.1264,867.7599,48.71849,
1742767064478,48.0715,1906,,Center,578.6364,867.7599,48.71849,
1742767064516,48.11511,1907,,Left,624.5895,854.9255,49.29594,
1742767064516,48.11511,1907,,Right,623.5816,854.9255,49.29594,
1742767064516,48.11511,1907,,Center,624.0856,854.9255,49.29594,
1742767064553,48.1524,1908,,Left,636.6955,839.6522,49.47628,
1742767064553,48.1524,1908,,Right,635.6913,839.6522,49.47629,
1742767064553,48.1524,1908,,Center,636.1934,839.6522,49.47628,
1742767064598,48.1909,1909,,Left,689.455,833.6918,49.80062,
1742767064598,48.1909,1909,,Right,688.4573,833.6918,49.80062,
1742767064598,48.1909,1909,,Center,688.9562,833.6918,49.80061,
1742767064640,48.23536,1910,,Left,698.718,838.0063,49.80495,
1742767064640,48.23536,1910,,Right,697.7203,838.0063,49.80495,
1742767064640,48.23536,1910,,Center,698.2191,838.0063,49.80495,
1742767064680,48.27761,1911,Eye Hit,Left,625.5164,838.3887,49.39865,SE_Tree_30
1742767064680,48.27761,1911,Eye Hit,Right,624.5106,838.3887,49.39865,SE_Tree_30
1742767064680,48.27761,1911,Eye Hit,Center,625.0134,838.3887,49.39865,SE_Tree_30
1742767064721,48.31753,1912,Eye Hit,Left,593.0573,820.2721,49.12714,SouthWalkingPole
1742767064721,48.31753,1912,Eye Hit,Right,592.0459,820.2721,49.12714,SouthWalkingPole
1742767064721,48.31753,1912,Eye Hit,Center,592.5516,820.2721,49.12714,SouthWalkingPole
1742767064762,48.35832,1913,Eye Hit,Left,598.5567,804.133,49.22536,SouthWalkingPole
1742767064762,48.35832,1913,Eye Hit,Right,597.5474,804.133,49.22536,SouthWalkingPole
1742767064762,48.35832,1913,Eye Hit,Center,598.0521,804.133,49.22536,SouthWalkingPole
1742767064803,48.39928,1914,Eye Hit,Left,626.071,802.8864,49.51759,Truck1-Detailed
1742767064803,48.39928,1914,Eye Hit,Right,625.0676,802.8864,49.51759,Truck1-Detailed
1742767064803,48.39928,1914,Eye Hit,Center,625.5693,802.8864,49.51759,Truck1-Detailed
1742767064843,48.44052,1915,Eye Hit,Left,652.5469,808.3499,49.71775,Truck1-Detailed
1742767064843,48.44052,1915,Eye Hit,Right,651.5476,808.3499,49.71775,Truck1-Detailed
1742767064843,48.44052,1915,Eye Hit,Center,652.0473,808.3499,49.71775,Truck1-Detailed
1742767064885,48.48085,1916,Eye Hit,Left,688.1504,816.1306,49.87593,Truck1-Detailed
1742767064885,48.48085,1916,Eye Hit,Right,687.1542,816.1306,49.87593,Truck1-Detailed
1742767064885,48.48085,1916,Eye Hit,Center,687.6523,816.1306,49.87594,Truck1-Detailed
1742767064928,48.52311,1917,Eye Hit,Left,747.1197,798.6967,49.91758,Truck1-Detailed
1742767064928,48.52311,1917,Eye Hit,Right,746.1244,798.6967,49.91758,Truck1-Detailed
1742767064928,48.52311,1917,Eye Hit,Center,746.622,798.6967,49.91758,Truck1-Detailed
1742767064978,48.56549,1918,Eye Hit,Left,789.2062,788.5883,49.72979,Truck1-Detailed
1742767064978,48.56549,1918,Eye Hit,Right,788.2072,788.5883,49.72979,Truck1-Detailed
1742767064978,48.56549,1918,Eye Hit,Center,788.7067,788.5883,49.72979,Truck1-Detailed
1742767065023,48.61501,1919,Eye Hit,Left,859.9045,794.5402,49.03417,SouthWalkingPole
1742767065023,48.61501,1919,Eye Hit,Right,858.8913,794.5402,49.03417,SouthWalkingPole
1742767065023,48.61501,1919,Eye Hit,Center,859.3979,794.5402,49.03417,SouthWalkingPole
1742767065069,48.6612,1920,Eye Hit,Left,898.3686,807.4651,48.47765,Car5-Detailed
1742767065069,48.6612,1920,Eye Hit,Right,897.3437,807.4651,48.47765,Car5-Detailed
1742767065069,48.6612,1920,Eye Hit,Center,897.8561,807.4651,48.47765,Car5-Detailed
1742767065110,48.70623,1921,Eye Hit,Left,885.7488,825.3136,48.63692,Sedan5-Detailed
1742767065110,48.70623,1921,Eye Hit,Right,884.7272,825.3136,48.63693,Sedan5-Detailed
1742767065110,48.70623,1921,Eye Hit,Center,885.238,825.3136,48.63693,Sedan5-Detailed
1742767065148,48.74675,1922,Eye Hit,Left,757.4761,804.5616,49.90235,Sedan1-Detailed
1742767065148,48.74675,1922,Eye Hit,Right,756.4805,804.5616,49.90235,Sedan1-Detailed
1742767065148,48.74675,1922,Eye Hit,Center,756.9783,804.5616,49.90235,Sedan1-Detailed
1742767065189,48.78478,1923,Eye Hit,Left,673.7462,792.9487,49.87388,Sedan1-Detailed
1742767065189,48.78478,1923,Eye Hit,Right,672.7501,792.9487,49.87388,Sedan1-Detailed
1742767065189,48.78478,1923,Eye Hit,Center,673.2482,792.9487,49.87388,Sedan1-Detailed
1742767065232,48.82707,1924,Eye Hit,Left,639.2958,784.1212,49.66138,Sedan1-Detailed
1742767065232,48.82707,1924,Eye Hit,Right,638.2954,784.1212,49.66138,Sedan1-Detailed
1742767065232,48.82707,1924,Eye Hit,Center,638.7957,784.1212,49.66138,Sedan1-Detailed
1742767065278,48.86991,1925,Eye Hit,Left,628.2451,760.7322,49.52418,Sedan1-Detailed
1742767065278,48.86991,1925,Eye Hit,Right,627.2418,760.7322,49.52417,Sedan1-Detailed
1742767065278,48.86991,1925,Eye Hit,Center,627.7434,760.7322,49.52417,Sedan1-Detailed
1742767065333,48.91698,1926,Eye Hit,Left,666.8991,751.7028,49.76624,Sedan1-Detailed
1742767065333,48.91698,1926,Eye Hit,Right,665.9008,751.7028,49.76624,Sedan1-Detailed
1742767065333,48.91698,1926,Eye Hit,Center,666.4,751.7028,49.76624,Sedan1-Detailed
1742767065387,48.97001,1927,Eye Hit,Left,708.4442,715.7209,49.69889,Sedan1-Detailed
1742767065387,48.97001,1927,Eye Hit,Right,707.4445,715.7209,49.69889,Sedan1-Detailed
1742767065387,48.97001,1927,Eye Hit,Center,707.9443,715.7209,49.69889,Sedan1-Detailed
1742767065439,49.02506,1928,Eye Hit,Left,729.3246,714.8475,49.70292,Sedan1-Detailed
1742767065439,49.02506,1928,Eye Hit,Right,728.3251,714.8475,49.70292,Sedan1-Detailed
1742767065439,49.02506,1928,Eye Hit,Center,728.8248,714.8475,49.70292,Sedan1-Detailed
1742767065492,49.07651,1929,Eye Hit,Left,695.6487,716.0641,49.69086,Sedan1-Detailed
1742767065492,49.07651,1929,Eye Hit,Right,694.6489,716.0641,49.69086,Sedan1-Detailed
1742767065492,49.07651,1929,Eye Hit,Center,695.1489,716.0641,49.69086,Sedan1-Detailed
1742767065535,49.12976,1930,Eye Hit,Left,704.2901,704.323,49.6127,Sedan1-Detailed
1742767065535,49.12976,1930,Eye Hit,Right,703.2887,704.323,49.6127,Sedan1-Detailed
1742767065535,49.12976,1930,Eye Hit,Center,703.7894,704.323,49.6127,Sedan1-Detailed
1742767065573,49.17294,1931,Eye Hit,Left,715.1546,704.1059,49.62204,Sedan1-Detailed
1742767065573,49.17294,1931,Eye Hit,Right,714.1534,704.1059,49.62204,Sedan1-Detailed
1742767065573,49.17294,1931,Eye Hit,Center,714.654,704.1059,49.62203,Sedan1-Detailed
1742767065611,49.21147,1932,Eye Hit,Left,740.1786,685.997,49.43658,Sedan1-Detailed
1742767065611,49.21147,1932,Eye Hit,Right,739.1736,685.997,49.43658,Sedan1-Detailed
1742767065611,49.21147,1932,Eye Hit,Center,739.6761,685.997,49.43658,Sedan1-Detailed
1742767065654,49.24888,1933,Eye Hit,Left,772.2556,657.7248,49.01309,Sedan1-Detailed
1742767065654,49.24888,1933,Eye Hit,Right,771.2419,657.7248,49.01308,Sedan1-Detailed
1742767065654,49.24888,1933,Eye Hit,Center,771.7487,657.7248,49.01308,Sedan1-Detailed
1742767065696,49.29282,1934,Eye Hit,Left,783.0381,690.5137,49.30873,Sedan1-Detailed
1742767065696,49.29282,1934,Eye Hit,Right,782.0305,690.5137,49.30872,Sedan1-Detailed
1742767065696,49.29282,1934,Eye Hit,Center,782.5342,690.5137,49.30872,Sedan1-Detailed
1742767065739,49.33393,1935,,Left,739.603,753.3455,49.88487,
1742767065739,49.33393,1935,,Right,738.607,753.3455,49.88487,
1742767065739,49.33393,1935,,Center,739.105,753.3455,49.88487,
1742767065786,49.37713,1936,,Left,744.2437,783.9109,49.9335,
1742767065786,49.37713,1936,,Right,743.2487,783.9109,49.9335,
1742767065786,49.37713,1936,,Center,743.7463,783.9109,49.9335,
1742767065826,49.4248,1937,,Left,758.7213,830.554,49.81454,
1742767065826,49.4248,1937,,Right,757.7239,830.554,49.81454,
1742767065826,49.4248,1937,,Center,758.2225,830.554,49.81454,
1742767065866,49.46383,1938,,Left,769.2241,825.7968,49.79601,
1742767065866,49.46383,1938,,Right,768.2263,825.7968,49.79601,
1742767065866,49.46383,1938,,Center,768.7252,825.7968,49.79601,
1742767065909,49.50416,1939,,Left,796.83,768.4175,49.66506,
1742767065909,49.50416,1939,,Right,795.8296,768.4175,49.66506,
1742767065909,49.50416,1939,,Center,796.3298,768.4175,49.66506,
1742767065950,49.54671,1940,,Left,813.698,755.7344,49.49712,
1742767065950,49.54671,1940,,Right,812.6943,755.7344,49.49712,
1742767065950,49.54671,1940,,Center,813.1962,755.7344,49.49712,
1742767065994,49.58838,1941,,Left,815.3761,739.6037,49.4181,
1742767065994,49.58838,1941,,Right,814.3707,739.6037,49.4181,
1742767065994,49.58838,1941,,Center,814.8734,739.6037,49.4181,
1742767066042,49.63102,1942,,Left,839.1492,739.173,49.18169,
1742767066042,49.63102,1942,,Right,838.139,739.173,49.18169,
1742767066042,49.63102,1942,,Center,838.6441,739.173,49.18169,
1742767066080,49.6795,1943,,Left,853.565,715.5854,48.87406,
1742767066080,49.6795,1943,,Right,852.5484,715.5854,48.87405,
1742767066080,49.6795,1943,,Center,853.0567,715.5854,48.87406,
1742767066119,49.71699,1944,,Left,874.8591,704.4744,48.51672,
1742767066119,49.71699,1944,,Right,873.835,704.4744,48.51672,
1742767066120,49.71699,1944,,Center,874.3471,704.4744,48.51672,
1742767066161,49.75723,1945,,Left,897.2236,694.2405,48.10157,
1742767066161,49.75723,1945,,Right,896.1907,694.2405,48.10157,
1742767066161,49.75723,1945,,Center,896.7072,694.2405,48.10157,
1742767066205,49.79818,1946,,Left,880.6733,691.8546,48.32341,
1742767066205,49.79818,1946,,Right,879.6451,691.8546,48.32341,
1742767066205,49.79818,1946,,Center,880.1592,691.8546,48.32341,
1742767066248,49.84162,1947,,Left,864.2203,678.6086,48.41689,
1742767066248,49.84162,1947,,Right,863.1942,678.6086,48.41689,
1742767066248,49.84162,1947,,Center,863.7073,678.6086,48.41689,
1742767066298,49.88474,1948,,Left,855.2057,687.0701,48.61424,
1742767066298,49.88474,1948,,Right,854.1838,687.0701,48.61425,
1742767066298,49.88474,1948,,Center,854.6948,687.0701,48.61424,
1742767066333,49.93444,1949,,Left,826.7197,749.4568,49.36152,
1742767066333,49.93444,1949,,Right,825.7131,749.4568,49.36152,
1742767066333,49.93444,1949,,Center,826.2164,749.4568,49.36152,
1742767066372,49.96953,1950,,Left,815.8548,761.2225,49.51583,
1742767066372,49.96953,1950,,Right,814.8513,761.2225,49.51583,
1742767066372,49.96953,1950,,Center,815.353,761.2225,49.51583,
1742767066415,50.00933,1951,,Left,809.5731,712.1914,49.31926,
1742767066415,50.00933,1951,,Right,808.5657,712.1914,49.31926,
1742767066415,50.00933,1951,,Center,809.0694,712.1915,49.31926,
1742767066458,50.05275,1952,,Left,813.2159,689.3593,49.09396,
1742767066458,50.05275,1952,,Right,812.2039,689.3593,49.09395,
1742767066458,50.05275,1952,,Center,812.7098,689.3593,49.09395,
1742767066498,50.09469,1953,,Left,808.4271,719.2979,49.36784,
1742767066498,50.09469,1953,,Right,807.4208,719.2979,49.36783,
1742767066498,50.09469,1953,,Center,807.924,719.2979,49.36784,
1742767066542,50.13485,1954,,Left,823.9893,740.3051,49.34599,
1742767066543,50.13485,1954,,Right,822.9824,740.3051,49.34599,
1742767066543,50.13485,1954,,Center,823.4859,740.3051,49.34599,
1742767066591,50.17976,1955,,Left,823.7857,742.8536,49.35999,
1742767066591,50.17976,1955,,Right,822.7792,742.8536,49.35999,
1742767066591,50.17976,1955,,Center,823.2825,742.8536,49.35999,
1742767066639,50.22789,1956,,Left,780.3954,737.2161,49.66745,
1742767066639,50.22789,1956,,Right,779.395,737.2161,49.66745,
1742767066639,50.22789,1956,,Center,779.8952,737.2161,49.66745,
1742767066684,50.27634,1957,,Left,723.8667,696.367,49.54383,
1742767066684,50.27634,1957,,Right,722.8638,696.367,49.54383,
1742767066684,50.27634,1957,,Center,723.3652,696.367,49.54383,
1742767066720,50.32211,1958,,Left,716.8275,676.5793,49.34328,
1742767066720,50.32211,1958,,Right,715.8206,676.5793,49.34328,
1742767066720,50.32211,1958,,Center,716.324,676.5793,49.34328,
1742767066760,50.35795,1959,,Left,716.4643,673.4873,49.30576,
1742767066760,50.35795,1959,,Right,715.4566,673.4873,49.30576,
1742767066760,50.35795,1959,,Center,715.9604,673.4873,49.30576,
1742767066803,50.39772,1960,,Left,701.9897,675.5209,49.30901,
1742767066803,50.39772,1960,,Right,700.9822,675.5209,49.30901,
1742767066803,50.39772,1960,,Center,701.486,675.5209,49.30901,
1742767066845,50.43998,1961,,Left,703.2538,693.1925,49.49059,
1742767066845,50.43998,1961,,Right,702.2499,693.1925,49.49059,
1742767066845,50.43998,1961,,Center,702.7518,693.1925,49.49059,
1742767066886,50.48193,1962,,Left,705.7642,720.632,49.71944,
1742767066886,50.48193,1962,,Right,704.765,720.632,49.71944,
1742767066886,50.48193,1962,,Center,705.2646,720.632,49.71944,
1742767066936,50.524,1963,,Left,705.5999,727.3669,49.76511,
1742767066936,50.524,1963,,Right,704.6014,727.3669,49.76511,
1742767066936,50.524,1963,,Center,705.1006,727.3669,49.76511,
1742767066975,50.57298,1964,,Left,705.8807,705.9933,49.60757,
1742767066975,50.57298,1964,,Right,704.8792,705.9933,49.60757,
1742767066975,50.57298,1964,,Center,705.38,705.9933,49.60757,
1742767067013,50.61164,1965,,Left,700.2936,695.9393,49.50712,
1742767067013,50.61164,1965,,Right,699.29,695.9393,49.50712,
1742767067013,50.61164,1965,,Center,699.7918,695.9393,49.50712,
1742767067054,50.65059,1966,,Left,695.2854,710.462,49.61783,
1742767067054,50.65059,1966,,Right,694.2841,710.462,49.61784,
1742767067054,50.65059,1966,,Center,694.7847,710.462,49.61783,
1742767067098,50.69176,1967,,Left,705.4493,725.7343,49.7444,
1742767067098,50.69176,1967,,Right,704.4506,725.7343,49.7444,
1742767067098,50.69176,1967,,Center,704.95,725.7343,49.7444,
1742767067140,50.73441,1968,,Left,712.6361,705.8431,49.60607,
1742767067140,50.73441,1968,,Right,711.6345,705.8431,49.60608,
1742767067140,50.73441,1968,,Center,712.1353,705.8431,49.60608,
1742767067181,50.77654,1969,,Left,699.4812,700.7891,49.55263,
1742767067181,50.77654,1969,,Right,698.4786,700.7891,49.55263,
1742767067181,50.77654,1969,,Center,698.9799,700.7891,49.55263,
1742767067228,50.81771,1970,,Left,693.6748,694.4796,49.48862,
1742767067228,50.81771,1970,,Right,692.6708,694.4796,49.48862,
1742767067228,50.81771,1970,,Center,693.1728,694.4796,49.48862,
1742767067265,50.8651,1971,,Left,697.0981,756.8191,49.90487,
1742767067265,50.8651,1971,,Right,696.1025,756.8191,49.90487,
1742767067265,50.8651,1971,,Center,696.6003,756.8191,49.90487,
1742767067306,50.90155,1972,,Left,699.4195,765.5325,49.93112,
1742767067306,50.90155,1972,,Right,698.4244,765.5325,49.93112,
1742767067306,50.90155,1972,,Center,698.9219,765.5325,49.93112,
1742767067350,50.94262,1973,,Left,711.1019,784.4722,49.96319,
1742767067350,50.94262,1973,,Right,710.1075,784.4722,49.96319,
1742767067350,50.94262,1973,,Center,710.6047,784.4722,49.9632,
1742767067391,50.98707,1974,,Left,725.5844,809.1149,49.94215,
1742767067391,50.98707,1974,,Right,724.5895,809.1149,49.94215,
1742767067391,50.98707,1974,,Center,725.087,809.1149,49.94215,
1742767067433,51.02766,1975,,Left,716.5428,838.7524,49.84577,
1742767067433,51.02766,1975,,Right,715.5461,838.7524,49.84577,
1742767067433,51.02766,1975,,Center,716.0445,838.7524,49.84577,
1742767067477,51.07015,1976,,Left,721.915,821.8109,49.91827,
1742767067477,51.07015,1976,,Right,720.9197,821.8109,49.91827,
1742767067477,51.07015,1976,,Center,721.4173,821.8109,49.91827,
1742767067523,51.1142,1977,,Left,742.7455,797.1696,49.94448,
1742767067523,51.1142,1977,,Right,741.7508,797.1696,49.94448,
1742767067523,51.1142,1977,,Center,742.2482,797.1696,49.94447,
1742767067559,51.15947,1978,,Left,752.918,759.2067,49.87498,
1742767067559,51.15947,1978,,Right,751.9218,759.2067,49.87498,
1742767067559,51.15947,1978,,Center,752.4199,759.2067,49.87498,
1742767067600,51.19661,1979,,Left,801.3534,771.4467,49.64562,
1742767067600,51.19661,1979,,Right,800.3527,771.4467,49.64562,
1742767067600,51.19661,1979,,Center,800.853,771.4467,49.64562,
1742767067642,51.23676,1980,,Left,804.7957,767.9283,49.61571,
1742767067642,51.23676,1980,,Right,803.7944,767.9283,49.61571,
1742767067642,51.23676,1980,,Center,804.2951,767.9283,49.61571,
1742767067683,51.28048,1981,,Left,801.9187,762.1588,49.63145,
1742767067683,51.28048,1981,,Right,800.9175,762.1588,49.63145,
1742767067683,51.28048,1981,,Center,801.4182,762.1588,49.63145,
1742767067723,51.32103,1982,,Left,819.77,759.0934,49.47639,
1742767067723,51.32103,1982,,Right,818.7657,759.0934,49.47638,
1742767067723,51.32103,1982,,Center,819.2678,759.0934,49.47639,
1742767067764,51.36065,1983,,Left,809.9222,763.1261,49.57018,
1742767067764,51.36065,1983,,Right,808.9199,763.1261,49.57018,
1742767067764,51.36065,1983,,Center,809.4211,763.1261,49.57018,
1742767067809,51.40118,1984,,Left,816.8445,773.2424,49.52696,
1742767067809,51.40118,1984,,Right,815.8414,773.2424,49.52697,
1742767067809,51.40118,1984,,Center,816.343,773.2424,49.52696,
1742767067852,51.44612,1985,,Left,821.0312,795.3406,49.49975,
1742767067852,51.44612,1985,,Right,820.0274,795.3406,49.49974,
1742767067852,51.44612,1985,,Center,820.5294,795.3406,49.49974,
1742767067887,51.49029,1986,,Left,836.9644,880.5817,48.96996,
1742767067887,51.49029,1986,,Right,835.9499,880.5817,48.96996,
1742767067887,51.49029,1986,,Center,836.4572,880.5817,48.96996,
1742767067929,51.52548,1987,,Left,825.3095,898.5099,48.92495,
1742767067929,51.52548,1987,,Right,824.294,898.5099,48.92495,
1742767067929,51.52548,1987,,Center,824.8018,898.5099,48.92496,
1742767067976,51.56592,1988,,Left,826.9377,821.4837,49.40107,
1742767067976,51.56592,1988,,Right,825.9321,821.4837,49.40107,
1742767067976,51.56592,1988,,Center,826.4349,821.4837,49.40108,
1742767068022,51.61329,1989,,Left,829.2753,798.9687,49.4173,
1742767068022,51.61329,1989,,Right,828.2698,798.9687,49.4173,
1742767068022,51.61329,1989,,Center,828.7725,798.9687,49.4173,
1742767068064,51.6588,1990,,Left,832.6088,787.0327,49.38028,
1742767068064,51.6588,1990,,Right,831.6027,787.0327,49.38027,
1742767068064,51.6588,1990,,Center,832.1057,787.0327,49.38028,
1742767068112,51.70062,1991,,Left,809.445,778.6187,49.5849,
1742767068112,51.70062,1991,,Right,808.4431,778.6187,49.5849,
1742767068112,51.70062,1991,,Center,808.944,778.6187,49.5849,
1742767068153,51.74882,1992,,Left,803.3196,774.5707,49.62001,
1742767068153,51.74882,1992,,Right,802.3183,774.5707,49.62001,
1742767068153,51.74882,1992,,Center,802.819,774.5707,49.62001,
1742767068203,51.79068,1993,,Left,780.975,781.504,49.77726,
1742767068203,51.79068,1993,,Right,779.9769,781.504,49.77727,
1742767068203,51.79068,1993,,Center,780.476,781.504,49.77727,
1742767068239,51.8392,1994,,Left,570.2784,891.0208,48.45729,
1742767068239,51.8392,1994,,Right,569.2531,891.0208,48.45729,
1742767068239,51.8392,1994,,Center,569.7658,891.0208,48.45729,
1742767068280,51.87563,1995,Eye Hit,Left,564.1677,899.004,48.30068,NorthWalkingPole
1742767068280,51.87563,1995,Eye Hit,Right,563.1391,899.004,48.30068,NorthWalkingPole
1742767068280,51.87563,1995,Eye Hit,Center,563.6534,899.004,48.30068,NorthWalkingPole
1742767068323,51.91636,1996,Eye Hit,Left,547.2772,862.9193,48.33581,NorthWalkingSignal
1742767068323,51.91636,1996,Eye Hit,Right,546.2493,862.9193,48.33581,NorthWalkingSignal
1742767068323,51.91636,1996,Eye Hit,Center,546.7632,862.9193,48.33581,NorthWalkingSignal
1742767068366,51.95998,1997,Eye Hit,Left,538.9295,850.88,48.27367,NorthWalkingSignal
1742767068366,51.95998,1997,Eye Hit,Right,537.9003,850.88,48.27367,NorthWalkingSignal
1742767068366,51.95998,1997,Eye Hit,Center,538.4149,850.88,48.27367,NorthWalkingSignal
1742767068409,52.00349,1998,Eye Hit,Left,538.3851,900.4213,47.90091,NorthWalkingSignal
1742767068409,52.00349,1998,Eye Hit,Right,537.3479,900.4213,47.90091,NorthWalkingSignal
1742767068409,52.00349,1998,Eye Hit,Center,537.8665,900.4213,47.90091,NorthWalkingSignal
1742767068457,52.04582,1999,Eye Hit,Left,539.3678,927.1848,47.63455,NorthWalkingSignal
1742767068457,52.04582,1999,Eye Hit,Right,538.3247,927.1848,47.63455,NorthWalkingSignal
1742767068457,52.04582,1999,Eye Hit,Center,538.8462,927.1848,47.63455,NorthWalkingSignal
1742767068506,52.09428,2000,Eye Hit,Left,538.8699,940.9766,47.45396,NorthWalkingSignal
1742767068506,52.09428,2000,Eye Hit,Right,537.8228,940.9766,47.45396,NorthWalkingSignal
1742767068506,52.09428,2000,Eye Hit,Center,538.3463,940.9766,47.45396,NorthWalkingSignal
1742767068551,52.14285,2001,Eye Hit,Left,531.3077,937.2072,47.3825,NorthWalkingSignal
1742767068551,52.14285,2001,Eye Hit,Right,530.2591,937.2072,47.3825,NorthWalkingSignal
1742767068551,52.14285,2001,Eye Hit,Center,530.7834,937.2072,47.3825,NorthWalkingSignal
1742767068589,52.18929,2002,Eye Hit,Left,532.7023,935.8067,47.41237,NorthWalkingSignal
1742767068589,52.18929,2002,Eye Hit,Right,531.6544,935.8067,47.41237,NorthWalkingSignal
1742767068589,52.18929,2002,Eye Hit,Center,532.1783,935.8067,47.41237,NorthWalkingSignal
1742767068628,52.2261,2003,,Left,686.8276,793.3383,49.86747,
1742767068628,52.2261,2003,,Right,685.8313,793.3383,49.86748,
1742767068628,52.2261,2003,,Center,686.3295,793.3383,49.86748,
1742767068670,52.26526,2004,Eye Hit,Left,755.9916,643.718,48.80759,NorthSidewalk
1742767068670,52.26526,2004,Eye Hit,Right,754.9735,643.718,48.80759,NorthSidewalk
1742767068670,52.26526,2004,Eye Hit,Center,755.4826,643.718,48.80759,NorthSidewalk
1742767068713,52.30739,2005,Eye Hit,Left,810.0037,559.7688,47.1184,RoadCrosswalk
1742767068713,52.30739,2005,Eye Hit,Right,808.9492,559.7688,47.1184,RoadCrosswalk
1742767068713,52.30739,2005,Eye Hit,Center,809.4764,559.7688,47.1184,RoadCrosswalk
1742767068754,52.35035,2006,Eye Hit,Left,855.9182,462.4596,44.64305,RoadCrosswalk
1742767068754,52.35035,2006,Eye Hit,Right,854.8054,462.4596,44.64305,RoadCrosswalk
1742767068754,52.35035,2006,Eye Hit,Center,855.3618,462.4596,44.64305,RoadCrosswalk
1742767068802,52.3922,2007,Eye Hit,Left,867.5001,438.1588,43.94757,RoadCrosswalk
1742767068802,52.3922,2007,Eye Hit,Right,866.3696,438.1588,43.94757,RoadCrosswalk
1742767068802,52.3922,2007,Eye Hit,Center,866.9348,438.1588,43.94757,RoadCrosswalk
1742767068838,52.43837,2008,Eye Hit,Left,801.345,380.9288,43.01988,RoadCrosswalk
1742767068838,52.43837,2008,Eye Hit,Right,800.1901,380.9288,43.01988,RoadCrosswalk
1742767068838,52.43837,2008,Eye Hit,Center,800.7675,380.9288,43.01988,RoadCrosswalk
1742767068877,52.47556,2009,Eye Hit,Left,794.7343,382.2861,43.06658,RoadCrosswalk
1742767068877,52.47556,2009,Eye Hit,Right,793.5807,382.2861,43.06657,RoadCrosswalk
1742767068877,52.47556,2009,Eye Hit,Center,794.1575,382.2861,43.06657,RoadCrosswalk
1742767068918,52.51408,2010,Eye Hit,Left,810.3464,398.2281,43.37035,RoadCrosswalk
1742767068918,52.51408,2010,Eye Hit,Right,809.2009,398.2281,43.37035,RoadCrosswalk
1742767068918,52.51408,2010,Eye Hit,Center,809.7737,398.2281,43.37035,RoadCrosswalk
1742767068962,52.55582,2011,Eye Hit,Left,798.9938,431.5081,44.244,RoadCrosswalk
1742767068962,52.55582,2011,Eye Hit,Right,797.8708,431.5081,44.244,RoadCrosswalk
1742767068962,52.55582,2011,Eye Hit,Center,798.4323,431.5081,44.244,RoadCrosswalk
1742767069006,52.59953,2012,Eye Hit,Left,828.7518,436.5197,44.19007,RoadCrosswalk
1742767069006,52.59953,2012,Eye Hit,Right,827.6274,436.5197,44.19007,RoadCrosswalk
1742767069006,52.59953,2012,Eye Hit,Center,828.1896,436.5197,44.19007,RoadCrosswalk
1742767069047,52.64277,2013,Eye Hit,Left,822.717,405.1122,43.44218,RoadCrosswalk
1742767069047,52.64277,2013,Eye Hit,Right,821.5733,405.1122,43.44218,RoadCrosswalk
1742767069047,52.64277,2013,Eye Hit,Center,822.1451,405.1122,43.44218,RoadCrosswalk
1742767069095,52.68435,2014,Eye Hit,Left,820.7958,368.8403,42.51774,RoadCrosswalk
1742767069095,52.68435,2014,Eye Hit,Right,819.6273,368.8403,42.51774,RoadCrosswalk
1742767069095,52.68435,2014,Eye Hit,Center,820.2115,368.8403,42.51774,RoadCrosswalk
1742767069144,52.73248,2015,Eye Hit,Left,805.0472,269.8578,39.97998,RoadCrosswalk
1742767069144,52.73248,2015,Eye Hit,Right,803.8045,269.8578,39.97999,RoadCrosswalk
1742767069144,52.73248,2015,Eye Hit,Center,804.4259,269.8578,39.97999,RoadCrosswalk
1742767069192,52.78165,2016,Eye Hit,Left,769.6552,235.222,39.21272,RoadCrosswalk
1742767069192,52.78165,2016,Eye Hit,Right,768.3882,235.222,39.21272,RoadCrosswalk
1742767069192,52.78165,2016,Eye Hit,Center,769.0217,235.222,39.21272,RoadCrosswalk
1742767069241,52.83002,2017,Eye Hit,Left,777.0087,240.5977,39.31443,RoadCrosswalk
1742767069241,52.83002,2017,Eye Hit,Right,775.7449,240.5977,39.31443,RoadCrosswalk
1742767069241,52.83002,2017,Eye Hit,Center,776.3768,240.5976,39.31443,RoadCrosswalk
1742767069288,52.87814,2018,Eye Hit,Left,822.1,380.2202,42.80767,RoadCrosswalk
1742767069288,52.87814,2018,Eye Hit,Right,820.9394,380.2202,42.80766,RoadCrosswalk
1742767069288,52.87814,2018,Eye Hit,Center,821.5197,380.2202,42.80767,RoadCrosswalk
1742767069331,52.92502,2019,Eye Hit,Left,808.838,467.0126,45.0057,RoadCrosswalk
1742767069331,52.92502,2019,Eye Hit,Right,807.7341,467.0126,45.0057,RoadCrosswalk
1742767069331,52.92502,2019,Eye Hit,Center,808.2861,467.0126,45.00571,RoadCrosswalk
1742767069380,52.96835,2020,Eye Hit,Left,754.978,529.6404,46.65337,RoadCrosswalk
1742767069380,52.96835,2020,Eye Hit,Right,753.913,529.6404,46.65337,RoadCrosswalk
1742767069380,52.96835,2020,Eye Hit,Center,754.4455,529.6404,46.65337,RoadCrosswalk
1742767069425,53.01717,2021,Eye Hit,Left,725.8389,553.4243,47.16642,RoadCrosswalk
1742767069425,53.01717,2021,Eye Hit,Right,724.7856,553.4243,47.16642,RoadCrosswalk
1742767069425,53.01717,2021,Eye Hit,Center,725.3123,553.4243,47.16642,RoadCrosswalk
1742767069464,53.06207,2022,Eye Hit,Left,727.6624,570.4476,47.47249,RoadCrosswalk
1742767069464,53.06207,2022,Eye Hit,Right,726.6157,570.4476,47.47249,RoadCrosswalk
1742767069464,53.06207,2022,Eye Hit,Center,727.139,570.4476,47.47249,RoadCrosswalk
1742767069504,53.10088,2023,Eye Hit,Left,743.8964,545.8182,47.00185,RoadCrosswalk
1742767069504,53.10088,2023,Eye Hit,Right,742.8393,545.8182,47.00185,RoadCrosswalk
1742767069504,53.10088,2023,Eye Hit,Center,743.3679,545.8182,47.00185,RoadCrosswalk
1742767069549,53.14089,2024,Eye Hit,Left,716.8084,554.8502,47.17936,RoadCrosswalk
1742767069549,53.14089,2024,Eye Hit,Right,715.7553,554.8502,47.17936,RoadCrosswalk
1742767069549,53.14089,2024,Eye Hit,Center,716.2819,554.8502,47.17937,RoadCrosswalk
1742767069592,53.18554,2025,Eye Hit,Left,720.5594,548.7959,47.03172,RoadCrosswalk
1742767069592,53.18554,2025,Eye Hit,Right,719.5029,548.7959,47.03172,RoadCrosswalk
1742767069592,53.18554,2025,Eye Hit,Center,720.0311,548.7959,47.03172,RoadCrosswalk
1742767069632,53.22924,2026,Eye Hit,Left,753.639,529.2201,46.61174,RoadCrosswalk
1742767069632,53.22924,2026,Eye Hit,Right,752.5731,529.2201,46.61174,RoadCrosswalk
1742767069632,53.22924,2026,Eye Hit,Center,753.1061,529.2201,46.61174,RoadCrosswalk
1742767069683,53.27296,2027,Eye Hit,Left,750.2451,588.5737,47.75487,RoadCrosswalk
1742767069683,53.27296,2027,Eye Hit,Right,749.2047,588.5737,47.75486,RoadCrosswalk
1742767069683,53.27296,2027,Eye Hit,Center,749.7249,588.5737,47.75487,RoadCrosswalk
1742767069734,53.32058,2028,Eye Hit,Left,732.02,470.2371,45.26797,RoadCrosswalk
1742767069734,53.32058,2028,Eye Hit,Right,730.9225,470.2371,45.26797,RoadCrosswalk
1742767069734,53.32058,2028,Eye Hit,Center,731.4713,470.2371,45.26797,RoadCrosswalk
1742767069778,53.37121,2029,Eye Hit,Left,751.933,503.5252,46.05075,RoadCrosswalk
1742767069778,53.37121,2029,Eye Hit,Right,750.8542,503.5252,46.05075,RoadCrosswalk
1742767069778,53.37121,2029,Eye Hit,Center,751.3936,503.5252,46.05075,RoadCrosswalk
1742767069826,53.41547,2030,Eye Hit,Left,779.7153,492.1902,45.65461,RoadCrosswalk
1742767069826,53.41547,2030,Eye Hit,Right,778.627,492.1902,45.65461,RoadCrosswalk
1742767069826,53.41547,2030,Eye Hit,Center,779.1711,492.1902,45.65461,RoadCrosswalk
1742767069871,53.46279,2031,Eye Hit,Left,734.1617,533.4703,46.7167,RoadCrosswalk
1742767069871,53.46279,2031,Eye Hit,Right,733.0983,533.4703,46.7167,RoadCrosswalk
1742767069871,53.46279,2031,Eye Hit,Center,733.63,533.4703,46.7167,RoadCrosswalk
1742767069909,53.50784,2032,Eye Hit,Left,720.9956,611.3139,48.13586,RoadCrosswalk
1742767069909,53.50784,2032,Eye Hit,Right,719.9635,611.3139,48.13586,RoadCrosswalk
1742767069909,53.50784,2032,Eye Hit,Center,720.4796,611.3139,48.13586,RoadCrosswalk
1742767069949,53.54634,2033,Eye Hit,Left,681.1517,614.0026,48.07996,RoadCrosswalk
1742767069949,53.54634,2033,Eye Hit,Right,680.1183,614.0026,48.07996,RoadCrosswalk
1742767069949,53.54634,2033,Eye Hit,Center,680.6351,614.0026,48.07997,RoadCrosswalk
1742767069998,53.59244,2034,Eye Hit,Left,646.9326,586.9285,47.43506,RoadCrosswalk
1742767069998,53.59244,2034,Eye Hit,Right,645.8851,586.9285,47.43505,RoadCrosswalk
1742767069998,53.59244,2034,Eye Hit,Center,646.4089,586.9285,47.43506,RoadCrosswalk
1742767070033,53.63505,2035,Eye Hit,Left,715.5175,691.8145,49.15883,NorthSidewalk
1742767070033,53.63505,2035,Eye Hit,Right,714.5068,691.8145,49.15883,NorthSidewalk
1742767070033,53.63505,2035,Eye Hit,Center,715.0121,691.8145,49.15882,NorthSidewalk
1742767070068,53.6702,2036,Eye Hit,Left,692.7125,791.5925,49.59668,NorthSidewalk
1742767070068,53.6702,2036,Eye Hit,Right,691.7108,791.5925,49.59668,NorthSidewalk
1742767070068,53.6702,2036,Eye Hit,Center,692.2116,791.5925,49.59668,NorthSidewalk
1742767070104,53.7044,2037,,Left,698.6188,814.9583,49.5997,
1742767070104,53.7044,2037,,Right,697.6171,814.9583,49.5997,
1742767070104,53.7044,2037,,Center,698.1179,814.9583,49.5997,
1742767070150,53.74059,2038,,Left,738.4465,789.3414,49.60714,
1742767070150,53.74059,2038,,Right,737.4449,789.3414,49.60714,
1742767070150,53.74059,2038,,Center,737.9457,789.3414,49.60714,
1742767070191,53.78699,2039,Eye Hit,Left,714.8041,823.9435,49.5428,Car4-Detailed
1742767070191,53.78699,2039,Eye Hit,Right,713.8012,823.9435,49.5428,Car4-Detailed
1742767070191,53.78699,2039,Eye Hit,Center,714.3027,823.9435,49.5428,Car4-Detailed
1742767070232,53.82733,2040,,Left,645.0159,815.2868,49.354,
1742767070232,53.82733,2040,,Right,644.0093,815.2868,49.35399,
1742767070232,53.82733,2040,,Center,644.5126,815.2868,49.354,
1742767070274,53.86827,2041,,Left,638.2476,809.3445,49.2958,
1742767070274,53.86827,2041,,Right,637.2396,809.3445,49.2958,
1742767070274,53.86827,2041,,Center,637.7436,809.3445,49.2958,
1742767070317,53.91019,2042,,Left,649.7119,787.8558,49.37297,
1742767070317,53.91019,2042,,Right,648.7055,787.8558,49.37297,
1742767070317,53.91019,2042,,Center,649.2087,787.8558,49.37297,
1742767070363,53.95451,2043,,Left,669.8264,765.6255,49.43953,
1742767070363,53.95451,2043,,Right,668.8214,765.6255,49.43954,
1742767070363,53.95451,2043,,Center,669.3239,765.6255,49.43954,
1742767070402,53.99991,2044,,Left,626.7997,746.66,49.13542,
1742767070402,53.99991,2044,,Right,625.7886,746.66,49.13541,
1742767070402,53.99991,2044,,Center,626.2942,746.66,49.13541,
1742767070443,54.039,2045,,Left,618.6078,795.3967,49.14371,
1742767070443,54.039,2045,,Right,617.5969,795.3967,49.14371,
1742767070443,54.039,2045,,Center,618.1024,795.3967,49.14371,
1742767070484,54.07972,2046,,Left,640.3787,792.5476,49.31031,
1742767070484,54.07972,2046,,Right,639.371,792.5476,49.31031,
1742767070484,54.07972,2046,,Center,639.8749,792.5476,49.31031,
1742767070526,54.12145,2047,,Left,665.4835,831.0748,49.38327,
1742767070526,54.12145,2047,,Right,664.4774,831.0748,49.38327,
1742767070526,54.12145,2047,,Center,664.9804,831.0748,49.38327,
1742767070567,54.16278,2048,,Left,678.6287,816.2956,49.54642,
1742767070567,54.16278,2048,,Right,677.626,816.2956,49.54642,
1742767070567,54.16278,2048,,Center,678.1273,816.2956,49.54642,
1742767070609,54.20339,2049,,Left,682.2195,812.9551,49.54448,
1742767070609,54.20339,2049,,Right,681.2167,812.9551,49.54448,
1742767070609,54.20339,2049,,Center,681.7181,812.9551,49.54447,
1742767070656,54.2451,2050,,Left,676.2335,791.8321,49.52476,
1742767070656,54.2451,2050,,Right,675.2302,791.8321,49.52476,
1742767070656,54.2451,2050,,Center,675.7319,791.8321,49.52476,
1742767070693,54.29245,2051,,Left,684.2059,786.3675,49.53798,
1742767070693,54.29245,2051,,Right,683.2029,786.3675,49.53798,
1742767070693,54.29245,2051,,Center,683.7044,786.3675,49.53798,
1742767070736,54.33002,2052,,Left,696.0633,776.8026,49.62599,
1742767070736,54.33002,2052,,Right,695.0621,776.8026,49.62599,
1742767070736,54.33002,2052,,Center,695.5627,776.8026,49.62599,
1742767070779,54.37275,2053,,Left,681.5844,742.8189,49.45899,
1742767070779,54.37275,2053,,Right,680.5798,742.8189,49.45899,
1742767070779,54.37275,2053,,Center,681.082,742.8189,49.45899,
1742767070819,54.41571,2054,,Left,655.1667,798.547,49.433,
1742767070819,54.41571,2054,,Right,654.1616,798.547,49.43301,
1742767070819,54.41571,2054,,Center,654.6642,798.547,49.43301,
1742767070858,54.45644,2055,,Left,661.3373,791.9924,49.53724,
1742767070858,54.45644,2055,,Right,660.3344,791.9924,49.53724,
1742767070858,54.45644,2055,,Center,660.8358,791.9924,49.53724,
1742767070899,54.49446,2056,,Left,674.2008,789.162,49.58384,
1742767070899,54.49446,2056,,Right,673.1987,789.162,49.58384,
1742767070899,54.49446,2056,,Center,673.6998,789.162,49.58384,
1742767070941,54.5357,2057,,Left,651.8627,791.1367,49.44709,
1742767070941,54.5357,2057,,Right,650.8579,791.1367,49.44709,
1742767070941,54.5357,2057,,Center,651.3604,791.1367,49.44709,
1742767070990,54.57792,2058,,Left,642.4951,794.551,49.36775,
1742767070990,54.57792,2058,,Right,641.4887,794.551,49.36776,
1742767070990,54.57792,2058,,Center,641.9919,794.551,49.36776,
1742767071024,54.6264,2059,,Left,709.8123,761.8974,49.5952,
1742767071024,54.6264,2059,,Right,708.8105,761.8974,49.5952,
1742767071024,54.6264,2059,,Center,709.3115,761.8974,49.5952,
1742767071065,54.66068,2060,Eye Hit,Left,734.5697,688.7778,49.18602,NorthSidewalk
1742767071065,54.66068,2060,Eye Hit,Right,733.5595,688.7778,49.18602,NorthSidewalk
1742767071065,54.66068,2060,Eye Hit,Center,734.0646,688.7778,49.18602,NorthSidewalk
1742767071108,54.70182,2061,Eye Hit,Left,737.5508,663.1914,48.89009,NorthSidewalk
1742767071108,54.70182,2061,Eye Hit,Right,736.5346,663.1914,48.89009,NorthSidewalk
1742767071108,54.70182,2061,Eye Hit,Center,737.0427,663.1914,48.89009,NorthSidewalk
1742767071151,54.74464,2062,Eye Hit,Left,755.3768,642.746,48.56664,NorthSidewalk
1742767071151,54.74464,2062,Eye Hit,Right,754.3538,642.746,48.56665,NorthSidewalk
1742767071151,54.74464,2062,Eye Hit,Center,754.8653,642.746,48.56664,NorthSidewalk
1742767071195,54.78891,2063,Eye Hit,Left,764.6881,585.1699,47.68585,NorthSidewalk
1742767071195,54.78891,2063,Eye Hit,Right,763.6462,585.1699,47.68585,NorthSidewalk
1742767071195,54.78891,2063,Eye Hit,Center,764.1671,585.1699,47.68584,NorthSidewalk
1742767071240,54.83123,2064,Eye Hit,Left,747.8026,651.7716,48.75974,NorthSidewalk
1742767071240,54.83123,2064,Eye Hit,Right,746.7836,651.7715,48.75974,NorthSidewalk
1742767071240,54.83123,2064,Eye Hit,Center,747.293,651.7716,48.75974,NorthSidewalk
1742767071279,54.87626,2065,Eye Hit,Left,782.0996,677.9036,48.91771,NorthSidewalk
1742767071279,54.87626,2065,Eye Hit,Right,781.084,677.9036,48.9177,NorthSidewalk
1742767071279,54.87626,2065,Eye Hit,Center,781.5917,677.9036,48.91771,NorthSidewalk
1742767071317,54.9156,2066,Eye Hit,Left,784.2311,654.5783,48.63273,NorthSidewalk
1742767071317,54.9156,2066,Eye Hit,Right,783.2095,654.5783,48.63273,NorthSidewalk
1742767071317,54.9156,2066,Eye Hit,Center,783.7203,654.5783,48.63273,NorthSidewalk
1742767071361,54.95411,2067,Eye Hit,Left,779.035,607.9072,48.04525,NorthSidewalk
1742767071361,54.95411,2067,Eye Hit,Right,778.001,607.9072,48.04525,NorthSidewalk
1742767071361,54.95411,2067,Eye Hit,Center,778.518,607.9072,48.04525,NorthSidewalk
1742767071404,54.99757,2068,Eye Hit,Left,778.2096,594.7327,47.82064,NorthSidewalk
1742767071404,54.99757,2068,Eye Hit,Right,777.1706,594.7327,47.82063,NorthSidewalk
1742767071404,54.99757,2068,Eye Hit,Center,777.6901,594.7327,47.82063,NorthSidewalk
1742767071444,55.04032,2069,Eye Hit,Left,780.5313,573.4296,47.41745,NorthSidewalk
1742767071444,55.04032,2069,Eye Hit,Right,779.4836,573.4296,47.41745,NorthSidewalk
1742767071444,55.04032,2069,Eye Hit,Center,780.0075,573.4296,47.41746,NorthSidewalk
1742767071488,55.08096,2070,Eye Hit,Left,820.6276,561.7648,46.9217,NorthSidewalk
1742767071488,55.08096,2070,Eye Hit,Right,819.5687,561.7648,46.9217,NorthSidewalk
1742767071488,55.08096,2070,Eye Hit,Center,820.0981,561.7648,46.9217,NorthSidewalk
1742767071535,55.1251,2071,Eye Hit,Left,836.6995,576.2494,47.08514,NorthSidewalk
1742767071535,55.1251,2071,Eye Hit,Right,835.6443,576.2494,47.08514,NorthSidewalk
1742767071535,55.1251,2071,Eye Hit,Center,836.1719,576.2494,47.08514,NorthSidewalk
1742767071574,55.17107,2072,Eye Hit,Left,821.8213,533.0465,46.38448,NorthSidewalk
1742767071574,55.17107,2072,Eye Hit,Right,820.7501,533.0465,46.38448,NorthSidewalk
1742767071574,55.17107,2072,Eye Hit,Center,821.2857,533.0465,46.38447,NorthSidewalk
1742767071612,55.21021,2073,Eye Hit,Left,827.3734,539.5266,46.46753,NorthSidewalk
1742767071612,55.21021,2073,Eye Hit,Right,826.3041,539.5266,46.46753,NorthSidewalk
1742767071612,55.21021,2073,Eye Hit,Center,826.8387,539.5266,46.46753,NorthSidewalk
1742767071654,55.24879,2074,Eye Hit,Left,803.6011,592.8414,47.64574,NorthSidewalk
1742767071654,55.24879,2074,Eye Hit,Right,802.5583,592.8414,47.64574,NorthSidewalk
1742767071654,55.24879,2074,Eye Hit,Center,803.0797,592.8414,47.64574,NorthSidewalk
1742767071696,55.29114,2075,Eye Hit,Left,812.7526,596.4301,47.68725,NorthSidewalk
1742767071696,55.29114,2075,Eye Hit,Right,811.7107,596.4301,47.68725,NorthSidewalk
1742767071696,55.29114,2075,Eye Hit,Center,812.2316,596.4301,47.68725,NorthSidewalk
1742767071738,55.33176,2076,Eye Hit,Left,817.093,552.697,46.8578,NorthSidewalk
1742767071738,55.33176,2076,Eye Hit,Right,816.0327,552.697,46.85779,NorthSidewalk
1742767071738,55.33176,2076,Eye Hit,Center,816.5628,552.697,46.8578,NorthSidewalk
1742767071781,55.37447,2077,Eye Hit,Left,806.9357,548.2308,46.83806,NorthSidewalk
1742767071781,55.37447,2077,Eye Hit,Right,805.8749,548.2308,46.83806,NorthSidewalk
1742767071781,55.37447,2077,Eye Hit,Center,806.4053,548.2308,46.83806,NorthSidewalk
1742767071826,55.41741,2078,Eye Hit,Left,808.4186,575.6978,47.33748,NorthSidewalk
1742767071827,55.41741,2078,Eye Hit,Right,807.369,575.6978,47.33749,NorthSidewalk
1742767071827,55.41741,2078,Eye Hit,Center,807.8938,575.6978,47.33748,NorthSidewalk
1742767071864,55.46309,2079,Eye Hit,Left,824.7148,523.4753,46.2205,NorthSidewalk
1742767071864,55.46309,2079,Eye Hit,Right,823.6399,523.4753,46.22049,NorthSidewalk
1742767071864,55.46309,2079,Eye Hit,Center,824.1774,523.4753,46.22049,NorthSidewalk
1742767071904,55.5008,2080,Eye Hit,Left,830.5259,489.5784,45.42964,NorthSidewalk
1742767071904,55.5008,2080,Eye Hit,Right,829.4323,489.5784,45.42964,NorthSidewalk
1742767071904,55.5008,2080,Eye Hit,Center,829.9791,489.5784,45.42964,NorthSidewalk
1742767071946,55.54071,2081,Eye Hit,Left,848.8531,431.2527,43.9078,NorthSidewalk
1742767071946,55.54071,2081,Eye Hit,Right,847.7215,431.2527,43.9078,NorthSidewalk
1742767071946,55.54071,2081,Eye Hit,Center,848.2873,431.2527,43.9078,NorthSidewalk
1742767071987,55.58244,2082,Eye Hit,Left,836.8067,394.4004,43.08371,NorthSidewalk
1742767071987,55.58244,2082,Eye Hit,Right,835.6536,394.4004,43.08371,NorthSidewalk
1742767071988,55.58244,2082,Eye Hit,Center,836.2302,394.4004,43.08371,NorthSidewalk
1742767072033,55.62492,2083,Eye Hit,Left,829.488,364.849,42.4065,NorthSidewalk
1742767072033,55.62492,2083,Eye Hit,Right,828.3165,364.849,42.4065,NorthSidewalk
1742767072033,55.62492,2083,Eye Hit,Center,828.9022,364.849,42.40649,NorthSidewalk
1742767072076,55.67047,2084,Eye Hit,Left,789.3673,402.1758,43.57714,NorthSidewalk
1742767072076,55.67047,2084,Eye Hit,Right,788.2272,402.1758,43.57713,NorthSidewalk
1742767072076,55.67047,2084,Eye Hit,Center,788.7972,402.1758,43.57714,NorthSidewalk
1742767072112,55.71262,2085,Eye Hit,Left,808.3816,387.9105,43.11503,NorthSidewalk
1742767072112,55.71262,2085,Eye Hit,Right,807.2292,387.9105,43.11503,NorthSidewalk
1742767072112,55.71262,2085,Eye Hit,Center,807.8054,387.9105,43.11503,NorthSidewalk
1742767072148,55.7489,2086,Eye Hit,Left,804.1094,386.9552,43.11302,NorthSidewalk
1742767072148,55.7489,2086,Eye Hit,Right,802.9569,386.9552,43.11303,NorthSidewalk
1742767072148,55.7489,2086,Eye Hit,Center,803.5331,386.9552,43.11302,NorthSidewalk
1742767072182,55.78474,2087,Eye Hit,Left,787.1298,434.5486,44.43808,NorthSidewalk
1742767072182,55.78474,2087,Eye Hit,Right,786.0118,434.5486,44.43808,NorthSidewalk
1742767072182,55.78474,2087,Eye Hit,Center,786.5708,434.5486,44.43808,NorthSidewalk
1742767072225,55.81874,2088,Eye Hit,Left,779.2722,448.3044,44.7697,NorthSidewalk
1742767072225,55.81874,2088,Eye Hit,Right,778.1625,448.3044,44.76969,NorthSidewalk
1742767072225,55.81874,2088,Eye Hit,Center,778.7173,448.3044,44.76969,NorthSidewalk
1742767072267,55.86121,2089,Eye Hit,Left,789.2031,450.9544,44.81894,NorthSidewalk
1742767072267,55.86121,2089,Eye Hit,Right,788.0945,450.9544,44.81894,NorthSidewalk
1742767072267,55.86121,2089,Eye Hit,Center,788.6487,450.9544,44.81894,NorthSidewalk
1742767072309,55.90322,2090,Eye Hit,Left,783.7311,435.6403,44.46123,NorthSidewalk
1742767072309,55.90322,2090,Eye Hit,Right,782.6136,435.6403,44.46123,NorthSidewalk
1742767072309,55.90322,2090,Eye Hit,Center,783.1723,435.6403,44.46123,NorthSidewalk
1742767072350,55.94598,2091,Eye Hit,Left,769.4953,417.9453,44.06334,NorthSidewalk
1742767072350,55.94598,2091,Eye Hit,Right,768.3677,417.9453,44.06334,NorthSidewalk
1742767072350,55.94598,2091,Eye Hit,Center,768.9315,417.9453,44.06334,NorthSidewalk
1742767072391,55.98613,2092,Eye Hit,Left,782.7754,417.2374,44.01386,NorthSidewalk
1742767072391,55.98613,2092,Eye Hit,Right,781.6465,417.2374,44.01386,NorthSidewalk
1742767072391,55.98613,2092,Eye Hit,Center,782.2109,417.2374,44.01387,NorthSidewalk
1742767072435,56.02773,2093,Eye Hit,Left,771.0338,389.7966,43.34496,NorthSidewalk
1742767072435,56.02773,2093,Eye Hit,Right,769.8876,389.7966,43.34496,NorthSidewalk
1742767072435,56.02773,2093,Eye Hit,Center,770.4606,389.7966,43.34496,NorthSidewalk
1742767072481,56.07133,2094,Eye Hit,Left,760.0101,402.6843,43.69528,NorthSidewalk
1742767072481,56.07133,2094,Eye Hit,Right,758.873,402.6843,43.69528,NorthSidewalk
1742767072481,56.07133,2094,Eye Hit,Center,759.4415,402.6843,43.69528,NorthSidewalk
1742767072518,56.11755,2095,Eye Hit,Left,756.7768,431.6014,44.42371,NorthSidewalk
1742767072518,56.11755,2095,Eye Hit,Right,755.6584,431.6014,44.42371,NorthSidewalk
1742767072518,56.11755,2095,Eye Hit,Center,756.2175,431.6014,44.42371,NorthSidewalk
1742767072559,56.15479,2096,Eye Hit,Left,741.3339,419.7392,44.1848,NorthSidewalk
1742767072559,56.15479,2096,Eye Hit,Right,740.2094,419.7392,44.1848,NorthSidewalk
1742767072559,56.15479,2096,Eye Hit,Center,740.7717,419.7391,44.1848,NorthSidewalk
1742767072602,56.19526,2097,Eye Hit,Left,702.7386,407.3856,43.86946,NorthSidewalk
1742767072602,56.19526,2097,Eye Hit,Right,701.6061,407.3856,43.86946,NorthSidewalk
1742767072602,56.19526,2097,Eye Hit,Center,702.1724,407.3856,43.86946,NorthSidewalk
1742767072644,56.23814,2098,Eye Hit,Left,603.366,449.9416,44.4604,NorthSidewalk
1742767072644,56.23814,2098,Eye Hit,Right,602.2486,449.9416,44.4604,NorthSidewalk
1742767072644,56.23814,2098,Eye Hit,Center,602.8073,449.9416,44.4604,NorthSidewalk
1742767072686,56.28035,2099,Eye Hit,Left,469.1725,473.0231,43.32355,NorthSidewalk
1742767072686,56.28035,2099,Eye Hit,Right,468.0257,473.0231,43.32355,NorthSidewalk
1742767072686,56.28035,2099,Eye Hit,Center,468.5992,473.0231,43.32354,NorthSidewalk
1742767072727,56.32311,2100,Eye Hit,Left,474.5263,491.3137,43.80793,NorthSidewalk
1742767072727,56.32311,2100,Eye Hit,Right,473.3922,491.3137,43.80792,NorthSidewalk
1742767072727,56.32311,2100,Eye Hit,Center,473.9593,491.3137,43.80792,NorthSidewalk
1742767072770,56.36349,2101,Eye Hit,Left,477.6079,477.985,43.58415,NorthSidewalk
1742767072770,56.36349,2101,Eye Hit,Right,476.4679,477.985,43.58414,NorthSidewalk
1742767072770,56.36349,2101,Eye Hit,Center,477.0379,477.985,43.58414,NorthSidewalk
1742767072814,56.40609,2102,Eye Hit,Left,479.091,464.7798,43.32839,NorthSidewalk
1742767072814,56.40609,2102,Eye Hit,Right,477.9443,464.7798,43.32839,NorthSidewalk
1742767072814,56.40609,2102,Eye Hit,Center,478.5177,464.7798,43.32839,NorthSidewalk
1742767072850,56.45017,2103,Eye Hit,Left,484.7831,483.5562,43.79681,NorthSidewalk
1742767072850,56.45017,2103,Eye Hit,Right,483.6487,483.5562,43.79681,NorthSidewalk
1742767072850,56.45017,2103,Eye Hit,Center,484.2159,483.5562,43.79681,NorthSidewalk
1742767072894,56.48816,2104,Eye Hit,Left,455.8494,496.3327,43.5974,NorthSidewalk
1742767072894,56.48816,2104,Eye Hit,Right,454.7098,496.3327,43.5974,NorthSidewalk
1742767072894,56.48816,2104,Eye Hit,Center,455.2796,496.3327,43.5974,NorthSidewalk
1742767072934,56.53013,2105,Eye Hit,Left,453.2766,441.952,42.44691,NorthSidewalk
1742767072934,56.53013,2105,Eye Hit,Right,452.1061,441.952,42.44691,NorthSidewalk
1742767072934,56.53013,2105,Eye Hit,Center,452.6913,441.952,42.44692,NorthSidewalk
1742767072977,56.57019,2106,Eye Hit,Left,460.445,452.1746,42.76802,NorthSidewalk
1742767072977,56.57019,2106,Eye Hit,Right,459.2833,452.1746,42.76803,NorthSidewalk
1742767072977,56.57019,2106,Eye Hit,Center,459.8642,452.1746,42.76802,NorthSidewalk
1742767073018,56.6138,2107,Eye Hit,Left,488.5352,457.7672,43.31086,NorthSidewalk
1742767073018,56.6138,2107,Eye Hit,Right,487.388,457.7672,43.31086,NorthSidewalk
1742767073018,56.6138,2107,Eye Hit,Center,487.9616,457.7672,43.31086,NorthSidewalk
1742767073062,56.65519,2108,Eye Hit,Left,522.7141,466.1597,43.99569,NorthSidewalk
1742767073062,56.65519,2108,Eye Hit,Right,521.5848,466.1597,43.99569,NorthSidewalk
1742767073062,56.65519,2108,Eye Hit,Center,522.1495,466.1597,43.99569,NorthSidewalk
1742767073109,56.69825,2109,Eye Hit,Left,542.7146,477.2964,44.49406,NorthSidewalk
1742767073109,56.69825,2109,Eye Hit,Right,541.598,477.2964,44.49406,NorthSidewalk
1742767073109,56.69825,2109,Eye Hit,Center,542.1563,477.2964,44.49406,NorthSidewalk
1742767073143,56.7453,2110,Eye Hit,Left,603.8582,512.2067,45.90074,NorthSidewalk
1742767073143,56.7453,2110,Eye Hit,Right,602.7758,512.2067,45.90074,NorthSidewalk
1742767073143,56.7453,2110,Eye Hit,Center,603.317,512.2067,45.90075,NorthSidewalk
1742767073184,56.77932,2111,Eye Hit,Left,677.6506,526.9653,46.67648,NorthSidewalk
1742767073184,56.77932,2111,Eye Hit,Right,676.5862,526.9653,46.67648,NorthSidewalk
1742767073184,56.77932,2111,Eye Hit,Center,677.1183,526.9653,46.67648,NorthSidewalk
1742767073226,56.82174,2112,Eye Hit,Left,627.8786,602.095,47.85435,NorthSidewalk
1742767073226,56.82174,2112,Eye Hit,Right,626.8404,602.095,47.85435,NorthSidewalk
1742767073226,56.82174,2112,Eye Hit,Center,627.3595,602.095,47.85435,NorthSidewalk
1742767073268,56.86243,2113,Eye Hit,Left,631.2079,645.407,48.52279,NorthSidewalk
1742767073268,56.86243,2113,Eye Hit,Right,630.184,645.407,48.52279,NorthSidewalk
1742767073268,56.86243,2113,Eye Hit,Center,630.696,645.407,48.52279,NorthSidewalk
1742767073315,56.90512,2114,Eye Hit,Left,584.0309,654.2227,48.16984,NorthSidewalk
1742767073315,56.90512,2114,Eye Hit,Right,582.9995,654.2227,48.16984,NorthSidewalk
1742767073315,56.90512,2114,Eye Hit,Center,583.5152,654.2227,48.16984,NorthSidewalk
1742767073354,56.95276,2115,Eye Hit,Left,571.7454,695.4348,48.44201,NorthSidewalk
1742767073354,56.95276,2115,Eye Hit,Right,570.7197,695.4348,48.44202,NorthSidewalk
1742767073354,56.95276,2115,Eye Hit,Center,571.2325,695.4348,48.44202,NorthSidewalk
1742767073392,56.99317,2116,Eye Hit,Left,641.9096,729.3226,49.42868,NorthSidewalk
1742767073392,56.99317,2116,Eye Hit,Right,640.9044,729.3226,49.42868,NorthSidewalk
1742767073392,56.99317,2116,Eye Hit,Center,641.4071,729.3226,49.42868,NorthSidewalk
1742767073425,57.02889,2117,Eye Hit,Left,697.6287,731.1169,49.70248,NorthSidewalk
1742767073425,57.02889,2117,Eye Hit,Right,696.6291,731.1169,49.70248,NorthSidewalk
1742767073425,57.02889,2117,Eye Hit,Center,697.1288,731.1169,49.70248,NorthSidewalk
1742767073460,57.06145,2118,Eye Hit,Left,706.6935,715.227,49.61816,NorthSidewalk
1742767073460,57.06145,2118,Eye Hit,Right,705.6921,715.227,49.61816,NorthSidewalk
1742767073460,57.06145,2118,Eye Hit,Center,706.1928,715.227,49.61815,NorthSidewalk
1742767073499,57.09651,2119,Eye Hit,Left,728.7821,696.9687,49.47127,NorthSidewalk
1742767073499,57.09651,2119,Eye Hit,Right,727.7778,696.9687,49.47128,NorthSidewalk
1742767073499,57.09651,2119,Eye Hit,Center,728.28,696.9687,49.47127,NorthSidewalk
1742767073535,57.13597,2120,Eye Hit,Left,759.2503,684.0601,49.28093,NorthSidewalk
1742767073535,57.13597,2120,Eye Hit,Right,758.2421,684.0601,49.28093,NorthSidewalk
1742767073535,57.13597,2120,Eye Hit,Center,758.7464,684.0601,49.28093,NorthSidewalk
1742767073578,57.17108,2121,Eye Hit,Left,790.9675,674.6345,49.01674,NorthSidewalk
1742767073578,57.17108,2121,Eye Hit,Right,789.9539,674.6345,49.01675,NorthSidewalk
1742767073578,57.17108,2121,Eye Hit,Center,790.4608,674.6345,49.01675,NorthSidewalk
1742767073618,57.21484,2122,Eye Hit,Left,832.6891,662.1558,48.52544,NorthSidewalk
1742767073620,57.21484,2122,Eye Hit,Right,831.6652,662.1558,48.52544,NorthSidewalk
1742767073620,57.21484,2122,Eye Hit,Center,832.1772,662.1558,48.52543,NorthSidewalk
1742767073661,57.25724,2123,Eye Hit,Left,698.2224,715.4075,49.62594,NorthSidewalk
1742767073661,57.25724,2123,Eye Hit,Right,697.2212,715.4075,49.62594,NorthSidewalk
1742767073661,57.25724,2123,Eye Hit,Center,697.7219,715.4075,49.62593,NorthSidewalk
1742767073698,57.29794,2124,Eye Hit,Left,605.5591,796.0231,49.31766,RoadWest
1742767073698,57.29794,2124,Eye Hit,Right,604.5516,796.0231,49.31766,RoadWest
1742767073698,57.29794,2124,Eye Hit,Center,605.0554,796.0231,49.31767,RoadWest
1742767073733,57.3344,2125,Eye Hit,Left,629.3285,846.145,49.42021,Jeep2-Detailed
1742767073733,57.3344,2125,Eye Hit,Right,628.3231,846.145,49.42021,Jeep2-Detailed
1742767073733,57.3344,2125,Eye Hit,Center,628.8258,846.145,49.42021,Jeep2-Detailed
1742767073766,57.36937,2126,Eye Hit,Left,660.1428,836.3942,49.69409,Jeep2-Detailed
1742767073766,57.36937,2126,Eye Hit,Right,659.143,836.3942,49.69409,Jeep2-Detailed
1742767073766,57.36937,2126,Eye Hit,Center,659.6429,836.3942,49.69409,Jeep2-Detailed
1742767073805,57.40293,2127,Eye Hit,Left,667.6299,801.6161,49.83644,Jeep3-Detailed
1742767073805,57.40293,2127,Eye Hit,Right,666.6329,801.6161,49.83644,Jeep3-Detailed
1742767073805,57.40293,2127,Eye Hit,Center,667.1314,801.6161,49.83644,Jeep3-Detailed
1742767073838,57.44221,2128,Eye Hit,Left,709.9649,800.4993,49.97076,Jeep3-Detailed
1742767073838,57.44221,2128,Eye Hit,Right,708.9706,800.4993,49.97076,Jeep3-Detailed
1742767073838,57.44221,2128,Eye Hit,Center,709.4678,800.4993,49.97076,Jeep3-Detailed
1742767073882,57.47478,2129,Eye Hit,Left,760.275,813.4078,49.88667,Jeep3-Detailed
1742767073882,57.47478,2129,Eye Hit,Right,759.2791,813.4078,49.88667,Jeep3-Detailed
1742767073882,57.47478,2129,Eye Hit,Center,759.777,813.4078,49.88667,Jeep3-Detailed
1742767073921,57.51908,2130,Eye Hit,Left,817.4194,817.8326,49.5073,Jeep3-Detailed
1742767073921,57.51908,2130,Eye Hit,Right,816.4158,817.8326,49.5073,Jeep3-Detailed
1742767073921,57.51908,2130,Eye Hit,Center,816.9177,817.8326,49.50731,Jeep3-Detailed
1742767073963,57.55811,2131,Eye Hit,Left,717.6507,792.8972,50.01051,SportCar5-Detailed
1742767073963,57.55811,2131,Eye Hit,Right,716.6572,792.8972,50.01051,SportCar5-Detailed
1742767073963,57.55811,2131,Eye Hit,Center,717.1539,792.8972,50.01051,SportCar5-Detailed
1742767074005,57.60012,2132,Eye Hit,Left,671.2288,797.5877,49.906,SportCar5-Detailed
1742767074005,57.60012,2132,Eye Hit,Right,670.2333,797.5877,49.906,SportCar5-Detailed
1742767074005,57.60012,2132,Eye Hit,Center,670.731,797.5877,49.906,SportCar5-Detailed
1742767074045,57.64219,2133,Eye Hit,Left,655.2922,809.6208,49.81631,SportCar5-Detailed
1742767074045,57.64219,2133,Eye Hit,Right,654.2948,809.6208,49.81631,SportCar5-Detailed
1742767074045,57.64219,2133,Eye Hit,Center,654.7934,809.6208,49.81632,SportCar5-Detailed
1742767074086,57.68272,2134,Eye Hit,Left,683.2732,817.0827,49.94785,SportCar5-Detailed
1742767074086,57.68272,2134,Eye Hit,Right,682.2784,817.0827,49.94785,SportCar5-Detailed
1742767074086,57.68272,2134,Eye Hit,Center,682.7758,817.0827,49.94786,SportCar5-Detailed
1742767074131,57.72429,2135,Eye Hit,Left,757.8254,792.4576,49.96703,SportCar5-Detailed
1742767074131,57.72429,2135,Eye Hit,Right,756.8311,792.4576,49.96703,SportCar5-Detailed
1742767074131,57.72429,2135,Eye Hit,Center,757.3283,792.4576,49.96703,SportCar5-Detailed
1742767074169,57.76838,2136,Eye Hit,Left,822.887,770.2084,49.51036,SportCar5-Detailed
1742767074169,57.76838,2136,Eye Hit,Right,821.8836,770.2084,49.51036,SportCar5-Detailed
1742767074169,57.76838,2136,Eye Hit,Center,822.3853,770.2084,49.51038,SportCar5-Detailed
1742767074211,57.80598,2137,Eye Hit,Left,858.7615,761.6253,49.09104,SportCar5-Detailed
1742767074211,57.80598,2137,Eye Hit,Right,857.7494,761.6253,49.09104,SportCar5-Detailed
1742767074211,57.80598,2137,Eye Hit,Center,858.2555,761.6253,49.09104,SportCar5-Detailed
1742767074251,57.84756,2138,,Left,854.9214,783.884,49.18484,
1742767074251,57.84756,2138,,Right,853.9111,783.884,49.18484,
1742767074251,57.84756,2138,,Center,854.4163,783.884,49.18484,
1742767074296,57.88806,2139,,Left,663.2872,788.6313,49.87229,
1742767074296,57.88806,2139,,Right,662.291,788.6313,49.87229,
1742767074296,57.88806,2139,,Center,662.7891,788.6312,49.87229,
1742767074339,57.93206,2140,,Left,629.2004,798.5189,49.62302,
1742767074339,57.93206,2140,,Right,628.1991,798.5189,49.62302,
1742767074339,57.93206,2140,,Center,628.6998,798.5189,49.62302,
1742767074382,57.97532,2141,,Left,640.0602,794.6146,49.71145,
1742767074382,57.97532,2141,,Right,639.0607,794.6146,49.71145,
1742767074382,57.97532,2141,,Center,639.5605,794.6146,49.71145,
1742767074430,58.01796,2142,Eye Hit,Left,641.1006,759.9091,49.65679,SouthSidewalk
1742767074430,58.01796,2142,Eye Hit,Right,640.1001,759.9091,49.65679,SouthSidewalk
1742767074430,58.01796,2142,Eye Hit,Center,640.6003,759.9091,49.65679,SouthSidewalk
1742767074469,58.06614,2143,Eye Hit,Left,662.4671,749.3275,49.75941,SouthSidewalk
1742767074469,58.06614,2143,Eye Hit,Right,661.4686,749.3275,49.75941,SouthSidewalk
1742767074469,58.06614,2143,Eye Hit,Center,661.9678,749.3275,49.75941,SouthSidewalk
1742767074511,58.10415,2144,Eye Hit,Left,681.4011,752.2211,49.86083,SouthSidewalk
1742767074511,58.10415,2144,Eye Hit,Right,680.4047,752.2211,49.86083,SouthSidewalk
1742767074511,58.10415,2144,Eye Hit,Center,680.9029,752.2211,49.86083,SouthSidewalk
1742767074554,58.14648,2145,Eye Hit,Left,691.3362,773.5328,49.95496,SouthSidewalk
1742767074554,58.14648,2145,Eye Hit,Right,690.3416,773.5328,49.95496,SouthSidewalk
1742767074554,58.14648,2145,Eye Hit,Center,690.8389,773.5328,49.95496,SouthSidewalk
1742767074601,58.19056,2146,Eye Hit,Left,712.436,769.7642,49.97807,SouthSidewalk
1742767074601,58.19056,2146,Eye Hit,Right,711.4418,769.7642,49.97807,SouthSidewalk
1742767074601,58.19056,2146,Eye Hit,Center,711.9388,769.7642,49.97808,SouthSidewalk
1742767074638,58.23687,2147,Eye Hit,Left,724.8057,755.306,49.93729,SouthSidewalk
1742767074638,58.23687,2147,Eye Hit,Right,723.8108,755.306,49.93729,SouthSidewalk
1742767074638,58.23687,2147,Eye Hit,Center,724.3083,755.306,49.93729,SouthSidewalk
1742767074677,58.27305,2148,Eye Hit,Left,733.6679,768.0162,49.96566,SouthSidewalk
1742767074677,58.27305,2148,Eye Hit,Right,732.6736,768.0162,49.96565,SouthSidewalk
1742767074677,58.27305,2148,Eye Hit,Center,733.1707,768.0162,49.96565,SouthSidewalk
1742767074720,58.31287,2149,Eye Hit,Left,717.1161,766.0056,49.96498,SouthSidewalk
1742767074720,58.31287,2149,Eye Hit,Right,716.1217,766.0055,49.96497,SouthSidewalk
1742767074720,58.31287,2149,Eye Hit,Center,716.6189,766.0056,49.96498,SouthSidewalk
1742767074763,58.35615,2150,Eye Hit,Left,707.3829,792.332,49.98406,SouthSidewalk
1742767074763,58.35615,2150,Eye Hit,Right,706.3889,792.332,49.98406,SouthSidewalk
1742767074763,58.35615,2150,Eye Hit,Center,706.8859,792.332,49.98405,SouthSidewalk
1742767074806,58.39838,2151,Eye Hit,Left,710.5254,792.1039,49.98833,SouthSidewalk
1742767074806,58.39838,2151,Eye Hit,Right,709.5314,792.1039,49.98833,SouthSidewalk
1742767074806,58.39838,2151,Eye Hit,Center,710.0284,792.1039,49.98834,SouthSidewalk
1742767074846,58.44243,2152,Eye Hit,Left,710.102,778.8013,49.98141,SouthSidewalk
1742767074846,58.44243,2152,Eye Hit,Right,709.1079,778.8013,49.98141,SouthSidewalk
1742767074846,58.44243,2152,Eye Hit,Center,709.605,778.8013,49.98143,SouthSidewalk
1742767074888,58.48158,2153,Eye Hit,Left,712.6848,774.7807,49.98068,SouthSidewalk
1742767074888,58.48158,2153,Eye Hit,Right,711.6907,774.7807,49.98069,SouthSidewalk
1742767074888,58.48158,2153,Eye Hit,Center,712.1877,774.7807,49.98068,SouthSidewalk
1742767074939,58.52521,2154,Eye Hit,Left,705.6844,786.0903,49.98578,SouthSidewalk
1742767074939,58.52521,2154,Eye Hit,Right,704.6905,786.0903,49.98579,SouthSidewalk
1742767074939,58.52521,2154,Eye Hit,Center,705.1875,786.0903,49.98578,SouthSidewalk
1742767074983,58.57625,2155,Eye Hit,Left,704.264,779.584,49.98275,SouthSidewalk
1742767074983,58.57625,2155,Eye Hit,Right,703.2699,779.584,49.98275,SouthSidewalk
1742767074983,58.57625,2155,Eye Hit,Center,703.767,779.584,49.98275,SouthSidewalk
1742767075025,58.61995,2156,Eye Hit,Left,707.4626,744.2527,49.88043,SouthSidewalk
1742767075025,58.61995,2156,Eye Hit,Right,706.4665,744.2527,49.88043,SouthSidewalk
1742767075025,58.61995,2156,Eye Hit,Center,706.9645,744.2527,49.88043,SouthSidewalk
1742767075062,58.66148,2157,Eye Hit,Left,710.4474,741.167,49.86797,SouthSidewalk
1742767075062,58.66148,2157,Eye Hit,Right,709.4511,741.167,49.86797,SouthSidewalk
1742767075062,58.66148,2157,Eye Hit,Center,709.9492,741.167,49.86797,SouthSidewalk
1742767075102,58.6983,2158,Eye Hit,Left,713.1482,742.0762,49.8741,SouthSidewalk
1742767075102,58.6983,2158,Eye Hit,Right,712.152,742.0762,49.8741,SouthSidewalk
1742767075102,58.6983,2158,Eye Hit,Center,712.6501,742.0762,49.87409,SouthSidewalk
1742767075146,58.7384,2159,Eye Hit,Left,717.8743,738.5347,49.85878,SouthSidewalk
1742767075146,58.7384,2159,Eye Hit,Right,716.8778,738.5347,49.85879,SouthSidewalk
1742767075146,58.7384,2159,Eye Hit,Center,717.376,738.5347,49.85878,SouthSidewalk
1742767075187,58.78274,2160,Eye Hit,Left,714.5886,740.6025,49.86797,SouthSidewalk
1742767075187,58.78274,2160,Eye Hit,Right,713.5923,740.6025,49.86797,SouthSidewalk
1742767075187,58.78274,2160,Eye Hit,Center,714.0905,740.6025,49.86796,SouthSidewalk
1742767075230,58.82458,2161,Eye Hit,Left,724.0137,718.2613,49.72981,SouthSidewalk
1742767075230,58.82458,2161,Eye Hit,Right,723.0146,718.2613,49.72981,SouthSidewalk
1742767075230,58.82458,2161,Eye Hit,Center,723.5142,718.2613,49.7298,SouthSidewalk
1742767075273,58.86678,2162,Eye Hit,Left,717.0898,709.434,49.66322,SouthSidewalk
1742767075273,58.86678,2162,Eye Hit,Right,716.0894,709.434,49.66322,SouthSidewalk
1742767075273,58.86678,2162,Eye Hit,Center,716.5895,709.434,49.66322,SouthSidewalk
1742767075315,58.90943,2163,Eye Hit,Left,703.0126,699.9426,49.56912,SouthSidewalk
1742767075315,58.90943,2163,Eye Hit,Right,702.0103,699.9426,49.56911,SouthSidewalk
1742767075315,58.90943,2163,Eye Hit,Center,702.5114,699.9426,49.56911,SouthSidewalk
1742767075362,58.952,2164,Eye Hit,Left,703.0024,699.5014,49.56452,SouthSidewalk
1742767075362,58.952,2164,Eye Hit,Right,702,699.5014,49.56452,SouthSidewalk
1742767075362,58.952,2164,Eye Hit,Center,702.5012,699.5014,49.56452,SouthSidewalk
1742767075398,58.99776,2165,Eye Hit,Left,704.5601,700.7718,49.57499,SouthSidewalk
1742767075398,58.99776,2165,Eye Hit,Right,703.5579,700.7718,49.57499,SouthSidewalk
1742767075398,58.99776,2165,Eye Hit,Center,704.059,700.7718,49.57499,SouthSidewalk
1742767075438,59.0343,2166,Eye Hit,Left,699.7437,703.47,49.58967,SouthSidewalk
1742767075438,59.0343,2166,Eye Hit,Right,698.7418,703.47,49.58967,SouthSidewalk
1742767075438,59.0343,2166,Eye Hit,Center,699.2427,703.47,49.58967,SouthSidewalk
1742767075483,59.07369,2167,Eye Hit,Left,689.1661,700.6006,49.53848,SouthSidewalk
1742767075483,59.07369,2167,Eye Hit,Right,688.1631,700.6006,49.53849,SouthSidewalk
1742767075483,59.07369,2167,Eye Hit,Center,688.6646,700.6006,49.53849,SouthSidewalk
1742767075524,59.11907,2168,Eye Hit,Left,689.4232,690.3674,49.44499,SouthSidewalk
1742767075524,59.11907,2168,Eye Hit,Right,688.4185,690.3674,49.44498,SouthSidewalk
1742767075524,59.11907,2168,Eye Hit,Center,688.9208,690.3674,49.44499,SouthSidewalk
1742767075567,59.16017,2169,Eye Hit,Left,691.8146,693.6115,49.4807,SouthSidewalk
1742767075567,59.16017,2169,Eye Hit,Right,690.8105,693.6115,49.4807,SouthSidewalk
1742767075567,59.16017,2169,Eye Hit,Center,691.3126,693.6115,49.48071,SouthSidewalk
1742767075611,59.20294,2170,Eye Hit,Left,694.566,692.8738,49.48121,SouthSidewalk
1742767075611,59.20294,2170,Eye Hit,Right,693.5619,692.8738,49.48121,SouthSidewalk
1742767075611,59.20294,2170,Eye Hit,Center,694.064,692.8738,49.48119,SouthSidewalk
1742767075656,59.24694,2171,Eye Hit,Left,685.5217,694.834,49.4739,SouthSidewalk
1742767075656,59.24694,2171,Eye Hit,Right,684.5174,694.834,49.4739,SouthSidewalk
1742767075656,59.24694,2171,Eye Hit,Center,685.0195,694.834,49.47389,SouthSidewalk
1742767075693,59.29175,2172,Eye Hit,Left,685.9614,687.4729,49.40421,SouthSidewalk
1742767075693,59.29175,2172,Eye Hit,Right,684.9557,687.4729,49.40421,SouthSidewalk
1742767075693,59.29175,2172,Eye Hit,Center,685.4586,687.4729,49.40421,SouthSidewalk
1742767075734,59.3286,2173,Eye Hit,Left,687.3617,680.79,49.34087,SouthSidewalk
1742767075734,59.3286,2173,Eye Hit,Right,686.3548,680.79,49.34087,SouthSidewalk
1742767075734,59.3286,2173,Eye Hit,Center,686.8582,680.79,49.34087,SouthSidewalk
1742767075777,59.37014,2174,Eye Hit,Left,685.6244,680.2735,49.33009,SouthSidewalk
1742767075777,59.37014,2174,Eye Hit,Right,684.6172,680.2735,49.33009,SouthSidewalk
1742767075777,59.37014,2174,Eye Hit,Center,685.1208,680.2735,49.33009,SouthSidewalk
1742767075818,59.41239,2175,Eye Hit,Left,684.2274,676.814,49.28883,SouthSidewalk
1742767075818,59.41239,2175,Eye Hit,Right,683.2194,676.814,49.28883,SouthSidewalk
1742767075818,59.41239,2175,Eye Hit,Center,683.7234,676.814,49.28883,SouthSidewalk
1742767075877,59.45447,2176,Eye Hit,Left,683.0375,678.9722,49.30661,SouthSidewalk
1742767075877,59.45447,2176,Eye Hit,Right,682.0299,678.9722,49.30661,SouthSidewalk
1742767075877,59.45447,2176,Eye Hit,Center,682.5337,678.9722,49.30661,SouthSidewalk
1742767075925,59.52,2177,Eye Hit,Left,692.7089,681.4255,49.36201,SouthSidewalk
1742767075925,59.52,2177,Eye Hit,Right,691.7024,681.4255,49.36201,SouthSidewalk
1742767075925,59.52,2177,Eye Hit,Center,692.2057,681.4255,49.36201,SouthSidewalk
1742767075981,59.56756,2178,Eye Hit,Left,692.6559,685.5466,49.40396,SouthSidewalk
1742767075981,59.56756,2178,Eye Hit,Right,691.6502,685.5466,49.40396,SouthSidewalk
1742767075981,59.56756,2178,Eye Hit,Center,692.1531,685.5466,49.40396,SouthSidewalk
1742767076029,59.62813,2179,Eye Hit,Left,692.6243,688.4868,49.43419,SouthSidewalk
1742767076029,59.62813,2179,Eye Hit,Right,691.6192,688.4868,49.43419,SouthSidewalk
1742767076029,59.62813,2179,Eye Hit,Center,692.1217,688.4868,49.43419,SouthSidewalk
1742767076067,59.66792,2180,Eye Hit,Left,692.062,687.7905,49.4268,SouthSidewalk
1742767076067,59.66792,2180,Eye Hit,Right,691.0567,687.7905,49.4268,SouthSidewalk
1742767076067,59.66792,2180,Eye Hit,Center,691.5593,687.7905,49.42682,SouthSidewalk
1742767076107,59.70434,2181,Eye Hit,Left,691.3271,683.5468,49.38271,SouthSidewalk
1742767076107,59.70434,2181,Eye Hit,Right,690.321,683.5468,49.38271,SouthSidewalk
1742767076107,59.70434,2181,Eye Hit,Center,690.8241,683.5468,49.38271,SouthSidewalk
1742767076138,59.74259,2182,Eye Hit,Left,690.2787,681.9752,49.36382,SouthSidewalk
1742767076138,59.74259,2182,Eye Hit,Right,689.2723,681.9752,49.36383,SouthSidewalk
1742767076138,59.74259,2182,Eye Hit,Center,689.7755,681.9752,49.36383,SouthSidewalk
1742767076176,59.77449,2183,Eye Hit,Left,688.0755,683.4664,49.37283,SouthSidewalk
1742767076176,59.77449,2183,Eye Hit,Right,687.0692,683.4664,49.37283,SouthSidewalk
1742767076176,59.77449,2183,Eye Hit,Center,687.5723,683.4664,49.37283,SouthSidewalk
1742767076212,59.81234,2184,Eye Hit,Left,686.7293,685.4423,49.38848,SouthSidewalk
1742767076212,59.81234,2184,Eye Hit,Right,685.7233,685.4423,49.38849,SouthSidewalk
1742767076212,59.81234,2184,Eye Hit,Center,686.2264,685.4423,49.38848,SouthSidewalk
1742767076242,59.8479,2185,Eye Hit,Left,685.7346,687.2549,49.40306,SouthSidewalk
1742767076242,59.8479,2185,Eye Hit,Right,684.7289,687.2549,49.40306,SouthSidewalk
1742767076242,59.8479,2185,Eye Hit,Center,685.2317,687.2549,49.40305,SouthSidewalk
1742767076277,59.87886,2186,Eye Hit,Left,684.5256,687.76,49.40344,SouthSidewalk
1742767076277,59.87886,2186,Eye Hit,Right,683.52,687.76,49.40344,SouthSidewalk
1742767076277,59.87886,2186,Eye Hit,Center,684.0228,687.76,49.40343,SouthSidewalk
1742767076319,59.9144,2187,Eye Hit,Left,684.9957,689.3431,49.41979,SouthSidewalk
1742767076319,59.9144,2187,Eye Hit,Right,683.9904,689.3431,49.41979,SouthSidewalk
1742767076319,59.9144,2187,Eye Hit,Center,684.493,689.3431,49.41979,SouthSidewalk
1742767076367,59.95655,2188,Eye Hit,Left,686.0544,690.8971,49.4375,SouthSidewalk
1742767076367,59.95655,2188,Eye Hit,Right,685.0494,690.8971,49.4375,SouthSidewalk
1742767076367,59.95655,2188,Eye Hit,Center,685.5519,690.8971,49.43749,SouthSidewalk
1742767076411,60.00388,2189,Eye Hit,Left,686.4402,691.3808,49.44267,SouthSidewalk
1742767076411,60.00388,2189,Eye Hit,Right,685.4354,691.3808,49.44267,SouthSidewalk
1742767076411,60.00388,2189,Eye Hit,Center,685.9378,691.3809,49.44266,SouthSidewalk
1742767076447,60.04776,2190,Eye Hit,Left,685.2598,690.6241,49.43066,SouthSidewalk
1742767076447,60.04776,2190,Eye Hit,Right,684.2546,690.6241,49.43067,SouthSidewalk
1742767076447,60.04776,2190,Eye Hit,Center,684.7572,690.6241,49.43067,SouthSidewalk
1742767076480,60.08268,2191,Eye Hit,Left,683.3893,690.5377,49.42236,SouthSidewalk
1742767076480,60.08268,2191,Eye Hit,Right,682.384,690.5377,49.42236,SouthSidewalk
1742767076480,60.08268,2191,Eye Hit,Center,682.8867,690.5377,49.42236,SouthSidewalk
1742767076516,60.11701,2192,Eye Hit,Left,682.9,689.5975,49.4109,SouthSidewalk
1742767076516,60.11701,2192,Eye Hit,Right,681.8944,689.5975,49.4109,SouthSidewalk
1742767076516,60.11701,2192,Eye Hit,Center,682.3972,689.5975,49.4109,SouthSidewalk
1742767076549,60.15232,2193,Eye Hit,Left,681.7101,690.1921,49.41155,SouthSidewalk
1742767076549,60.15232,2193,Eye Hit,Right,680.7047,690.1921,49.41156,SouthSidewalk
1742767076549,60.15232,2193,Eye Hit,Center,681.2074,690.1921,49.41156,SouthSidewalk
1742767076588,60.18579,2194,Eye Hit,Left,681.6864,689.3871,49.40226,SouthSidewalk
1742767076588,60.18579,2194,Eye Hit,Right,680.6807,689.3871,49.40225,SouthSidewalk
1742767076588,60.18579,2194,Eye Hit,Center,681.1836,689.3871,49.40226,SouthSidewalk
1742767076641,60.22552,2195,Eye Hit,Left,681.7046,690.451,49.41121,SouthSidewalk
1742767076641,60.22552,2195,Eye Hit,Right,680.699,690.451,49.41121,SouthSidewalk
1742767076641,60.22552,2195,Eye Hit,Center,681.2018,690.451,49.41121,SouthSidewalk
1742767076693,60.27819,2196,Eye Hit,Left,680.5471,690.7753,49.40804,SouthSidewalk
1742767076693,60.27819,2196,Eye Hit,Right,679.5415,690.7753,49.40804,SouthSidewalk
1742767076693,60.27819,2196,Eye Hit,Center,680.0443,690.7753,49.40803,SouthSidewalk
1742767076729,60.33118,2197,Eye Hit,Left,678.5063,689.9589,49.38932,SouthSidewalk
1742767076729,60.33118,2197,Eye Hit,Right,677.5004,689.9589,49.38932,SouthSidewalk
1742767076729,60.33118,2197,Eye Hit,Center,678.0034,689.9589,49.38932,SouthSidewalk
1742767076761,60.36508,2198,Eye Hit,Left,677.1002,690.0792,49.38193,SouthSidewalk
1742767076761,60.36508,2198,Eye Hit,Right,676.0941,690.0792,49.38193,SouthSidewalk
1742767076761,60.36508,2198,Eye Hit,Center,676.5971,690.0792,49.38193,SouthSidewalk
1742767076784,60.39687,2199,Eye Hit,Left,676.1257,689.3632,49.36858,SouthSidewalk
1742767076784,60.39687,2199,Eye Hit,Right,675.1193,689.3632,49.36858,SouthSidewalk
1742767076784,60.39687,2199,Eye Hit,Center,675.6225,689.3632,49.36858,SouthSidewalk
1742767076816,60.42014,2200,Eye Hit,Left,675.7791,689.5717,49.36629,SouthSidewalk
1742767076816,60.42014,2200,Eye Hit,Right,674.7726,689.5717,49.36629,SouthSidewalk
1742767076816,60.42014,2200,Eye Hit,Center,675.2758,689.5717,49.36628,SouthSidewalk
1742767076852,60.45266,2201,Eye Hit,Left,676.037,691.8606,49.38621,SouthSidewalk
1742767076852,60.45266,2201,Eye Hit,Right,675.031,691.8606,49.38621,SouthSidewalk
1742767076852,60.45266,2201,Eye Hit,Center,675.5341,691.8606,49.38621,SouthSidewalk
1742767076893,60.48928,2202,Eye Hit,Left,676.699,693.825,49.40225,SouthSidewalk
1742767076893,60.48928,2202,Eye Hit,Right,675.6934,693.825,49.40226,SouthSidewalk
1742767076893,60.48928,2202,Eye Hit,Center,676.1962,693.825,49.40225,SouthSidewalk
1742767076923,60.52951,2203,Eye Hit,Left,677.7214,695.4794,49.41806,SouthSidewalk
1742767076923,60.52951,2203,Eye Hit,Right,676.716,695.4794,49.41806,SouthSidewalk
1742767076923,60.52951,2203,Eye Hit,Center,677.2187,695.4794,49.41805,SouthSidewalk
1742767076967,60.56559,2204,Eye Hit,Left,680.6249,695.8145,49.42615,SouthSidewalk
1742767076967,60.56559,2204,Eye Hit,Right,679.6197,695.8145,49.42614,SouthSidewalk
1742767076967,60.56559,2204,Eye Hit,Center,680.1223,695.8145,49.42614,SouthSidewalk
1742767077005,60.60351,2205,Eye Hit,Left,691.5114,665.1678,49.15355,SouthSidewalk
1742767077005,60.60351,2205,Eye Hit,Right,690.5006,665.1678,49.15355,SouthSidewalk
1742767077005,60.60351,2205,Eye Hit,Center,691.006,665.1678,49.15354,SouthSidewalk
1742767077036,60.64099,2206,Eye Hit,Left,695.3677,656.2383,49.05258,SouthSidewalk
1742767077036,60.64099,2206,Eye Hit,Right,694.3548,656.2383,49.05259,SouthSidewalk
1742767077036,60.64099,2206,Eye Hit,Center,694.8612,656.2382,49.05259,SouthSidewalk
1742767077067,60.67167,2207,Eye Hit,Left,698.2769,652.511,49.00876,SouthSidewalk
1742767077067,60.67167,2207,Eye Hit,Right,697.2631,652.511,49.00876,SouthSidewalk
1742767077067,60.67167,2207,Eye Hit,Center,697.77,652.511,49.00876,SouthSidewalk
1742767077094,60.70262,2208,Eye Hit,Left,683.5697,666.6367,49.13818,SouthSidewalk
1742767077094,60.70262,2208,Eye Hit,Right,682.5586,666.6368,49.13818,SouthSidewalk
1742767077094,60.70262,2208,Eye Hit,Center,683.0641,666.6367,49.1382,SouthSidewalk
1742767077120,60.7304,2209,,Left,589.7598,765.3244,49.10039,
1742767077120,60.7304,2209,,Right,588.748,765.3244,49.10039,
1742767077120,60.7304,2209,,Center,589.2539,765.3244,49.1004,
1742767077148,60.75571,2210,,Left,589.219,775.8411,49.11113,
1742767077148,60.75571,2210,,Right,588.2073,775.8411,49.11113,
1742767077148,60.75571,2210,,Center,588.7131,775.8411,49.11113,
1742767077177,60.78436,2211,,Left,541.6618,879.0066,48.1151,
1742767077177,60.78436,2211,,Right,540.6292,879.0066,48.1151,
1742767077177,60.78436,2211,,Center,541.1455,879.0066,48.1151,
1742767077206,60.81248,2212,,Left,525.681,954.1355,47.06943,
1742767077206,60.81248,2212,,Right,524.6254,954.1355,47.06943,
1742767077206,60.81248,2212,,Center,525.1532,954.1355,47.06943,
1742767077235,60.8414,2213,,Left,530.3502,955.1502,47.11592,
1742767077235,60.8414,2213,,Right,529.2957,955.1502,47.11591,
1742767077235,60.8414,2213,,Center,529.8229,955.1502,47.11592,
1742767077267,60.87111,2214,,Left,528.0598,959.8822,47.01377,
1742767077267,60.87111,2214,,Right,527.003,959.8822,47.01377,
1742767077267,60.87111,2214,,Center,527.5314,959.8822,47.01377,
1742767077293,60.90342,2215,,Left,526.1634,949.793,47.11635,
1742767077293,60.90342,2215,,Right,525.1089,949.793,47.11635,
1742767077293,60.90342,2215,,Center,525.6362,949.793,47.11636,
1742767077319,60.92862,2216,,Left,531.1323,927.3191,47.46643,
1742767077319,60.92862,2216,,Right,530.0856,927.3191,47.46643,
1742767077319,60.92862,2216,,Center,530.6089,927.3191,47.46642,
1742767077348,60.95568,2217,,Left,527.2197,921.0859,47.47031,
1742767077348,60.95568,2217,,Right,526.173,921.0859,47.47031,
1742767077348,60.95568,2217,,Center,526.6964,921.0859,47.47031,
1742767077376,60.98353,2218,,Left,529.6962,910.3546,47.61963,
1742767077376,60.98353,2218,,Right,528.6528,910.3546,47.61964,
1742767077376,60.98353,2218,,Center,529.1745,910.3546,47.61963,
1742767077402,61.01161,2219,,Left,531.1876,909.212,47.63366,
1742767077402,61.01161,2219,,Right,530.1446,909.212,47.63366,
1742767077402,61.01161,2219,,Center,530.6661,909.212,47.63366,
1742767077431,61.03814,2220,,Left,534.2956,912.5881,47.64553,
1742767077431,61.03814,2220,,Right,533.2527,912.5881,47.64553,
1742767077431,61.03814,2220,,Center,533.7742,912.5881,47.64553,
1742767077458,61.06662,2221,,Left,532.1378,912.9358,47.605,
1742767077458,61.06662,2221,,Right,531.0941,912.9358,47.605,
1742767077458,61.06662,2221,,Center,531.6159,912.9358,47.605,
1742767077487,61.0936,2222,,Left,515.4863,887.8926,47.55503,
1742767077487,61.0936,2222,,Right,514.4416,887.8926,47.55503,
1742767077487,61.0936,2222,,Center,514.964,887.8926,47.55502,
1742767077514,61.12336,2223,,Left,514.2389,865.4035,47.69308,
1742767077514,61.12336,2223,,Right,513.197,865.4035,47.69308,
1742767077514,61.12336,2223,,Center,513.718,865.4035,47.69308,
1742767077542,61.14975,2224,,Left,637.3882,771.1114,49.51007,
1742767077542,61.14975,2224,,Right,636.3848,771.1114,49.51006,
1742767077542,61.14975,2224,,Center,636.8865,771.1114,49.51006,
1742767077576,61.17823,2225,,Left,642.2886,772.7786,49.51587,
1742767077576,61.17823,2225,,Right,641.2852,772.7786,49.51587,
1742767077576,61.17823,2225,,Center,641.7869,772.7786,49.51587,
1742767077601,61.21194,2226,,Left,644.9514,777.1194,49.54021,
1742767077602,61.21194,2226,,Right,643.9485,777.1194,49.54021,
1742767077602,61.21194,2226,,Center,644.45,777.1194,49.54022,
1742767077629,61.23732,2227,,Left,593.9081,834.395,48.98532,
1742767077629,61.23732,2227,,Right,592.8939,834.395,48.98532,
1742767077629,61.23732,2227,,Center,593.4009,834.3951,48.98533,
1742767077655,61.26433,2228,,Left,595.2927,842.5377,48.96643,
1742767077655,61.26433,2228,,Right,594.2781,842.5377,48.96643,
1742767077655,61.26433,2228,,Center,594.7854,842.5377,48.96643,
1742767077683,61.29142,2229,,Left,609.3514,857.982,49.03596,
1742767077683,61.29142,2229,,Right,608.3382,857.982,49.03596,
1742767077683,61.29142,2229,,Center,608.8448,857.982,49.03596,
1742767077710,61.31846,2230,,Left,612.1956,890.4244,48.82296,
1742767077710,61.31846,2230,,Right,611.1779,890.4244,48.82296,
1742767077710,61.31846,2230,,Center,611.6867,890.4244,48.82296,
1742767077739,61.34552,2231,,Left,621.8239,914.4875,48.63679,
1742767077739,61.34552,2231,,Right,620.8024,914.4875,48.6368,
1742767077739,61.34552,2231,,Center,621.3132,914.4875,48.63679,
1742767077766,61.37451,2232,,Left,610.9101,919.621,48.48344,
1742767077766,61.37451,2232,,Right,609.8853,919.621,48.48344,
1742767077766,61.37451,2232,,Center,610.3977,919.621,48.48343,
1742767077796,61.40192,2233,,Left,599.177,905.2777,48.52467,
1742767077796,61.40192,2233,,Right,598.1531,905.2777,48.52467,
1742767077796,61.40192,2233,,Center,598.665,905.2777,48.52467,
1742767077830,61.43134,2234,,Left,592.1824,892.6826,48.57539,
1742767077830,61.43134,2234,,Right,591.1595,892.6826,48.57538,
1742767077830,61.43134,2234,,Center,591.671,892.6826,48.57539,
1742767077854,61.46549,2235,,Left,596.1999,895.1524,48.60436,
1742767077854,61.46549,2235,,Right,595.1776,895.1524,48.60436,
1742767077854,61.46549,2235,,Center,595.6887,895.1523,48.60434,
1742767077879,61.4892,2236,,Left,597.4177,889.7325,48.67477,
1742767077879,61.4892,2236,,Right,596.397,889.7325,48.67477,
1742767077880,61.4892,2236,,Center,596.9073,889.7325,48.67477,
1742767077907,61.51494,2237,,Left,600.1484,895.86,48.61364,
1742767077907,61.51494,2237,,Right,599.1263,895.86,48.61364,
1742767077907,61.51494,2237,,Center,599.6374,895.86,48.61365,
1742767077935,61.5429,2238,,Left,623.7855,894.9644,48.86408,
1742767077935,61.5429,2238,,Right,622.7687,894.9644,48.86409,
1742767077935,61.5429,2238,,Center,623.2772,894.9644,48.86408,
1742767077965,61.57135,2239,,Left,623.6758,895.0575,48.87236,
1742767077965,61.57135,2239,,Right,622.6592,895.0575,48.87236,
1742767077965,61.57135,2239,,Center,623.1676,895.0575,48.87236,
1742767077992,61.60104,2240,,Left,625.9131,903.1176,48.82339,
1742767077992,61.60104,2240,,Right,624.8955,903.1176,48.82339,
1742767077992,61.60104,2240,,Center,625.4043,903.1176,48.82339,
1742767078020,61.62803,2241,,Left,640.4448,894.8235,49.03161,
1742767078020,61.62803,2241,,Right,639.4315,894.8235,49.03161,
1742767078020,61.62803,2241,,Center,639.9382,894.8235,49.03161,
1742767078047,61.65689,2242,,Left,657.7849,897.9598,49.12592,
1742767078047,61.65689,2242,,Right,656.7736,897.9598,49.12592,
1742767078047,61.65689,2242,,Center,657.2792,897.9598,49.12592,
1742767078075,61.68267,2243,,Left,684.6735,900.7239,49.22993,
1742767078075,61.68267,2243,,Right,683.6642,900.7239,49.22993,
1742767078075,61.68267,2243,,Center,684.1689,900.7239,49.22993,
1742767078107,61.71138,2244,,Left,734.5908,909.2051,49.1579,
1742767078107,61.71138,2244,,Right,733.58,909.2051,49.1579,
1742767078107,61.71138,2244,,Center,734.0854,909.2051,49.1579,
1742767078143,61.74256,2245,,Left,814.817,914.9912,48.68335,
1742767078143,61.74256,2245,,Right,813.7964,914.9912,48.68335,
1742767078143,61.74256,2245,,Center,814.3067,914.9911,48.68334,
1742767078176,61.77971,2246,Eye Hit,Left,795.9429,900.0584,48.99041,SouthWalkingPole
1742767078176,61.77971,2246,Eye Hit,Right,794.9287,900.0584,48.9904,SouthWalkingPole
1742767078176,61.77971,2246,Eye Hit,Center,795.4358,900.0584,48.9904,SouthWalkingPole
1742767078207,61.81251,2247,Eye Hit,Left,789.3446,810.7646,49.56932,Sedan1-Detailed
1742767078207,61.81251,2247,Eye Hit,Right,788.3423,810.7646,49.56932,Sedan1-Detailed
1742767078207,61.81251,2247,Eye Hit,Center,788.8435,810.7646,49.56932,Sedan1-Detailed
1742767078235,61.84421,2248,Eye Hit,Left,762.4625,816.7433,49.72609,Sedan1-Detailed
1742767078235,61.84421,2248,Eye Hit,Right,761.4633,816.7433,49.72608,Sedan1-Detailed
1742767078235,61.84421,2248,Eye Hit,Center,761.9629,816.7433,49.72608,Sedan1-Detailed
1742767078259,61.87246,2249,Eye Hit,Left,716.3384,832.8193,49.78591,Sedan1-Detailed
1742767078259,61.87246,2249,Eye Hit,Right,715.3405,832.8193,49.78591,Sedan1-Detailed
1742767078259,61.87246,2249,Eye Hit,Center,715.8394,832.8193,49.78591,Sedan1-Detailed
1742767078283,61.89556,2250,Eye Hit,Left,663.1635,817.2332,49.7075,Sedan1-Detailed
1742767078283,61.89556,2250,Eye Hit,Right,662.1639,817.2331,49.7075,Sedan1-Detailed
1742767078283,61.89556,2250,Eye Hit,Center,662.6637,817.2331,49.7075,Sedan1-Detailed
1742767078314,61.91922,2251,Eye Hit,Left,606.465,831.7448,49.22524,Sedan1-Detailed
1742767078314,61.91922,2251,Eye Hit,Right,605.4556,831.7448,49.22524,Sedan1-Detailed
1742767078314,61.91922,2251,Eye Hit,Center,605.9603,831.7448,49.22524,Sedan1-Detailed
1742767078342,61.95017,2252,Eye Hit,Left,618.0289,811.6444,49.41012,Sedan1-Detailed
1742767078342,61.95017,2252,Eye Hit,Right,617.0233,811.6444,49.41012,Sedan1-Detailed
1742767078342,61.95017,2252,Eye Hit,Center,617.5261,811.6444,49.41012,Sedan1-Detailed
1742767078374,61.97877,2253,Eye Hit,Left,627.9565,821.8745,49.48491,Sedan1-Detailed
1742767078374,61.97877,2253,Eye Hit,Right,626.9525,821.8745,49.48491,Sedan1-Detailed
1742767078374,61.97877,2253,Eye Hit,Center,627.4544,821.8745,49.48489,Sedan1-Detailed
1742767078404,62.01044,2254,Eye Hit,Left,635.7584,827.174,49.52606,Sedan1-Detailed
1742767078404,62.01044,2254,Eye Hit,Right,634.7551,827.174,49.52606,Sedan1-Detailed
1742767078404,62.01044,2254,Eye Hit,Center,635.2567,827.174,49.52604,Sedan1-Detailed
1742767078429,62.04103,2255,Eye Hit,Left,655.6489,788.1599,49.7326,Sedan1-Detailed
1742767078429,62.04103,2255,Eye Hit,Right,654.65,788.1599,49.7326,Sedan1-Detailed
1742767078429,62.04103,2255,Eye Hit,Center,655.1495,788.1599,49.7326,Sedan1-Detailed
1742767078458,62.06571,2256,Eye Hit,Left,665.0107,779.4775,49.7856,Sedan1-Detailed
1742767078458,62.06571,2256,Eye Hit,Right,664.0128,779.4775,49.78559,Sedan1-Detailed
1742767078458,62.06571,2256,Eye Hit,Center,664.5117,779.4775,49.78559,Sedan1-Detailed
1742767078483,62.09504,2257,Eye Hit,Left,695.2943,756.7604,49.8541,Sedan1-Detailed
1742767078483,62.09504,2257,Eye Hit,Right,694.2977,756.7604,49.8541,Sedan1-Detailed
1742767078483,62.09504,2257,Eye Hit,Center,694.796,756.7604,49.8541,Sedan1-Detailed
1742767078511,62.1196,2258,Eye Hit,Left,704.8724,744.6161,49.83056,Sedan1-Detailed
1742767078511,62.1196,2258,Eye Hit,Right,703.8753,744.6161,49.83056,Sedan1-Detailed
1742767078511,62.1196,2258,Eye Hit,Center,704.3739,744.6161,49.83056,Sedan1-Detailed
1742767078538,62.14732,2259,Eye Hit,Left,732.1655,744.2541,49.83532,Sedan1-Detailed
1742767078538,62.14732,2259,Eye Hit,Right,731.1685,744.2541,49.83532,Sedan1-Detailed
1742767078538,62.14732,2259,Eye Hit,Center,731.6671,744.2541,49.83532,Sedan1-Detailed
1742767078566,62.17402,2260,Eye Hit,Left,748.5835,733.3365,49.74178,Sedan1-Detailed
1742767078566,62.17402,2260,Eye Hit,Right,747.5847,733.3365,49.74178,Sedan1-Detailed
1742767078566,62.17402,2260,Eye Hit,Center,748.084,733.3365,49.74178,Sedan1-Detailed
1742767078596,62.2022,2261,Eye Hit,Left,737.0907,723.8783,49.71317,Sedan1-Detailed
1742767078596,62.2022,2261,Eye Hit,Right,736.0913,723.8783,49.71318,Sedan1-Detailed
1742767078596,62.2022,2261,Eye Hit,Center,736.5909,723.8783,49.71317,Sedan1-Detailed
1742767078625,62.23306,2262,Eye Hit,Left,570.3304,747.0173,48.8104,Sedan1-Detailed
1742767078626,62.23306,2262,Eye Hit,Right,569.3125,747.0173,48.8104,Sedan1-Detailed
1742767078626,62.23306,2262,Eye Hit,Center,569.8215,747.0173,48.8104,Sedan1-Detailed
1742767078649,62.26288,2263,Eye Hit,Left,530.6544,779.4334,48.29156,Sedan1-Detailed
1742767078649,62.26288,2263,Eye Hit,Right,529.6255,779.4334,48.29156,Sedan1-Detailed
1742767078649,62.26288,2263,Eye Hit,Center,530.14,779.4334,48.29156,Sedan1-Detailed
1742767078678,62.28537,2264,Eye Hit,Left,499.7872,798.1618,47.74777,Sedan1-Detailed
1742767078678,62.28537,2264,Eye Hit,Right,498.7466,798.1618,47.74778,Sedan1-Detailed
1742767078678,62.28537,2264,Eye Hit,Center,499.2669,798.1618,47.74778,Sedan1-Detailed
1742767078703,62.31457,2265,Eye Hit,Left,496.0245,808.1973,47.66773,Sedan1-Detailed
1742767078703,62.31457,2265,Eye Hit,Right,494.9821,808.1973,47.66774,Sedan1-Detailed
1742767078703,62.31457,2265,Eye Hit,Center,495.5033,808.1973,47.66773,Sedan1-Detailed
1742767078731,62.33953,2266,Eye Hit,Left,486.174,796.4933,47.4842,Sedan1-Detailed
1742767078731,62.33953,2266,Eye Hit,Right,485.1277,796.4933,47.4842,Sedan1-Detailed
1742767078731,62.33953,2266,Eye Hit,Center,485.6508,796.4933,47.4842,Sedan1-Detailed
1742767078759,62.368,2267,Eye Hit,Left,475.9248,773.5199,47.26658,Sedan1-Detailed
1742767078759,62.368,2267,Eye Hit,Right,474.8737,773.5199,47.26658,Sedan1-Detailed
1742767078759,62.368,2267,Eye Hit,Center,475.3992,773.5199,47.26658,Sedan1-Detailed
1742767078787,62.3953,2268,Eye Hit,Left,479.8585,761.3895,47.31932,Sedan1-Detailed
1742767078787,62.3953,2268,Eye Hit,Right,478.8085,761.3895,47.31932,Sedan1-Detailed
1742767078787,62.3953,2268,Eye Hit,Center,479.3335,761.3895,47.31932,Sedan1-Detailed
1742767078818,62.42452,2269,Eye Hit,Left,484.3571,754.97,47.39004,Sedan1-Detailed
1742767078818,62.42452,2269,Eye Hit,Right,483.3087,754.97,47.39004,Sedan1-Detailed
1742767078818,62.42452,2269,Eye Hit,Center,483.8327,754.97,47.39001,Sedan1-Detailed
1742767078845,62.45509,2270,Eye Hit,Left,493.3572,763.5154,47.58932,Sedan1-Detailed
1742767078845,62.45509,2270,Eye Hit,Right,492.3132,763.5154,47.58932,Sedan1-Detailed
1742767078845,62.45509,2270,Eye Hit,Center,492.8352,763.5154,47.58932,Sedan1-Detailed
1742767078873,62.48191,2271,Eye Hit,Left,503.6163,758.9988,47.77225,Sedan1-Detailed
1742767078873,62.48191,2271,Eye Hit,Right,502.5763,758.9988,47.77225,Sedan1-Detailed
1742767078873,62.48191,2271,Eye Hit,Center,503.0962,758.9988,47.77224,Sedan1-Detailed
1742767078903,62.50991,2272,Eye Hit,Left,503.3386,747.1254,47.72999,Sedan1-Detailed
1742767078903,62.50991,2272,Eye Hit,Right,502.2977,747.1254,47.72999,Sedan1-Detailed
1742767078903,62.50991,2272,Eye Hit,Center,502.8181,747.1254,47.72999,Sedan1-Detailed
1742767078936,62.54017,2273,Eye Hit,Left,502.937,749.8798,47.73123,Sedan1-Detailed
1742767078936,62.54017,2273,Eye Hit,Right,501.8961,749.8798,47.73123,Sedan1-Detailed
1742767078936,62.54017,2273,Eye Hit,Center,502.4165,749.8798,47.73123,Sedan1-Detailed
1742767078959,62.57294,2274,Eye Hit,Left,510.0053,748.6773,47.85858,Sedan1-Detailed
1742767078959,62.57294,2274,Eye Hit,Right,508.9672,748.6773,47.85858,Sedan1-Detailed
1742767078959,62.57294,2274,Eye Hit,Center,509.4862,748.6773,47.85859,Sedan1-Detailed
1742767078986,62.59538,2275,Eye Hit,Left,502.2636,750.5193,47.72776,SportCar4-Detailed
1742767078986,62.59538,2275,Eye Hit,Right,501.2226,750.5193,47.72776,SportCar4-Detailed
1742767078986,62.59538,2275,Eye Hit,Center,501.743,750.5193,47.72775,SportCar4-Detailed
1742767079013,62.62386,2276,Eye Hit,Left,504.8528,754.2496,47.79184,SportCar4-Detailed
1742767079013,62.62386,2276,Eye Hit,Right,503.8132,754.2496,47.79184,SportCar4-Detailed
1742767079013,62.62386,2276,Eye Hit,Center,504.333,754.2496,47.79184,SportCar4-Detailed
1742767079039,62.64925,2277,Eye Hit,Left,503.1631,756.0987,47.76957,SportCar4-Detailed
1742767079039,62.64925,2277,Eye Hit,Right,502.123,756.0987,47.76956,SportCar4-Detailed
1742767079039,62.64925,2277,Eye Hit,Center,502.6431,756.0987,47.76956,SportCar4-Detailed
1742767079066,62.67521,2278,Eye Hit,Left,504.9858,756.0223,47.80561,SportCar4-Detailed
1742767079066,62.67521,2278,Eye Hit,Right,503.9465,756.0223,47.80561,SportCar4-Detailed
1742767079066,62.67521,2278,Eye Hit,Center,504.4662,756.0223,47.80561,SportCar4-Detailed
1742767079096,62.7036,2279,Eye Hit,Left,495.019,750.6923,47.60643,SportCar4-Detailed
1742767079096,62.7036,2279,Eye Hit,Right,493.9753,750.6923,47.60643,SportCar4-Detailed
1742767079096,62.7036,2279,Eye Hit,Center,494.4972,750.6923,47.60643,SportCar4-Detailed
1742767079122,62.73274,2280,Eye Hit,Left,493.6477,747.3351,47.57243,SportCar4-Detailed
1742767079122,62.73274,2280,Eye Hit,Right,492.6034,747.3351,47.57243,SportCar4-Detailed
1742767079123,62.73274,2280,Eye Hit,Center,493.1255,747.3351,47.57243,SportCar4-Detailed
1742767079150,62.7601,2281,Eye Hit,Left,492.5764,748.9059,47.56185,SportCar4-Detailed
1742767079150,62.7601,2281,Eye Hit,Right,491.5318,748.9059,47.56184,SportCar4-Detailed
1742767079150,62.7601,2281,Eye Hit,Center,492.054,748.906,47.56184,SportCar4-Detailed
1742767079179,62.78695,2282,Eye Hit,Left,494.9677,744.4085,47.59428,SportCar4-Detailed
1742767079179,62.78695,2282,Eye Hit,Right,493.9238,744.4085,47.59429,SportCar4-Detailed
1742767079179,62.78695,2282,Eye Hit,Center,494.4458,744.4085,47.59428,SportCar4-Detailed
1742767079208,62.81589,2283,Eye Hit,Left,495.4204,739.5216,47.58586,SportCar4-Detailed
1742767079208,62.81589,2283,Eye Hit,Right,494.3763,739.5216,47.58586,SportCar4-Detailed
1742767079208,62.81589,2283,Eye Hit,Center,494.8983,739.5216,47.58586,SportCar4-Detailed
1742767079239,62.8443,2284,Eye Hit,Left,497.3578,730.3902,47.58738,SportCar4-Detailed
1742767079239,62.8443,2284,Eye Hit,Right,496.3137,730.3902,47.58738,SportCar4-Detailed
1742767079239,62.8443,2284,Eye Hit,Center,496.8358,730.3902,47.58738,SportCar4-Detailed
1742767079265,62.87639,2285,Eye Hit,Left,514.0547,727.6142,47.87895,SportCar4-Detailed
1742767079265,62.87639,2285,Eye Hit,Right,513.017,727.6142,47.87895,SportCar4-Detailed
1742767079265,62.87639,2285,Eye Hit,Center,513.5359,727.6142,47.87895,SportCar4-Detailed
1742767079294,62.90168,2286,Eye Hit,Left,529.3807,728.9822,48.15051,SportCar4-Detailed
1742767079294,62.90168,2286,Eye Hit,Right,528.3489,728.9822,48.15051,SportCar4-Detailed
1742767079294,62.90168,2286,Eye Hit,Center,528.8649,728.9822,48.15051,SportCar4-Detailed
1742767079319,62.93034,2287,Eye Hit,Left,531.7372,720.2515,48.13883,SportCar4-Detailed
1742767079319,62.93034,2287,Eye Hit,Right,530.7051,720.2515,48.13883,SportCar4-Detailed
1742767079319,62.93034,2287,Eye Hit,Center,531.2211,720.2515,48.13884,SportCar4-Detailed
1742767079347,62.95694,2288,Eye Hit,Left,524.9749,712.6949,47.97597,SportCar4-Detailed
1742767079347,62.95694,2288,Eye Hit,Right,523.9393,712.6949,47.97597,SportCar4-Detailed
1742767079347,62.95694,2288,Eye Hit,Center,524.457,712.6949,47.97597,SportCar4-Detailed
1742767079374,62.98322,2289,Eye Hit,Left,515.9682,723.0674,47.88499,SportCar4-Detailed
1742767079374,62.98322,2289,Eye Hit,Right,514.9305,723.0674,47.88499,SportCar4-Detailed
1742767079374,62.98322,2289,Eye Hit,Center,515.4494,723.0674,47.88499,SportCar4-Detailed
1742767079401,63.00975,2290,Eye Hit,Left,508.9881,725.3879,47.78133,SportCar4-Detailed
1742767079401,63.00975,2290,Eye Hit,Right,507.9483,725.3879,47.78134,SportCar4-Detailed
1742767079401,63.00975,2290,Eye Hit,Center,508.4681,725.3879,47.78133,SportCar4-Detailed
1742767079430,63.03794,2291,Eye Hit,Left,488.2513,743.062,47.47557,SportCar4-Detailed
1742767079430,63.03794,2291,Eye Hit,Right,487.2048,743.062,47.47557,SportCar4-Detailed
1742767079430,63.03794,2291,Eye Hit,Center,487.7281,743.062,47.47556,SportCar4-Detailed
1742767079458,63.06718,2292,Eye Hit,Left,484.6207,740.6737,47.38762,SportCar4-Detailed
1742767079458,63.06718,2292,Eye Hit,Right,483.5722,740.6737,47.38762,SportCar4-Detailed
1742767079458,63.06718,2292,Eye Hit,Center,484.0965,740.6737,47.38762,SportCar4-Detailed
1742767079486,63.09462,2293,Eye Hit,Left,496.8196,725.4118,47.53789,Sedan5-Detailed
1742767079486,63.09462,2293,Eye Hit,Right,495.7744,725.4118,47.53789,Sedan5-Detailed
1742767079486,63.09462,2293,Eye Hit,Center,496.2971,725.4118,47.53789,Sedan5-Detailed
1742767079516,63.12389,2294,Eye Hit,Left,502.9886,725.8801,47.64856,Sedan5-Detailed
1742767079516,63.12389,2294,Eye Hit,Right,501.9459,725.8801,47.64856,Sedan5-Detailed
1742767079516,63.12389,2294,Eye Hit,Center,502.4673,725.8801,47.64856,Sedan5-Detailed
1742767079541,63.15374,2295,Eye Hit,Left,508.1582,743.9537,47.82463,Sedan5-Detailed
1742767079541,63.15374,2295,Eye Hit,Right,507.1193,743.9537,47.82463,Sedan5-Detailed
1742767079541,63.15374,2295,Eye Hit,Center,507.6387,743.9537,47.82463,Sedan5-Detailed
1742767079569,63.17768,2296,Eye Hit,Left,514.217,748.3638,47.95045,Sedan5-Detailed
1742767079569,63.17768,2296,Eye Hit,Right,513.1808,748.3638,47.95045,Sedan5-Detailed
1742767079569,63.17768,2296,Eye Hit,Center,513.6989,748.3638,47.95045,Sedan5-Detailed
1742767079593,63.20557,2297,Eye Hit,Left,512.6118,752.8782,47.93378,Sedan5-Detailed
1742767079593,63.20557,2297,Eye Hit,Right,511.5752,752.8782,47.93378,Sedan5-Detailed
1742767079593,63.20557,2297,Eye Hit,Center,512.0935,752.8782,47.93378,Sedan5-Detailed
1742767079616,63.2296,2298,Eye Hit,Left,517.0722,744.448,47.97846,Sedan5-Detailed
1742767079616,63.2296,2298,Eye Hit,Right,516.0367,744.448,47.97845,Sedan5-Detailed
1742767079616,63.2296,2298,Eye Hit,Center,516.5547,744.448,47.97846,Sedan5-Detailed
1742767079647,63.2527,2299,Eye Hit,Left,520.1458,744.7502,48.03026,Sedan5-Detailed
1742767079647,63.2527,2299,Eye Hit,Right,519.1113,744.7502,48.03026,Sedan5-Detailed
1742767079647,63.2527,2299,Eye Hit,Center,519.6285,744.7502,48.03025,Sedan5-Detailed
1742767079678,63.28409,2300,Eye Hit,Left,521.0577,748.5723,48.05908,Sedan5-Detailed
1742767079678,63.28409,2300,Eye Hit,Right,520.0239,748.5723,48.05908,Sedan5-Detailed
1742767079678,63.28409,2300,Eye Hit,Center,520.5407,748.5723,48.05907,Sedan5-Detailed
1742767079703,63.31453,2301,Eye Hit,Left,525.7864,757.1067,48.16739,Sedan5-Detailed
1742767079704,63.31453,2301,Eye Hit,Right,524.7549,757.1067,48.16739,Sedan5-Detailed
1742767079704,63.31453,2301,Eye Hit,Center,525.2707,757.1067,48.16739,Sedan5-Detailed
1742767079733,63.34014,2302,Eye Hit,Left,527.447,754.5292,48.18447,Sedan5-Detailed
1742767079733,63.34014,2302,Eye Hit,Right,526.4159,754.5292,48.18447,Sedan5-Detailed
1742767079733,63.34014,2302,Eye Hit,Center,526.9314,754.5292,48.18446,Sedan5-Detailed
1742767079759,63.36914,2303,Eye Hit,Left,531.6371,748.3207,48.22939,Sedan5-Detailed
1742767079759,63.36914,2303,Eye Hit,Right,530.6069,748.3207,48.22938,Sedan5-Detailed
1742767079759,63.36914,2303,Eye Hit,Center,531.122,748.3207,48.22938,Sedan5-Detailed
1742767079789,63.39576,2304,Eye Hit,Left,527.6284,744.6969,48.14568,Sedan5-Detailed
1742767079789,63.39576,2304,Eye Hit,Right,526.5964,744.6969,48.14569,Sedan5-Detailed
1742767079789,63.39576,2304,Eye Hit,Center,527.1124,744.6969,48.14567,Sedan5-Detailed
1742767079818,63.42625,2305,Eye Hit,Left,524.7802,737.3469,48.06121,Sedan5-Detailed
1742767079818,63.42625,2305,Eye Hit,Right,523.7464,737.3469,48.06121,Sedan5-Detailed
1742767079818,63.42625,2305,Eye Hit,Center,524.2632,737.3469,48.0612,Sedan5-Detailed
1742767079846,63.45579,2306,Eye Hit,Left,534.3159,734.0436,48.20033,Sedan5-Detailed
1742767079846,63.45579,2306,Eye Hit,Right,533.2851,734.0436,48.20033,Sedan5-Detailed
1742767079846,63.45579,2306,Eye Hit,Center,533.8005,734.0436,48.20033,Sedan5-Detailed
1742767079877,63.48304,2307,Eye Hit,Left,549.7299,740.5461,48.47232,Sedan5-Detailed
1742767079877,63.48304,2307,Eye Hit,Right,548.7049,740.5461,48.47232,Sedan5-Detailed
1742767079877,63.48304,2307,Eye Hit,Center,549.2174,740.5461,48.47232,Sedan5-Detailed
1742767079905,63.51475,2308,Eye Hit,Left,549.6044,749.4047,48.50701,Sedan5-Detailed
1742767079905,63.51475,2308,Eye Hit,Right,548.5801,749.4047,48.50701,Sedan5-Detailed
1742767079905,63.51475,2308,Eye Hit,Center,549.0923,749.4047,48.50702,Sedan5-Detailed
1742767079930,63.54226,2309,Eye Hit,Left,546.1293,751.3202,48.45435,Sedan5-Detailed
1742767079930,63.54226,2309,Eye Hit,Right,545.1038,751.3202,48.45435,Sedan5-Detailed
1742767079930,63.54226,2309,Eye Hit,Center,545.6165,751.3202,48.45435,Sedan5-Detailed
1742767079957,63.5671,2310,Eye Hit,Left,536.5741,761.3333,48.33735,Sedan5-Detailed
1742767079957,63.5671,2310,Eye Hit,Right,535.5462,761.3333,48.33735,Sedan5-Detailed
1742767079957,63.5671,2310,Eye Hit,Center,536.0601,761.3333,48.33735,Sedan5-Detailed
1742767079987,63.59413,2311,Eye Hit,Left,539.7391,786.343,48.43365,Sedan5-Detailed
1742767079987,63.59413,2311,Eye Hit,Right,538.7133,786.343,48.43364,Sedan5-Detailed
1742767079987,63.59413,2311,Eye Hit,Center,539.2263,786.343,48.43364,Sedan5-Detailed
1742767080018,63.62439,2312,Eye Hit,Left,538.658,770.6927,48.40348,Sedan5-Detailed
1742767080018,63.62439,2312,Eye Hit,Right,537.6315,770.6927,48.40348,Sedan5-Detailed
1742767080018,63.62439,2312,Eye Hit,Center,538.1447,770.6927,48.40348,Sedan5-Detailed
1742767080044,63.65602,2313,Eye Hit,Left,537.9747,766.6417,48.38896,Sedan5-Detailed
1742767080044,63.65602,2313,Eye Hit,Right,536.9479,766.6417,48.38896,Sedan5-Detailed
1742767080044,63.65602,2313,Eye Hit,Center,537.4613,766.6417,48.38897,Sedan5-Detailed
1742767080072,63.67987,2314,Eye Hit,Left,533.5922,760.4857,48.30553,Sedan5-Detailed
1742767080072,63.67987,2314,Eye Hit,Right,532.5636,760.4857,48.30552,Sedan5-Detailed
1742767080072,63.67987,2314,Eye Hit,Center,533.0779,760.4857,48.30553,Sedan5-Detailed
1742767080101,63.71049,2315,Eye Hit,Left,533.4406,758.6877,48.29741,Sedan5-Detailed
1742767080101,63.71049,2315,Eye Hit,Right,532.4119,758.6877,48.29741,Sedan5-Detailed
1742767080101,63.71049,2315,Eye Hit,Center,532.9262,758.6877,48.29741,Sedan5-Detailed
1742767080125,63.73804,2316,Eye Hit,Left,542.4817,753.0989,48.42799,Sedan5-Detailed
1742767080125,63.73804,2316,Eye Hit,Right,541.4557,753.0989,48.428,Sedan5-Detailed
1742767080125,63.73804,2316,Eye Hit,Center,541.9688,753.0989,48.428,Sedan5-Detailed
1742767080151,63.76191,2317,Eye Hit,Left,544.1688,750.3097,48.4473,Sedan5-Detailed
1742767080151,63.76191,2317,Eye Hit,Right,543.1432,750.3097,48.44731,Sedan5-Detailed
1742767080151,63.76191,2317,Eye Hit,Center,543.656,750.3097,48.44731,Sedan5-Detailed
1742767080182,63.78725,2318,Eye Hit,Left,535.6846,741.013,48.27765,Sedan5-Detailed
1742767080182,63.78725,2318,Eye Hit,Right,534.6555,741.013,48.27765,Sedan5-Detailed
1742767080182,63.78725,2318,Eye Hit,Center,535.1699,741.013,48.27763,Sedan5-Detailed
1742767080212,63.81932,2319,Eye Hit,Left,538.2193,735.6833,48.29564,Sedan5-Detailed
1742767080212,63.81932,2319,Eye Hit,Right,537.1905,735.6833,48.29564,Sedan5-Detailed
1742767080212,63.81932,2319,Eye Hit,Center,537.7048,735.6833,48.29562,Sedan5-Detailed
1742767080237,63.84932,2320,Eye Hit,Left,545.2733,732.0364,48.39034,Sedan5-Detailed
1742767080237,63.84932,2320,Eye Hit,Right,544.2466,732.0364,48.39034,Sedan5-Detailed
1742767080237,63.84932,2320,Eye Hit,Center,544.7599,732.0364,48.39033,Sedan5-Detailed
1742767080266,63.87377,2321,Eye Hit,Left,558.821,726.971,48.56736,Sedan5-Detailed
1742767080266,63.87377,2321,Eye Hit,Right,557.798,726.971,48.56736,Sedan5-Detailed
1742767080266,63.87377,2321,Eye Hit,Center,558.3095,726.971,48.56736,Sedan5-Detailed
1742767080291,63.90172,2322,Eye Hit,Left,558.6415,729.8624,48.58537,Sedan5-Detailed
1742767080291,63.90172,2322,Eye Hit,Right,557.619,729.8624,48.58537,Sedan5-Detailed
1742767080291,63.90172,2322,Eye Hit,Center,558.1302,729.8625,48.58535,Sedan5-Detailed
1742767080320,63.92758,2323,Eye Hit,Left,562.8488,735.705,48.68276,Sedan5-Detailed
1742767080320,63.92758,2323,Eye Hit,Right,561.8282,735.705,48.68277,Sedan5-Detailed
1742767080320,63.92758,2323,Eye Hit,Center,562.3384,735.705,48.68276,Sedan5-Detailed
1742767080350,63.95793,2324,Eye Hit,Left,581.2408,741.2999,48.96288,Sedan5-Detailed
1742767080350,63.95793,2324,Eye Hit,Right,580.2261,741.2999,48.96287,Sedan5-Detailed
1742767080350,63.95793,2324,Eye Hit,Center,580.7335,741.2999,48.96288,Sedan5-Detailed
1742767080377,63.98746,2325,Eye Hit,Left,582.2554,737.6512,48.96284,Sedan5-Detailed
1742767080377,63.98746,2325,Eye Hit,Right,581.2406,737.6512,48.96284,Sedan5-Detailed
1742767080377,63.98746,2325,Eye Hit,Center,581.748,737.6512,48.96284,Sedan5-Detailed
1742767080405,64.01367,2326,Eye Hit,Left,585.2675,725.6915,48.93623,Sedan5-Detailed
1742767080405,64.01367,2326,Eye Hit,Right,584.2523,725.6915,48.93623,Sedan5-Detailed
1742767080405,64.01367,2326,Eye Hit,Center,584.7599,725.6915,48.93623,Sedan5-Detailed
1742767080433,64.04214,2327,Eye Hit,Left,588.3716,709.7098,48.874,Sedan5-Detailed
1742767080434,64.04214,2327,Eye Hit,Right,587.355,709.7098,48.874,Sedan5-Detailed
1742767080434,64.04214,2327,Eye Hit,Center,587.8633,709.7098,48.874,Sedan5-Detailed
1742767080459,64.07024,2328,Eye Hit,Left,608.2388,697.826,48.99828,Sedan5-Detailed
1742767080459,64.07024,2328,Eye Hit,Right,607.2248,697.826,48.99828,Sedan5-Detailed
1742767080459,64.07024,2328,Eye Hit,Center,607.7318,697.826,48.99828,Sedan5-Detailed
1742767080488,64.09662,2329,Eye Hit,Left,605.6375,703.9841,49.02094,Sedan5-Detailed
1742767080488,64.09662,2329,Eye Hit,Right,604.624,703.9841,49.02094,Sedan5-Detailed
1742767080488,64.09662,2329,Eye Hit,Center,605.1307,703.9842,49.02094,Sedan5-Detailed
1742767080520,64.12515,2330,Eye Hit,Left,627.1568,712.4528,49.28946,Sedan5-Detailed
1742767080520,64.12515,2330,Eye Hit,Right,626.1488,712.4528,49.28946,Sedan5-Detailed
1742767080520,64.12515,2330,Eye Hit,Center,626.6526,712.4528,49.28944,Sedan5-Detailed
1742767080544,64.15795,2331,Eye Hit,Left,641.9567,709.7207,49.3836,Sedan5-Detailed
1742767080544,64.15795,2331,Eye Hit,Right,640.9506,709.7207,49.3836,Sedan5-Detailed
1742767080544,64.15795,2331,Eye Hit,Center,641.4536,709.7207,49.38359,Sedan5-Detailed
1742767080571,64.18079,2332,Eye Hit,Left,646.1502,714.6186,49.45502,MicroBus1-Detailed
1742767080571,64.18079,2332,Eye Hit,Right,645.1456,714.6186,49.45502,MicroBus1-Detailed
1742767080571,64.18079,2332,Eye Hit,Center,645.6479,714.6186,49.45503,MicroBus1-Detailed
1742767080598,64.20815,2333,Eye Hit,Left,653.8018,705.8989,49.43513,MicroBus1-Detailed
1742767080598,64.20815,2333,Eye Hit,Right,652.7968,705.8989,49.43513,MicroBus1-Detailed
1742767080598,64.20815,2333,Eye Hit,Center,653.2993,705.8989,49.43513,MicroBus1-Detailed
1742767080625,64.23441,2334,Eye Hit,Left,670.8242,699.2103,49.46752,SportCar5-Detailed
1742767080625,64.23441,2334,Eye Hit,Right,669.8198,699.2103,49.46752,SportCar5-Detailed
1742767080625,64.23441,2334,Eye Hit,Center,670.3221,699.2103,49.46753,SportCar5-Detailed
1742767080653,64.26218,2335,Eye Hit,Left,684.4429,683.1156,49.36494,SportCar5-Detailed
1742767080653,64.26218,2335,Eye Hit,Right,683.4364,683.1156,49.36494,SportCar5-Detailed
1742767080653,64.26218,2335,Eye Hit,Center,683.9396,683.1156,49.36494,SportCar5-Detailed
1742767080682,64.29088,2336,Eye Hit,Left,674.7786,677.6534,49.26839,MicroBus1-Detailed
1742767080682,64.29088,2336,Eye Hit,Right,673.7702,677.6534,49.26838,MicroBus1-Detailed
1742767080682,64.29088,2336,Eye Hit,Center,674.2744,677.6534,49.26838,MicroBus1-Detailed
1742767080708,64.3185,2337,Eye Hit,Left,625.7434,696.3605,49.13114,MicroBus1-Detailed
1742767080708,64.3185,2337,Eye Hit,Right,624.7321,696.3605,49.13114,MicroBus1-Detailed
1742767080708,64.3185,2337,Eye Hit,Center,625.2378,696.3605,49.13114,MicroBus1-Detailed
1742767080737,64.34467,2338,Eye Hit,Left,595.3265,730.215,49.06636,MicroBus1-Detailed
1742767080737,64.34467,2338,Eye Hit,Right,594.314,730.215,49.06636,MicroBus1-Detailed
1742767080737,64.34467,2338,Eye Hit,Center,594.8203,730.215,49.06636,MicroBus1-Detailed
1742767080767,64.37354,2339,Eye Hit,Left,598.1948,728.1267,49.08744,MicroBus1-Detailed
1742767080767,64.37354,2339,Eye Hit,Right,597.1827,728.1267,49.08744,MicroBus1-Detailed
1742767080767,64.37354,2339,Eye Hit,Center,597.6887,728.1267,49.08744,MicroBus1-Detailed
1742767080795,64.40328,2340,Eye Hit,Left,592.7944,723.0031,48.99016,MicroBus1-Detailed
1742767080795,64.40328,2340,Eye Hit,Right,591.7802,723.0031,48.99016,MicroBus1-Detailed
1742767080795,64.40328,2340,Eye Hit,Center,592.2871,723.0031,48.99015,MicroBus1-Detailed
1742767080825,64.43248,2341,Eye Hit,Left,597.2586,710.7267,48.95314,MicroBus1-Detailed
1742767080825,64.43248,2341,Eye Hit,Right,596.2437,710.7267,48.95314,MicroBus1-Detailed
1742767080825,64.43248,2341,Eye Hit,Center,596.7512,710.7267,48.95314,MicroBus1-Detailed
1742767080863,64.46296,2342,Eye Hit,Left,594.5719,682.1225,48.66993,MicroBus1-Detailed
1742767080863,64.46296,2342,Eye Hit,Right,593.551,682.1225,48.66993,MicroBus1-Detailed
1742767080863,64.46296,2342,Eye Hit,Center,594.0615,682.1225,48.66993,MicroBus1-Detailed
1742767080896,64.50025,2343,Eye Hit,Left,600.4263,669.7471,48.60259,MicroBus1-Detailed
1742767080896,64.50025,2343,Eye Hit,Right,599.4041,669.7471,48.60259,MicroBus1-Detailed
1742767080896,64.50025,2343,Eye Hit,Center,599.9152,669.7471,48.6026,MicroBus1-Detailed
1742767080934,64.5331,2344,Eye Hit,Left,608.6763,658.1009,48.5508,MicroBus1-Detailed
1742767080934,64.5331,2344,Eye Hit,Right,607.653,658.1009,48.5508,MicroBus1-Detailed
1742767080934,64.5331,2344,Eye Hit,Center,608.1646,658.1009,48.5508,MicroBus1-Detailed
1742767080964,64.57149,2345,Eye Hit,Left,606.104,635.8864,48.23693,MicroBus1-Detailed
1742767080964,64.57149,2345,Eye Hit,Right,605.074,635.8864,48.23693,MicroBus1-Detailed
1742767080964,64.57149,2345,Eye Hit,Center,605.5891,635.8864,48.23693,MicroBus1-Detailed
1742767080987,64.60136,2346,Eye Hit,Left,592.3859,635.6456,48.08678,MicroBus1-Detailed
1742767080987,64.60136,2346,Eye Hit,Right,591.3526,635.6456,48.08679,MicroBus1-Detailed
1742767080987,64.60136,2346,Eye Hit,Center,591.8692,635.6456,48.08678,MicroBus1-Detailed
1742767081017,64.62589,2347,Eye Hit,Left,589.2534,651.3683,48.25435,MicroBus1-Detailed
1742767081017,64.62589,2347,Eye Hit,Right,588.2238,651.3683,48.25435,MicroBus1-Detailed
1742767081017,64.62589,2347,Eye Hit,Center,588.7386,651.3683,48.25435,MicroBus1-Detailed
1742767081044,64.65443,2348,Eye Hit,Left,591.9034,645.0303,48.20255,MicroBus1-Detailed
1742767081044,64.65443,2348,Eye Hit,Right,590.8726,645.0303,48.20254,MicroBus1-Detailed
1742767081044,64.65443,2348,Eye Hit,Center,591.388,645.0303,48.20254,MicroBus1-Detailed
1742767081075,64.6819,2349,Eye Hit,Left,602.5173,649.7199,48.37518,MicroBus1-Detailed
1742767081075,64.6819,2349,Eye Hit,Right,601.4902,649.7199,48.37518,MicroBus1-Detailed
1742767081075,64.6819,2349,Eye Hit,Center,602.0037,649.7199,48.37518,MicroBus1-Detailed
1742767081108,64.71292,2350,Eye Hit,Left,599.7311,655.9137,48.41653,MicroBus1-Detailed
1742767081108,64.71292,2350,Eye Hit,Right,598.705,655.9137,48.41653,MicroBus1-Detailed
1742767081108,64.71292,2350,Eye Hit,Center,599.2181,655.9137,48.41653,MicroBus1-Detailed
1742767081144,64.7459,2351,Eye Hit,Left,607.1262,655.4957,48.48312,MicroBus1-Detailed
1742767081144,64.7459,2351,Eye Hit,Right,606.1015,655.4957,48.48312,MicroBus1-Detailed
1742767081144,64.7459,2351,Eye Hit,Center,606.6138,655.4957,48.48312,MicroBus1-Detailed
1742767081172,64.7815,2352,Eye Hit,Left,612.069,653.5525,48.50656,MicroBus1-Detailed
1742767081172,64.7815,2352,Eye Hit,Right,611.0447,653.5525,48.50655,MicroBus1-Detailed
1742767081172,64.7815,2352,Eye Hit,Center,611.5569,653.5525,48.50655,MicroBus1-Detailed
1742767081197,64.80883,2353,Eye Hit,Left,609.4211,648.4844,48.4164,MicroBus1-Detailed
1742767081197,64.80883,2353,Eye Hit,Right,608.3949,648.4844,48.4164,MicroBus1-Detailed
1742767081197,64.80883,2353,Eye Hit,Center,608.908,648.4844,48.4164,MicroBus1-Detailed
1742767081223,64.83454,2354,Eye Hit,Left,597.9496,644.9321,48.25271,MicroBus1-Detailed
1742767081223,64.83454,2354,Eye Hit,Right,596.92,644.9321,48.25271,MicroBus1-Detailed
1742767081223,64.83454,2354,Eye Hit,Center,597.4348,644.9321,48.25271,MicroBus1-Detailed
1742767081249,64.86107,2355,Eye Hit,Left,594.5237,671.8398,48.5345,MicroBus1-Detailed
1742767081249,64.86107,2355,Eye Hit,Right,593.5,671.8398,48.5345,MicroBus1-Detailed
1742767081249,64.86107,2355,Eye Hit,Center,594.0119,671.8398,48.5345,MicroBus1-Detailed
1742767081277,64.88705,2356,Eye Hit,Left,594.0864,670.4052,48.51476,MicroBus1-Detailed
1742767081277,64.88705,2356,Eye Hit,Right,593.0623,670.4052,48.51476,MicroBus1-Detailed
1742767081277,64.88705,2356,Eye Hit,Center,593.5743,670.4052,48.51476,MicroBus1-Detailed
1742767081306,64.91499,2357,Eye Hit,Left,594.4264,665.59,48.46636,MicroBus1-Detailed
1742767081306,64.91499,2357,Eye Hit,Right,593.4013,665.59,48.46636,MicroBus1-Detailed
1742767081306,64.91499,2357,Eye Hit,Center,593.9137,665.59,48.46635,MicroBus1-Detailed
1742767081335,64.94361,2358,Eye Hit,Left,593.3725,660.6928,48.39157,MicroBus1-Detailed
1742767081335,64.94361,2358,Eye Hit,Right,592.3458,660.6928,48.39157,MicroBus1-Detailed
1742767081335,64.94361,2358,Eye Hit,Center,592.8592,660.6928,48.39157,MicroBus1-Detailed
1742767081364,64.97231,2359,Eye Hit,Left,595.1618,646.3354,48.23742,MicroBus1-Detailed
1742767081364,64.97231,2359,Eye Hit,Right,594.1318,646.3354,48.23741,MicroBus1-Detailed
1742767081364,64.97231,2359,Eye Hit,Center,594.6468,646.3354,48.23742,MicroBus1-Detailed
1742767081392,65.00139,2360,Eye Hit,Left,590.9379,635.8977,48.05514,MicroBus1-Detailed
1742767081392,65.00139,2360,Eye Hit,Right,589.9039,635.8977,48.05514,MicroBus1-Detailed
1742767081392,65.00139,2360,Eye Hit,Center,590.4209,635.8977,48.05514,MicroBus1-Detailed
1742767081421,65.0302,2361,Eye Hit,Left,583.4461,637.5195,47.99371,MicroBus1-Detailed
1742767081421,65.0302,2361,Eye Hit,Right,582.4109,637.5195,47.99371,MicroBus1-Detailed
1742767081421,65.0302,2361,Eye Hit,Center,582.9285,637.5195,47.99371,MicroBus1-Detailed
1742767081451,65.05883,2362,Eye Hit,Left,581.3809,642.7217,48.04052,MicroBus1-Detailed
1742767081451,65.05883,2362,Eye Hit,Right,580.3466,642.7217,48.04052,MicroBus1-Detailed
1742767081451,65.05883,2362,Eye Hit,Center,580.8637,642.7217,48.04052,MicroBus1-Detailed
1742767081478,65.08965,2363,Eye Hit,Left,580.4592,652.7965,48.15943,MicroBus1-Detailed
1742767081478,65.08965,2363,Eye Hit,Right,579.4276,652.7965,48.15942,MicroBus1-Detailed
1742767081478,65.08965,2363,Eye Hit,Center,579.9434,652.7965,48.15942,MicroBus1-Detailed
1742767081506,65.1152,2364,Eye Hit,Left,580.5294,667.1998,48.33099,MicroBus1-Detailed
1742767081506,65.1152,2364,Eye Hit,Right,579.5014,667.1998,48.33099,MicroBus1-Detailed
1742767081506,65.1152,2364,Eye Hit,Center,580.0156,667.1998,48.331,MicroBus1-Detailed
1742767081530,65.14385,2365,Eye Hit,Left,576.4984,671.1635,48.32083,MicroBus1-Detailed
1742767081530,65.14385,2365,Eye Hit,Right,575.4702,671.1635,48.32083,MicroBus1-Detailed
1742767081530,65.14385,2365,Eye Hit,Center,575.9843,671.1635,48.32083,MicroBus1-Detailed
1742767081557,65.16813,2366,Eye Hit,Left,569.6987,682.9572,48.35561,MicroBus1-Detailed
1742767081557,65.16813,2366,Eye Hit,Right,568.6712,682.9572,48.35561,MicroBus1-Detailed
1742767081557,65.16813,2366,Eye Hit,Center,569.1849,682.9572,48.35561,MicroBus1-Detailed
1742767081586,65.19489,2367,Eye Hit,Left,560.841,692.0822,48.32158,MicroBus1-Detailed
1742767081586,65.19489,2367,Eye Hit,Right,559.8128,692.0822,48.32158,MicroBus1-Detailed
1742767081586,65.19489,2367,Eye Hit,Center,560.327,692.0822,48.32158,MicroBus1-Detailed
1742767081612,65.22435,2368,Eye Hit,Left,540.2467,694.2367,48.03769,MicroBus1-Detailed
1742767081612,65.22435,2368,Eye Hit,Right,539.2124,694.2367,48.0377,MicroBus1-Detailed
1742767081612,65.22435,2368,Eye Hit,Center,539.7296,694.2366,48.0377,MicroBus1-Detailed
1742767081639,65.24973,2369,Eye Hit,Left,538.5234,685.1301,47.93225,MicroBus1-Detailed
1742767081639,65.24973,2369,Eye Hit,Right,537.4869,685.1301,47.93225,MicroBus1-Detailed
1742767081639,65.24973,2369,Eye Hit,Center,538.0052,685.1301,47.93225,MicroBus1-Detailed
1742767081669,65.27608,2370,Eye Hit,Left,548.3607,639.5848,47.57831,Truck1-Detailed
1742767081669,65.27608,2370,Eye Hit,Right,547.3165,639.5848,47.57831,Truck1-Detailed
1742767081669,65.27608,2370,Eye Hit,Center,547.8386,639.5848,47.57831,Truck1-Detailed
1742767081698,65.3071,2371,Eye Hit,Left,544.3945,641.0593,47.53934,Truck1-Detailed
1742767081698,65.3071,2371,Eye Hit,Right,543.3493,641.0593,47.53934,Truck1-Detailed
1742767081698,65.3071,2371,Eye Hit,Center,543.8719,641.0593,47.53934,Truck1-Detailed
1742767081726,65.33541,2372,Eye Hit,Left,547.4877,641.0917,47.58775,Truck1-Detailed
1742767081726,65.33541,2372,Eye Hit,Right,546.4437,641.0917,47.58775,Truck1-Detailed
1742767081726,65.33541,2372,Eye Hit,Center,546.9658,641.0917,47.58776,Truck1-Detailed
1742767081756,65.36382,2373,,Left,553.9327,648.9036,47.78076,
1742767081756,65.36382,2373,,Right,552.8929,648.9036,47.78076,
1742767081756,65.36382,2373,,Center,553.4128,648.9036,47.78076,
1742767081782,65.39337,2374,,Left,549.4502,655.3007,47.79639,
1742767081782,65.39337,2374,,Right,548.4107,655.3007,47.79639,
1742767081782,65.39337,2374,,Center,548.9303,655.3006,47.79638,
1742767081810,65.41971,2375,,Left,550.2538,655.1624,47.80965,
1742767081810,65.41971,2375,,Right,549.2145,655.1624,47.80965,
1742767081810,65.41971,2375,,Center,549.7341,655.1624,47.80965,
1742767081837,65.44742,2376,,Left,546.8067,657.8337,47.79453,
1742767081837,65.44742,2376,,Right,545.7672,657.8337,47.79452,
1742767081837,65.44742,2376,,Center,546.287,657.8337,47.79452,
1742767081864,65.47405,2377,Eye Hit,Left,536.8327,651.3687,47.57273,Car5-Detailed
1742767081864,65.47405,2377,Eye Hit,Right,535.7883,651.3687,47.57273,Car5-Detailed
1742767081864,65.47405,2377,Eye Hit,Center,536.3104,651.3687,47.57272,Car5-Detailed
1742767081893,65.50106,2378,Eye Hit,Left,536.9285,648.2623,47.53942,Car5-Detailed
1742767081893,65.50106,2378,Eye Hit,Right,535.8834,648.2623,47.53942,Car5-Detailed
1742767081893,65.50106,2378,Eye Hit,Center,536.4059,648.2623,47.53942,Car5-Detailed
1742767081920,65.53045,2379,Eye Hit,Left,535.7423,641.2143,47.43495,Car5-Detailed
1742767081920,65.53045,2379,Eye Hit,Right,534.6948,641.2143,47.43495,Car5-Detailed
1742767081920,65.53045,2379,Eye Hit,Center,535.2184,641.2144,47.43494,Car5-Detailed
1742767081948,65.55868,2380,Eye Hit,Left,533.962,650.6071,47.52308,Car5-Detailed
1742767081948,65.55868,2380,Eye Hit,Right,532.9165,650.6071,47.52308,Car5-Detailed
1742767081948,65.55868,2380,Eye Hit,Center,533.4392,650.6072,47.52308,Car5-Detailed
1742767081976,65.58532,2381,,Left,533.6345,656.2624,47.58332,
1742767081976,65.58532,2381,,Right,532.5903,656.2624,47.58332,
1742767081976,65.58532,2381,,Center,533.1124,656.2624,47.58332,
1742767082012,65.61313,2382,,Left,529.269,658.5392,47.54501,
1742767082012,65.61313,2382,,Right,528.224,658.5392,47.54501,
1742767082012,65.61313,2382,,Center,528.7465,658.5392,47.54501,
1742767082048,65.64986,2383,,Left,523.8881,662.2833,47.50142,
1742767082048,65.64986,2383,,Right,522.8421,662.2833,47.50142,
1742767082048,65.64986,2383,,Center,523.3651,662.2833,47.50142,
1742767082072,65.6849,2384,,Left,529.1733,671.8884,47.6801,
1742767082072,65.6849,2384,,Right,528.1313,671.8884,47.6801,
1742767082072,65.6849,2384,,Center,528.6525,671.8884,47.68011,
1742767082098,65.71014,2385,,Left,525.4755,670.541,47.61009,
1742767082098,65.71014,2385,,Right,524.4319,670.541,47.61009,
1742767082098,65.71014,2385,,Center,524.9537,670.541,47.6101,
1742767082129,65.7364,2386,,Left,517.0969,664.5517,47.40522,
1742767082129,65.7364,2386,,Right,516.0489,664.5517,47.40522,
1742767082129,65.7364,2386,,Center,516.5729,664.5517,47.40522,
1742767082159,65.76621,2387,,Left,515.3322,665.2212,47.37904,
1742767082159,65.76621,2387,,Right,514.2835,665.2212,47.37904,
1742767082159,65.76621,2387,,Center,514.8079,665.2212,47.37904,
1742767082187,65.79634,2388,,Left,517.3798,666.3182,47.42189,
1742767082187,65.79634,2388,,Right,516.332,666.3182,47.42189,
1742767082187,65.79634,2388,,Center,516.8558,666.3182,47.42189,
1742767082216,65.82471,2389,,Left,507.2953,667.8473,47.26112,
1742767082216,65.82471,2389,,Right,506.2441,667.8473,47.26112,
1742767082216,65.82471,2389,,Center,506.7697,667.8473,47.26112,
1742767082245,65.8539,2390,,Left,504.591,676.9095,47.30055,
1742767082245,65.8539,2390,,Right,503.5406,676.9095,47.30055,
1742767082245,65.8539,2390,,Center,504.0658,676.9095,47.30055,
1742767082273,65.88166,2391,Eye Hit,Left,495.7104,702.7778,47.35538,Truck1-Detailed
1742767082273,65.88166,2391,Eye Hit,Right,494.6612,702.7778,47.35538,Truck1-Detailed
1742767082273,65.88166,2391,Eye Hit,Center,495.1858,702.7778,47.35538,Truck1-Detailed
1742767082300,65.90988,2392,Eye Hit,Left,493.5023,710.0653,47.3674,Truck1-Detailed
1742767082300,65.90988,2392,Eye Hit,Right,492.4533,710.0653,47.3674,Truck1-Detailed
1742767082300,65.90988,2392,Eye Hit,Center,492.9777,710.0653,47.36738,Truck1-Detailed
1742767082333,65.93802,2393,,Left,493.6538,716.2907,47.40974,
1742767082333,65.93802,2393,,Right,492.6058,716.2907,47.40974,
1742767082333,65.93802,2393,,Center,493.1298,716.2907,47.40974,
1742767082368,65.97012,2394,,Left,495.5322,701.2637,47.3407,
1742767082368,65.97012,2394,,Right,494.4827,701.2637,47.34071,
1742767082368,65.97012,2394,,Center,495.0075,701.2637,47.34071,
1742767082397,66.00496,2395,,Left,502.5058,698.8984,47.44936,
1742767082397,66.00496,2395,,Right,501.4587,698.8984,47.44937,
1742767082397,66.00496,2395,,Center,501.9821,698.8984,47.44935,
1742767082423,66.03493,2396,,Left,494.6238,695.67,47.27741,
1742767082423,66.03493,2396,,Right,493.5729,695.67,47.27741,
1742767082423,66.03493,2396,,Center,494.0984,695.67,47.27742,
1742767082450,66.05998,2397,,Left,492.4136,701.7407,47.28192,
1742767082450,66.05998,2397,,Right,491.3628,701.7407,47.28193,
1742767082450,66.05998,2397,,Center,491.8882,701.7407,47.28193,
1742767082476,66.08764,2398,Eye Hit,Left,486.3711,697.0986,47.13012,Sedan4-Detailed
1742767082476,66.08764,2398,Eye Hit,Right,485.3169,697.0986,47.13012,Sedan4-Detailed
1742767082476,66.08764,2398,Eye Hit,Center,485.844,697.0986,47.13012,Sedan4-Detailed
1742767082504,66.11414,2399,Eye Hit,Left,481.8235,692.6736,47.00558,Sedan4-Detailed
1742767082504,66.11414,2399,Eye Hit,Right,480.7666,692.6736,47.00558,Sedan4-Detailed
1742767082504,66.11414,2399,Eye Hit,Center,481.2951,692.6736,47.00558,Sedan4-Detailed
1742767082532,66.14099,2400,Eye Hit,Left,476.5952,695.097,46.92157,Sedan4-Detailed
1742767082532,66.14099,2400,Eye Hit,Right,475.5363,695.097,46.92157,Sedan4-Detailed
1742767082532,66.14099,2400,Eye Hit,Center,476.0658,695.097,46.92157,Sedan4-Detailed
1742767082559,66.16917,2401,,Left,454.5493,709.3756,46.57344,
1742767082559,66.16917,2401,,Right,453.4825,709.3756,46.57345,
1742767082559,66.16917,2401,,Center,454.0158,709.3756,46.57345,
1742767082588,66.19682,2402,,Left,434.7289,715.6021,46.18351,
1742767082588,66.19682,2402,,Right,433.6531,715.6021,46.18351,
1742767082588,66.19682,2402,,Center,434.1909,715.6021,46.18351,
1742767082619,66.22615,2403,,Left,390.8105,723.1656,45.21438,
1742767082619,66.22615,2403,,Right,389.7118,723.1656,45.21437,
1742767082619,66.22615,2403,,Center,390.2612,723.1656,45.21438,
1742767082645,66.25681,2404,,Left,320.0434,725.011,43.46043,
1742767082645,66.25681,2404,,Right,318.9002,725.011,43.46043,
1742767082645,66.25681,2404,,Center,319.4718,725.011,43.46043,
1742767082673,66.28257,2405,Eye Hit,Left,221.2847,744.6796,40.91832,SE_Tree_50
1742767082673,66.28257,2405,Eye Hit,Right,220.0705,744.6796,40.91833,SE_Tree_50
1742767082673,66.28257,2405,Eye Hit,Center,220.6777,744.6796,40.91833,SE_Tree_50
1742767082703,66.3102,2406,Eye Hit,Left,177.8729,741.9239,39.74735,Jeep3-Detailed
1742767082703,66.3102,2406,Eye Hit,Right,176.6229,741.9239,39.74735,Jeep3-Detailed
1742767082703,66.3102,2406,Eye Hit,Center,177.2479,741.9239,39.74734,Jeep3-Detailed
1742767082737,66.34096,2407,Eye Hit,Left,-61.23539,754.2581,33.70691,Jeep3-Detailed
1742767082737,66.34096,2407,Eye Hit,Right,-62.70936,754.2581,33.70691,Jeep3-Detailed
1742767082737,66.34096,2407,Eye Hit,Center,-61.97242,754.2581,33.7069,Jeep3-Detailed
1742767082760,66.37324,2408,Eye Hit,Left,29.14583,630.8205,35.45323,Jeep3-Detailed
1742767082760,66.37324,2408,Eye Hit,Right,27.74447,630.8205,35.45323,Jeep3-Detailed
1742767082760,66.37324,2408,Eye Hit,Center,28.44511,630.8206,35.45322,Jeep3-Detailed
1742767082786,66.39683,2409,Eye Hit,Left,24.11031,581.8423,35.01675,Jeep3-Detailed
1742767082786,66.39683,2409,Eye Hit,Right,22.69144,581.8423,35.01676,Jeep3-Detailed
1742767082786,66.39683,2409,Eye Hit,Center,23.40075,581.8423,35.01675,Jeep3-Detailed
1742767082814,66.423,2410,Eye Hit,Left,74.95882,590.1719,36.28485,Jeep3-Detailed
1742767082814,66.423,2410,Eye Hit,Right,73.58956,590.1719,36.28484,Jeep3-Detailed
1742767082814,66.423,2410,Eye Hit,Center,74.27415,590.1719,36.28484,Jeep3-Detailed
1742767082843,66.45031,2411,Eye Hit,Left,393.3329,631.8137,44.49237,Jeep3-Detailed
1742767082843,66.45031,2411,Eye Hit,Right,392.2161,631.8137,44.49237,Jeep3-Detailed
1742767082843,66.45031,2411,Eye Hit,Center,392.7744,631.8137,44.49237,Jeep3-Detailed
1742767082874,66.47861,2412,Eye Hit,Left,571.6016,678.1371,48.29946,SouthSidewalk
1742767082874,66.47861,2412,Eye Hit,Right,570.5729,678.1371,48.29946,SouthSidewalk
1742767082874,66.47861,2412,Eye Hit,Center,571.0873,678.1371,48.29946,SouthSidewalk
1742767082903,66.51034,2413,Eye Hit,Left,654.8025,674.7956,49.07577,SouthSidewalk
1742767082903,66.51034,2413,Eye Hit,Right,653.7901,674.7956,49.07577,SouthSidewalk
1742767082903,66.51034,2413,Eye Hit,Center,654.2963,674.7956,49.07577,SouthSidewalk
1742767082931,66.53902,2414,Eye Hit,Left,610.0347,675.5075,48.70885,SouthSidewalk
1742767082931,66.53902,2414,Eye Hit,Right,609.0146,675.5075,48.70885,SouthSidewalk
1742767082931,66.53902,2414,Eye Hit,Center,609.5247,675.5076,48.70884,SouthSidewalk
1742767082957,66.56703,2415,Eye Hit,Left,682.1098,669.9091,49.14585,SouthSidewalk
1742767082957,66.56703,2415,Eye Hit,Right,681.0988,669.9091,49.14585,SouthSidewalk
1742767082957,66.56703,2415,Eye Hit,Center,681.6043,669.9091,49.14585,SouthSidewalk
1742767082985,66.59319,2416,Eye Hit,Left,634.3387,669.2173,48.86504,SouthSidewalk
1742767082985,66.59319,2416,Eye Hit,Right,633.3219,669.2173,48.86504,SouthSidewalk
1742767082985,66.59319,2416,Eye Hit,Center,633.8303,669.2173,48.86504,SouthSidewalk
1742767083013,66.62223,2417,Eye Hit,Left,583.0342,656.0063,48.19984,SouthSidewalk
1742767083013,66.62223,2417,Eye Hit,Right,582.0034,656.0063,48.19984,SouthSidewalk
1742767083014,66.62223,2417,Eye Hit,Center,582.5188,656.0063,48.19984,SouthSidewalk
1742767083039,66.64965,2418,Eye Hit,Left,572.4124,665.8878,48.18459,SouthSidewalk
1742767083039,66.64965,2418,Eye Hit,Right,571.3813,665.8879,48.18459,SouthSidewalk
1742767083039,66.64965,2418,Eye Hit,Center,571.8969,665.8878,48.1846,SouthSidewalk
1742767083070,66.67615,2419,Eye Hit,Left,577.4897,665.6308,48.25179,SportCar1-Detailed
1742767083071,66.67615,2419,Eye Hit,Right,576.4601,665.6308,48.25179,SportCar1-Detailed
1742767083071,66.67615,2419,Eye Hit,Center,576.9749,665.6308,48.25179,SportCar1-Detailed
1742767083095,66.70757,2420,Eye Hit,Left,528.267,667.3224,47.54906,SportCar1-Detailed
1742767083095,66.70757,2420,Eye Hit,Right,527.2221,667.3224,47.54906,SportCar1-Detailed
1742767083095,66.70757,2420,Eye Hit,Center,527.7446,667.3224,47.54906,SportCar1-Detailed
1742767083123,66.73218,2421,Eye Hit,Left,673.4229,671.7996,49.15015,SportCar1-Detailed
1742767083123,66.73218,2421,Eye Hit,Right,672.412,671.7996,49.15015,SportCar1-Detailed
1742767083123,66.73218,2421,Eye Hit,Center,672.9175,671.7996,49.15015,SportCar1-Detailed
1742767083152,66.75954,2422,Eye Hit,Left,815.3426,711.0425,49.21635,SportCar1-Detailed
1742767083152,66.75954,2422,Eye Hit,Right,814.3332,711.0425,49.21635,SportCar1-Detailed
1742767083152,66.75954,2422,Eye Hit,Center,814.838,711.0425,49.21635,SportCar1-Detailed
1742767083179,66.78999,2423,Eye Hit,Left,851.4198,714.9156,48.87334,SportCar1-Detailed
1742767083179,66.78999,2423,Eye Hit,Right,850.4033,714.9156,48.87334,SportCar1-Detailed
1742767083179,66.78999,2423,Eye Hit,Center,850.9116,714.9156,48.87334,SportCar1-Detailed
1742767083208,66.81586,2424,Eye Hit,Left,876.2358,683.2486,48.29229,SportCar1-Detailed
1742767083208,66.81586,2424,Eye Hit,Right,875.207,683.2486,48.2923,SportCar1-Detailed
1742767083208,66.81586,2424,Eye Hit,Center,875.7214,683.2486,48.2923,SportCar1-Detailed
1742767083236,66.84489,2425,Eye Hit,Left,851.1398,683.1058,48.60527,SportCar1-Detailed
1742767083236,66.84489,2425,Eye Hit,Right,850.1177,683.1058,48.60527,SportCar1-Detailed
1742767083236,66.84489,2425,Eye Hit,Center,850.6288,683.1058,48.60527,SportCar1-Detailed
1742767083261,66.87425,2426,Eye Hit,Left,818.2108,681.9827,48.93288,SportCar1-Detailed
1742767083261,66.87425,2426,Eye Hit,Right,817.1954,681.9827,48.93288,SportCar1-Detailed
1742767083261,66.87425,2426,Eye Hit,Center,817.7031,681.9827,48.93288,SportCar1-Detailed
1742767083291,66.89799,2427,Eye Hit,Left,762.5186,685.2729,49.32373,SportCar1-Detailed
1742767083291,66.89799,2427,Eye Hit,Right,761.5114,685.2729,49.32373,SportCar1-Detailed
1742767083291,66.89799,2427,Eye Hit,Center,762.015,685.2729,49.32373,SportCar1-Detailed
1742767083316,66.9285,2428,Eye Hit,Left,771.3051,691.1184,49.34306,SportCar1-Detailed
1742767083316,66.9285,2428,Eye Hit,Right,770.2981,691.1184,49.34306,SportCar1-Detailed
1742767083316,66.9285,2428,Eye Hit,Center,770.8016,691.1184,49.34306,SportCar1-Detailed
1742767083344,66.95337,2429,Eye Hit,Left,847.1773,709.0475,48.87586,SportCar1-Detailed
1742767083344,66.95337,2429,Eye Hit,Right,846.1607,709.0475,48.87586,SportCar1-Detailed
1742767083344,66.95337,2429,Eye Hit,Center,846.669,709.0475,48.87586,SportCar1-Detailed
1742767083372,66.9808,2430,Eye Hit,Left,929.6667,728.7897,47.78433,SportCar1-Detailed
1742767083372,66.9808,2430,Eye Hit,Right,928.627,728.7897,47.78433,SportCar1-Detailed
1742767083372,66.9808,2430,Eye Hit,Center,929.1469,728.7897,47.78431,SportCar1-Detailed
1742767083397,67.00901,2431,Eye Hit,Left,913.0834,729.0421,48.06691,SportCar1-Detailed
1742767083397,67.00901,2431,Eye Hit,Right,912.0497,729.0421,48.06691,SportCar1-Detailed
1742767083397,67.00901,2431,Eye Hit,Center,912.5665,729.0421,48.06691,SportCar1-Detailed
1742767083423,67.03394,2432,Eye Hit,Left,932.8884,730.2445,47.7288,SportCar1-Detailed
1742767083423,67.03394,2432,Eye Hit,Right,931.8474,730.2445,47.7288,SportCar1-Detailed
1742767083423,67.03394,2432,Eye Hit,Center,932.3679,730.2445,47.7288,SportCar1-Detailed
1742767083449,67.05998,2433,Eye Hit,Left,936.8502,726.519,47.63607,SportCar1-Detailed
1742767083449,67.05998,2433,Eye Hit,Right,935.8072,726.519,47.63608,SportCar1-Detailed
1742767083449,67.05998,2433,Eye Hit,Center,936.3287,726.519,47.63608,SportCar1-Detailed
1742767083477,67.08672,2434,Eye Hit,Left,935.3676,724.2634,47.64952,SportCar1-Detailed
1742767083477,67.08672,2434,Eye Hit,Right,934.3249,724.2634,47.64952,SportCar1-Detailed
1742767083477,67.08672,2434,Eye Hit,Center,934.8463,724.2634,47.64952,SportCar1-Detailed
1742767083506,67.11473,2435,Eye Hit,Left,925.3659,738.08,47.89928,SportCar1-Detailed
1742767083506,67.11473,2435,Eye Hit,Right,924.3286,738.08,47.89928,SportCar1-Detailed
1742767083506,67.11473,2435,Eye Hit,Center,924.8473,738.08,47.89928,SportCar1-Detailed
1742767083537,67.14341,2436,Eye Hit,Left,927.9525,749.1883,47.8999,SportCar1-Detailed
1742767083537,67.14341,2436,Eye Hit,Right,926.9153,749.1883,47.89991,SportCar1-Detailed
1742767083537,67.14341,2436,Eye Hit,Center,927.4339,749.1883,47.8999,SportCar1-Detailed
1742767083566,67.17427,2437,Eye Hit,Left,914.225,746.6826,48.12077,SportCar1-Detailed
1742767083567,67.17427,2437,Eye Hit,Right,913.1925,746.6825,48.12077,SportCar1-Detailed
1742767083567,67.17427,2437,Eye Hit,Center,913.7087,746.6825,48.12077,SportCar1-Detailed
1742767083593,67.20358,2438,Eye Hit,Left,958.3416,760.408,47.35839,Jeep2-Detailed
1742767083593,67.20358,2438,Eye Hit,Right,957.2925,760.408,47.35839,Jeep2-Detailed
1742767083593,67.20358,2438,Eye Hit,Center,957.8171,760.408,47.35839,Jeep2-Detailed
1742767083621,67.23013,2439,Eye Hit,Left,967.4987,770.7125,47.19814,Jeep2-Detailed
1742767083621,67.23013,2439,Eye Hit,Right,966.446,770.7125,47.19814,Jeep2-Detailed
1742767083621,67.23013,2439,Eye Hit,Center,966.9724,770.7125,47.19814,Jeep2-Detailed
1742767083650,67.25875,2440,Eye Hit,Left,957.7245,762.9616,47.37713,Jeep2-Detailed
1742767083650,67.25875,2440,Eye Hit,Right,956.6759,762.9616,47.37713,Jeep2-Detailed
1742767083650,67.25875,2440,Eye Hit,Center,957.2003,762.9616,47.37713,Jeep2-Detailed
1742767083677,67.28807,2441,Eye Hit,Left,963.3654,776.5823,47.29035,Jeep2-Detailed
1742767083677,67.28807,2441,Eye Hit,Right,962.3148,776.5823,47.29035,Jeep2-Detailed
1742767083677,67.28807,2441,Eye Hit,Center,962.8401,776.5823,47.29035,Jeep2-Detailed
1742767083705,67.31383,2442,Eye Hit,Left,946.6951,772.6633,47.61136,Jeep2-Detailed
1742767083705,67.31383,2442,Eye Hit,Right,945.6516,772.6633,47.61136,Jeep2-Detailed
1742767083705,67.31383,2442,Eye Hit,Center,946.1733,772.6633,47.61136,Jeep2-Detailed
1742767083736,67.342,2443,Eye Hit,Left,940.7053,779.149,47.72562,Jeep2-Detailed
1742767083736,67.342,2443,Eye Hit,Right,939.6642,779.149,47.72562,Jeep2-Detailed
1742767083736,67.342,2443,Eye Hit,Center,940.1848,779.149,47.72562,Jeep2-Detailed
1742767083762,67.37385,2444,Eye Hit,Left,944.3738,786.0005,47.66426,Jeep2-Detailed
1742767083762,67.37385,2444,Eye Hit,Right,943.3314,786.0005,47.66426,Jeep2-Detailed
1742767083762,67.37385,2444,Eye Hit,Center,943.8526,786.0005,47.66426,Jeep2-Detailed
1742767083791,67.39861,2445,Eye Hit,Left,937.5078,798.3409,47.79564,Jeep2-Detailed
1742767083791,67.39861,2445,Eye Hit,Right,936.4683,798.3409,47.79564,Jeep2-Detailed
1742767083791,67.39861,2445,Eye Hit,Center,936.988,798.3409,47.79564,Jeep2-Detailed
1742767083819,67.42866,2446,Eye Hit,Left,936.9675,802.7708,47.80641,Jeep2-Detailed
1742767083819,67.42866,2446,Eye Hit,Right,935.9282,802.7708,47.80641,Jeep2-Detailed
1742767083819,67.42866,2446,Eye Hit,Center,936.4478,802.7708,47.80641,Jeep2-Detailed
1742767083847,67.4563,2447,Eye Hit,Left,922.3954,797.6501,48.07668,Jeep2-Detailed
1742767083847,67.4563,2447,Eye Hit,Right,921.362,797.6501,48.07669,Jeep2-Detailed
1742767083847,67.4563,2447,Eye Hit,Center,921.8787,797.6501,48.07668,Jeep2-Detailed
1742767083874,67.48357,2448,Eye Hit,Left,909.5392,790.483,48.30242,Jeep2-Detailed
1742767083874,67.48357,2448,Eye Hit,Right,908.5106,790.483,48.30242,Jeep2-Detailed
1742767083874,67.48357,2448,Eye Hit,Center,909.0251,790.483,48.30241,Jeep2-Detailed
1742767083903,67.5108,2449,Eye Hit,Left,909.4729,784.4264,48.29839,Jeep2-Detailed
1742767083903,67.5108,2449,Eye Hit,Right,908.4442,784.4264,48.29839,Jeep2-Detailed
1742767083903,67.5108,2449,Eye Hit,Center,908.9585,784.4264,48.29839,Jeep2-Detailed
1742767083929,67.54055,2450,Eye Hit,Left,906.8289,785.1581,48.34775,Jeep2-Detailed
1742767083929,67.54055,2450,Eye Hit,Right,905.8012,785.1581,48.34775,Jeep2-Detailed
1742767083929,67.54055,2450,Eye Hit,Center,906.3151,785.1581,48.34775,Jeep2-Detailed
1742767083956,67.56583,2451,Eye Hit,Left,905.6696,773.9951,48.35996,Jeep2-Detailed
1742767083956,67.56583,2451,Eye Hit,Right,904.6422,773.9951,48.35996,Jeep2-Detailed
1742767083956,67.56583,2451,Eye Hit,Center,905.156,773.9951,48.35994,Jeep2-Detailed
1742767083983,67.5931,2452,Eye Hit,Left,902.4301,769.7145,48.40908,Jeep2-Detailed
1742767083983,67.5931,2452,Eye Hit,Right,901.4039,769.7145,48.40908,Jeep2-Detailed
1742767083983,67.5931,2452,Eye Hit,Center,901.9171,769.7145,48.40907,Jeep2-Detailed
1742767084011,67.62061,2453,Eye Hit,Left,900.2058,766.9495,48.44263,Jeep2-Detailed
1742767084011,67.62061,2453,Eye Hit,Right,899.1802,766.9495,48.44263,Jeep2-Detailed
1742767084011,67.62061,2453,Eye Hit,Center,899.6931,766.9495,48.44264,Jeep2-Detailed
1742767084040,67.64848,2454,Eye Hit,Left,885.3778,764.5396,48.66862,Jeep2-Detailed
1742767084040,67.64848,2454,Eye Hit,Right,884.3569,764.5396,48.66862,Jeep2-Detailed
1742767084040,67.64848,2454,Eye Hit,Center,884.8674,764.5396,48.66862,Jeep2-Detailed
1742767084069,67.67649,2455,Eye Hit,Left,882.5969,759.42,48.69709,Jeep2-Detailed
1742767084069,67.67649,2455,Eye Hit,Right,881.5766,759.42,48.69709,Jeep2-Detailed
1742767084069,67.67649,2455,Eye Hit,Center,882.0867,759.42,48.69709,Jeep2-Detailed
1742767084097,67.70571,2456,Eye Hit,Left,881.0372,762.4995,48.73133,Jeep2-Detailed
1742767084097,67.70571,2456,Eye Hit,Right,880.0176,762.4995,48.73133,Jeep2-Detailed
1742767084097,67.70571,2456,Eye Hit,Center,880.5273,762.4995,48.73133,Jeep2-Detailed
1742767084123,67.7336,2457,Eye Hit,Left,877.6855,753.9306,48.75741,Jeep2-Detailed
1742767084123,67.7336,2457,Eye Hit,Right,876.6664,753.9306,48.75741,Jeep2-Detailed
1742767084123,67.7336,2457,Eye Hit,Center,877.176,753.9306,48.75741,Jeep2-Detailed
1742767084152,67.7604,2458,Eye Hit,Left,869.7838,743.1351,48.82804,Jeep2-Detailed
1742767084152,67.7604,2458,Eye Hit,Right,868.7662,743.1351,48.82804,Jeep2-Detailed
1742767084152,67.7604,2458,Eye Hit,Center,869.275,743.1351,48.82804,Jeep2-Detailed
1742767084178,67.78963,2459,Eye Hit,Left,861.4584,737.6136,48.91517,Jeep2-Detailed
1742767084178,67.78963,2459,Eye Hit,Right,860.4427,737.6136,48.91517,Jeep2-Detailed
1742767084178,67.78963,2459,Eye Hit,Center,860.9507,737.6136,48.91516,Jeep2-Detailed
1742767084205,67.81551,2460,Eye Hit,Left,855.9058,737.2126,48.98667,Jeep2-Detailed
1742767084205,67.81551,2460,Eye Hit,Right,854.8915,737.2126,48.98667,Jeep2-Detailed
1742767084205,67.81551,2460,Eye Hit,Center,855.3987,737.2126,48.98667,Jeep2-Detailed
1742767084233,67.84279,2461,Eye Hit,Left,850.425,745.4133,49.09976,Jeep2-Detailed
1742767084233,67.84279,2461,Eye Hit,Right,849.4131,745.4133,49.09976,Jeep2-Detailed
1742767084233,67.84279,2461,Eye Hit,Center,849.9191,745.4133,49.09976,Jeep2-Detailed
1742767084265,67.87048,2462,Eye Hit,Left,848.0279,755.6571,49.17287,Jeep2-Detailed
1742767084265,67.87048,2462,Eye Hit,Right,847.0175,755.6571,49.17286,Jeep2-Detailed
1742767084265,67.87048,2462,Eye Hit,Center,847.5227,755.6571,49.17286,Jeep2-Detailed
1742767084289,67.90247,2463,Eye Hit,Left,834.9683,744.4451,49.27781,MicroBus3-Detailed
1742767084289,67.90247,2463,Eye Hit,Right,833.9601,744.4451,49.2778,MicroBus3-Detailed
1742767084289,67.90247,2463,Eye Hit,Center,834.4642,744.4451,49.2778,MicroBus3-Detailed
1742767084316,67.92654,2464,Eye Hit,Left,835.7438,726.1535,49.1739,MicroBus3-Detailed
1742767084316,67.92654,2464,Eye Hit,Right,834.7334,726.1535,49.1739,MicroBus3-Detailed
1742767084316,67.92654,2464,Eye Hit,Center,835.2388,726.1535,49.17389,MicroBus3-Detailed
1742767084344,67.95435,2465,Eye Hit,Left,839.9041,726.0961,49.1278,MicroBus3-Detailed
1742767084344,67.95435,2465,Eye Hit,Right,838.8928,726.0961,49.1278,MicroBus3-Detailed
1742767084344,67.95435,2465,Eye Hit,Center,839.3985,726.0961,49.1278,MicroBus3-Detailed
1742767084372,67.98093,2466,Eye Hit,Left,857.3594,739.8967,48.99614,MicroBus3-Detailed
1742767084372,67.98093,2466,Eye Hit,Right,856.3453,739.8967,48.99614,MicroBus3-Detailed
1742767084372,67.98093,2466,Eye Hit,Center,856.8524,739.8967,48.99614,MicroBus3-Detailed
1742767084400,68.00964,2467,Eye Hit,Left,859.9669,740.0677,48.9695,MicroBus3-Detailed
1742767084400,68.00964,2467,Eye Hit,Right,858.9523,740.0677,48.96949,MicroBus3-Detailed
1742767084400,68.00964,2467,Eye Hit,Center,859.4595,740.0677,48.96951,MicroBus3-Detailed
1742767084428,68.03685,2468,Eye Hit,Left,863.4282,735.3043,48.89792,MicroBus3-Detailed
1742767084428,68.03685,2468,Eye Hit,Right,862.4121,735.3043,48.89793,MicroBus3-Detailed
1742767084428,68.03685,2468,Eye Hit,Center,862.9201,735.3043,48.89792,MicroBus3-Detailed
1742767084457,68.06454,2469,Eye Hit,Left,861.2518,729.3691,48.89017,MicroBus3-Detailed
1742767084457,68.06454,2469,Eye Hit,Right,860.2356,729.3691,48.89017,MicroBus3-Detailed
1742767084457,68.06454,2469,Eye Hit,Center,860.7437,729.3691,48.89017,MicroBus3-Detailed
1742767084486,68.09412,2470,Eye Hit,Left,857.5505,728.6874,48.92939,MicroBus3-Detailed
1742767084486,68.09412,2470,Eye Hit,Right,856.5351,728.6874,48.92939,MicroBus3-Detailed
1742767084486,68.09412,2470,Eye Hit,Center,857.0428,728.6874,48.92939,MicroBus3-Detailed
1742767084514,68.12444,2471,Eye Hit,Left,856.3063,723.6257,48.91129,MicroBus3-Detailed
1742767084514,68.12444,2471,Eye Hit,Right,855.2905,723.6257,48.91129,MicroBus3-Detailed
1742767084514,68.12444,2471,Eye Hit,Center,855.7984,723.6257,48.91129,MicroBus3-Detailed
1742767084539,68.15113,2472,Eye Hit,Left,855.564,711.9742,48.83867,MicroBus3-Detailed
1742767084539,68.15113,2472,Eye Hit,Right,854.5466,711.9742,48.83867,MicroBus3-Detailed
1742767084539,68.15113,2472,Eye Hit,Center,855.0552,711.9742,48.83868,MicroBus3-Detailed
1742767084563,68.17605,2473,Eye Hit,Left,854.2827,713.0505,48.86652,MicroBus3-Detailed
1742767084563,68.17605,2473,Eye Hit,Right,853.266,713.0505,48.86652,MicroBus3-Detailed
1742767084563,68.17605,2473,Eye Hit,Center,853.7744,713.0505,48.86652,MicroBus3-Detailed
1742767084592,68.20032,2474,Eye Hit,Left,849.3946,713.2827,48.92424,MicroBus3-Detailed
1742767084592,68.20032,2474,Eye Hit,Right,848.379,713.2827,48.92424,MicroBus3-Detailed
1742767084592,68.20032,2474,Eye Hit,Center,848.8868,713.2827,48.92424,MicroBus3-Detailed
1742767084620,68.22878,2475,Eye Hit,Left,841.3283,717.2592,49.04216,MicroBus3-Detailed
1742767084620,68.22878,2475,Eye Hit,Right,840.3151,717.2592,49.04216,MicroBus3-Detailed
1742767084620,68.22878,2475,Eye Hit,Center,840.8219,717.2592,49.04215,MicroBus3-Detailed
1742767084653,68.25874,2476,Eye Hit,Left,835.9492,718.4408,49.10668,MicroBus3-Detailed
1742767084653,68.25874,2476,Eye Hit,Right,834.9374,718.4408,49.10668,MicroBus3-Detailed
1742767084653,68.25874,2476,Eye Hit,Center,835.4431,718.4408,49.10669,MicroBus3-Detailed
1742767084678,68.2917,2477,Eye Hit,Left,827.2656,716.6956,49.18254,MicroBus3-Detailed
1742767084678,68.2917,2477,Eye Hit,Right,826.2554,716.6956,49.18253,MicroBus3-Detailed
1742767084678,68.2917,2477,Eye Hit,Center,826.7605,716.6956,49.18253,MicroBus3-Detailed
1742767084706,68.31503,2478,Eye Hit,Left,828.7857,713.9054,49.14615,MicroBus3-Detailed
1742767084706,68.31503,2478,Eye Hit,Right,827.7748,713.9054,49.14615,MicroBus3-Detailed
1742767084706,68.31503,2478,Eye Hit,Center,828.2803,713.9054,49.14614,MicroBus3-Detailed
1742767084734,68.34364,2479,Eye Hit,Left,827.9954,712.2209,49.14434,MicroBus3-Detailed
1742767084734,68.34364,2479,Eye Hit,Right,826.9844,712.2209,49.14434,MicroBus3-Detailed
1742767084734,68.34364,2479,Eye Hit,Center,827.4899,712.2209,49.14435,MicroBus3-Detailed
1742767084763,68.37128,2480,Eye Hit,Left,832.3936,706.9643,49.05782,MicroBus3-Detailed
1742767084763,68.37128,2480,Eye Hit,Right,831.3809,706.9643,49.05782,MicroBus3-Detailed
1742767084763,68.37128,2480,Eye Hit,Center,831.8873,706.9643,49.05782,MicroBus3-Detailed
1742767084788,68.39946,2481,Eye Hit,Left,839.2741,706.8928,48.98233,MicroBus3-Detailed
1742767084788,68.39946,2481,Eye Hit,Right,838.2598,706.8928,48.98233,MicroBus3-Detailed
1742767084788,68.39946,2481,Eye Hit,Center,838.767,706.8928,48.98233,MicroBus3-Detailed
1742767084815,68.42662,2482,Eye Hit,Left,847.3544,701.0854,48.84252,MicroBus3-Detailed
1742767084815,68.42662,2482,Eye Hit,Right,846.3371,701.0854,48.84252,MicroBus3-Detailed
1742767084815,68.42662,2482,Eye Hit,Center,846.8458,701.0854,48.84252,MicroBus3-Detailed
1742767084842,68.45187,2483,Eye Hit,Left,853.2331,700.0226,48.76221,MicroBus3-Detailed
1742767084843,68.45187,2483,Eye Hit,Right,852.2141,700.0226,48.76221,MicroBus3-Detailed
1742767084843,68.45187,2483,Eye Hit,Center,852.7236,700.0226,48.76221,MicroBus3-Detailed
1742767084873,68.47983,2484,Eye Hit,Left,850.9479,694.3317,48.738,MicroBus3-Detailed
1742767084873,68.47983,2484,Eye Hit,Right,849.9285,694.3317,48.738,MicroBus3-Detailed
1742767084873,68.47983,2484,Eye Hit,Center,850.4382,694.3317,48.738,MicroBus3-Detailed
1742767084901,68.51008,2485,Eye Hit,Left,853.5145,696.442,48.72621,MicroBus3-Detailed
1742767084901,68.51008,2485,Eye Hit,Right,852.4948,696.442,48.72621,MicroBus3-Detailed
1742767084901,68.51008,2485,Eye Hit,Center,853.0046,696.442,48.72621,MicroBus3-Detailed
1742767084931,68.53777,2486,Eye Hit,Left,843.8995,703.6133,48.89591,MicroBus3-Detailed
1742767084931,68.53777,2486,Eye Hit,Right,842.8834,703.6133,48.89591,MicroBus3-Detailed
1742767084931,68.53777,2486,Eye Hit,Center,843.3914,703.6133,48.89592,MicroBus3-Detailed
1742767084956,68.5677,2487,Eye Hit,Left,845.1598,702.1331,48.8678,MicroBus3-Detailed
1742767084956,68.5677,2487,Eye Hit,Right,844.1431,702.1331,48.8678,MicroBus3-Detailed
1742767084956,68.5677,2487,Eye Hit,Center,844.6514,702.1331,48.8678,MicroBus3-Detailed
1742767084984,68.59283,2488,Eye Hit,Left,856.8658,701.2787,48.72086,MicroBus3-Detailed
1742767084984,68.59283,2488,Eye Hit,Right,855.8461,701.2787,48.72086,MicroBus3-Detailed
1742767084984,68.59283,2488,Eye Hit,Center,856.356,701.2787,48.72086,MicroBus3-Detailed
1742767085012,68.62142,2489,Eye Hit,Left,860.5171,704.6882,48.70151,MicroBus3-Detailed
1742767085012,68.62142,2489,Eye Hit,Right,859.4969,704.6882,48.70152,MicroBus3-Detailed
1742767085012,68.62142,2489,Eye Hit,Center,860.007,704.6882,48.70151,MicroBus3-Detailed
1742767085040,68.64904,2490,Eye Hit,Left,860.512,702.2236,48.68076,MicroBus3-Detailed
1742767085040,68.64904,2490,Eye Hit,Right,859.4915,702.2236,48.68077,MicroBus3-Detailed
1742767085040,68.64904,2490,Eye Hit,Center,860.0017,702.2236,48.68076,MicroBus3-Detailed
1742767085070,68.67809,2491,Eye Hit,Left,876.2734,715.3214,48.56842,MicroBus3-Detailed
1742767085070,68.67809,2491,Eye Hit,Right,875.2504,715.3214,48.56842,MicroBus3-Detailed
1742767085070,68.67809,2491,Eye Hit,Center,875.7619,715.3214,48.56842,MicroBus3-Detailed
1742767085097,68.70692,2492,Eye Hit,Left,877.8885,711.6249,48.51817,MicroBus3-Detailed
1742767085097,68.70692,2492,Eye Hit,Right,876.8644,711.6249,48.51817,MicroBus3-Detailed
1742767085097,68.70692,2492,Eye Hit,Center,877.3764,711.6249,48.51817,MicroBus3-Detailed
1742767085124,68.73406,2493,Eye Hit,Left,884.0011,716.8233,48.46549,MicroBus3-Detailed
1742767085125,68.73406,2493,Eye Hit,Right,882.976,716.8233,48.46549,MicroBus3-Detailed
1742767085125,68.73406,2493,Eye Hit,Center,883.4885,716.8233,48.46549,MicroBus3-Detailed
1742767085154,68.762,2494,Eye Hit,Left,878.0507,722.262,48.5843,MicroBus3-Detailed
1742767085154,68.762,2494,Eye Hit,Right,877.028,722.262,48.5843,MicroBus3-Detailed
1742767085154,68.762,2494,Eye Hit,Center,877.5393,722.262,48.58431,MicroBus3-Detailed
1742767085184,68.79219,2495,Eye Hit,Left,874.4451,735.5685,48.70866,MicroBus3-Detailed
1742767085184,68.79219,2495,Eye Hit,Right,873.4251,735.5685,48.70866,MicroBus3-Detailed
1742767085184,68.79219,2495,Eye Hit,Center,873.9351,735.5685,48.70866,MicroBus3-Detailed
1742767085209,68.82189,2496,Eye Hit,Left,870.6638,726.4981,48.70848,MicroBus3-Detailed
1742767085209,68.82189,2496,Eye Hit,Right,869.6439,726.4981,48.70848,MicroBus3-Detailed
1742767085209,68.82189,2496,Eye Hit,Center,870.1538,726.4981,48.70848,MicroBus3-Detailed
1742767085237,68.84579,2497,Eye Hit,Left,853.1296,710.6848,48.82608,MicroBus3-Detailed
1742767085237,68.84579,2497,Eye Hit,Right,852.1119,710.6848,48.82608,MicroBus3-Detailed
1742767085237,68.84579,2497,Eye Hit,Center,852.6208,710.6848,48.82608,MicroBus3-Detailed
1742767085265,68.87318,2498,Eye Hit,Left,854.2773,716.5065,48.84899,MicroBus3-Detailed
1742767085265,68.87318,2498,Eye Hit,Right,853.2602,716.5065,48.84899,MicroBus3-Detailed
1742767085265,68.87318,2498,Eye Hit,Center,853.7687,716.5065,48.84899,MicroBus3-Detailed
1742767085292,68.90189,2499,Eye Hit,Left,850.5919,715.1386,48.88203,MicroBus3-Detailed
1742767085292,68.90189,2499,Eye Hit,Right,849.5755,715.1386,48.88203,MicroBus3-Detailed
1742767085292,68.90189,2499,Eye Hit,Center,850.0836,715.1386,48.88203,MicroBus3-Detailed
1742767085320,68.92925,2500,Eye Hit,Left,860.842,711.7241,48.73025,MicroBus3-Detailed
1742767085320,68.92925,2500,Eye Hit,Right,859.8224,711.7241,48.73025,MicroBus3-Detailed
1742767085320,68.92925,2500,Eye Hit,Center,860.3322,711.7241,48.73025,MicroBus3-Detailed
1742767085349,68.95778,2501,Eye Hit,Left,853.4739,706.979,48.7843,MicroBus3-Detailed
1742767085349,68.95778,2501,Eye Hit,Right,852.4554,706.979,48.7843,MicroBus3-Detailed
1742767085349,68.95778,2501,Eye Hit,Center,852.9648,706.979,48.78429,MicroBus3-Detailed
1742767085377,68.98595,2502,Eye Hit,Left,865.5558,707.9918,48.63872,MicroBus3-Detailed
1742767085377,68.98595,2502,Eye Hit,Right,864.5343,707.9918,48.63872,MicroBus3-Detailed
1742767085377,68.98595,2502,Eye Hit,Center,865.0451,707.9918,48.63873,MicroBus3-Detailed
1742767085406,69.01478,2503,Eye Hit,Left,857.0069,708.2232,48.74729,MicroBus3-Detailed
1742767085406,69.01478,2503,Eye Hit,Right,855.9877,708.2232,48.7473,MicroBus3-Detailed
1742767085406,69.01478,2503,Eye Hit,Center,856.4973,708.2232,48.74729,MicroBus3-Detailed
1742767085433,69.04311,2504,Eye Hit,Left,856.9845,711.7881,48.77219,MicroBus3-Detailed
1742767085433,69.04311,2504,Eye Hit,Right,855.9659,711.7881,48.77219,MicroBus3-Detailed
1742767085433,69.04311,2504,Eye Hit,Center,856.4752,711.7881,48.77219,MicroBus3-Detailed
1742767085461,69.07059,2505,Eye Hit,Left,869.9457,723.2258,48.67154,MicroBus3-Detailed
1742767085461,69.07059,2505,Eye Hit,Right,868.9249,723.2258,48.67154,MicroBus3-Detailed
1742767085461,69.07059,2505,Eye Hit,Center,869.4354,723.2258,48.67154,MicroBus3-Detailed
1742767085487,69.09961,2506,Eye Hit,Left,885.6439,734.0715,48.50899,Car2-Detailed
1742767085487,69.09961,2506,Eye Hit,Right,884.6196,734.0715,48.50899,Car2-Detailed
1742767085487,69.09961,2506,Eye Hit,Center,885.1318,734.0715,48.50898,Car2-Detailed
1742767085516,69.12536,2507,Eye Hit,Left,908.7326,754.2741,48.23124,Car2-Detailed
1742767085516,69.12536,2507,Eye Hit,Right,907.7025,754.2741,48.23124,Car2-Detailed
1742767085516,69.12536,2507,Eye Hit,Center,908.2175,754.2741,48.23123,Car2-Detailed
1742767085543,69.1536,2508,Eye Hit,Left,940.3339,786.396,47.73282,Car2-Detailed
1742767085543,69.1536,2508,Eye Hit,Right,939.293,786.396,47.73282,Car2-Detailed
1742767085543,69.1536,2508,Eye Hit,Center,939.8134,786.396,47.73282,Car2-Detailed
1742767085570,69.1802,2509,Eye Hit,Left,954.5715,815.7024,47.43695,Car2-Detailed
1742767085570,69.1802,2509,Eye Hit,Right,953.5241,815.7024,47.43695,Car2-Detailed
1742767085570,69.1802,2509,Eye Hit,Center,954.0477,815.7024,47.43695,Car2-Detailed
1742767085598,69.20701,2510,Eye Hit,Left,1004.891,819.2367,46.36308,Car2-Detailed
1742767085598,69.20701,2510,Eye Hit,Right,1003.819,819.2367,46.36308,Car2-Detailed
1742767085598,69.20701,2510,Eye Hit,Center,1004.355,819.2367,46.36307,Car2-Detailed
1742767085626,69.23557,2511,Eye Hit,Left,869.5102,792.9648,48.8639,SouthSidewalk
1742767085626,69.23557,2511,Eye Hit,Right,868.4935,792.9648,48.8639,SouthSidewalk
1742767085626,69.23557,2511,Eye Hit,Center,869.0018,792.9648,48.8639,SouthSidewalk
1742767085655,69.26301,2512,Eye Hit,Left,825.7278,664.1038,48.62659,SouthSidewalk
1742767085655,69.26301,2512,Eye Hit,Right,824.706,664.1038,48.62659,SouthSidewalk
1742767085655,69.26301,2512,Eye Hit,Center,825.2169,664.1038,48.62659,SouthSidewalk
1742767085681,69.29252,2513,Eye Hit,Left,798.4956,550.1821,47.03767,SouthSidewalk
1742767085681,69.29252,2513,Eye Hit,Right,797.4394,550.1821,47.03767,SouthSidewalk
1742767085681,69.29252,2513,Eye Hit,Center,797.9675,550.1821,47.03767,SouthSidewalk
1742767085709,69.31739,2514,Eye Hit,Left,725.5096,526.4996,46.79802,SouthSidewalk
1742767085709,69.31739,2514,Eye Hit,Right,724.4478,526.4996,46.79802,SouthSidewalk
1742767085709,69.31739,2514,Eye Hit,Center,724.9787,526.4996,46.79802,SouthSidewalk
1742767085738,69.34612,2515,Eye Hit,Left,695.8105,468.7315,45.47041,SouthSidewalk
1742767085738,69.34612,2515,Eye Hit,Right,694.7178,468.7315,45.47041,SouthSidewalk
1742767085738,69.34612,2515,Eye Hit,Center,695.2642,468.7315,45.47041,SouthSidewalk
1742767085766,69.37485,2516,Eye Hit,Left,725.8056,442.9022,44.85172,SouthSidewalk
1742767085766,69.37485,2516,Eye Hit,Right,724.6979,442.9022,44.85172,SouthSidewalk
1742767085766,69.37485,2516,Eye Hit,Center,725.2517,442.9022,44.85172,SouthSidewalk
1742767085797,69.40305,2517,Eye Hit,Left,716.2971,366.0499,42.88785,SouthSidewalk
1742767085797,69.40305,2517,Eye Hit,Right,715.1387,366.0499,42.88786,SouthSidewalk
1742767085797,69.40305,2517,Eye Hit,Center,715.7179,366.0499,42.88786,SouthSidewalk
1742767085824,69.43329,2518,Eye Hit,Left,712.0018,303.2,41.21677,SouthSidewalk
1742767085824,69.43329,2518,Eye Hit,Right,710.7964,303.2,41.21678,SouthSidewalk
1742767085824,69.43329,2518,Eye Hit,Center,711.3992,303.2002,41.21676,SouthSidewalk
1742767085850,69.46083,2519,Eye Hit,Left,699.7037,279.2404,40.56708,SouthSidewalk
1742767085850,69.46083,2519,Eye Hit,Right,698.479,279.2404,40.56708,SouthSidewalk
1742767085850,69.46083,2519,Eye Hit,Center,699.0914,279.2404,40.56708,SouthSidewalk
1742767085878,69.4858,2520,Eye Hit,Left,721.4751,243.4812,39.6216,SouthSidewalk
1742767085879,69.4858,2520,Eye Hit,Right,720.2211,243.4812,39.6216,SouthSidewalk
1742767085879,69.4858,2520,Eye Hit,Center,720.8481,243.4812,39.6216,SouthSidewalk
1742767085908,69.51498,2521,Eye Hit,Left,728.4181,196.2131,38.36499,SouthSidewalk
1742767085908,69.51498,2521,Eye Hit,Right,727.123,196.2131,38.36499,SouthSidewalk
1742767085908,69.51498,2521,Eye Hit,Center,727.7705,196.2131,38.36499,SouthSidewalk
1742767085937,69.54382,2522,Eye Hit,Left,723.7081,206.8947,38.64854,SouthSidewalk
1742767085937,69.54382,2522,Eye Hit,Right,722.4225,206.8947,38.64854,SouthSidewalk
1742767085937,69.54382,2522,Eye Hit,Center,723.0654,206.8947,38.64854,SouthSidewalk
1742767085964,69.57236,2523,Eye Hit,Left,749.9963,200.7289,38.45657,SouthSidewalk
1742767085964,69.57236,2523,Eye Hit,Right,748.7043,200.7289,38.45656,SouthSidewalk
1742767085964,69.57236,2523,Eye Hit,Center,749.3503,200.7289,38.45657,SouthSidewalk
1742767085991,69.59911,2524,Eye Hit,Left,765.6943,202.3047,38.47319,SouthSidewalk
1742767085991,69.59911,2524,Eye Hit,Right,764.4029,202.3047,38.47319,SouthSidewalk
1742767085991,69.59911,2524,Eye Hit,Center,765.0486,202.3047,38.47319,SouthSidewalk
1742767086019,69.62685,2525,Eye Hit,Left,790.7963,217.841,38.81764,SouthSidewalk
1742767086019,69.62685,2525,Eye Hit,Right,789.5164,217.841,38.81764,SouthSidewalk
1742767086019,69.62685,2525,Eye Hit,Center,790.1564,217.8411,38.81763,SouthSidewalk
1742767086046,69.65574,2526,Eye Hit,Left,786.9479,279.6781,40.46983,SouthSidewalk
1742767086047,69.65574,2526,Eye Hit,Right,785.7202,279.6781,40.46984,SouthSidewalk
1742767086047,69.65574,2526,Eye Hit,Center,786.334,279.6781,40.46984,SouthSidewalk
1742767086066,69.68256,2527,Eye Hit,Left,760.6138,310.5272,41.37439,SouthSidewalk
1742767086066,69.68256,2527,Eye Hit,Right,759.413,310.5272,41.37439,SouthSidewalk
1742767086066,69.68256,2527,Eye Hit,Center,760.0134,310.5272,41.37439,SouthSidewalk
1742767086089,69.70152,2528,Eye Hit,Left,777.5789,312.6228,41.37164,SouthSidewalk
1742767086089,69.70152,2528,Eye Hit,Right,776.378,312.6228,41.37164,SouthSidewalk
1742767086089,69.70152,2528,Eye Hit,Center,776.9785,312.6228,41.37164,SouthSidewalk
1742767086108,69.72472,2529,Eye Hit,Left,729.5363,397.6877,43.71353,SouthSidewalk
1742767086108,69.72472,2529,Eye Hit,Right,728.3997,397.6877,43.71353,SouthSidewalk
1742767086108,69.72472,2529,Eye Hit,Center,728.968,397.6877,43.71353,SouthSidewalk
1742767086128,69.74354,2530,Eye Hit,Left,719.9767,411.7238,44.0772,SouthSidewalk
1742767086128,69.74354,2530,Eye Hit,Right,718.8495,411.7238,44.0772,SouthSidewalk
1742767086128,69.74354,2530,Eye Hit,Center,719.4131,411.7238,44.0772,SouthSidewalk
1742767086145,69.76378,2531,Eye Hit,Left,727.9456,408.733,43.99066,SouthSidewalk
1742767086145,69.76378,2531,Eye Hit,Right,726.8162,408.733,43.99066,SouthSidewalk
1742767086145,69.76378,2531,Eye Hit,Center,727.3809,408.733,43.99067,SouthSidewalk
1742767086184,69.79958,2533,Eye Hit,Left,735.3265,423.2083,44.34483,SouthSidewalk
1742767086184,69.79958,2533,Eye Hit,Right,734.2061,423.2083,44.34483,SouthSidewalk
1742767086184,69.79958,2533,Eye Hit,Center,734.7663,423.2083,44.34483,SouthSidewalk
1742767086203,69.81997,2534,Eye Hit,Left,729.9501,430.4402,44.54065,SouthSidewalk
1742767086203,69.81997,2534,Eye Hit,Right,728.8345,430.4402,44.54065,SouthSidewalk
1742767086203,69.81997,2534,Eye Hit,Center,729.3924,430.4402,44.54065,SouthSidewalk
1742767086220,69.83884,2535,Eye Hit,Left,738.5137,424.1702,44.36534,SouthSidewalk
1742767086220,69.83884,2535,Eye Hit,Right,737.3939,424.1702,44.36534,SouthSidewalk
1742767086220,69.83884,2535,Eye Hit,Center,737.9538,424.1703,44.36533,SouthSidewalk
1742767086240,69.85622,2536,Eye Hit,Left,761.6475,454.5756,45.07071,SouthSidewalk
1742767086240,69.85622,2536,Eye Hit,Right,760.5452,454.5756,45.07071,SouthSidewalk
1742767086240,69.85622,2536,Eye Hit,Center,761.0963,454.5756,45.07071,SouthSidewalk
1742767086261,69.87547,2537,Eye Hit,Left,756.9736,464.8114,45.34127,SouthSidewalk
1742767086261,69.87547,2537,Eye Hit,Right,755.8777,464.8114,45.34127,SouthSidewalk
1742767086261,69.87547,2537,Eye Hit,Center,756.4256,464.8114,45.34127,SouthSidewalk
1742767086276,69.89611,2538,Eye Hit,Left,762.7951,467.4204,45.37636,SouthSidewalk
1742767086276,69.89611,2538,Eye Hit,Right,761.7001,467.4204,45.37636,SouthSidewalk
1742767086276,69.89611,2538,Eye Hit,Center,762.2477,467.4204,45.37636,SouthSidewalk
1742767086314,69.93304,2540,Eye Hit,Left,756.8342,492.9417,45.97865,SouthSidewalk
1742767086314,69.93304,2540,Eye Hit,Right,755.7537,492.9417,45.97865,SouthSidewalk
1742767086314,69.93304,2540,Eye Hit,Center,756.2938,492.9417,45.97865,SouthSidewalk
1742767086352,69.967,2542,Eye Hit,Left,728.1451,507.6234,46.34666,SouthSidewalk
1742767086352,69.967,2542,Eye Hit,Right,727.0731,507.6234,46.34666,SouthSidewalk
1742767086352,69.967,2542,Eye Hit,Center,727.6091,507.6234,46.34666,SouthSidewalk
1742767086371,69.98937,2543,Eye Hit,Left,713.2365,515.0282,46.52336,SouthSidewalk
1742767086372,69.98937,2543,Eye Hit,Right,712.1685,515.0282,46.52336,SouthSidewalk
1742767086372,69.98937,2543,Eye Hit,Center,712.7025,515.0282,46.52335,SouthSidewalk
1742767086390,70.00694,2544,Eye Hit,Left,714.267,520.245,46.6255,SouthSidewalk
1742767086390,70.00694,2544,Eye Hit,Right,713.2014,520.245,46.62551,SouthSidewalk
1742767086390,70.00694,2544,Eye Hit,Center,713.7342,520.245,46.62551,SouthSidewalk
1742767086407,70.02606,2545,Eye Hit,Left,704.9036,514.4346,46.49352,SouthSidewalk
1742767086407,70.02606,2545,Eye Hit,Right,703.835,514.4346,46.49352,SouthSidewalk
1742767086407,70.02606,2545,Eye Hit,Center,704.3693,514.4347,46.49351,SouthSidewalk
1742767086443,70.05994,2547,Eye Hit,Left,702.5428,506.5532,46.32176,SouthSidewalk
1742767086443,70.05994,2547,Eye Hit,Right,701.4702,506.5532,46.32176,SouthSidewalk
1742767086443,70.05994,2547,Eye Hit,Center,702.0065,506.5532,46.32176,SouthSidewalk
1742767086463,70.07819,2548,Eye Hit,Left,682.119,521.0759,46.60022,SouthSidewalk
1742767086463,70.07819,2548,Eye Hit,Right,681.0528,521.0759,46.60022,SouthSidewalk
1742767086463,70.07819,2548,Eye Hit,Center,681.5859,521.0759,46.60022,SouthSidewalk
1742767086483,70.09828,2549,Eye Hit,Left,682.5488,522.1838,46.6151,SouthSidewalk
1742767086483,70.09828,2549,Eye Hit,Right,681.483,522.1838,46.6151,SouthSidewalk
1742767086483,70.09828,2549,Eye Hit,Center,682.0159,522.1838,46.6151,SouthSidewalk
1742767086501,70.11845,2550,Eye Hit,Left,701.6782,516.5157,46.55489,SouthSidewalk
1742767086501,70.11845,2550,Eye Hit,Right,700.611,516.5157,46.55489,SouthSidewalk
1742767086501,70.11845,2550,Eye Hit,Center,701.1445,516.5157,46.55489,SouthSidewalk
1742767086518,70.13687,2551,Eye Hit,Left,700.8428,518.658,46.58024,SouthSidewalk
1742767086518,70.13687,2551,Eye Hit,Right,699.7761,518.6579,46.58024,SouthSidewalk
1742767086518,70.13687,2551,Eye Hit,Center,700.3094,518.6579,46.58025,SouthSidewalk
1742767086539,70.15533,2552,Eye Hit,Left,710.5155,488.721,45.93943,SouthSidewalk
1742767086539,70.15533,2552,Eye Hit,Right,709.434,488.721,45.93942,SouthSidewalk
1742767086539,70.15533,2552,Eye Hit,Center,709.9747,488.721,45.93943,SouthSidewalk
1742767086556,70.17438,2553,Eye Hit,Left,711.9685,492.5798,46.01987,SouthSidewalk
1742767086556,70.17438,2553,Eye Hit,Right,710.8889,492.5798,46.01986,SouthSidewalk
1742767086556,70.17438,2553,Eye Hit,Center,711.4287,492.5797,46.01987,SouthSidewalk
1742767086578,70.19215,2554,Eye Hit,Left,721.8679,436.6414,44.6903,SouthSidewalk
1742767086578,70.19215,2554,Eye Hit,Right,720.7561,436.6414,44.69029,SouthSidewalk
1742767086578,70.19215,2554,Eye Hit,Center,721.312,436.6414,44.6903,SouthSidewalk
1742767086595,70.21382,2555,Eye Hit,Left,722.1047,411.5012,44.06945,SouthSidewalk
1742767086595,70.21382,2555,Eye Hit,Right,720.9774,411.5012,44.06946,SouthSidewalk
1742767086595,70.21382,2555,Eye Hit,Center,721.5411,411.5012,44.06945,SouthSidewalk
1742767086617,70.23053,2556,Eye Hit,Left,722.5824,411.8681,44.06154,SouthSidewalk
1742767086617,70.23053,2556,Eye Hit,Right,721.4548,411.8681,44.06154,SouthSidewalk
1742767086617,70.23053,2556,Eye Hit,Center,722.0186,411.8681,44.06154,SouthSidewalk
1742767086635,70.25325,2557,Eye Hit,Left,671.1502,407.9399,43.89143,SouthSidewalk
1742767086635,70.25325,2557,Eye Hit,Right,670.0182,407.9399,43.89143,SouthSidewalk
1742767086635,70.25325,2557,Eye Hit,Center,670.5842,407.9399,43.89143,SouthSidewalk
1742767086651,70.27036,2558,Eye Hit,Left,670.3961,410.0584,43.93457,SouthSidewalk
1742767086651,70.27036,2558,Eye Hit,Right,669.2652,410.0584,43.93458,SouthSidewalk
1742767086651,70.27036,2558,Eye Hit,Center,669.8306,410.0584,43.93457,SouthSidewalk
1742767086691,70.30869,2560,Eye Hit,Left,671.8884,443.9569,44.78121,SouthSidewalk
1742767086691,70.30869,2560,Eye Hit,Right,670.7789,443.9569,44.78122,SouthSidewalk
1742767086691,70.30869,2560,Eye Hit,Center,671.3337,443.9569,44.78122,SouthSidewalk
1742767086708,70.32645,2561,Eye Hit,Left,692.4182,454.8148,45.11469,SouthSidewalk
1742767086708,70.32645,2561,Eye Hit,Right,691.3168,454.8148,45.11469,SouthSidewalk
1742767086708,70.32645,2561,Eye Hit,Center,691.8675,454.8148,45.11469,SouthSidewalk
1742767086726,70.34416,2562,Eye Hit,Left,719.1536,453.3502,45.111,SouthSidewalk
1742767086726,70.34416,2562,Eye Hit,Right,718.0523,453.3502,45.111,SouthSidewalk
1742767086726,70.34416,2562,Eye Hit,Center,718.603,453.3502,45.111,SouthSidewalk
1742767086742,70.36204,2563,Eye Hit,Left,722.1478,444.4787,44.88414,SouthSidewalk
1742767086743,70.36204,2563,Eye Hit,Right,721.0408,444.4787,44.88414,SouthSidewalk
1742767086743,70.36204,2563,Eye Hit,Center,721.5943,444.4787,44.88413,SouthSidewalk
1742767086776,70.39553,2565,Eye Hit,Left,755.7951,429.7584,44.47753,SouthSidewalk
1742767086776,70.39553,2565,Eye Hit,Right,754.6781,429.7584,44.47753,SouthSidewalk
1742767086776,70.39553,2565,Eye Hit,Center,755.2366,429.7584,44.47753,SouthSidewalk
1742767086811,70.42697,2567,Eye Hit,Left,761.9146,419.928,44.20542,SouthSidewalk
1742767086811,70.42697,2567,Eye Hit,Right,760.7906,419.928,44.20542,SouthSidewalk
1742767086811,70.42697,2567,Eye Hit,Center,761.3525,419.928,44.20541,SouthSidewalk
1742767086829,70.44661,2568,Eye Hit,Left,764.6071,434.5531,44.57427,SouthSidewalk
1742767086829,70.44661,2568,Eye Hit,Right,763.4924,434.5531,44.57427,SouthSidewalk
1742767086829,70.44661,2568,Eye Hit,Center,764.0497,434.5531,44.57427,SouthSidewalk
1742767086844,70.46404,2569,Eye Hit,Left,766.9571,428.0012,44.3926,SouthSidewalk
1742767086844,70.46404,2569,Eye Hit,Right,765.8379,428.0012,44.39261,SouthSidewalk
1742767086844,70.46404,2569,Eye Hit,Center,766.3975,428.0011,44.39262,SouthSidewalk
1742767086875,70.49482,2571,Eye Hit,Left,769.4776,434.2491,44.54004,SouthSidewalk
1742767086875,70.49482,2571,Eye Hit,Right,768.3622,434.2491,44.54004,SouthSidewalk
1742767086875,70.49482,2571,Eye Hit,Center,768.9199,434.2491,44.54004,SouthSidewalk
1742767086909,70.52656,2573,Eye Hit,Left,783.1252,416.4446,44.03198,SouthSidewalk
1742767086909,70.52656,2573,Eye Hit,Right,781.9968,416.4446,44.03198,SouthSidewalk
1742767086909,70.52656,2573,Eye Hit,Center,782.561,416.4446,44.03197,SouthSidewalk
1742767086926,70.54414,2574,Eye Hit,Left,783.5182,394.0946,43.47488,SouthSidewalk
1742767086926,70.54414,2574,Eye Hit,Right,782.3754,394.0946,43.47488,SouthSidewalk
1742767086926,70.54414,2574,Eye Hit,Center,782.9468,394.0946,43.47488,SouthSidewalk
1742767086941,70.56089,2575,Eye Hit,Left,786.5655,391.4037,43.38108,SouthSidewalk
1742767086941,70.56089,2575,Eye Hit,Right,785.4202,391.4037,43.38108,SouthSidewalk
1742767086941,70.56089,2575,Eye Hit,Center,785.9928,391.4037,43.38108,SouthSidewalk
1742767086974,70.59277,2577,Eye Hit,Left,787.9172,368.3933,42.78115,SouthSidewalk
1742767086974,70.59277,2577,Eye Hit,Right,786.7559,368.3933,42.78115,SouthSidewalk
1742767086974,70.59277,2577,Eye Hit,Center,787.3365,368.3933,42.78115,SouthSidewalk
1742767086991,70.60966,2578,Eye Hit,Left,800.511,369.3343,42.75092,SouthSidewalk
1742767086991,70.60966,2578,Eye Hit,Right,799.3489,369.3342,42.75092,SouthSidewalk
1742767086991,70.60966,2578,Eye Hit,Center,799.93,369.3342,42.75092,SouthSidewalk
1742767087007,70.62643,2579,Eye Hit,Left,803.7051,367.4289,42.67302,SouthSidewalk
1742767087007,70.62643,2579,Eye Hit,Right,802.5408,367.4289,42.67302,SouthSidewalk
1742767087007,70.62643,2579,Eye Hit,Center,803.123,367.4289,42.67302,SouthSidewalk
1742767087042,70.65945,2581,Eye Hit,Left,804.9981,375.7501,42.88464,SouthSidewalk
1742767087042,70.65945,2581,Eye Hit,Right,803.8396,375.7501,42.88464,SouthSidewalk
1742767087042,70.65945,2581,Eye Hit,Center,804.4189,375.7501,42.88464,SouthSidewalk
1742767087058,70.67768,2582,Eye Hit,Left,813.2214,389.3547,43.20497,SouthSidewalk
1742767087058,70.67768,2582,Eye Hit,Right,812.0714,389.3547,43.20497,SouthSidewalk
1742767087058,70.67768,2582,Eye Hit,Center,812.6464,389.3547,43.20497,SouthSidewalk
1742767087089,70.70921,2584,Eye Hit,Left,804.4775,391.7619,43.3098,SouthSidewalk
1742767087089,70.70921,2584,Eye Hit,Right,803.3304,391.7619,43.3098,SouthSidewalk
1742767087089,70.70921,2584,Eye Hit,Center,803.9039,391.7619,43.3098,SouthSidewalk
1742767087121,70.74132,2586,Eye Hit,Left,721.4354,485.9259,45.8716,SouthSidewalk
1742767087121,70.74132,2586,Eye Hit,Right,720.3522,485.9259,45.87161,SouthSidewalk
1742767087121,70.74132,2586,Eye Hit,Center,720.8937,485.926,45.87159,SouthSidewalk
1742767087151,70.77169,2588,Eye Hit,Left,700.39,643.0842,48.83413,SouthSidewalk
1742767087151,70.77169,2588,Eye Hit,Right,699.3726,643.0842,48.83413,SouthSidewalk
1742767087151,70.77169,2588,Eye Hit,Center,699.8812,643.0842,48.83413,SouthSidewalk
1742767087187,70.80521,2590,Eye Hit,Left,710.6613,644.8702,48.83142,SouthSidewalk
1742767087187,70.80521,2590,Eye Hit,Right,709.6437,644.8702,48.83141,SouthSidewalk
1742767087187,70.80521,2590,Eye Hit,Center,710.1525,644.8702,48.83141,SouthSidewalk
1742767087202,70.82252,2591,Eye Hit,Left,725.3478,641.9146,48.81567,SouthSidewalk
1742767087202,70.82252,2591,Eye Hit,Right,724.3301,641.9146,48.81567,SouthSidewalk
1742767087202,70.82252,2591,Eye Hit,Center,724.839,641.9146,48.81567,SouthSidewalk
1742767087231,70.85092,2593,Eye Hit,Left,734.4779,633.0906,48.69081,SouthSidewalk
1742767087231,70.85092,2593,Eye Hit,Right,733.4576,633.0906,48.69081,SouthSidewalk
1742767087231,70.85092,2593,Eye Hit,Center,733.9678,633.0906,48.69081,SouthSidewalk
1742767087258,70.87901,2595,Eye Hit,Left,732.9865,628.487,48.63233,SouthSidewalk
1742767087258,70.87901,2595,Eye Hit,Right,731.9648,628.487,48.63233,SouthSidewalk
1742767087258,70.87901,2595,Eye Hit,Center,732.4756,628.487,48.63234,SouthSidewalk
1742767087288,70.90739,2597,Eye Hit,Left,734.6667,631.4616,48.68052,SouthSidewalk
1742767087288,70.90739,2597,Eye Hit,Right,733.6461,631.4616,48.68052,SouthSidewalk
1742767087288,70.90739,2597,Eye Hit,Center,734.1564,631.4616,48.68052,SouthSidewalk
1742767087318,70.93777,2599,Eye Hit,Left,739.5335,640.8454,48.81265,SouthSidewalk
1742767087318,70.93777,2599,Eye Hit,Right,738.5156,640.8454,48.81265,SouthSidewalk
1742767087318,70.93777,2599,Eye Hit,Center,739.0245,640.8454,48.81265,SouthSidewalk
1742767087347,70.96827,2601,Eye Hit,Left,741.8795,650.3367,48.91067,SouthSidewalk
1742767087347,70.96827,2601,Eye Hit,Right,740.8636,650.3367,48.91067,SouthSidewalk
1742767087347,70.96827,2601,Eye Hit,Center,741.3715,650.3367,48.91067,SouthSidewalk
1742767087377,70.99707,2603,Eye Hit,Left,744.4767,665.1335,49.09456,SouthSidewalk
1742767087377,70.99707,2603,Eye Hit,Right,743.4647,665.1335,49.09456,SouthSidewalk
1742767087377,70.99707,2603,Eye Hit,Center,743.9708,665.1335,49.09457,SouthSidewalk
1742767087406,71.02645,2605,Eye Hit,Left,744.2377,667.5855,49.12915,SouthSidewalk
1742767087406,71.02645,2605,Eye Hit,Right,743.2264,667.5855,49.12915,SouthSidewalk
1742767087406,71.02645,2605,Eye Hit,Center,743.732,667.5855,49.12915,SouthSidewalk
1742767087433,71.05446,2607,Eye Hit,Left,752.3308,659.5414,49.01712,SouthSidewalk
1742767087433,71.05446,2607,Eye Hit,Right,751.3172,659.5414,49.01712,SouthSidewalk
1742767087433,71.05446,2607,Eye Hit,Center,751.824,659.5414,49.01712,SouthSidewalk
1742767087461,71.08192,2609,Eye Hit,Left,759.9722,647.5969,48.84375,SouthSidewalk
1742767087461,71.08192,2609,Eye Hit,Right,758.955,647.5969,48.84375,SouthSidewalk
1742767087461,71.08192,2609,Eye Hit,Center,759.4636,647.5969,48.84375,SouthSidewalk
1742767087488,71.10949,2611,Eye Hit,Left,758.929,641.0096,48.76207,SouthSidewalk
1742767087488,71.10949,2611,Eye Hit,Right,757.91,641.0096,48.76207,SouthSidewalk
1742767087488,71.10949,2611,Eye Hit,Center,758.4194,641.0096,48.76207,SouthSidewalk
1742767087517,71.13776,2613,Eye Hit,Left,751.1396,641.6873,48.79939,SouthSidewalk
1742767087517,71.13776,2613,Eye Hit,Right,750.1215,641.6873,48.79939,SouthSidewalk
1742767087517,71.13776,2613,Eye Hit,Center,750.6306,641.6873,48.79939,SouthSidewalk
1742767087544,71.16608,2615,Eye Hit,Left,748.8708,640.2956,48.75827,SouthSidewalk
1742767087544,71.16608,2615,Eye Hit,Right,747.8518,640.2956,48.75827,SouthSidewalk
1742767087544,71.16608,2615,Eye Hit,Center,748.3613,640.2956,48.75827,SouthSidewalk
1742767087571,71.19327,2617,Eye Hit,Left,743.838,639.7786,48.76669,SouthSidewalk
1742767087571,71.19327,2617,Eye Hit,Right,742.8191,639.7786,48.76669,SouthSidewalk
1742767087571,71.19327,2617,Eye Hit,Center,743.3286,639.7786,48.76669,SouthSidewalk
1742767087599,71.22002,2619,Eye Hit,Left,738.137,620.4501,48.49946,SouthSidewalk
1742767087599,71.22002,2619,Eye Hit,Right,737.1125,620.4501,48.49945,SouthSidewalk
1742767087599,71.22002,2619,Eye Hit,Center,737.6248,620.4501,48.49945,SouthSidewalk
1742767087627,71.24853,2621,Eye Hit,Left,733.5159,596.2267,48.11766,SouthSidewalk
1742767087627,71.24853,2621,Eye Hit,Right,732.4833,596.2267,48.11766,SouthSidewalk
1742767087627,71.24853,2621,Eye Hit,Center,732.9996,596.2267,48.11766,SouthSidewalk
1742767087654,71.27543,2623,Eye Hit,Left,734.2156,579.8254,47.8334,SouthSidewalk
1742767087654,71.27543,2623,Eye Hit,Right,733.1769,579.8254,47.8334,SouthSidewalk
1742767087654,71.27543,2623,Eye Hit,Center,733.6963,579.8253,47.83341,SouthSidewalk
1742767087683,71.30339,2625,Eye Hit,Left,770.1603,563.8045,47.44467,SouthSidewalk
1742767087683,71.30339,2625,Eye Hit,Right,769.1131,563.8045,47.44467,SouthSidewalk
1742767087683,71.30339,2625,Eye Hit,Center,769.6367,563.8045,47.44467,SouthSidewalk
1742767087711,71.33231,2627,Eye Hit,Left,766.2351,529.5988,46.74693,SouthSidewalk
1742767087711,71.33231,2627,Eye Hit,Right,765.1724,529.5988,46.74693,SouthSidewalk
1742767087711,71.33231,2627,Eye Hit,Center,765.7037,529.5987,46.74694,SouthSidewalk
1742767087738,71.36017,2629,,Left,851.8203,535.0649,46.2694,
1742767087738,71.36017,2629,,Right,850.7465,535.0649,46.2694,
1742767087738,71.36017,2629,,Center,851.2834,535.0649,46.2694,
1742767087766,71.38771,2631,Eye Hit,Left,882.551,522.8356,45.68711,SouthSidewalk
1742767087766,71.38771,2631,Eye Hit,Right,881.4635,522.8356,45.68711,SouthSidewalk
1742767087766,71.38771,2631,Eye Hit,Center,882.0072,522.8356,45.68711,SouthSidewalk
1742767087794,71.4149,2633,Eye Hit,Left,906.8839,503.6926,44.9925,SouthSidewalk
1742767087794,71.4149,2633,Eye Hit,Right,905.7797,503.6926,44.9925,SouthSidewalk
1742767087794,71.4149,2633,Eye Hit,Center,906.3317,503.6926,44.9925,SouthSidewalk
1742767087822,71.44353,2635,,Left,893.1069,507.0001,45.24242,
1742767087822,71.44353,2635,,Right,892.0087,507.0001,45.24242,
1742767087822,71.44353,2635,,Center,892.5578,507.0001,45.24242,
1742767087852,71.47358,2637,,Left,888.3922,514.0744,45.4512,
1742767087852,71.47358,2637,,Right,887.299,514.0744,45.4512,
1742767087852,71.47358,2637,,Center,887.8456,514.0744,45.45121,
1742767087880,71.50143,2639,,Left,869.1395,501.3929,45.37707,
1742767087880,71.50143,2639,,Right,868.0446,501.3929,45.37707,
1742767087880,71.50143,2639,,Center,868.592,501.3929,45.37707,
1742767087908,71.52953,2641,,Left,788.9544,491.4592,45.8095,
1742767087908,71.52953,2641,,Right,787.8698,491.4592,45.80949,
1742767087908,71.52953,2641,,Center,788.412,491.4592,45.80949,
1742767087935,71.55714,2643,,Left,791.4688,497.5554,45.93899,
1742767087935,71.55714,2643,,Right,790.3873,497.5554,45.93899,
1742767087935,71.55714,2643,,Center,790.9281,497.5554,45.93899,
1742767087965,71.58479,2645,,Left,738.2719,502.1804,46.22766,
1742767087965,71.58479,2645,,Right,737.1971,502.1804,46.22765,
1742767087965,71.58479,2645,,Center,737.7345,502.1804,46.22765,
1742767087994,71.61496,2647,Eye Hit,Left,728.5727,440.1727,44.77046,SouthSidewalk
1742767087994,71.61496,2647,Eye Hit,Right,727.4629,440.1727,44.77046,SouthSidewalk
1742767087994,71.61496,2647,Eye Hit,Center,728.0178,440.1727,44.77046,SouthSidewalk
1742767088020,71.64219,2649,Eye Hit,Left,707.7533,442.0631,44.81622,SouthSidewalk
1742767088021,71.64219,2649,Eye Hit,Right,706.6447,442.0631,44.81622,SouthSidewalk
1742767088021,71.64219,2649,Eye Hit,Center,707.199,442.0631,44.81622,SouthSidewalk
1742767088048,71.67,2651,Eye Hit,Left,665.8493,448.59,44.87845,SouthSidewalk
1742767088048,71.67,2651,Eye Hit,Right,664.7422,448.59,44.87845,SouthSidewalk
1742767088048,71.67,2651,Eye Hit,Center,665.2958,448.59,44.87845,SouthSidewalk
1742767088076,71.69698,2653,Eye Hit,Left,665.0045,454.4299,44.99218,SouthSidewalk
1742767088076,71.69698,2653,Eye Hit,Right,663.9001,454.4299,44.99218,SouthSidewalk
1742767088076,71.69698,2653,Eye Hit,Center,664.4523,454.4299,44.99218,SouthSidewalk
1742767088103,71.72485,2655,Eye Hit,Left,663.9855,465.4159,45.25415,SouthSidewalk
1742767088103,71.72485,2655,Eye Hit,Right,662.8876,465.4159,45.25415,SouthSidewalk
1742767088103,71.72485,2655,Eye Hit,Center,663.4366,465.4159,45.25415,SouthSidewalk
1742767088132,71.75386,2657,Eye Hit,Left,668.7814,507.7508,46.25014,SouthSidewalk
1742767088132,71.75386,2657,Eye Hit,Right,667.7072,507.7508,46.25014,SouthSidewalk
1742767088132,71.75386,2657,Eye Hit,Center,668.2443,507.7508,46.25014,SouthSidewalk
1742767088159,71.78084,2659,Eye Hit,Left,692.3739,506.9691,46.31042,SouthSidewalk
1742767088160,71.78084,2659,Eye Hit,Right,691.301,506.9691,46.31042,SouthSidewalk
1742767088160,71.78084,2659,Eye Hit,Center,691.8375,506.9691,46.31042,SouthSidewalk
1742767088187,71.80878,2661,Eye Hit,Left,719.918,496.0326,46.10011,SouthSidewalk
1742767088187,71.80878,2661,Eye Hit,Right,718.8402,496.0326,46.10011,SouthSidewalk
1742767088187,71.80878,2661,Eye Hit,Center,719.3791,496.0327,46.10009,SouthSidewalk
1742767088215,71.83626,2663,Eye Hit,Left,705.401,502.5762,46.24491,SouthSidewalk
1742767088215,71.83626,2663,Eye Hit,Right,704.3267,502.5762,46.24491,SouthSidewalk
1742767088215,71.83626,2663,Eye Hit,Center,704.8638,502.5762,46.24491,SouthSidewalk
1742767088246,71.86554,2665,Eye Hit,Left,714.051,499.85,46.16533,SouthSidewalk
1742767088246,71.86554,2665,Eye Hit,Right,712.9748,499.85,46.16532,SouthSidewalk
1742767088246,71.86554,2665,Eye Hit,Center,713.5129,499.85,46.16532,SouthSidewalk
1742767088273,71.89472,2667,Eye Hit,Left,685.6096,511.5728,46.38713,SouthSidewalk
1742767088273,71.89472,2667,Eye Hit,Right,684.5385,511.5728,46.38713,SouthSidewalk
1742767088273,71.89472,2667,Eye Hit,Center,685.074,511.5728,46.38712,SouthSidewalk
1742767088303,71.92291,2669,,Left,689.782,596.9922,48.08598,
1742767088303,71.92291,2669,,Right,688.7487,596.9922,48.08598,
1742767088303,71.92291,2669,,Center,689.2654,596.9922,48.08598,
1742767088332,71.95276,2671,,Left,691.8994,609.2444,48.30239,
1742767088332,71.95276,2671,,Right,690.8707,609.2444,48.30239,
1742767088332,71.95276,2671,,Center,691.3851,609.2444,48.30239,
1742767088361,71.98183,2673,Eye Hit,Left,700.6059,562.9363,47.50605,SouthSidewalk
1742767088361,71.98183,2673,Eye Hit,Right,699.5601,562.9363,47.50605,SouthSidewalk
1742767088361,71.98183,2673,Eye Hit,Center,700.083,562.9363,47.50605,SouthSidewalk
1742767088390,72.01002,2675,Eye Hit,Left,704.3875,526.2252,46.77196,SouthSidewalk
1742767088390,72.01002,2675,Eye Hit,Right,703.3252,526.2252,46.77196,SouthSidewalk
1742767088390,72.01002,2675,Eye Hit,Center,703.8563,526.2252,46.77196,SouthSidewalk
1742767088418,72.03939,2677,Eye Hit,Left,708.592,523.1934,46.68937,SouthSidewalk
1742767088418,72.03939,2677,Eye Hit,Right,707.5279,523.1934,46.68937,SouthSidewalk
1742767088418,72.03939,2677,Eye Hit,Center,708.0599,523.1934,46.68937,SouthSidewalk
1742767088446,72.06747,2679,Eye Hit,Left,699.5203,504.4708,46.27217,SouthSidewalk
1742767088446,72.06747,2679,Eye Hit,Right,698.4465,504.4708,46.27217,SouthSidewalk
1742767088446,72.06747,2679,Eye Hit,Center,698.9834,504.4708,46.27217,SouthSidewalk
1742767088473,72.0949,2681,,Left,677.4401,675.7744,49.15717,
1742767088473,72.0949,2681,,Right,676.4293,675.7744,49.15717,
1742767088474,72.0949,2681,,Center,676.9347,675.7744,49.15717,
1742767088502,72.12309,2683,,Left,674.5554,686.6029,49.26353,
1742767088502,72.12309,2683,,Right,673.5469,686.6029,49.26353,
1742767088502,72.12309,2683,,Center,674.0511,686.6029,49.26353,
1742767088530,72.14999,2685,,Left,688.6602,648.9429,48.88734,
1742767088530,72.14999,2685,,Right,687.6439,648.9429,48.88734,
1742767088530,72.14999,2685,,Center,688.152,648.9429,48.88736,
1742767088558,72.17985,2687,Eye Hit,Left,684.777,647.4954,48.86272,SouthSidewalk
1742767088558,72.17985,2687,Eye Hit,Right,683.7603,647.4954,48.86271,SouthSidewalk
1742767088558,72.17985,2687,Eye Hit,Center,684.2687,647.4954,48.86272,SouthSidewalk
1742767088586,72.20733,2689,Eye Hit,Left,681.0773,646.623,48.8447,SouthSidewalk
1742767088586,72.20733,2689,Eye Hit,Right,680.0601,646.623,48.8447,SouthSidewalk
1742767088586,72.20733,2689,Eye Hit,Center,680.5687,646.623,48.8447,SouthSidewalk
1742767088614,72.23621,2691,Eye Hit,Left,676.9533,654.9796,48.91533,SouthSidewalk
1742767088614,72.23621,2691,Eye Hit,Right,675.9376,654.9796,48.91533,SouthSidewalk
1742767088614,72.23621,2691,Eye Hit,Center,676.4454,654.9796,48.91533,SouthSidewalk
1742767088642,72.26363,2693,,Left,689.4949,695.0118,49.40139,
1742767088642,72.26363,2693,,Right,688.4891,695.0118,49.40139,
1742767088642,72.26363,2693,,Center,688.992,695.0118,49.40138,
1742767088671,72.29256,2695,,Left,696.764,683.2446,49.31092,
1742767088671,72.29256,2695,,Right,695.7564,683.2446,49.31092,
1742767088671,72.29256,2695,,Center,696.2602,683.2446,49.31092,
1742767088698,72.31987,2697,,Left,695.5087,689.6132,49.37616,
1742767088698,72.31987,2697,,Right,694.5024,689.6132,49.37616,
1742767088698,72.31987,2697,,Center,695.0055,689.6132,49.37615,
1742767088727,72.34769,2699,,Left,691.3422,686.9444,49.34357,
1742767088727,72.34769,2699,,Right,690.3353,686.9444,49.34357,
1742767088727,72.34769,2699,,Center,690.8387,686.9445,49.34356,
1742767088755,72.37642,2701,,Left,691.2143,697.0234,49.442,
1742767088755,72.37642,2701,,Right,690.2094,697.0234,49.44199,
1742767088755,72.37642,2701,,Center,690.7119,697.0234,49.442,
1742767088784,72.40548,2703,,Left,690.5037,699.4675,49.46507,
1742767088784,72.40548,2703,,Right,689.4992,699.4675,49.46508,
1742767088784,72.40548,2703,,Center,690.0015,699.4675,49.46508,
1742767088813,72.4349,2705,,Left,683.3109,711.2702,49.50346,
1742767088813,72.4349,2705,,Right,682.3073,711.2702,49.50346,
1742767088813,72.4349,2705,,Center,682.8091,711.2702,49.50346,
1742767088841,72.46235,2707,,Left,742.0508,728.8091,49.67432,
1742767088841,72.46235,2707,,Right,741.0506,728.8091,49.67432,
1742767088841,72.46235,2707,,Center,741.5507,728.8091,49.67432,
1742767088870,72.49157,2709,,Left,738.8916,745.9364,49.77676,
1742767088870,72.49157,2709,,Right,737.8935,745.9364,49.77676,
1742767088870,72.49157,2709,,Center,738.3925,745.9364,49.77676,
1742767088900,72.52078,2711,Eye Hit,Left,740.4948,756.7616,49.82233,SouthSidewalk
1742767088900,72.52078,2711,Eye Hit,Right,739.4976,756.7616,49.82232,SouthSidewalk
1742767088900,72.52078,2711,Eye Hit,Center,739.9962,756.7616,49.82232,SouthSidewalk
1742767088928,72.5495,2713,Eye Hit,Left,727.0532,756.2177,49.84457,SouthSidewalk
1742767088928,72.5495,2713,Eye Hit,Right,726.0565,756.2177,49.84457,SouthSidewalk
1742767088928,72.5495,2713,Eye Hit,Center,726.5548,756.2177,49.84457,SouthSidewalk
1742767088957,72.57767,2715,Eye Hit,Left,733.9565,760.6451,49.86232,SouthSidewalk
1742767088957,72.57767,2715,Eye Hit,Right,732.96,760.6451,49.86232,SouthSidewalk
1742767088957,72.57767,2715,Eye Hit,Center,733.4583,760.6451,49.86231,SouthSidewalk
1742767088985,72.60595,2717,Eye Hit,Left,736.9245,745.692,49.81071,SouthSidewalk
1742767088985,72.60595,2717,Eye Hit,Right,735.927,745.692,49.81071,SouthSidewalk
1742767088985,72.60595,2717,Eye Hit,Center,736.4258,745.692,49.81071,SouthSidewalk
1742767089013,72.63441,2719,Eye Hit,Left,732.5934,741.1064,49.77928,SouthSidewalk
1742767089013,72.63441,2719,Eye Hit,Right,731.5954,741.1064,49.77928,SouthSidewalk
1742767089013,72.63441,2719,Eye Hit,Center,732.0944,741.1064,49.77928,SouthSidewalk
1742767089041,72.66206,2721,Eye Hit,Left,741.7496,706.2434,49.54543,SouthSidewalk
1742767089041,72.66206,2721,Eye Hit,Right,740.7468,706.2434,49.54543,SouthSidewalk
1742767089041,72.66206,2721,Eye Hit,Center,741.2482,706.2434,49.54544,SouthSidewalk
1742767089070,72.69173,2723,Eye Hit,Left,748.6923,703.5286,49.51459,SouthSidewalk
1742767089070,72.69173,2723,Eye Hit,Right,747.6888,703.5286,49.51458,SouthSidewalk
1742767089070,72.69173,2723,Eye Hit,Center,748.1905,703.5286,49.51459,SouthSidewalk
1742767089100,72.72076,2725,Eye Hit,Left,738.6888,705.3829,49.55907,SouthSidewalk
1742767089100,72.72076,2725,Eye Hit,Right,737.6862,705.3829,49.55907,SouthSidewalk
1742767089100,72.72076,2725,Eye Hit,Center,738.1874,705.3829,49.55907,SouthSidewalk
1742767089128,72.74884,2727,Eye Hit,Left,738.5041,714.2853,49.63528,SouthSidewalk
1742767089128,72.74884,2727,Eye Hit,Right,737.5031,714.2853,49.63528,SouthSidewalk
1742767089128,72.74884,2727,Eye Hit,Center,738.0036,714.2853,49.63528,SouthSidewalk
1742767089157,72.77822,2729,Eye Hit,Left,729.8791,697.4666,49.51351,SouthSidewalk
1742767089157,72.77822,2729,Eye Hit,Right,728.8757,697.4666,49.51351,SouthSidewalk
1742767089157,72.77822,2729,Eye Hit,Center,729.3774,697.4666,49.51351,SouthSidewalk
1742767089186,72.80725,2731,Eye Hit,Left,732.1783,685.86,49.4047,SouthSidewalk
1742767089186,72.80725,2731,Eye Hit,Right,731.1727,685.86,49.40469,SouthSidewalk
1742767089186,72.80725,2731,Eye Hit,Center,731.6755,685.86,49.40469,SouthSidewalk
1742767089217,72.8371,2733,Eye Hit,Left,734.4141,681.2141,49.34066,SouthSidewalk
1742767089217,72.8371,2733,Eye Hit,Right,733.4072,681.2141,49.34067,SouthSidewalk
1742767089217,72.8371,2733,Eye Hit,Center,733.9106,681.2142,49.34065,SouthSidewalk
1742767089246,72.86752,2735,Eye Hit,Left,737.7429,668.7648,49.20407,SouthSidewalk
1742767089246,72.86752,2735,Eye Hit,Right,736.733,668.7648,49.20407,SouthSidewalk
1742767089246,72.86752,2735,Eye Hit,Center,737.238,668.7649,49.20406,SouthSidewalk
1742767089273,72.89455,2737,Eye Hit,Left,752.6358,667.2985,49.15742,SouthSidewalk
1742767089273,72.89455,2737,Eye Hit,Right,751.6251,667.2985,49.15742,SouthSidewalk
1742767089273,72.89455,2737,Eye Hit,Center,752.1304,667.2985,49.15742,SouthSidewalk
1742767089302,72.92303,2739,Eye Hit,Left,756.6157,672.3815,49.20684,SouthSidewalk
1742767089302,72.92303,2739,Eye Hit,Right,755.606,672.3815,49.20685,SouthSidewalk
1742767089302,72.92303,2739,Eye Hit,Center,756.1108,672.3815,49.20685,SouthSidewalk
1742767089333,72.95428,2741,Eye Hit,Left,763.8995,674.7248,49.20951,SouthSidewalk
1742767089333,72.95428,2741,Eye Hit,Right,762.89,674.7248,49.20951,SouthSidewalk
1742767089333,72.95428,2741,Eye Hit,Center,763.3947,674.7248,49.20951,SouthSidewalk
1742767089366,72.98544,2743,Eye Hit,Left,772.2247,664.4807,49.06045,SouthSidewalk
1742767089366,72.98544,2743,Eye Hit,Right,771.212,664.4807,49.06045,SouthSidewalk
1742767089366,72.98544,2743,Eye Hit,Center,771.7183,664.4807,49.06045,SouthSidewalk
1742767089394,73.0151,2745,Eye Hit,Left,779.8138,662.8229,49.00652,SouthSidewalk
1742767089394,73.0151,2745,Eye Hit,Right,778.8,662.8229,49.00651,SouthSidewalk
1742767089394,73.0151,2745,Eye Hit,Center,779.3069,662.8228,49.00652,SouthSidewalk
1742767089422,73.04325,2747,Eye Hit,Left,780.7852,665.723,49.03918,SouthSidewalk
1742767089422,73.04325,2747,Eye Hit,Right,779.772,665.723,49.03918,SouthSidewalk
1742767089422,73.04325,2747,Eye Hit,Center,780.2786,665.723,49.03918,SouthSidewalk
1742767089452,73.07259,2749,Eye Hit,Left,785.934,658.031,48.91642,SouthSidewalk
1742767089452,73.07259,2749,Eye Hit,Right,784.9183,658.031,48.91642,SouthSidewalk
1742767089452,73.07259,2749,Eye Hit,Center,785.4261,658.031,48.91642,SouthSidewalk
1742767089481,73.10302,2751,Eye Hit,Left,789.9369,648.297,48.76446,SouthSidewalk
1742767089481,73.10302,2751,Eye Hit,Right,788.918,648.297,48.76446,SouthSidewalk
1742767089481,73.10302,2751,Eye Hit,Center,789.4274,648.297,48.76446,SouthSidewalk
1742767089511,73.1309,2753,Eye Hit,Left,800.5251,639.205,48.57279,SouthSidewalk
1742767089511,73.1309,2753,Eye Hit,Right,799.5022,639.205,48.57279,SouthSidewalk
1742767089511,73.1309,2753,Eye Hit,Center,800.0137,639.205,48.57279,SouthSidewalk
1742767089539,73.16064,2755,Eye Hit,Left,792.8618,639.1616,48.62506,SouthSidewalk
1742767089539,73.16064,2755,Eye Hit,Right,791.84,639.1616,48.62506,SouthSidewalk
1742767089539,73.16064,2755,Eye Hit,Center,792.3509,639.1616,48.62506,SouthSidewalk
1742767089569,73.19028,2757,Eye Hit,Left,787.6061,632.0533,48.55862,SouthSidewalk
1742767089569,73.19028,2757,Eye Hit,Right,786.5829,632.0533,48.55862,SouthSidewalk
1742767089569,73.19028,2757,Eye Hit,Center,787.0944,632.0533,48.55862,SouthSidewalk
1742767089600,73.2202,2759,Eye Hit,Left,784.791,631.7398,48.57104,SouthSidewalk
1742767089600,73.2202,2759,Eye Hit,Right,783.768,631.7398,48.57103,SouthSidewalk
1742767089600,73.2202,2759,Eye Hit,Center,784.2795,631.7398,48.57104,SouthSidewalk
1742767089628,73.24941,2761,Eye Hit,Left,785.0188,631.9905,48.57504,SouthSidewalk
1742767089628,73.24941,2761,Eye Hit,Right,783.996,631.9905,48.57505,SouthSidewalk
1742767089628,73.24941,2761,Eye Hit,Center,784.5074,631.9906,48.57504,SouthSidewalk
1742767089657,73.27714,2763,Eye Hit,Left,790.8246,623.5977,48.41865,SouthSidewalk
1742767089657,73.27714,2763,Eye Hit,Right,789.7984,623.5977,48.41865,SouthSidewalk
1742767089657,73.27714,2763,Eye Hit,Center,790.3115,623.5977,48.41865,SouthSidewalk
1742767089685,73.30679,2765,Eye Hit,Left,793.0168,617.8655,48.31929,SouthSidewalk
1742767089685,73.30679,2765,Eye Hit,Right,791.9886,617.8655,48.31929,SouthSidewalk
1742767089685,73.30679,2765,Eye Hit,Center,792.5027,617.8655,48.31929,SouthSidewalk
1742767089715,73.33553,2767,Eye Hit,Left,794.9077,615.6163,48.269,SouthSidewalk
1742767089715,73.33553,2767,Eye Hit,Right,793.8784,615.6163,48.269,SouthSidewalk
1742767089715,73.33553,2767,Eye Hit,Center,794.393,615.6163,48.269,SouthSidewalk
1742767089745,73.36417,2769,Eye Hit,Left,794.4387,617.1501,48.29572,SouthSidewalk
1742767089745,73.36417,2769,Eye Hit,Right,793.4099,617.1501,48.29572,SouthSidewalk
1742767089745,73.36417,2769,Eye Hit,Center,793.9243,617.1501,48.29573,SouthSidewalk
1742767089773,73.39443,2771,Eye Hit,Left,753.1655,671.1527,49.2211,SouthSidewalk
1742767089773,73.39443,2771,Eye Hit,Right,752.1561,671.1527,49.2211,SouthSidewalk
1742767089773,73.39443,2771,Eye Hit,Center,752.6608,671.1527,49.2211,SouthSidewalk
1742767089803,73.42272,2773,Eye Hit,Left,752.455,677.1783,49.29105,SouthSidewalk
1742767089803,73.42272,2773,Eye Hit,Right,751.447,677.1783,49.29105,SouthSidewalk
1742767089803,73.42272,2773,Eye Hit,Center,751.951,677.1783,49.29105,SouthSidewalk
1742767089832,73.45319,2775,Eye Hit,Left,754.0764,679.9155,49.31612,SouthSidewalk
1742767089832,73.45319,2775,Eye Hit,Right,753.0688,679.9155,49.31612,SouthSidewalk
1742767089833,73.45319,2775,Eye Hit,Center,753.5726,679.9155,49.31612,SouthSidewalk
1742767089860,73.48189,2777,Eye Hit,Left,754.1016,680.0543,49.31843,SouthSidewalk
1742767089860,73.48189,2777,Eye Hit,Right,753.0942,680.0543,49.31843,SouthSidewalk
1742767089860,73.48189,2777,Eye Hit,Center,753.5979,680.0543,49.31843,SouthSidewalk
1742767089887,73.50887,2779,Eye Hit,Left,754.2186,687.4921,49.39495,SouthSidewalk
1742767089887,73.50887,2779,Eye Hit,Right,753.2128,687.4921,49.39495,SouthSidewalk
1742767089887,73.50887,2779,Eye Hit,Center,753.7158,687.4921,49.39495,SouthSidewalk
1742767089918,73.53815,2781,Eye Hit,Left,746.5472,690.8478,49.45009,SouthSidewalk
1742767089918,73.53815,2781,Eye Hit,Right,745.5425,690.8478,49.45009,SouthSidewalk
1742767089918,73.53815,2781,Eye Hit,Center,746.0449,690.8478,49.45009,SouthSidewalk
1742767089948,73.56802,2783,Eye Hit,Left,747.6164,694.3765,49.47886,SouthSidewalk
1742767089948,73.56802,2783,Eye Hit,Right,746.6122,694.3765,49.47886,SouthSidewalk
1742767089948,73.56802,2783,Eye Hit,Center,747.1143,694.3765,49.47886,SouthSidewalk
1742767089976,73.59704,2785,Eye Hit,Left,756.2542,700.3387,49.50804,SouthSidewalk
1742767089976,73.59704,2785,Eye Hit,Right,755.2507,700.3387,49.50804,SouthSidewalk
1742767089976,73.59704,2785,Eye Hit,Center,755.7524,700.3387,49.50804,SouthSidewalk
1742767090004,73.62578,2787,Eye Hit,Left,749.3795,702.6929,49.55059,SouthSidewalk
1742767090004,73.62578,2787,Eye Hit,Right,748.3768,702.6929,49.55059,SouthSidewalk
1742767090004,73.62578,2787,Eye Hit,Center,748.8782,702.6929,49.55059,SouthSidewalk
1742767090033,73.65437,2789,Eye Hit,Left,749.2794,699.2186,49.52173,SouthSidewalk
1742767090033,73.65437,2789,Eye Hit,Right,748.2761,699.2186,49.52173,SouthSidewalk
1742767090033,73.65437,2789,Eye Hit,Center,748.7778,699.2186,49.52173,SouthSidewalk
1742767090061,73.68291,2791,Eye Hit,Left,747.4584,700.4719,49.53846,SouthSidewalk
1742767090061,73.68291,2791,Eye Hit,Right,746.4554,700.4719,49.53846,SouthSidewalk
1742767090062,73.68291,2791,Eye Hit,Center,746.9569,700.4719,49.53846,SouthSidewalk
1742767090094,73.71197,2793,Eye Hit,Left,747.6804,699.8671,49.53265,SouthSidewalk
1742767090094,73.71197,2793,Eye Hit,Right,746.6773,699.8671,49.53265,SouthSidewalk
1742767090094,73.71197,2793,Eye Hit,Center,747.1789,699.8671,49.53265,SouthSidewalk
1742767090108,73.72958,2794,Eye Hit,Left,748.1837,699.8215,49.5304,SouthSidewalk
1742767090108,73.72958,2794,Eye Hit,Right,747.1806,699.8215,49.5304,SouthSidewalk
1742767090108,73.72958,2794,Eye Hit,Center,747.6821,699.8215,49.5304,SouthSidewalk
1742767090136,73.7576,2796,Eye Hit,Left,752.7686,703.2404,49.54754,SouthSidewalk
1742767090136,73.7576,2796,Eye Hit,Right,751.7659,703.2404,49.54754,SouthSidewalk
1742767090136,73.7576,2796,Eye Hit,Center,752.2673,703.2404,49.54754,SouthSidewalk
1742767090164,73.78465,2798,Eye Hit,Left,755.3555,703.2341,49.53978,SouthSidewalk
1742767090164,73.78465,2798,Eye Hit,Right,754.3526,703.2341,49.53977,SouthSidewalk
1742767090164,73.78465,2798,Eye Hit,Center,754.8541,703.2341,49.53978,SouthSidewalk
1742767090192,73.81361,2800,Eye Hit,Left,754.3141,702.6913,49.5392,SouthSidewalk
1742767090192,73.81361,2800,Eye Hit,Right,753.3112,702.6913,49.5392,SouthSidewalk
1742767090192,73.81361,2800,Eye Hit,Center,753.8127,702.6913,49.5392,SouthSidewalk
1742767090220,73.84192,2802,Eye Hit,Left,753.7183,701.9675,49.53547,SouthSidewalk
1742767090220,73.84192,2802,Eye Hit,Right,752.7152,701.9675,49.53547,SouthSidewalk
1742767090220,73.84192,2802,Eye Hit,Center,753.2167,701.9675,49.53547,SouthSidewalk
1742767090252,73.87214,2804,Eye Hit,Left,734.6324,702.2818,49.58153,SouthSidewalk
1742767090252,73.87214,2804,Eye Hit,Right,733.6304,702.2818,49.58153,SouthSidewalk
1742767090252,73.87214,2804,Eye Hit,Center,734.1314,702.2818,49.58153,SouthSidewalk
1742767090280,73.90176,2806,Eye Hit,Left,735.1046,701.9464,49.57737,SouthSidewalk
1742767090280,73.90176,2806,Eye Hit,Right,734.1024,701.9464,49.57738,SouthSidewalk
1742767090280,73.90176,2806,Eye Hit,Center,734.6035,701.9464,49.57737,SouthSidewalk
1742767090309,73.9297,2808,Eye Hit,Left,728.8455,714.7745,49.68712,SouthSidewalk
1742767090309,73.9297,2808,Eye Hit,Right,727.8455,714.7745,49.68712,SouthSidewalk
1742767090309,73.9297,2808,Eye Hit,Center,728.3455,714.7745,49.68712,SouthSidewalk
1742767090338,73.959,2810,Eye Hit,Left,728.4085,721.324,49.73441,SouthSidewalk
1742767090338,73.959,2810,Eye Hit,Right,727.4095,721.324,49.73441,SouthSidewalk
1742767090338,73.959,2810,Eye Hit,Center,727.9089,721.324,49.73442,SouthSidewalk
1742767090366,73.98773,2812,Eye Hit,Left,728.6293,725.0021,49.75896,SouthSidewalk
1742767090366,73.98773,2812,Eye Hit,Right,727.6309,725.0021,49.75896,SouthSidewalk
1742767090366,73.98773,2812,Eye Hit,Center,728.1301,725.0021,49.75896,SouthSidewalk
1742767090396,74.01672,2814,Eye Hit,Left,731.0867,727.7977,49.77479,SouthSidewalk
1742767090396,74.01672,2814,Eye Hit,Right,730.0886,727.7977,49.77479,SouthSidewalk
1742767090396,74.01672,2814,Eye Hit,Center,730.5876,727.7977,49.77478,SouthSidewalk
1742767090428,74.04692,2816,Eye Hit,Left,733.6898,730.5463,49.78861,SouthSidewalk
1742767090428,74.04692,2816,Eye Hit,Right,732.6919,730.5463,49.7886,SouthSidewalk
1742767090428,74.04692,2816,Eye Hit,Center,733.1908,730.5463,49.78861,SouthSidewalk
1742767090444,74.06413,2817,Eye Hit,Left,733.4722,730.4494,49.7882,SouthSidewalk
1742767090444,74.06413,2817,Eye Hit,Right,732.4743,730.4494,49.7882,SouthSidewalk
1742767090444,74.06413,2817,Eye Hit,Center,732.9733,730.4494,49.7882,SouthSidewalk
1742767090475,74.09489,2819,Eye Hit,Left,733.6286,732.5967,49.80087,SouthSidewalk
1742767090475,74.09489,2819,Eye Hit,Right,732.6309,732.5967,49.80087,SouthSidewalk
1742767090475,74.09489,2819,Eye Hit,Center,733.1298,732.5967,49.80087,SouthSidewalk
1742767090505,74.12081,2820,Eye Hit,Left,731.9358,733.7216,49.80952,SouthSidewalk
1742767090505,74.12081,2820,Eye Hit,Right,730.9382,733.7216,49.80952,SouthSidewalk
1742767090505,74.12081,2820,Eye Hit,Center,731.437,733.7216,49.80952,SouthSidewalk
1742767090523,74.14052,2821,Eye Hit,Left,731.5614,732.6644,49.80386,SouthSidewalk
1742767090523,74.14052,2821,Eye Hit,Right,730.5638,732.6644,49.80386,SouthSidewalk
1742767090523,74.14052,2821,Eye Hit,Center,731.0626,732.6644,49.80385,SouthSidewalk
1742767090544,74.16055,2822,Eye Hit,Left,728.2581,734.5478,49.8177,SouthSidewalk
1742767090544,74.16055,2822,Eye Hit,Right,727.2607,734.5478,49.8177,SouthSidewalk
1742767090544,74.16055,2822,Eye Hit,Center,727.7595,734.5478,49.8177,SouthSidewalk
1742767090571,74.18082,2823,Eye Hit,Left,727.9746,735.448,49.82321,SouthSidewalk
1742767090571,74.18082,2823,Eye Hit,Right,726.9774,735.448,49.82321,SouthSidewalk
1742767090571,74.18082,2823,Eye Hit,Center,727.476,735.448,49.82321,SouthSidewalk
1742767090594,74.2075,2824,Eye Hit,Left,729.3181,736.061,49.82561,SouthSidewalk
1742767090594,74.2075,2824,Eye Hit,Right,728.3209,736.061,49.82561,SouthSidewalk
1742767090594,74.2075,2824,Eye Hit,Center,728.8195,736.061,49.82561,SouthSidewalk
1742767090621,74.23061,2825,Eye Hit,Left,726.0184,732.8914,49.81047,SouthSidewalk
1742767090621,74.23061,2825,Eye Hit,Right,725.021,732.8914,49.81047,SouthSidewalk
1742767090621,74.23061,2825,Eye Hit,Center,725.5197,732.8914,49.81047,SouthSidewalk
1742767090648,74.25854,2826,Eye Hit,Left,725.049,726.7692,49.77437,SouthSidewalk
1742767090648,74.25854,2826,Eye Hit,Right,724.0508,726.7692,49.77437,SouthSidewalk
1742767090648,74.25854,2826,Eye Hit,Center,724.5499,726.7692,49.77437,SouthSidewalk
1742767090667,74.28376,2827,Eye Hit,Left,724.9128,728.2992,49.78402,SouthSidewalk
1742767090667,74.28376,2827,Eye Hit,Right,723.9149,728.2992,49.78402,SouthSidewalk
1742767090667,74.28376,2827,Eye Hit,Center,724.4138,728.2992,49.78402,SouthSidewalk
1742767090690,74.30257,2828,Eye Hit,Left,726.0486,726.9978,49.77564,SouthSidewalk
1742767090690,74.30257,2828,Eye Hit,Right,725.0505,726.9978,49.77564,SouthSidewalk
1742767090690,74.30257,2828,Eye Hit,Center,725.5494,726.9978,49.77564,SouthSidewalk
1742767090717,74.3294,2829,Eye Hit,Left,736.3605,724.0072,49.74594,SouthSidewalk
1742767090717,74.3294,2829,Eye Hit,Right,735.3616,724.0072,49.74594,SouthSidewalk
1742767090717,74.3294,2829,Eye Hit,Center,735.8611,724.0072,49.74594,SouthSidewalk
1742767090746,74.35599,2830,Eye Hit,Left,736.5906,724.3024,49.74755,SouthSidewalk
1742767090746,74.35599,2830,Eye Hit,Right,735.5919,724.3024,49.74755,SouthSidewalk
1742767090746,74.35599,2830,Eye Hit,Center,736.0912,724.3024,49.74754,SouthSidewalk
1742767090765,74.38297,2831,Eye Hit,Left,735.3555,725.3541,49.75597,SouthSidewalk
1742767090765,74.38297,2831,Eye Hit,Right,734.357,725.3541,49.75597,SouthSidewalk
1742767090765,74.38297,2831,Eye Hit,Center,734.8563,725.3541,49.75597,SouthSidewalk
1742767090786,74.40073,2832,Eye Hit,Left,736.7395,725.4559,49.75461,SouthSidewalk
1742767090786,74.40073,2832,Eye Hit,Right,735.7409,725.4559,49.75461,SouthSidewalk
1742767090786,74.40073,2832,Eye Hit,Center,736.2402,725.4559,49.7546,SouthSidewalk
1742767090806,74.42268,2833,Eye Hit,Left,732.7685,726.3638,49.76558,SouthSidewalk
1742767090806,74.42268,2833,Eye Hit,Right,731.7701,726.3638,49.76558,SouthSidewalk
1742767090806,74.42268,2833,Eye Hit,Center,732.2693,726.3638,49.76558,SouthSidewalk
1742767090831,74.4463,2834,Eye Hit,Left,734.9782,727.8475,49.7719,SouthSidewalk
1742767090831,74.4463,2834,Eye Hit,Right,733.98,727.8475,49.77189,SouthSidewalk
1742767090831,74.4463,2834,Eye Hit,Center,734.4791,727.8475,49.7719,SouthSidewalk
1742767090859,74.46777,2835,Eye Hit,Left,736.6362,729.351,49.77868,SouthSidewalk
1742767090859,74.46777,2835,Eye Hit,Right,735.6381,729.351,49.77868,SouthSidewalk
1742767090859,74.46777,2835,Eye Hit,Center,736.1371,729.351,49.77867,SouthSidewalk
1742767090876,74.49509,2836,Eye Hit,Left,736.9231,730.9141,49.78763,SouthSidewalk
1742767090876,74.49509,2836,Eye Hit,Right,735.9251,730.9141,49.78763,SouthSidewalk
1742767090876,74.49509,2836,Eye Hit,Center,736.4241,730.9141,49.78763,SouthSidewalk
1742767090899,74.51223,2837,Eye Hit,Left,737.4679,733.9252,49.80427,SouthSidewalk
1742767090899,74.51223,2837,Eye Hit,Right,736.4703,733.9252,49.80427,SouthSidewalk
1742767090899,74.51223,2837,Eye Hit,Center,736.9692,733.9252,49.80428,SouthSidewalk
1742767090914,74.53495,2838,Eye Hit,Left,737.6054,734.6293,49.80798,SouthSidewalk
1742767090914,74.53495,2838,Eye Hit,Right,736.6079,734.6293,49.80798,SouthSidewalk
1742767090914,74.53495,2838,Eye Hit,Center,737.1066,734.6293,49.80798,SouthSidewalk
1742767090960,74.57453,2840,Eye Hit,Left,738.6307,733.4745,49.79991,SouthSidewalk
1742767090960,74.57453,2840,Eye Hit,Right,737.6331,733.4745,49.79991,SouthSidewalk
1742767090960,74.57453,2840,Eye Hit,Center,738.1318,733.4745,49.79991,SouthSidewalk
1742767090982,74.59657,2841,Eye Hit,Left,738.2823,733.9789,49.8035,SouthSidewalk
1742767090982,74.59657,2841,Eye Hit,Right,737.2847,733.9789,49.8035,SouthSidewalk
1742767090982,74.59657,2841,Eye Hit,Center,737.7834,733.9788,49.80351,SouthSidewalk
1742767090999,74.61742,2842,Eye Hit,Left,737.1592,734.9678,49.81112,SouthSidewalk
1742767090999,74.61742,2842,Eye Hit,Right,736.1617,734.9678,49.81112,SouthSidewalk
1742767090999,74.61742,2842,Eye Hit,Center,736.6604,734.9678,49.81111,SouthSidewalk
1742767091029,74.63531,2843,Eye Hit,Left,735.9942,735.5632,49.81666,SouthSidewalk
1742767091029,74.63531,2843,Eye Hit,Right,734.9968,735.5632,49.81666,SouthSidewalk
1742767091029,74.63531,2843,Eye Hit,Center,735.4955,735.5632,49.81666,SouthSidewalk
1742767091054,74.66606,2844,Eye Hit,Left,735.5932,734.577,49.81225,SouthSidewalk
1742767091054,74.66606,2844,Eye Hit,Right,734.5958,734.577,49.81225,SouthSidewalk
1742767091054,74.66606,2844,Eye Hit,Center,735.0944,734.577,49.81225,SouthSidewalk
1742767091080,74.69064,2845,Eye Hit,Left,735.1045,733.397,49.80669,SouthSidewalk
1742767091080,74.69064,2845,Eye Hit,Right,734.1069,733.397,49.80669,SouthSidewalk
1742767091080,74.69064,2845,Eye Hit,Center,734.6057,733.397,49.80669,SouthSidewalk
1742767091106,74.71696,2846,Eye Hit,Left,735.0395,732.6846,49.80306,SouthSidewalk
1742767091106,74.71696,2846,Eye Hit,Right,734.0419,732.6846,49.80307,SouthSidewalk
1742767091106,74.71696,2846,Eye Hit,Center,734.5406,732.6846,49.80307,SouthSidewalk
1742767091125,74.74287,2847,Eye Hit,Left,735.2196,732.2759,49.80061,SouthSidewalk
1742767091125,74.74287,2847,Eye Hit,Right,734.222,732.2759,49.80061,SouthSidewalk
1742767091125,74.74287,2847,Eye Hit,Center,734.7208,732.2759,49.80061,SouthSidewalk
1742767091153,74.76273,2848,Eye Hit,Left,735.8875,731.8641,49.7975,SouthSidewalk
1742767091153,74.76273,2848,Eye Hit,Right,734.8898,731.8641,49.7975,SouthSidewalk
1742767091153,74.76273,2848,Eye Hit,Center,735.3887,731.8641,49.7975,SouthSidewalk
1742767091179,74.79082,2849,Eye Hit,Left,736.6295,732.0757,49.79781,SouthSidewalk
1742767091179,74.79082,2849,Eye Hit,Right,735.6317,732.0757,49.7978,SouthSidewalk
1742767091179,74.79082,2849,Eye Hit,Center,736.1307,732.0757,49.79781,SouthSidewalk
1742767091195,74.81528,2850,Eye Hit,Left,737.0328,732.8376,49.80169,SouthSidewalk
1742767091195,74.81528,2850,Eye Hit,Right,736.0352,732.8376,49.80169,SouthSidewalk
1742767091195,74.81528,2850,Eye Hit,Center,736.5341,732.8376,49.80168,SouthSidewalk
1742767091219,74.8325,2851,Eye Hit,Left,737.3096,733.6125,49.80593,SouthSidewalk
1742767091219,74.8325,2851,Eye Hit,Right,736.312,733.6125,49.80593,SouthSidewalk
1742767091219,74.8325,2851,Eye Hit,Center,736.8108,733.6125,49.80593,SouthSidewalk
1742767091246,74.85519,2852,Eye Hit,Left,737.1436,733.6015,49.8065,SouthSidewalk
1742767091246,74.85519,2852,Eye Hit,Right,736.1459,733.6015,49.8065,SouthSidewalk
1742767091246,74.85519,2852,Eye Hit,Center,736.6447,733.6015,49.8065,SouthSidewalk
1742767091277,74.88227,2853,Eye Hit,Left,737.1602,733.5781,49.80666,SouthSidewalk
1742767091277,74.88227,2853,Eye Hit,Right,736.1627,733.5781,49.80666,SouthSidewalk
1742767091277,74.88227,2853,Eye Hit,Center,736.6614,733.5781,49.80666,SouthSidewalk
1742767091302,74.91306,2854,Eye Hit,Left,737.1943,734.0395,49.80956,SouthSidewalk
1742767091302,74.91306,2854,Eye Hit,Right,736.1968,734.0395,49.80956,SouthSidewalk
1742767091302,74.91306,2854,Eye Hit,Center,736.6956,734.0395,49.80955,SouthSidewalk
1742767091329,74.9396,2855,Eye Hit,Left,737.251,734.1406,49.81041,SouthSidewalk
1742767091330,74.9396,2855,Eye Hit,Right,736.2535,734.1406,49.81041,SouthSidewalk
1742767091330,74.9396,2855,Eye Hit,Center,736.7523,734.1406,49.81041,SouthSidewalk
1742767091350,74.96812,2856,Eye Hit,Left,737.285,733.619,49.80761,SouthSidewalk
1742767091350,74.96812,2856,Eye Hit,Right,736.2875,733.619,49.80761,SouthSidewalk
1742767091350,74.96812,2856,Eye Hit,Center,736.7863,733.619,49.80761,SouthSidewalk
1742767091373,74.98574,2857,Eye Hit,Left,737.374,733.231,49.80568,SouthSidewalk
1742767091373,74.98574,2857,Eye Hit,Right,736.3764,733.231,49.80568,SouthSidewalk
1742767091373,74.98574,2857,Eye Hit,Center,736.8752,733.231,49.80568,SouthSidewalk
1742767091403,75.00844,2858,Eye Hit,Left,737.3595,733.4822,49.80762,SouthSidewalk
1742767091403,75.00844,2858,Eye Hit,Right,736.362,733.4822,49.80762,SouthSidewalk
1742767091403,75.00844,2858,Eye Hit,Center,736.8608,733.4822,49.80763,SouthSidewalk
1742767091426,75.03911,2859,Eye Hit,Left,737.0462,733.3889,49.80809,SouthSidewalk
1742767091426,75.03911,2859,Eye Hit,Right,736.0487,733.3889,49.80809,SouthSidewalk
1742767091426,75.03911,2859,Eye Hit,Center,736.5475,733.3889,49.80809,SouthSidewalk
1742767091453,75.06102,2860,Eye Hit,Left,737.1385,733.3497,49.80818,SouthSidewalk
1742767091453,75.06102,2860,Eye Hit,Right,736.141,733.3497,49.80818,SouthSidewalk
1742767091453,75.06102,2860,Eye Hit,Center,736.6397,733.3497,49.80818,SouthSidewalk
1742767091482,75.08997,2861,Eye Hit,Left,737.2077,734.5986,49.81567,SouthSidewalk
1742767091482,75.08997,2861,Eye Hit,Right,736.2103,734.5986,49.81567,SouthSidewalk
1742767091482,75.08997,2861,Eye Hit,Center,736.709,734.5986,49.81567,SouthSidewalk
1742767091510,75.11748,2862,Eye Hit,Left,736.9974,734.7885,49.81764,SouthSidewalk
1742767091510,75.11748,2862,Eye Hit,Right,736.0001,734.7885,49.81764,SouthSidewalk
1742767091510,75.11748,2862,Eye Hit,Center,736.4987,734.7885,49.81764,SouthSidewalk
1742767091536,75.14536,2863,Eye Hit,Left,736.9705,733.7053,49.81219,SouthSidewalk
1742767091536,75.14536,2863,Eye Hit,Right,735.9731,733.7053,49.81219,SouthSidewalk
1742767091536,75.14536,2863,Eye Hit,Center,736.4719,733.7053,49.81219,SouthSidewalk
1742767091557,75.17137,2864,Eye Hit,Left,737.3128,732.5335,49.80523,SouthSidewalk
1742767091557,75.17137,2864,Eye Hit,Right,736.3152,732.5335,49.80522,SouthSidewalk
1742767091557,75.17137,2864,Eye Hit,Center,736.8141,732.5335,49.80522,SouthSidewalk
1742767091581,75.19285,2865,Eye Hit,Left,737.3768,732.3388,49.80453,SouthSidewalk
1742767091581,75.19285,2865,Eye Hit,Right,736.3793,732.3388,49.80453,SouthSidewalk
1742767091581,75.19285,2865,Eye Hit,Center,736.8781,732.3388,49.80453,SouthSidewalk
1742767091606,75.21651,2866,Eye Hit,Left,737.344,732.4,49.80548,SouthSidewalk
1742767091606,75.21651,2866,Eye Hit,Right,736.3464,732.4,49.80548,SouthSidewalk
1742767091606,75.21651,2866,Eye Hit,Center,736.8452,732.4,49.80548,SouthSidewalk
1742767091627,75.24254,2867,Eye Hit,Left,737.4235,732.2834,49.80488,SouthSidewalk
1742767091627,75.24254,2867,Eye Hit,Right,736.4259,732.2834,49.80488,SouthSidewalk
1742767091627,75.24254,2867,Eye Hit,Center,736.9247,732.2834,49.80488,SouthSidewalk
1742767091650,75.26273,2868,Eye Hit,Left,737.3658,732.0001,49.80387,SouthSidewalk
1742767091650,75.26273,2868,Eye Hit,Right,736.3683,732.0001,49.80386,SouthSidewalk
1742767091650,75.26273,2868,Eye Hit,Center,736.867,732.0001,49.80385,SouthSidewalk
1742767091669,75.28577,2869,Eye Hit,Left,736.7842,731.6301,49.80289,SouthSidewalk
1742767091669,75.28577,2869,Eye Hit,Right,735.7866,731.6301,49.80289,SouthSidewalk
1742767091669,75.28577,2869,Eye Hit,Center,736.2853,731.6301,49.80289,SouthSidewalk
1742767091690,75.30425,2870,Eye Hit,Left,736.2466,731.0773,49.80102,SouthSidewalk
1742767091690,75.30425,2870,Eye Hit,Right,735.249,731.0773,49.80102,SouthSidewalk
1742767091690,75.30425,2870,Eye Hit,Center,735.7478,731.0773,49.80102,SouthSidewalk
1742767091711,75.32566,2871,Eye Hit,Left,735.8146,730.8381,49.8005,SouthSidewalk
1742767091711,75.32566,2871,Eye Hit,Right,734.817,730.8381,49.8005,SouthSidewalk
1742767091711,75.32566,2871,Eye Hit,Center,735.3159,730.8381,49.8005,SouthSidewalk
1742767091732,75.34608,2872,Eye Hit,Left,735.2949,730.516,49.79984,SouthSidewalk
1742767091732,75.34608,2872,Eye Hit,Right,734.2972,730.516,49.79984,SouthSidewalk
1742767091732,75.34608,2872,Eye Hit,Center,734.796,730.516,49.79984,SouthSidewalk
1742767091751,75.36738,2873,Eye Hit,Left,734.9976,730.2346,49.79879,SouthSidewalk
1742767091751,75.36738,2873,Eye Hit,Right,733.9999,730.2346,49.79879,SouthSidewalk
1742767091751,75.36738,2873,Eye Hit,Center,734.4988,730.2346,49.79879,SouthSidewalk
1742767091774,75.38734,2874,Eye Hit,Left,734.6326,730.1172,49.79898,SouthSidewalk
1742767091774,75.38734,2874,Eye Hit,Right,733.6349,730.1172,49.79898,SouthSidewalk
1742767091774,75.38734,2874,Eye Hit,Center,734.1337,730.1172,49.79898,SouthSidewalk
1742767091793,75.40942,2875,Eye Hit,Left,734.6541,729.9747,49.79829,SouthSidewalk
1742767091794,75.40942,2875,Eye Hit,Right,733.6564,729.9747,49.79829,SouthSidewalk
1742767091794,75.40942,2875,Eye Hit,Center,734.1553,729.9748,49.79828,SouthSidewalk
1742767091816,75.42914,2876,Eye Hit,Left,734.6745,729.6351,49.79655,SouthSidewalk
1742767091816,75.42914,2876,Eye Hit,Right,733.6768,729.6351,49.79655,SouthSidewalk
1742767091816,75.42914,2876,Eye Hit,Center,734.1756,729.6352,49.79654,SouthSidewalk
1742767091835,75.45089,2877,Eye Hit,Left,734.7538,729.6011,49.7963,SouthSidewalk
1742767091835,75.45089,2877,Eye Hit,Right,733.756,729.6011,49.7963,SouthSidewalk
1742767091835,75.45089,2877,Eye Hit,Center,734.2549,729.6011,49.7963,SouthSidewalk
1742767091858,75.47058,2878,Eye Hit,Left,734.6522,729.3979,49.79538,SouthSidewalk
1742767091858,75.47058,2878,Eye Hit,Right,733.6545,729.3979,49.79538,SouthSidewalk
1742767091858,75.47058,2878,Eye Hit,Center,734.1534,729.3979,49.79538,SouthSidewalk
1742767091877,75.49322,2879,Eye Hit,Left,734.6668,729.4092,49.79545,SouthSidewalk
1742767091877,75.49322,2879,Eye Hit,Right,733.6691,729.4092,49.79545,SouthSidewalk
1742767091877,75.49322,2879,Eye Hit,Center,734.1679,729.4092,49.79545,SouthSidewalk
1742767091900,75.51222,2880,Eye Hit,Left,734.5068,728.744,49.79169,SouthSidewalk
1742767091900,75.51222,2880,Eye Hit,Right,733.509,728.744,49.79169,SouthSidewalk
1742767091900,75.51222,2880,Eye Hit,Center,734.0079,728.744,49.7917,SouthSidewalk
1742767091918,75.53594,2881,Eye Hit,Left,734.3974,728.6187,49.7911,SouthSidewalk
1742767091918,75.53594,2881,Eye Hit,Right,733.3995,728.6187,49.7911,SouthSidewalk
1742767091918,75.53594,2881,Eye Hit,Center,733.8985,728.6187,49.7911,SouthSidewalk
1742767091942,75.55414,2882,Eye Hit,Left,734.3228,728.9263,49.79318,SouthSidewalk
1742767091942,75.55414,2882,Eye Hit,Right,733.3251,728.9263,49.79318,SouthSidewalk
1742767091942,75.55414,2882,Eye Hit,Center,733.8239,728.9263,49.79318,SouthSidewalk
1742767091960,75.57728,2883,Eye Hit,Left,734.241,729.0623,49.79414,SouthSidewalk
1742767091960,75.57728,2883,Eye Hit,Right,733.2432,729.0623,49.79414,SouthSidewalk
1742767091960,75.57728,2883,Eye Hit,Center,733.7421,729.0623,49.79414,SouthSidewalk
1742767091982,75.5952,2884,Eye Hit,Left,734.0266,728.7871,49.79272,SouthSidewalk
1742767091982,75.5952,2884,Eye Hit,Right,733.0289,728.787,49.79272,SouthSidewalk
1742767091982,75.5952,2884,Eye Hit,Center,733.5278,728.787,49.79272,SouthSidewalk
1742767092001,75.61745,2885,Eye Hit,Left,733.9715,728.7712,49.79265,SouthSidewalk
1742767092001,75.61745,2885,Eye Hit,Right,732.9736,728.7712,49.79265,SouthSidewalk
1742767092001,75.61745,2885,Eye Hit,Center,733.4726,728.7712,49.79265,SouthSidewalk
1742767092025,75.63631,2886,Eye Hit,Left,733.7063,728.6447,49.7921,SouthSidewalk
1742767092025,75.63631,2886,Eye Hit,Right,732.7084,728.6447,49.7921,SouthSidewalk
1742767092025,75.63631,2886,Eye Hit,Center,733.2074,728.6447,49.7921,SouthSidewalk
1742767092043,75.66184,2887,Eye Hit,Left,733.7178,728.5932,49.79165,SouthSidewalk
1742767092043,75.66184,2887,Eye Hit,Right,732.72,728.5932,49.79164,SouthSidewalk
1742767092043,75.66184,2887,Eye Hit,Center,733.2189,728.5932,49.79164,SouthSidewalk
1742767092084,75.70065,2889,Eye Hit,Left,733.8345,729.2723,49.79543,SouthSidewalk
1742767092084,75.70065,2889,Eye Hit,Right,732.8367,729.2723,49.79543,SouthSidewalk
1742767092084,75.70065,2889,Eye Hit,Center,733.3357,729.2723,49.79543,SouthSidewalk
1742767092108,75.7192,2890,Eye Hit,Left,734.0845,729.5581,49.79669,SouthSidewalk
1742767092108,75.7192,2890,Eye Hit,Right,733.0869,729.5581,49.79669,SouthSidewalk
1742767092108,75.7192,2890,Eye Hit,Center,733.5857,729.5582,49.79668,SouthSidewalk
1742767092126,75.74271,2891,Eye Hit,Left,734.1551,729.3184,49.79507,SouthSidewalk
1742767092126,75.74271,2891,Eye Hit,Right,733.1574,729.3184,49.79506,SouthSidewalk
1742767092126,75.74271,2891,Eye Hit,Center,733.6563,729.3184,49.79505,SouthSidewalk
1742767092149,75.761,2892,Eye Hit,Left,734.3181,728.5438,49.78994,SouthSidewalk
1742767092149,75.761,2892,Eye Hit,Right,733.3203,728.5438,49.78993,SouthSidewalk
1742767092149,75.761,2892,Eye Hit,Center,733.8192,728.5438,49.78993,SouthSidewalk
1742767092168,75.78368,2893,Eye Hit,Left,734.3414,727.9303,49.78598,SouthSidewalk
1742767092169,75.78368,2893,Eye Hit,Right,733.3434,727.9303,49.78598,SouthSidewalk
1742767092169,75.78368,2893,Eye Hit,Center,733.8423,727.9303,49.78599,SouthSidewalk
1742767092192,75.80318,2894,Eye Hit,Left,734.2716,727.5986,49.78379,SouthSidewalk
1742767092192,75.80318,2894,Eye Hit,Right,733.2736,727.5986,49.78379,SouthSidewalk
1742767092192,75.80318,2894,Eye Hit,Center,733.7726,727.5986,49.78378,SouthSidewalk
1742767092213,75.82742,2895,Eye Hit,Left,734.1694,727.3067,49.78187,SouthSidewalk
1742767092213,75.82742,2895,Eye Hit,Right,733.1714,727.3067,49.78188,SouthSidewalk
1742767092213,75.82742,2895,Eye Hit,Center,733.6704,727.3067,49.78188,SouthSidewalk
1742767092236,75.84829,2896,Eye Hit,Left,734.261,727.1184,49.78014,SouthSidewalk
1742767092236,75.84829,2896,Eye Hit,Right,733.2629,727.1184,49.78015,SouthSidewalk
1742767092236,75.84829,2896,Eye Hit,Center,733.762,727.1184,49.78014,SouthSidewalk
1742767092255,75.87114,2897,Eye Hit,Left,734.3203,727.1435,49.77999,SouthSidewalk
1742767092256,75.87114,2897,Eye Hit,Right,733.3222,727.1435,49.78,SouthSidewalk
1742767092256,75.87114,2897,Eye Hit,Center,733.8212,727.1435,49.78,SouthSidewalk
1742767092274,75.89099,2898,Eye Hit,Left,734.4521,726.9183,49.77801,SouthSidewalk
1742767092275,75.89099,2898,Eye Hit,Right,733.454,726.9183,49.77801,SouthSidewalk
1742767092275,75.89099,2898,Eye Hit,Center,733.953,726.9183,49.77801,SouthSidewalk
1742767092294,75.90988,2899,Eye Hit,Left,734.468,727.2605,49.7799,SouthSidewalk
1742767092294,75.90988,2899,Eye Hit,Right,733.4698,727.2605,49.7799,SouthSidewalk
1742767092294,75.90988,2899,Eye Hit,Center,733.9689,727.2605,49.7799,SouthSidewalk
1742767092318,75.92912,2900,Eye Hit,Left,734.3438,728.2177,49.78565,SouthSidewalk
1742767092318,75.92912,2900,Eye Hit,Right,733.3458,728.2177,49.78565,SouthSidewalk
1742767092318,75.92912,2900,Eye Hit,Center,733.8448,728.2177,49.78565,SouthSidewalk
1742767092338,75.95463,2901,Eye Hit,Left,734.2588,728.6561,49.7883,SouthSidewalk
1742767092338,75.95463,2901,Eye Hit,Right,733.2609,728.6561,49.7883,SouthSidewalk
1742767092338,75.95463,2901,Eye Hit,Center,733.7599,728.6561,49.78829,SouthSidewalk
1742767092360,75.97459,2902,Eye Hit,Left,734.4,728.0232,49.78376,SouthSidewalk
1742767092360,75.97459,2902,Eye Hit,Right,733.402,728.0232,49.78376,SouthSidewalk
1742767092360,75.97459,2902,Eye Hit,Center,733.9009,728.0232,49.78376,SouthSidewalk
1742767092380,75.99472,2903,Eye Hit,Left,734.402,727.5573,49.78068,SouthSidewalk
1742767092380,75.99472,2903,Eye Hit,Right,733.404,727.5573,49.78068,SouthSidewalk
1742767092380,75.99472,2903,Eye Hit,Center,733.903,727.5573,49.78068,SouthSidewalk
1742767092401,76.01507,2904,Eye Hit,Left,734.5267,727.5918,49.78036,SouthSidewalk
1742767092401,76.01507,2904,Eye Hit,Right,733.5287,727.5918,49.78036,SouthSidewalk
1742767092401,76.01507,2904,Eye Hit,Center,734.0277,727.5918,49.78036,SouthSidewalk
1742767092420,76.0358,2905,Eye Hit,Left,734.9008,727.8936,49.78151,SouthSidewalk
1742767092420,76.0358,2905,Eye Hit,Right,733.9028,727.8936,49.78151,SouthSidewalk
1742767092420,76.0358,2905,Eye Hit,Center,734.4018,727.8936,49.78151,SouthSidewalk
1742767092440,76.05633,2906,Eye Hit,Left,734.8286,728.1015,49.78252,SouthSidewalk
1742767092440,76.05633,2906,Eye Hit,Right,733.8305,728.1015,49.78252,SouthSidewalk
1742767092440,76.05633,2906,Eye Hit,Center,734.3295,728.1015,49.78252,SouthSidewalk
1742767092460,76.07558,2907,Eye Hit,Left,734.6984,728.2175,49.78327,SouthSidewalk
1742767092460,76.07558,2907,Eye Hit,Right,733.7003,728.2175,49.78327,SouthSidewalk
1742767092460,76.07558,2907,Eye Hit,Center,734.1993,728.2175,49.78327,SouthSidewalk
1742767092483,76.09525,2908,Eye Hit,Left,734.7679,728.4647,49.78437,SouthSidewalk
1742767092483,76.09525,2908,Eye Hit,Right,733.77,728.4647,49.78437,SouthSidewalk
1742767092483,76.09525,2908,Eye Hit,Center,734.2689,728.4647,49.78437,SouthSidewalk
1742767092502,76.11814,2909,Eye Hit,Left,734.5899,728.6104,49.7854,SouthSidewalk
1742767092502,76.11814,2909,Eye Hit,Right,733.592,728.6104,49.7854,SouthSidewalk
1742767092502,76.11814,2909,Eye Hit,Center,734.0909,728.6104,49.7854,SouthSidewalk
1742767092525,76.13721,2910,Eye Hit,Left,734.2289,728.7169,49.78636,SouthSidewalk
1742767092525,76.13721,2910,Eye Hit,Right,733.2311,728.7169,49.78636,SouthSidewalk
1742767092525,76.13721,2910,Eye Hit,Center,733.73,728.7169,49.78636,SouthSidewalk
1742767092543,76.16014,2911,Eye Hit,Left,734.0966,728.7598,49.78673,SouthSidewalk
1742767092543,76.16014,2911,Eye Hit,Right,733.0986,728.7598,49.78673,SouthSidewalk
1742767092543,76.16014,2911,Eye Hit,Center,733.5975,728.7598,49.78673,SouthSidewalk
1742767092568,76.17792,2912,Eye Hit,Left,733.7457,729.2799,49.7902,SouthSidewalk
1742767092568,76.17792,2912,Eye Hit,Right,732.7478,729.2799,49.7902,SouthSidewalk
1742767092568,76.17792,2912,Eye Hit,Center,733.2468,729.2799,49.7902,SouthSidewalk
1742767092586,76.20377,2913,Eye Hit,Left,733.4496,729.6208,49.79262,SouthSidewalk
1742767092586,76.20377,2913,Eye Hit,Right,732.4519,729.6208,49.79262,SouthSidewalk
1742767092586,76.20377,2913,Eye Hit,Center,732.9507,729.6208,49.79262,SouthSidewalk
1742767092608,76.2222,2914,Eye Hit,Left,732.8732,729.2928,49.79125,SouthSidewalk
1742767092608,76.2222,2914,Eye Hit,Right,731.8754,729.2928,49.79125,SouthSidewalk
1742767092609,76.2222,2914,Eye Hit,Center,732.3743,729.2928,49.79126,SouthSidewalk
1742767092628,76.24388,2915,Eye Hit,Left,732.5511,729.1958,49.79104,SouthSidewalk
1742767092628,76.24388,2915,Eye Hit,Right,731.5532,729.1958,49.79104,SouthSidewalk
1742767092628,76.24388,2915,Eye Hit,Center,732.0522,729.1958,49.79104,SouthSidewalk
1742767092650,76.26357,2916,Eye Hit,Left,732.2677,729.4183,49.7927,SouthSidewalk
1742767092650,76.26357,2916,Eye Hit,Right,731.2699,729.4183,49.7927,SouthSidewalk
1742767092650,76.26357,2916,Eye Hit,Center,731.7687,729.4183,49.7927,SouthSidewalk
1742767092669,76.28471,2917,Eye Hit,Left,732.0182,729.4545,49.79327,SouthSidewalk
1742767092669,76.28471,2917,Eye Hit,Right,731.0204,729.4545,49.79327,SouthSidewalk
1742767092669,76.28471,2917,Eye Hit,Center,731.5193,729.4545,49.79327,SouthSidewalk
1742767092693,76.30435,2918,Eye Hit,Left,731.4302,729.2964,49.79305,SouthSidewalk
1742767092693,76.30435,2918,Eye Hit,Right,730.4324,729.2964,49.79305,SouthSidewalk
1742767092693,76.30435,2918,Eye Hit,Center,730.9313,729.2964,49.79305,SouthSidewalk
1742767092711,76.32822,2919,Eye Hit,Left,731.2668,729.2938,49.79329,SouthSidewalk
1742767092711,76.32822,2919,Eye Hit,Right,730.269,729.2938,49.79329,SouthSidewalk
1742767092711,76.32822,2919,Eye Hit,Center,730.7679,729.2938,49.79329,SouthSidewalk
1742767092734,76.34653,2920,Eye Hit,Left,730.8718,729.2482,49.7936,SouthSidewalk
1742767092734,76.34653,2920,Eye Hit,Right,729.874,729.2482,49.7936,SouthSidewalk
1742767092734,76.34653,2920,Eye Hit,Center,730.3729,729.2482,49.7936,SouthSidewalk
1742767092752,76.36915,2921,Eye Hit,Left,730.5171,729.4044,49.79503,SouthSidewalk
1742767092752,76.36915,2921,Eye Hit,Right,729.5193,729.4044,49.79503,SouthSidewalk
1742767092752,76.36915,2921,Eye Hit,Center,730.0182,729.4044,49.79503,SouthSidewalk
1742767092776,76.3885,2922,Eye Hit,Left,729.9578,729.7099,49.79761,SouthSidewalk
1742767092776,76.3885,2922,Eye Hit,Right,728.96,729.7099,49.79761,SouthSidewalk
1742767092776,76.3885,2922,Eye Hit,Center,729.4589,729.7099,49.79761,SouthSidewalk
1742767092795,76.41149,2923,Eye Hit,Left,729.5649,729.8484,49.79897,SouthSidewalk
1742767092795,76.41149,2923,Eye Hit,Right,728.5672,729.8484,49.79898,SouthSidewalk
1742767092795,76.41149,2923,Eye Hit,Center,729.066,729.8484,49.79897,SouthSidewalk
1742767092817,76.42995,2924,Eye Hit,Left,729.0937,729.6239,49.79825,SouthSidewalk
1742767092817,76.42995,2924,Eye Hit,Right,728.096,729.6239,49.79826,SouthSidewalk
1742767092817,76.42995,2924,Eye Hit,Center,728.5948,729.6239,49.79826,SouthSidewalk
1742767092836,76.45215,2925,Eye Hit,Left,728.8894,729.1215,49.79547,SouthSidewalk
1742767092836,76.45215,2925,Eye Hit,Right,727.8916,729.1215,49.79546,SouthSidewalk
1742767092836,76.45215,2925,Eye Hit,Center,728.3904,729.1215,49.79547,SouthSidewalk
1742767092859,76.47082,2926,Eye Hit,Left,728.4564,729.4139,49.79788,SouthSidewalk
1742767092859,76.47082,2926,Eye Hit,Right,727.4587,729.4139,49.79788,SouthSidewalk
1742767092859,76.47082,2926,Eye Hit,Center,727.9575,729.4139,49.79788,SouthSidewalk
1742767092877,76.49445,2927,Eye Hit,Left,728.6004,729.4707,49.79836,SouthSidewalk
1742767092877,76.49445,2927,Eye Hit,Right,727.6027,729.4707,49.79836,SouthSidewalk
1742767092877,76.49445,2927,Eye Hit,Center,728.1016,729.4707,49.79836,SouthSidewalk
1742767092905,76.51273,2928,Eye Hit,Left,728.391,729.0452,49.79637,SouthSidewalk
1742767092905,76.51273,2928,Eye Hit,Right,727.3932,729.0452,49.79637,SouthSidewalk
1742767092905,76.51273,2928,Eye Hit,Center,727.892,729.0452,49.79637,SouthSidewalk
1742767092924,76.54008,2929,Eye Hit,Left,728.4466,728.7874,49.79501,SouthSidewalk
1742767092924,76.54008,2929,Eye Hit,Right,727.4488,728.7874,49.79502,SouthSidewalk
1742767092924,76.54008,2929,Eye Hit,Center,727.9477,728.7874,49.79502,SouthSidewalk
1742767092944,76.55883,2930,Eye Hit,Left,728.5192,728.523,49.79381,SouthSidewalk
1742767092944,76.55883,2930,Eye Hit,Right,727.5214,728.523,49.7938,SouthSidewalk
1742767092944,76.55883,2930,Eye Hit,Center,728.0