{
    "vr_anchors_positions": {
        "center": {
            "x": 720.0,
            "y": 792.0,
            "coords": [
                720.0,
                792.0
            ]
        },
        "topleft": {
            "x": 434.0125,
            "y": 934.9938,
            "coords": [
                434.0125,
                934.9938
            ]
        },
        "topright": {
            "x": 1005.987,
            "y": 934.9938,
            "coords": [
                1005.987,
                934.9938
            ]
        },
        "bottomleft": {
            "x": 434.0125,
            "y": 649.0063,
            "coords": [
                434.0125,
                649.0063
            ]
        }
    },
    "img_anchors_positions": {
        "center": {
            "x": 360.5,
            "y": 366.5,
            "coords": [
                360.5,
                366.5
            ]
        },
        "topleft": {
            "x": 180.0,
            "y": 455.5,
            "coords": [
                180.0,
                455.5
            ]
        },
        "topright": {
            "x": 540.0,
            "y": 455.0,
            "coords": [
                540.0,
                455.0
            ]
        },
        "bottomleft": {
            "x": 186.0,
            "y": 278.5,
            "coords": [
                186.0,
                278.5
            ]
        }
    },
    "transformation_matrix": [
        [
            0.6279416520468075,
            -0.0010198410701327263
        ],
        [
            -0.018065869647296062,
            0.6191995211065753
        ],
        [
            -75.6430491272125,
            -123.00508932319408
        ]
    ]
}