unix_ms,rel_timestamp,frame,event,side,screen_pos_x,screen_pos_y,screen_pos_z,target_name
1742690163536,0,,Activation,,,,,
1742690163536,0,322,,Left,0,0,0,
1742690163536,0,322,,Right,0,0,0,
1742690163536,0,322,,Center,0,0,0,
1742690163645,0.01999998,324,,Left,704.4258,676.7559,49.37364,
1742690163645,0.01999998,324,,Right,703.4233,676.7559,49.37364,
1742690163645,0.01999998,324,,Center,703.9246,676.7559,49.37364,
1742690163671,0.04822111,325,,Left,704.5806,677.0542,49.37724,
1742690163671,0.04822111,325,,Right,703.5781,677.0542,49.37724,
1742690163671,0.04822111,325,,Center,704.0793,677.0542,49.37724,
1742690163690,0.07363319,326,,Left,704.6274,677.7673,49.38513,
1742690163690,0.07363319,326,,Right,703.6251,677.7673,49.38513,
1742690163690,0.07363319,326,,Center,704.1263,677.7673,49.38513,
1742690163710,0.09649658,327,,Left,704.5745,678.0083,49.38774,
1742690163710,0.09649658,327,,Right,703.5722,678.0083,49.38773,
1742690163710,0.09649658,327,,Center,704.0734,678.0083,49.38774,
1742690163728,0.1138024,328,,Left,704.3895,678.1779,49.38935,
1742690163728,0.1138024,328,,Right,703.3873,678.1779,49.38936,
1742690163728,0.1138024,328,,Center,703.8884,678.178,49.38936,
1742690163745,0.1315899,329,,Left,704.3018,678.6087,49.3939,
1742690163745,0.1315899,329,,Right,703.2997,678.6087,49.3939,
1742690163745,0.1315899,329,,Center,703.8007,678.6087,49.3939,
1742690163761,0.148519,330,,Left,765.3867,382.1573,43.29956,
1742690163761,0.148519,330,,Right,764.2435,382.1573,43.29957,
1742690163761,0.148519,330,,Center,764.8151,382.1574,43.29956,
1742690163793,0.1807256,332,,Left,724.6127,782.4167,49.97684,
1742690163793,0.1807256,332,,Right,723.6223,782.4167,49.97685,
1742690163793,0.1807256,332,,Center,724.1176,782.4167,49.97685,
1742690163823,0.211225,334,,Left,721.5406,782.2138,49.97721,
1742690163823,0.211225,334,,Right,720.5502,782.2138,49.97721,
1742690163823,0.211225,334,,Center,721.0454,782.2138,49.97721,
1742690163853,0.2410498,336,,Left,721.6025,777.3506,49.97128,
1742690163853,0.2410498,336,,Right,720.612,777.3506,49.97128,
1742690163853,0.2410498,336,,Center,721.1072,777.3506,49.97128,
1742690163882,0.2703142,338,,Left,721.566,777.5956,49.97161,
1742690163882,0.2703142,338,,Right,720.5754,777.5956,49.97161,
1742690163882,0.2703142,338,,Center,721.0707,777.5956,49.97161,
1742690163911,0.2991786,340,,Left,721.5314,787.3112,49.98061,
1742690163911,0.2991786,340,,Right,720.5411,787.3112,49.98061,
1742690163911,0.2991786,340,,Center,721.0363,787.3112,49.98061,
1742690163939,0.328824,342,,Left,721.2245,786.5067,49.98017,
1742690163939,0.328824,342,,Right,720.2341,786.5067,49.98017,
1742690163939,0.328824,342,,Center,720.7292,786.5067,49.98017,
1742690163968,0.3567643,344,,Left,723.6929,809.4794,49.96617,
1742690163968,0.3567643,344,,Right,722.7023,809.4793,49.96617,
1742690163968,0.3567643,344,,Center,723.1976,809.4794,49.96617,
1742690163995,0.3845882,346,,Left,723.1744,810.1651,49.96516,
1742690163996,0.3845882,346,,Right,722.1838,810.1651,49.96516,
1742690163996,0.3845882,346,,Center,722.679,810.165,49.96516,
1742690164024,0.4128628,348,,Left,713.9643,763.9323,49.94118,
1742690164024,0.4128628,348,,Right,712.9732,763.9323,49.94118,
1742690164024,0.4128628,348,,Center,713.4688,763.9323,49.94118,
1742690164052,0.4411287,350,,Left,709.4694,761.5749,49.93056,
1742690164052,0.4411287,350,,Right,708.4781,761.5749,49.93057,
1742690164052,0.4411287,350,,Center,708.9738,761.5749,49.93056,
1742690164079,0.4688296,352,,Left,708.2489,762.0878,49.93068,
1742690164079,0.4688296,352,,Right,707.2576,762.0878,49.93068,
1742690164079,0.4688296,352,,Center,707.7533,762.0878,49.93068,
1742690164107,0.4965057,354,,Left,704.7751,763.3358,49.92955,
1742690164107,0.4965057,354,,Right,703.7838,763.3358,49.92955,
1742690164107,0.4965057,354,,Center,704.2795,763.3359,49.92955,
1742690164136,0.5247879,356,,Left,698.9496,774.9122,49.94491,
1742690164136,0.5247879,356,,Right,697.9586,774.9122,49.94491,
1742690164136,0.5247879,356,,Center,698.4541,774.9122,49.94492,
1742690164163,0.5526137,358,,Left,693.3325,778.5941,49.93718,
1742690164163,0.5526137,358,,Right,692.3412,778.5941,49.93718,
1742690164163,0.5526137,358,,Center,692.8369,778.5941,49.93718,
1742690164190,0.5802193,360,,Left,690.8873,796.1698,49.93843,
1742690164190,0.5802193,360,,Right,689.8961,796.1698,49.93843,
1742690164190,0.5802193,360,,Center,690.3917,796.1698,49.93843,
1742690164217,0.606379,362,,Left,686.9223,796.7253,49.92616,
1742690164217,0.606379,362,,Right,685.9309,796.7253,49.92616,
1742690164217,0.606379,362,,Center,686.4266,796.7253,49.92616,
1742690164245,0.6339145,364,,Left,686.9872,795.877,49.92697,
1742690164245,0.6339145,364,,Right,685.9958,795.877,49.92697,
1742690164245,0.6339145,364,,Center,686.4916,795.877,49.92697,
1742690164273,0.6625977,366,,Left,682.1792,796.0356,49.91082,
1742690164273,0.6625977,366,,Right,681.1876,796.0356,49.91082,
1742690164273,0.6625977,366,,Center,681.6833,796.0356,49.91082,
1742690164301,0.6926565,368,,Left,683.9828,796.6299,49.91753,
1742690164301,0.6926565,368,,Right,682.9912,796.6299,49.91753,
1742690164301,0.6926565,368,,Center,683.487,796.6299,49.91753,
1742690164329,0.7185555,370,,Left,683.732,797.3714,49.91651,
1742690164329,0.7185555,370,,Right,682.7404,797.3714,49.91651,
1742690164329,0.7185555,370,,Center,683.2362,797.3714,49.91652,
1742690164356,0.7456532,372,,Left,683.3516,796.709,49.91548,
1742690164356,0.7456532,372,,Right,682.36,796.709,49.91548,
1742690164356,0.7456532,372,,Center,682.8558,796.709,49.91548,
1742690164384,0.7730536,374,,Left,683.9881,796.3646,49.91775,
1742690164384,0.7730536,374,,Right,682.9965,796.3646,49.91775,
1742690164384,0.7730536,374,,Center,683.4924,796.3646,49.91775,
1742690164411,0.8003545,376,,Left,684.2283,796.0339,49.91846,
1742690164411,0.8003545,376,,Right,683.2368,796.0339,49.91846,
1742690164411,0.8003545,376,,Center,683.7326,796.0339,49.91846,
1742690164440,0.8285255,378,,Left,679.1568,794.4099,49.90037,
1742690164440,0.8285255,378,,Right,678.1649,794.4099,49.90037,
1742690164440,0.8285255,378,,Center,678.6608,794.4099,49.90037,
1742690164468,0.8577099,380,,Left,681.5612,787.5812,49.90863,
1742690164468,0.8577099,380,,Right,680.5694,787.5812,49.90863,
1742690164468,0.8577099,380,,Center,681.0652,787.5812,49.90863,
1742690164496,0.884604,382,,Left,682.5844,789.1879,49.9125,
1742690164496,0.884604,382,,Right,681.5928,789.1879,49.9125,
1742690164496,0.884604,382,,Center,682.0886,789.1879,49.9125,
1742690164524,0.9132643,384,,Left,686.4013,791.5609,49.92582,
1742690164524,0.9132643,384,,Right,685.4099,791.5609,49.92582,
1742690164524,0.9132643,384,,Center,685.9056,791.5609,49.92582,
1742690164551,0.9408445,386,,Left,693.0039,794.9559,49.94474,
1742690164551,0.9408445,386,,Right,692.0129,794.9559,49.94474,
1742690164552,0.9408445,386,,Center,692.5084,794.9559,49.94474,
1742690164579,0.9681201,388,,Left,694.8404,806.7902,49.93893,
1742690164579,0.9681201,388,,Right,693.8492,806.7902,49.93893,
1742690164579,0.9681201,388,,Center,694.3448,806.7902,49.93893,
1742690164607,0.9961705,390,,Left,690.8538,809.8633,49.92316,
1742690164607,0.9961705,390,,Right,689.8623,809.8633,49.92316,
1742690164607,0.9961705,390,,Center,690.3581,809.8633,49.92316,
1742690164635,1.024684,392,,Left,690.1009,818.4673,49.90214,
1742690164635,1.024684,392,,Right,689.109,818.4673,49.90214,
1742690164635,1.024684,392,,Center,689.605,818.4673,49.90214,
1742690164662,1.052297,394,,Left,687.412,819.015,49.89233,
1742690164662,1.052297,394,,Right,686.4199,819.015,49.89233,
1742690164662,1.052297,394,,Center,686.916,819.015,49.89233,
1742690164690,1.079375,396,,Left,685.9544,828.2244,49.85932,
1742690164690,1.079375,396,,Right,684.9616,828.2244,49.85932,
1742690164690,1.079375,396,,Center,685.4581,828.2244,49.85932,
1742690164718,1.107973,398,,Left,687.0358,834.0189,49.84118,
1742690164718,1.107973,398,,Right,686.0427,834.0189,49.84118,
1742690164718,1.107973,398,,Center,686.5393,834.0189,49.84118,
1742690164746,1.135406,400,,Left,685.7575,837.1434,49.82415,
1742690164746,1.135406,400,,Right,684.764,837.1434,49.82415,
1742690164746,1.135406,400,,Center,685.2607,837.1432,49.82415,
1742690164774,1.163418,402,,Left,683.1376,841.6338,49.79491,
1742690164774,1.163418,402,,Right,682.1436,841.6338,49.79491,
1742690164775,1.163418,402,,Center,682.6406,841.6338,49.79491,
1742690164802,1.192042,404,,Left,689.2014,843.191,49.80809,
1742690164802,1.192042,404,,Right,688.2076,843.191,49.80809,
1742690164802,1.192042,404,,Center,688.7045,843.191,49.8081,
1742690164829,1.218937,406,,Left,687.8329,844.9496,49.79575,
1742690164829,1.218937,406,,Right,686.839,844.9496,49.79575,
1742690164829,1.218937,406,,Center,687.336,844.9496,49.79575,
1742690164858,1.246179,408,,Left,691.9111,846.357,49.80133,
1742690164858,1.246179,408,,Right,690.9172,846.357,49.80133,
1742690164858,1.246179,408,,Center,691.4141,846.3569,49.80134,
1742690164886,1.274904,410,,Left,691.4565,845.635,49.80463,
1742690164886,1.274904,410,,Right,690.4627,845.635,49.80463,
1742690164886,1.274904,410,,Center,690.9596,845.635,49.80463,
1742690164913,1.302573,412,,Left,690.3967,849.7703,49.78147,
1742690164913,1.302573,412,,Right,689.4024,849.7703,49.78147,
1742690164913,1.302573,412,,Center,689.8995,849.7702,49.78148,
1742690164941,1.330474,414,,Left,693.2098,845.7449,49.81196,
1742690164941,1.330474,414,,Right,692.2161,845.7449,49.81196,
1742690164941,1.330474,414,,Center,692.713,845.7449,49.81196,
1742690164970,1.358676,416,,Left,695.6664,831.4598,49.88372,
1742690164970,1.358676,416,,Right,694.6741,831.4598,49.88372,
1742690164970,1.358676,416,,Center,695.1702,831.4598,49.88372,
1742690164997,1.386608,418,,Left,698.0631,825.316,49.91186,
1742690164997,1.386608,418,,Right,697.0715,825.316,49.91187,
1742690164997,1.386608,418,,Center,697.5673,825.3159,49.91186,
1742690165025,1.413701,420,,Left,703.3732,821.8561,49.9334,
1742690165025,1.413701,420,,Right,702.3819,821.8561,49.9334,
1742690165025,1.413701,420,,Center,702.8775,821.8561,49.9334,
1742690165053,1.44229,422,,Left,704.5173,813.7473,49.95604,
1742690165053,1.44229,422,,Right,703.5265,813.7473,49.95603,
1742690165053,1.44229,422,,Center,704.0219,813.7473,49.95604,
1742690165080,1.469444,424,,Left,709.2051,812.283,49.9653,
1742690165080,1.469444,424,,Right,708.2145,812.283,49.96531,
1742690165080,1.469444,424,,Center,708.7099,812.283,49.96531,
1742690165109,1.497466,426,,Left,710.16,810.7935,49.97369,
1742690165109,1.497466,426,,Right,709.1696,810.7935,49.97369,
1742690165109,1.497466,426,,Center,709.6648,810.7935,49.97369,
1742690165137,1.52636,428,,Left,706.5599,800.0742,49.98321,
1742690165137,1.52636,428,,Right,705.5696,800.0742,49.98321,
1742690165137,1.52636,428,,Center,706.0647,800.0742,49.98321,
1742690165161,1.553797,430,,Left,710.6522,795.0076,49.99025,
1742690165161,1.553797,430,,Right,709.6621,795.0076,49.99025,
1742690165161,1.553797,430,,Center,710.1572,795.0076,49.99025,
1742690165189,1.578241,432,,Left,705.7828,793.6864,49.98387,
1742690165189,1.578241,432,,Right,704.7925,793.6864,49.98387,
1742690165189,1.578241,432,,Center,705.2877,793.6864,49.98387,
1742690165217,1.606111,434,,Left,711.5413,793.0048,49.98953,
1742690165217,1.606111,434,,Right,710.5512,793.0048,49.98953,
1742690165217,1.606111,434,,Center,711.0463,793.0048,49.98953,
1742690165245,1.633352,436,,Left,711.4782,797.6307,49.98671,
1742690165245,1.633352,436,,Right,710.488,797.6307,49.98671,
1742690165245,1.633352,436,,Center,710.9832,797.6307,49.98671,
1742690165273,1.661733,438,,Left,711.8971,795.1903,49.99224,
1742690165273,1.661733,438,,Right,710.907,795.1903,49.99224,
1742690165273,1.661733,438,,Center,711.4021,795.1903,49.99224,
1742690165301,1.690332,440,,Left,711.408,788.3997,49.9902,
1742690165301,1.690332,440,,Right,710.4178,788.3997,49.9902,
1742690165301,1.690332,440,,Center,710.913,788.3998,49.9902,
1742690165329,1.717958,442,,Left,715.1204,785.1446,49.98955,
1742690165329,1.717958,442,,Right,714.1302,785.1446,49.98954,
1742690165329,1.717958,442,,Center,714.6253,785.1446,49.98954,
1742690165357,1.746177,444,,Left,663.2122,770.3039,49.80886,
1742690165357,1.746177,444,,Right,662.2184,770.3039,49.80887,
1742690165357,1.746177,444,,Center,662.7153,770.3039,49.80887,
1742690165386,1.774728,446,,Left,679.4073,757.5776,49.8502,
1742690165386,1.774728,446,,Right,678.4144,757.5776,49.8502,
1742690165386,1.774728,446,,Center,678.9109,757.5776,49.8502,
1742690165413,1.801862,448,,Left,679.6201,771.4511,49.88671,
1742690165413,1.801862,448,,Right,678.6279,771.4511,49.88671,
1742690165413,1.801862,448,,Center,679.124,771.4511,49.88671,
1742690165441,1.83042,450,,Left,694.2623,796.4438,49.953,
1742690165441,1.83042,450,,Right,693.2714,796.4438,49.953,
1742690165441,1.83042,450,,Center,693.7669,796.4438,49.953,
1742690165469,1.858633,452,,Left,695.2672,796.1544,49.95792,
1742690165469,1.858633,452,,Right,694.2764,796.1544,49.95792,
1742690165469,1.858633,452,,Center,694.7718,796.1544,49.95792,
1742690165496,1.886082,454,,Left,703.3996,796.5654,49.97334,
1742690165496,1.886082,454,,Right,702.4092,796.5654,49.97335,
1742690165496,1.886082,454,,Center,702.9044,796.5654,49.97334,
1742690165524,1.913476,456,,Left,703.816,793.9783,49.97364,
1742690165524,1.913476,456,,Right,702.8256,793.9783,49.97364,
1742690165524,1.913476,456,,Center,703.3209,793.9783,49.97364,
1742690165552,1.942042,458,,Left,705.4095,785.0956,49.97302,
1742690165552,1.942042,458,,Right,704.419,785.0956,49.97302,
1742690165552,1.942042,458,,Center,704.9142,785.0956,49.97301,
1742690165580,1.968904,460,,Left,711.6704,785.1006,49.97964,
1742690165580,1.968904,460,,Right,710.6801,785.1006,49.97964,
1742690165580,1.968904,460,,Center,711.1752,785.1006,49.97964,
1742690165608,1.997202,462,,Left,713.0215,785.3339,49.98227,
1742690165608,1.997202,462,,Right,712.0313,785.3339,49.98227,
1742690165608,1.997202,462,,Center,712.5264,785.3339,49.98228,
1742690165636,2.02642,464,,Left,712.9919,785.8235,49.9818,
1742690165636,2.02642,464,,Right,712.0016,785.8235,49.98179,
1742690165636,2.02642,464,,Center,712.4967,785.8235,49.98179,
1742690165664,2.053292,466,,Left,712.9298,786.8165,49.98152,
1742690165664,2.053292,466,,Right,711.9395,786.8165,49.98152,
1742690165664,2.053292,466,,Center,712.4346,786.8165,49.98152,
1742690165692,2.080823,468,,Left,712.5173,794.4178,49.98149,
1742690165692,2.080823,468,,Right,711.527,794.4178,49.98149,
1742690165692,2.080823,468,,Center,712.0222,794.4178,49.98149,
1742690165720,2.109335,470,,Left,712.0892,794.8101,49.98046,
1742690165720,2.109335,470,,Right,711.0988,794.8101,49.98046,
1742690165720,2.109335,470,,Center,711.5941,794.8101,49.98046,
1742690165747,2.136353,472,,Left,712.6608,792.69,49.98073,
1742690165747,2.136353,472,,Right,711.6705,792.69,49.98073,
1742690165747,2.136353,472,,Center,712.1656,792.69,49.98073,
1742690165776,2.164481,474,,Left,714.4897,792.6472,49.98164,
1742690165776,2.164481,474,,Right,713.4993,792.6472,49.98164,
1742690165776,2.164481,474,,Center,713.9945,792.6472,49.98164,
1742690165804,2.193837,476,,Left,715.6078,793.4844,49.98279,
1742690165804,2.193837,476,,Right,714.6175,793.4844,49.98279,
1742690165804,2.193837,476,,Center,715.1127,793.4845,49.98279,
1742690165831,2.220963,478,,Left,714.9679,795.885,49.98156,
1742690165831,2.220963,478,,Right,713.9776,795.885,49.98156,
1742690165831,2.220963,478,,Center,714.4728,795.885,49.98156,
1742690165859,2.248362,480,,Left,714.2125,794.9353,49.98101,
1742690165859,2.248362,480,,Right,713.2222,794.9353,49.98101,
1742690165859,2.248362,480,,Center,713.7173,794.9353,49.98101,
1742690165888,2.276793,482,,Left,712.3188,793.752,49.97945,
1742690165888,2.276793,482,,Right,711.3284,793.752,49.97945,
1742690165888,2.276793,482,,Center,711.8236,793.752,49.97945,
1742690165916,2.304832,484,,Left,713.2708,793.7275,49.97989,
1742690165916,2.304832,484,,Right,712.2805,793.7275,49.97989,
1742690165916,2.304832,484,,Center,712.7756,793.7275,49.97989,
1742690165943,2.331743,486,,Left,708.7852,793.5396,49.97541,
1742690165943,2.331743,486,,Right,707.7947,793.5396,49.97541,
1742690165943,2.331743,486,,Center,708.2899,793.5396,49.97541,
1742690165971,2.360151,488,,Left,708.4427,792.9725,49.97496,
1742690165971,2.360151,488,,Right,707.4523,792.9725,49.97496,
1742690165971,2.360151,488,,Center,707.9475,792.9725,49.97496,
1742690165998,2.388263,490,,Left,707.9017,787.0012,49.9727,
1742690165998,2.388263,490,,Right,706.9111,787.0012,49.9727,
1742690165999,2.388263,490,,Center,707.4064,787.0012,49.9727,
1742690166027,2.41575,492,,Left,705.6265,787.2478,49.96956,
1742690166027,2.41575,492,,Right,704.6359,787.2478,49.96956,
1742690166027,2.41575,492,,Center,705.1312,787.2478,49.96956,
1742690166055,2.443964,494,,Left,705.5294,793.5426,49.97012,
1742690166055,2.443964,494,,Right,704.5388,793.5426,49.97012,
1742690166055,2.443964,494,,Center,705.0341,793.5426,49.97012,
1742690166083,2.471524,496,,Left,706.0366,793.8168,49.97048,
1742690166083,2.471524,496,,Right,705.0461,793.8168,49.97048,
1742690166083,2.471524,496,,Center,705.5413,793.8168,49.97048,
1742690166110,2.499046,498,,Left,707.6469,792.4879,49.97256,
1742690166110,2.499046,498,,Right,706.6564,792.4879,49.97256,
1742690166110,2.499046,498,,Center,707.1516,792.4879,49.97255,
1742690166139,2.527677,500,,Left,707.3297,793.1013,49.97144,
1742690166139,2.527677,500,,Right,706.3392,793.1013,49.97144,
1742690166139,2.527677,500,,Center,706.8345,793.1013,49.97144,
1742690166166,2.55571,502,,Left,706.8729,791.1043,49.97086,
1742690166166,2.55571,502,,Right,705.8824,791.1043,49.97086,
1742690166166,2.55571,502,,Center,706.3777,791.1043,49.97085,
1742690166194,2.583478,504,,Left,706.0486,792.4999,49.96992,
1742690166194,2.583478,504,,Right,705.058,792.4999,49.96993,
1742690166194,2.583478,504,,Center,705.5533,792.4999,49.96993,
1742690166222,2.611509,506,,Left,701.9517,793.1769,49.96354,
1742690166222,2.611509,506,,Right,700.9611,793.1769,49.96354,
1742690166222,2.611509,506,,Center,701.4564,793.1769,49.96354,
1742690166250,2.639447,508,,Left,701.0543,794.2169,49.96196,
1742690166250,2.639447,508,,Right,700.0636,794.2169,49.96196,
1742690166250,2.639447,508,,Center,700.559,794.2169,49.96196,
1742690166278,2.666778,510,,Left,700.3433,797.8001,49.95942,
1742690166278,2.666778,510,,Right,699.3525,797.8001,49.95942,
1742690166278,2.666778,510,,Center,699.848,797.8001,49.95943,
1742690166306,2.694677,512,,Left,697.8807,800.2546,49.95246,
1742690166306,2.694677,512,,Right,696.8898,800.2546,49.95247,
1742690166306,2.694677,512,,Center,697.3853,800.2546,49.95247,
1742690166333,2.722616,514,,Left,699.705,799.9794,49.95697,
1742690166333,2.722616,514,,Right,698.7142,799.9794,49.95698,
1742690166333,2.722616,514,,Center,699.2096,799.9794,49.95698,
1742690166362,2.750484,516,,Left,699.7719,799.8618,49.95761,
1742690166362,2.750484,516,,Right,698.7811,799.8618,49.95761,
1742690166362,2.750484,516,,Center,699.2766,799.8618,49.95761,
1742690166390,2.778548,518,,Left,690.818,797.6658,49.9374,
1742690166390,2.778548,518,,Right,689.8268,797.6658,49.9374,
1742690166390,2.778548,518,,Center,690.3224,797.6658,49.9374,
1742690166417,2.806729,520,,Left,691.0063,798.0215,49.93798,
1742690166417,2.806729,520,,Right,690.0152,798.0215,49.93798,
1742690166417,2.806729,520,,Center,690.5107,798.0215,49.93799,
1742690166445,2.834167,522,,Left,693.2958,802.9878,49.94028,
1742690166445,2.834167,522,,Right,692.3046,802.9878,49.94028,
1742690166445,2.834167,522,,Center,692.8002,802.9878,49.94028,
1742690166473,2.862151,524,,Left,692.2845,801.7952,49.93903,
1742690166473,2.862151,524,,Right,691.2933,801.7952,49.93903,
1742690166473,2.862151,524,,Center,691.7889,801.7952,49.93903,
1742690166500,2.890364,526,,Left,693.2209,797.8724,49.9445,
1742690166500,2.890364,526,,Right,692.2299,797.8724,49.94451,
1742690166500,2.890364,526,,Center,692.7255,797.8724,49.9445,
1742690166528,2.917751,528,,Left,688.1431,799.973,49.9282,
1742690166528,2.917751,528,,Right,687.1517,799.973,49.9282,
1742690166528,2.917751,528,,Center,687.6473,799.973,49.9282,
1742690166556,2.944912,530,,Left,689.6536,797.5879,49.93428,
1742690166556,2.944912,530,,Right,688.6623,797.5879,49.93428,
1742690166556,2.944912,530,,Center,689.158,797.5879,49.93427,
1742690166584,2.973239,532,,Left,692.8123,790.0518,49.94454,
1742690166584,2.973239,532,,Right,691.8212,790.0518,49.94454,
1742690166584,2.973239,532,,Center,692.3167,790.0518,49.94454,
1742690166612,3.000422,534,,Left,696.5942,782.02,49.94932,
1742690166612,3.000422,534,,Right,695.6032,782.02,49.94932,
1742690166612,3.000422,534,,Center,696.0988,782.02,49.94932,
1742690166640,3.029551,536,,Left,697.2672,781.431,49.95047,
1742690166640,3.029551,536,,Right,696.2762,781.431,49.95047,
1742690166640,3.029551,536,,Center,696.7717,781.431,49.95046,
1742690166668,3.057206,538,,Left,719.6448,782.1228,49.97729,
1742690166668,3.057206,538,,Right,718.6544,782.1228,49.97729,
1742690166668,3.057206,538,,Center,719.1495,782.1228,49.97729,
1742690166696,3.085329,540,,Left,723.6987,781.6468,49.97612,
1742690166696,3.085329,540,,Right,722.7083,781.6468,49.97612,
1742690166696,3.085329,540,,Center,723.2036,781.6468,49.97612,
1742690166724,3.11286,542,,Left,723.3684,785.2891,49.97906,
1742690166724,3.11286,542,,Right,722.3781,785.2891,49.97906,
1742690166724,3.11286,542,,Center,722.8733,785.2891,49.97906,
1742690166752,3.140718,544,,Left,723.2136,785.5483,49.97916,
1742690166752,3.140718,544,,Right,722.2232,785.5483,49.97916,
1742690166752,3.140718,544,,Center,722.7183,785.5483,49.97916,
1742690166779,3.16841,546,,Left,722.9292,786.6909,49.97988,
1742690166779,3.16841,546,,Right,721.9388,786.6909,49.97988,
1742690166779,3.16841,546,,Center,722.434,786.6909,49.97988,
1742690166807,3.196932,548,,Left,723.268,787.0777,49.97987,
1742690166807,3.196932,548,,Right,722.2776,787.0777,49.97987,
1742690166807,3.196932,548,,Center,722.7728,787.0777,49.97987,
1742690166835,3.225266,550,,Left,711.0051,794.4715,49.9768,
1742690166835,3.225266,550,,Right,710.0146,794.4715,49.9768,
1742690166835,3.225266,550,,Center,710.5099,794.4715,49.9768,
1742690166863,3.252582,552,,Left,705.1953,798.9059,49.9677,
1742690166863,3.252582,552,,Right,704.2047,798.9059,49.96771,
1742690166863,3.252582,552,,Center,704.7,798.9059,49.9677,
1742690166891,3.280077,554,,Left,708.8816,801.1708,49.97075,
1742690166891,3.280077,554,,Right,707.8911,801.1708,49.97075,
1742690166891,3.280077,554,,Center,708.3864,801.1707,49.97074,
1742690166919,3.308158,556,,Left,708.6871,800.7308,49.97093,
1742690166919,3.308158,556,,Right,707.6966,800.7308,49.97094,
1742690166919,3.308158,556,,Center,708.1919,800.7308,49.97094,
1742690166947,3.335786,558,,Left,708.39,800.5473,49.97077,
1742690166947,3.335786,558,,Right,707.3995,800.5473,49.97078,
1742690166947,3.335786,558,,Center,707.8947,800.5473,49.97078,
1742690166975,3.364004,560,,Left,708.3056,800.6674,49.97056,
1742690166975,3.364004,560,,Right,707.3151,800.6674,49.97056,
1742690166975,3.364004,560,,Center,707.8103,800.6674,49.97056,
1742690167003,3.392317,562,,Left,707.6766,800.616,49.97001,
1742690167003,3.392317,562,,Right,706.686,800.616,49.97001,
1742690167003,3.392317,562,,Center,707.1813,800.616,49.97001,
1742690167030,3.419896,564,,Left,707.3878,800.138,49.97025,
1742690167030,3.419896,564,,Right,706.3972,800.138,49.97025,
1742690167030,3.419896,564,,Center,706.8925,800.138,49.97026,
1742690167058,3.44756,566,,Left,707.0659,800.9009,49.96925,
1742690167058,3.44756,566,,Right,706.0753,800.9009,49.96925,
1742690167058,3.44756,566,,Center,706.5706,800.9009,49.96925,
1742690167087,3.475758,568,,Left,705.1718,803.2337,49.96423,
1742690167087,3.475758,568,,Right,704.1811,803.2337,49.96423,
1742690167087,3.475758,568,,Center,704.6765,803.2337,49.96423,
1742690167114,3.503165,570,,Left,705.0443,803.0995,49.96415,
1742690167114,3.503165,570,,Right,704.0536,803.0995,49.96415,
1742690167114,3.503165,570,,Center,704.549,803.0995,49.96415,
1742690167142,3.531491,572,,Left,704.8922,803.1898,49.96384,
1742690167142,3.531491,572,,Right,703.9015,803.1898,49.96384,
1742690167142,3.531491,572,,Center,704.3968,803.1898,49.96384,
1742690167170,3.559556,574,,Left,704.7607,803.9272,49.96284,
1742690167170,3.559556,574,,Right,703.7701,803.9272,49.96284,
1742690167170,3.559556,574,,Center,704.2654,803.9272,49.96284,
1742690167198,3.587441,576,,Left,704.5109,801.387,49.96516,
1742690167198,3.587441,576,,Right,703.5202,801.387,49.96516,
1742690167198,3.587441,576,,Center,704.0156,801.387,49.96516,
1742690167226,3.615185,578,,Left,705.2528,807.3719,49.95911,
1742690167226,3.615185,578,,Right,704.262,807.3719,49.95911,
1742690167226,3.615185,578,,Center,704.7574,807.3719,49.95911,
1742690167254,3.643358,580,,Left,702.6665,800.0898,49.96326,
1742690167254,3.643358,580,,Right,701.6758,800.0898,49.96326,
1742690167254,3.643358,580,,Center,702.1711,800.09,49.96326,
1742690167282,3.670493,582,,Left,706.9836,799.6489,49.97012,
1742690167282,3.670493,582,,Right,705.993,799.6489,49.97012,
1742690167282,3.670493,582,,Center,706.4883,799.6489,49.97012,
1742690167310,3.69893,584,,Left,708.3307,799.8253,49.97166,
1742690167310,3.69893,584,,Right,707.3402,799.8253,49.97166,
1742690167310,3.69893,584,,Center,707.8354,799.8253,49.97166,
1742690167338,3.727161,586,,Left,708.0621,799.6403,49.97136,
1742690167338,3.727161,586,,Right,707.0716,799.6403,49.97137,
1742690167338,3.727161,586,,Center,707.5669,799.6403,49.97136,
1742690167365,3.754735,588,,Left,709.4491,799.6479,49.97288,
1742690167365,3.754735,588,,Right,708.4586,799.6479,49.97289,
1742690167365,3.754735,588,,Center,708.9539,799.6479,49.97288,
1742690167393,3.782315,590,,Left,710.924,804.0254,49.9702,
1742690167393,3.782315,590,,Right,709.9335,804.0254,49.9702,
1742690167393,3.782315,590,,Center,710.4287,804.0254,49.9702,
1742690167422,3.81076,592,,Left,710.5024,799.1237,49.97435,
1742690167422,3.81076,592,,Right,709.512,799.1237,49.97435,
1742690167422,3.81076,592,,Center,710.0072,799.1237,49.97435,
1742690167449,3.838265,594,,Left,709.4136,802.3776,49.97042,
1742690167449,3.838265,594,,Right,708.4231,802.3776,49.97042,
1742690167449,3.838265,594,,Center,708.9183,802.3776,49.97042,
1742690167477,3.865499,596,,Left,707.6915,802.8129,49.9679,
1742690167477,3.865499,596,,Right,706.7009,802.8129,49.9679,
1742690167477,3.865499,596,,Center,707.1962,802.8129,49.9679,
1742690167505,3.894188,598,,Left,706.789,803.4108,49.96604,
1742690167505,3.894188,598,,Right,705.7983,803.4108,49.96603,
1742690167505,3.894188,598,,Center,706.2936,803.4108,49.96603,
1742690167532,3.921998,600,,Left,707.0574,803.3058,49.96638,
1742690167532,3.921998,600,,Right,706.0668,803.3058,49.96638,
1742690167532,3.921998,600,,Center,706.5621,803.3058,49.96638,
1742690167560,3.949716,602,,Left,707.6348,802.5526,49.96796,
1742690167560,3.949716,602,,Right,706.6443,802.5526,49.96796,
1742690167560,3.949716,602,,Center,707.1396,802.5526,49.96796,
1742690167589,3.977581,604,,Left,708.1319,800.887,49.97028,
1742690167589,3.977581,604,,Right,707.1414,800.887,49.97028,
1742690167589,3.977581,604,,Center,707.6367,800.887,49.97027,
1742690167617,4.00568,606,,Left,706.9756,800.6404,49.96908,
1742690167617,4.00568,606,,Right,705.9851,800.6404,49.96908,
1742690167617,4.00568,606,,Center,706.4804,800.6404,49.96909,
1742690167644,4.033181,608,,Left,707.3661,803.5582,49.96674,
1742690167644,4.033181,608,,Right,706.3755,803.5582,49.96675,
1742690167644,4.033181,608,,Center,706.8708,803.5582,49.96675,
1742690167672,4.061788,610,,Left,707.4014,803.6486,49.96668,
1742690167672,4.061788,610,,Right,706.4108,803.6486,49.96668,
1742690167672,4.061788,610,,Center,706.9061,803.6486,49.96668,
1742690167700,4.089381,612,,Left,711.8419,805.5484,49.96904,
1742690167700,4.089381,612,,Right,710.8514,805.5484,49.96904,
1742690167700,4.089381,612,,Center,711.3466,805.5484,49.96904,
1742690167728,4.117259,614,,Left,712.2894,805.5233,49.96931,
1742690167728,4.117259,614,,Right,711.2988,805.5233,49.96931,
1742690167728,4.117259,614,,Center,711.7941,805.5233,49.96931,
1742690167756,4.145256,616,,Left,710.8674,800.1317,49.97381,
1742690167756,4.145256,616,,Right,709.877,800.1317,49.97382,
1742690167756,4.145256,616,,Center,710.3723,800.1317,49.97381,
1742690167784,4.173413,618,,Left,708.5253,800.0826,49.9715,
1742690167784,4.173413,618,,Right,707.5348,800.0826,49.9715,
1742690167784,4.173413,618,,Center,708.03,800.0826,49.9715,
1742690167812,4.200565,620,,Left,710.5143,802.3083,49.97169,
1742690167812,4.200565,620,,Right,709.5239,802.3083,49.97169,
1742690167812,4.200565,620,,Center,710.0192,802.3083,49.97169,
1742690167840,4.229406,622,,Left,710.6687,802.0179,49.97221,
1742690167840,4.229406,622,,Right,709.6782,802.0179,49.97221,
1742690167840,4.229406,622,,Center,710.1735,802.0179,49.97221,
1742690167867,4.257804,624,,Left,710.5466,802.4622,49.97165,
1742690167867,4.257804,624,,Right,709.5562,802.4622,49.97165,
1742690167867,4.257804,624,,Center,710.0514,802.4622,49.97165,
1742690167896,4.284662,626,,Left,710.2883,802.5063,49.97132,
1742690167896,4.284662,626,,Right,709.2979,802.5063,49.97132,
1742690167896,4.284662,626,,Center,709.7931,802.5063,49.97132,
1742690167924,4.312972,628,,Left,710.2336,800.9485,49.97264,
1742690167924,4.312972,628,,Right,709.2432,800.9485,49.97264,
1742690167924,4.312972,628,,Center,709.7385,800.9485,49.97264,
1742690167952,4.341079,630,,Left,709.0939,800.7492,49.97158,
1742690167952,4.341079,630,,Right,708.1035,800.7492,49.97158,
1742690167952,4.341079,630,,Center,708.5986,800.7492,49.97158,
1742690167980,4.3684,632,,Left,715.5654,800.5556,49.97701,
1742690167980,4.3684,632,,Right,714.575,800.5556,49.97701,
1742690167980,4.3684,632,,Center,715.0701,800.5556,49.97701,
1742690168007,4.396684,634,,Left,715.6368,800.146,49.97735,
1742690168008,4.396684,634,,Right,714.6464,800.146,49.97735,
1742690168008,4.396684,634,,Center,715.1415,800.146,49.97735,
1742690168035,4.425467,636,,Left,710.1267,800.6707,49.97285,
1742690168035,4.425467,636,,Right,709.1363,800.6707,49.97285,
1742690168035,4.425467,636,,Center,709.6315,800.6707,49.97285,
1742690168063,4.452215,638,,Left,715.9346,800.1677,49.9775,
1742690168063,4.452215,638,,Right,714.9442,800.1677,49.9775,
1742690168063,4.452215,638,,Center,715.4395,800.1677,49.9775,
1742690168092,4.480355,640,,Left,715.9683,804.2158,49.97344,
1742690168092,4.480355,640,,Right,714.9778,804.2158,49.97344,
1742690168092,4.480355,640,,Center,715.4731,804.2159,49.97344,
1742690168119,4.508362,642,,Left,716.0062,803.1185,49.97464,
1742690168119,4.508362,642,,Right,715.0157,803.1185,49.97464,
1742690168119,4.508362,642,,Center,715.511,803.1185,49.97464,
1742690168147,4.535453,644,,Left,708.8242,802.9507,49.96911,
1742690168147,4.535453,644,,Right,707.8336,802.9507,49.96911,
1742690168147,4.535453,644,,Center,708.3289,802.9507,49.96912,
1742690168175,4.563853,646,,Left,708.7019,802.6676,49.96935,
1742690168175,4.563853,646,,Right,707.7114,802.6676,49.96935,
1742690168175,4.563853,646,,Center,708.2067,802.6676,49.96935,
1742690168203,4.592221,648,,Left,708.7711,802.6672,49.96942,
1742690168203,4.592221,648,,Right,707.7805,802.6672,49.96942,
1742690168203,4.592221,648,,Center,708.2758,802.6672,49.96942,
1742690168230,4.61973,650,,Left,709.9261,802.3865,49.97099,
1742690168230,4.61973,650,,Right,708.9355,802.3865,49.97099,
1742690168230,4.61973,650,,Center,709.4308,802.3865,49.97099,
1742690168258,4.647168,652,,Left,709.7399,802.4367,49.97073,
1742690168258,4.647168,652,,Right,708.7494,802.4367,49.97073,
1742690168258,4.647168,652,,Center,709.2447,802.4367,49.97073,
1742690168286,4.675306,654,,Left,709.4271,800.7775,49.97191,
1742690168286,4.675306,654,,Right,708.4366,800.7775,49.97191,
1742690168286,4.675306,654,,Center,708.9318,800.7775,49.97191,
1742690168314,4.702956,656,,Left,708.9822,800.6719,49.97143,
1742690168314,4.702956,656,,Right,707.9917,800.6719,49.97143,
1742690168314,4.702956,656,,Center,708.487,800.6719,49.97143,
1742690168342,4.73118,658,,Left,708.1454,801.647,49.96954,
1742690168342,4.73118,658,,Right,707.1548,801.647,49.96953,
1742690168342,4.73118,658,,Center,707.6501,801.647,49.96954,
1742690168369,4.759308,660,,Left,708.2114,802.0602,49.96916,
1742690168369,4.759308,660,,Right,707.2209,802.0602,49.96915,
1742690168369,4.759308,660,,Center,707.7162,802.0602,49.96916,
1742690168397,4.786663,662,,Left,708.8297,802.3552,49.96965,
1742690168397,4.786663,662,,Right,707.8392,802.3552,49.96965,
1742690168397,4.786663,662,,Center,708.3344,802.3552,49.96965,
1742690168426,4.813744,664,,Left,706.0493,801.1249,49.96732,
1742690168426,4.813744,664,,Right,705.0588,801.1249,49.96732,
1742690168426,4.813744,664,,Center,705.5541,801.1249,49.96732,
1742690168453,4.842256,666,,Left,706.0108,800.9147,49.96748,
1742690168453,4.842256,666,,Right,705.0202,800.9147,49.96748,
1742690168453,4.842256,666,,Center,705.5155,800.9147,49.96748,
1742690168481,4.869703,668,,Left,705.7586,802.2971,49.96582,
1742690168481,4.869703,668,,Right,704.7679,802.2971,49.96582,
1742690168481,4.869703,668,,Center,705.2632,802.2971,49.96582,
1742690168509,4.897907,670,,Left,705.5319,802.4279,49.96531,
1742690168509,4.897907,670,,Right,704.5413,802.4279,49.96532,
1742690168509,4.897907,670,,Center,705.0366,802.4279,49.96531,
1742690168537,4.926975,672,,Left,705.7708,805.1301,49.96248,
1742690168537,4.926975,672,,Right,704.7801,805.1301,49.96248,
1742690168537,4.926975,672,,Center,705.2755,805.1301,49.96248,
1742690168564,4.953668,674,,Left,705.9254,801.7339,49.96657,
1742690168564,4.953668,674,,Right,704.9348,801.7339,49.96657,
1742690168564,4.953668,674,,Center,705.4301,801.7339,49.96656,
1742690168593,4.981614,676,,Left,705.8178,802.3965,49.96588,
1742690168593,4.981614,676,,Right,704.8272,802.3965,49.96588,
1742690168593,4.981614,676,,Center,705.3225,802.3965,49.96588,
1742690168621,5.009741,678,,Left,708.5021,798.7161,49.97255,
1742690168621,5.009741,678,,Right,707.5117,798.7161,49.97255,
1742690168621,5.009741,678,,Center,708.0069,798.7161,49.97255,
1742690168648,5.036978,680,,Left,703.8799,802.4556,49.963,
1742690168648,5.036978,680,,Right,702.8893,802.4556,49.963,
1742690168648,5.036978,680,,Center,703.3846,802.4556,49.963,
1742690168676,5.065334,682,,Left,709.1616,799.2793,49.97293,
1742690168676,5.065334,682,,Right,708.1711,799.2793,49.97293,
1742690168676,5.065334,682,,Center,708.6664,799.2793,49.97293,
1742690168704,5.09369,684,,Left,709.114,799.2042,49.97298,
1742690168704,5.09369,684,,Right,708.1235,799.2042,49.97298,
1742690168704,5.09369,684,,Center,708.6188,799.2042,49.97298,
1742690168732,5.121177,686,,Left,709.0529,802.8441,49.96963,
1742690168732,5.121177,686,,Right,708.0624,802.8441,49.96962,
1742690168732,5.121177,686,,Center,708.5576,802.8441,49.96962,
1742690168760,5.149168,688,,Left,708.8729,801.6873,49.97058,
1742690168760,5.149168,688,,Right,707.8824,801.6873,49.97058,
1742690168760,5.149168,688,,Center,708.3777,801.6873,49.97058,
1742690168788,5.176964,690,,Left,711.49,801.939,49.97305,
1742690168788,5.176964,690,,Right,710.4996,801.939,49.97305,
1742690168788,5.176964,690,,Center,710.9948,801.939,49.97305,
1742690168816,5.204739,692,,Left,708.3332,799.2152,49.9721,
1742690168816,5.204739,692,,Right,707.3427,799.2152,49.9721,
1742690168816,5.204739,692,,Center,707.8379,799.2152,49.9721,
1742690168843,5.232089,694,,Left,708.0771,799.0645,49.972,
1742690168843,5.232089,694,,Right,707.0867,799.0645,49.972,
1742690168843,5.232089,694,,Center,707.5819,799.0645,49.97199,
1742690168871,5.260522,696,,Left,707.2484,797.0023,49.97211,
1742690168871,5.260522,696,,Right,706.2579,797.0023,49.97211,
1742690168871,5.260522,696,,Center,706.7532,797.0023,49.97211,
1742690168899,5.288524,698,,Left,707.4495,796.7805,49.97237,
1742690168899,5.288524,698,,Right,706.459,796.7805,49.97237,
1742690168899,5.288524,698,,Center,706.9542,796.7805,49.97237,
1742690168927,5.315918,700,,Left,708.1927,800.8657,49.9704,
1742690168927,5.315918,700,,Right,707.2022,800.8657,49.9704,
1742690168927,5.315918,700,,Center,707.6975,800.8657,49.9704,
1742690168955,5.344186,702,,Left,712.2524,801.3154,49.97407,
1742690168955,5.344186,702,,Right,711.2619,801.3154,49.97407,
1742690168955,5.344186,702,,Center,711.7571,801.3154,49.97406,
1742690168983,5.372137,704,,Left,707.9669,801.9125,49.96928,
1742690168983,5.372137,704,,Right,706.9764,801.9125,49.96928,
1742690168983,5.372137,704,,Center,707.4716,801.9125,49.96928,
1742690169010,5.398981,706,,Left,709.1588,798.895,49.97319,
1742690169010,5.398981,706,,Right,708.1683,798.895,49.97319,
1742690169010,5.398981,706,,Center,708.6636,798.895,49.97319,
1742690169038,5.427593,708,,Left,708.6025,798.9514,49.97264,
1742690169038,5.427593,708,,Right,707.612,798.9514,49.97264,
1742690169038,5.427593,708,,Center,708.1072,798.9514,49.97264,
1742690169066,5.455195,710,,Left,708.5588,798.5884,49.97279,
1742690169066,5.455195,710,,Right,707.5684,798.5884,49.97279,
1742690169066,5.455195,710,,Center,708.0636,798.5884,49.9728,
1742690169094,5.483129,712,,Left,710.3618,799.0037,49.9744,
1742690169094,5.483129,712,,Right,709.3714,799.0037,49.97439,
1742690169094,5.483129,712,,Center,709.8666,799.0037,49.9744,
1742690169122,5.510965,714,,Left,711.1606,799.2155,49.97495,
1742690169122,5.510965,714,,Right,710.1702,799.2155,49.97495,
1742690169122,5.510965,714,,Center,710.6655,799.2155,49.97495,
1742690169150,5.53887,716,,Left,728.8094,785.6148,49.97637,
1742690169150,5.53887,716,,Right,727.819,785.6148,49.97637,
1742690169150,5.53887,716,,Center,728.3141,785.6148,49.97637,
1742690169177,5.566163,718,,Left,729.0411,783.065,49.97434,
1742690169177,5.566163,718,,Right,728.0507,783.065,49.97434,
1742690169177,5.566163,718,,Center,728.5459,783.065,49.97434,
1742690169205,5.594825,720,,Left,728.6032,782.715,49.9744,
1742690169205,5.594825,720,,Right,727.6129,782.715,49.9744,
1742690169205,5.594825,720,,Center,728.108,782.715,49.9744,
1742690169233,5.622386,722,,Left,728.8738,778.6516,49.9698,
1742690169233,5.622386,722,,Right,727.8833,778.6516,49.9698,
1742690169233,5.622386,722,,Center,728.3785,778.6516,49.9698,
1742690169261,5.650361,724,,Left,729.5947,779.1528,49.9698,
1742690169261,5.650361,724,,Right,728.6042,779.1528,49.9698,
1742690169261,5.650361,724,,Center,729.0995,779.1528,49.9698,
1742690169289,5.678215,726,,Left,733.2512,780.7936,49.96772,
1742690169289,5.678215,726,,Right,732.2606,780.7936,49.96773,
1742690169289,5.678215,726,,Center,732.7559,780.7936,49.96773,
1742690169317,5.705985,728,,Left,733.4506,785.3,49.97134,
1742690169317,5.705985,728,,Right,732.4601,785.3,49.97134,
1742690169317,5.705985,728,,Center,732.9554,785.3,49.97134,
1742690169345,5.733794,730,,Left,733.4847,782.6503,49.96918,
1742690169345,5.733794,730,,Right,732.4941,782.6503,49.96918,
1742690169345,5.733794,730,,Center,732.9894,782.6503,49.96918,
1742690169373,5.762012,732,,Left,733.4749,782.657,49.96923,
1742690169373,5.762012,732,,Right,732.4843,782.657,49.96923,
1742690169373,5.762012,732,,Center,732.9797,782.657,49.96923,
1742690169400,5.790159,734,,Left,728.0248,782.4732,49.97463,
1742690169400,5.790159,734,,Right,727.0344,782.4732,49.97462,
1742690169400,5.790159,734,,Center,727.5296,782.4732,49.97463,
1742690169429,5.817582,736,,Left,727.181,782.2084,49.97501,
1742690169429,5.817582,736,,Right,726.1906,782.2084,49.97501,
1742690169429,5.817582,736,,Center,726.6859,782.2084,49.97501,
1742690169457,5.845554,738,,Left,722.1406,788.4233,49.9811,
1742690169457,5.845554,738,,Right,721.1503,788.4233,49.9811,
1742690169457,5.845554,738,,Center,721.6454,788.4233,49.9811,
1742690169484,5.873745,740,,Left,716.7484,789.1682,49.98076,
1742690169484,5.873745,740,,Right,715.7581,789.1682,49.98075,
1742690169484,5.873745,740,,Center,716.2532,789.1681,49.98075,
1742690169512,5.900928,742,,Left,714.8787,789.3763,49.97992,
1742690169512,5.900928,742,,Right,713.8884,789.3763,49.97992,
1742690169512,5.900928,742,,Center,714.3835,789.3763,49.97993,
1742690169540,5.928865,744,,Left,714.9663,794.0465,49.98007,
1742690169540,5.928865,744,,Right,713.976,794.0465,49.98007,
1742690169540,5.928865,744,,Center,714.4711,794.0465,49.98006,
1742690169568,5.957034,746,,Left,715.3329,793.7715,49.98036,
1742690169568,5.957034,746,,Right,714.3426,793.7715,49.98036,
1742690169568,5.957034,746,,Center,714.8378,793.7715,49.98036,
1742690169596,5.984732,748,,Left,720.3404,793.6671,49.98174,
1742690169596,5.984732,748,,Right,719.3501,793.6671,49.98174,
1742690169596,5.984732,748,,Center,719.8453,793.6671,49.98174,
1742690169624,6.012622,750,,Left,720.9396,793.6132,49.98173,
1742690169624,6.012622,750,,Right,719.9493,793.6132,49.98173,
1742690169624,6.012622,750,,Center,720.4445,793.6132,49.98174,
1742690169651,6.041105,752,,Left,720.8814,788.7904,49.98138,
1742690169651,6.041105,752,,Right,719.8911,788.7904,49.98138,
1742690169651,6.041105,752,,Center,720.3862,788.7904,49.98138,
1742690169679,6.067955,754,,Left,720.707,787.4692,49.98088,
1742690169679,6.067955,754,,Right,719.7167,787.4692,49.98088,
1742690169679,6.067955,754,,Center,720.2119,787.4692,49.98088,
1742690169707,6.096023,756,,Left,716.9725,787.5654,49.9803,
1742690169707,6.096023,756,,Right,715.9822,787.5654,49.9803,
1742690169707,6.096023,756,,Center,716.4774,787.5654,49.9803,
1742690169735,6.124336,758,,Left,717.004,787.3354,49.98017,
1742690169735,6.124336,758,,Right,716.0137,787.3354,49.98017,
1742690169735,6.124336,758,,Center,716.5089,787.3353,49.98017,
1742690169762,6.152175,760,,Left,712.0463,787.7133,49.97747,
1742690169762,6.152175,760,,Right,711.0558,787.7133,49.97747,
1742690169762,6.152175,760,,Center,711.551,787.7133,49.97747,
1742690169790,6.179121,762,,Left,711.7621,790.5366,49.97806,
1742690169790,6.179121,762,,Right,710.7717,790.5366,49.97806,
1742690169790,6.179121,762,,Center,711.2669,790.5366,49.97806,
1742690169818,6.207871,764,,Left,710.2301,792.5958,49.97671,
1742690169818,6.207871,764,,Right,709.2397,792.5958,49.97671,
1742690169818,6.207871,764,,Center,709.7349,792.5958,49.97672,
1742690169846,6.23481,766,,Left,710.5137,793.9113,49.97684,
1742690169846,6.23481,766,,Right,709.5233,793.9113,49.97684,
1742690169846,6.23481,766,,Center,710.0186,793.9113,49.97684,
1742690169874,6.262975,768,,Left,709.9374,801.4254,49.97206,
1742690169874,6.262975,768,,Right,708.947,801.4254,49.97205,
1742690169874,6.262975,768,,Center,709.4422,801.4254,49.97205,
1742690169902,6.291253,770,,Left,710.5646,801.2723,49.97292,
1742690169902,6.291253,770,,Right,709.574,801.2723,49.97292,
1742690169902,6.291253,770,,Center,710.0693,801.2723,49.97291,
1742690169929,6.319146,772,,Left,682.6877,801.3704,49.90785,
1742690169929,6.319146,772,,Right,681.696,801.3704,49.90785,
1742690169929,6.319146,772,,Center,682.1918,801.3703,49.90785,
1742690169957,6.3462,774,,Left,595.5112,719.9612,48.99499,
1742690169957,6.3462,774,,Right,594.501,719.9612,48.99498,
1742690169957,6.3462,774,,Center,595.0062,719.9612,48.99499,
1742690169985,6.37453,776,,Left,595.9294,719.6472,48.99778,
1742690169985,6.37453,776,,Right,594.9192,719.6472,48.99778,
1742690169985,6.37453,776,,Center,595.4244,719.6472,48.99778,
1742690170013,6.401955,778,,Left,455.5739,836.6674,46.78894,
1742690170013,6.401955,778,,Right,454.5159,836.6674,46.78894,
1742690170013,6.401955,778,,Center,455.045,836.6674,46.78894,
1742690170041,6.430105,780,,Left,455.2411,894.1099,46.44733,
1742690170041,6.430105,780,,Right,454.1755,894.1099,46.44733,
1742690170041,6.430105,780,,Center,454.7084,894.1098,46.44733,
1742690170069,6.458274,782,,Left,456.5152,893.7017,46.4771,
1742690170069,6.458274,782,,Right,455.4503,893.7017,46.4771,
1742690170069,6.458274,782,,Center,455.9828,893.7017,46.4771,
1742690170096,6.486144,784,,Left,467.312,897.3035,46.66832,
1742690170096,6.486144,784,,Right,466.2514,897.3035,46.66833,
1742690170096,6.486144,784,,Center,466.7818,897.3035,46.66832,
1742690170124,6.51344,786,,Left,478.9595,897.0179,46.90165,
1742690170124,6.51344,786,,Right,477.9042,897.0179,46.90165,
1742690170124,6.51344,786,,Center,478.4319,897.0179,46.90165,
1742690170152,6.541578,788,,Left,481.6303,897.1335,46.95254,
1742690170152,6.541578,788,,Right,480.5761,897.1335,46.95254,
1742690170152,6.541578,788,,Center,481.1033,897.1335,46.95254,
1742690170180,6.568934,790,,Left,481.6744,894.3035,46.97727,
1742690170180,6.568934,790,,Right,480.6208,894.3035,46.97727,
1742690170180,6.568934,790,,Center,481.1476,894.3035,46.97727,
1742690170208,6.597067,792,,Left,480.9553,894.5825,46.96101,
1742690170208,6.597067,792,,Right,479.9013,894.5825,46.96101,
1742690170208,6.597067,792,,Center,480.4283,894.5825,46.96101,
1742690170236,6.626092,794,,Left,481.6384,894.3179,46.97651,
1742690170236,6.626092,794,,Right,480.5847,894.3179,46.9765,
1742690170236,6.626092,794,,Center,481.1117,894.3179,46.97651,
1742690170263,6.653258,796,,Left,481.4069,889.8094,47.00866,
1742690170263,6.653258,796,,Right,480.354,889.8094,47.00866,
1742690170263,6.653258,796,,Center,480.8805,889.8094,47.00866,
1742690170292,6.680553,798,,Left,481.3192,891.2842,46.99511,
1742690170292,6.680553,798,,Right,480.266,891.2842,46.99511,
1742690170292,6.680553,798,,Center,480.7927,891.2842,46.99511,
1742690170320,6.708885,800,,Left,483.0037,885.1331,47.076,
1742690170320,6.708885,800,,Right,481.9523,885.1331,47.076,
1742690170320,6.708885,800,,Center,482.4781,885.1331,47.076,
1742690170347,6.736162,802,,Left,482.4261,891.7772,47.01252,
1742690170347,6.736162,802,,Right,481.3732,891.7772,47.01252,
1742690170347,6.736162,802,,Center,481.8997,891.7772,47.01252,
1742690170375,6.764301,804,,Left,482.2878,891.4998,47.01213,
1742690170375,6.764301,804,,Right,481.2349,891.4998,47.01213,
1742690170375,6.764301,804,,Center,481.7614,891.4998,47.01213,
1742690170403,6.792755,806,,Left,482.2774,891.2433,47.01403,
1742690170403,6.792755,806,,Right,481.2246,891.2433,47.01403,
1742690170403,6.792755,806,,Center,481.7511,891.2432,47.01403,
1742690170431,6.82015,808,,Left,479.3251,899.0847,46.89114,
1742690170431,6.82015,808,,Right,478.2695,899.0847,46.89114,
1742690170431,6.82015,808,,Center,478.7974,899.0847,46.89114,
1742690170459,6.847853,810,,Left,481.2685,891.52,46.99225,
1742690170459,6.847853,810,,Right,480.2151,891.52,46.99225,
1742690170459,6.847853,810,,Center,480.7419,891.52,46.99225,
1742690170487,6.875947,812,,Left,478.5602,892.7997,46.929,
1742690170487,6.875947,812,,Right,477.5054,892.7997,46.929,
1742690170487,6.875947,812,,Center,478.0328,892.7996,46.929,
1742690170515,6.90361,814,,Left,481.3117,892.5626,46.98452,
1742690170515,6.90361,814,,Right,480.2582,892.5626,46.98452,
1742690170515,6.90361,814,,Center,480.7851,892.5626,46.98452,
1742690170543,6.931504,816,,Left,481.468,892.3086,46.98955,
1742690170543,6.931504,816,,Right,480.4147,892.3086,46.98955,
1742690170543,6.931504,816,,Center,480.9414,892.3085,46.98955,
1742690170571,6.959665,818,,Left,477.2482,894.6018,46.88833,
1742690170571,6.959665,818,,Right,476.1925,894.6018,46.88833,
1742690170571,6.959665,818,,Center,476.7204,894.6017,46.88833,
1742690170598,6.98747,820,,Left,481.321,898.989,46.9306,
1742690170598,6.98747,820,,Right,480.2663,898.989,46.9306,
1742690170598,6.98747,820,,Center,480.7937,898.989,46.9306,
1742690170626,7.015226,822,,Left,474.535,899.1139,46.79699,
1742690170626,7.015226,822,,Right,473.4773,899.1139,46.797,
1742690170626,7.015226,822,,Center,474.0062,899.1138,46.797,
1742690170654,7.043297,824,,Left,481.1286,895.6561,46.95538,
1742690170654,7.043297,824,,Right,480.0746,895.6561,46.95538,
1742690170654,7.043297,824,,Center,480.6017,895.6561,46.95538,
1742690170682,7.071014,826,,Left,482.7546,895.3868,46.98903,
1742690170682,7.071014,826,,Right,481.7012,895.3868,46.98903,
1742690170682,7.071014,826,,Center,482.228,895.3868,46.98903,
1742690170710,7.099041,828,,Left,482.7955,896.3691,46.98151,
1742690170710,7.099041,828,,Right,481.742,896.3691,46.98151,
1742690170710,7.099041,828,,Center,482.2688,896.3691,46.98151,
1742690170738,7.127681,830,,Left,482.8176,896.4237,46.98145,
1742690170738,7.127681,830,,Right,481.764,896.4237,46.98145,
1742690170738,7.127681,830,,Center,482.2909,896.4237,46.98145,
1742690170766,7.154719,832,,Left,481.8037,898.3751,46.94522,
1742690170766,7.154719,832,,Right,480.7493,898.3751,46.94522,
1742690170766,7.154719,832,,Center,481.2765,898.3749,46.94522,
1742690170794,7.182763,834,,Left,479.8207,898.5393,46.90542,
1742690170794,7.182763,834,,Right,478.7655,898.5393,46.90541,
1742690170794,7.182763,834,,Center,479.2932,898.5393,46.90542,
1742690170821,7.210388,836,,Left,479.8196,898.9019,46.90232,
1742690170821,7.210388,836,,Right,478.7643,898.9019,46.90232,
1742690170821,7.210388,836,,Center,479.292,898.9018,46.90231,
1742690170849,7.238048,838,,Left,474.3569,903.2523,46.75725,
1742690170849,7.238048,838,,Right,473.2982,903.2523,46.75725,
1742690170849,7.238048,838,,Center,473.8276,903.2523,46.75725,
1742690170877,7.265909,840,,Left,468.6479,903.492,46.64177,
1742690170877,7.265909,840,,Right,467.5867,903.492,46.64177,
1742690170877,7.265909,840,,Center,468.1174,903.492,46.64177,
1742690170905,7.294221,842,,Left,468.6141,903.3452,46.64241,
1742690170905,7.294221,842,,Right,467.5529,903.3452,46.64241,
1742690170905,7.294221,842,,Center,468.0836,903.3451,46.64241,
1742690170932,7.321906,844,,Left,468.558,903.1238,46.64333,
1742690170932,7.321906,844,,Right,467.4968,903.1238,46.64333,
1742690170932,7.321906,844,,Center,468.0274,903.1238,46.64333,
1742690170961,7.349514,846,,Left,472.9944,896.2017,46.79121,
1742690170961,7.349514,846,,Right,471.9366,896.2017,46.79121,
1742690170961,7.349514,846,,Center,472.4655,896.2017,46.79121,
1742690170989,7.377697,848,,Left,473.0048,895.9695,46.79323,
1742690170989,7.377697,848,,Right,471.947,895.9695,46.79323,
1742690170989,7.377697,848,,Center,472.476,895.9695,46.79323,
1742690171016,7.405575,850,,Left,467.0425,907.8184,46.5705,
1742690171016,7.405575,850,,Right,465.9797,907.8184,46.5705,
1742690171016,7.405575,850,,Center,466.5112,907.8184,46.5705,
1742690171044,7.432552,852,,Left,466.2358,908.252,46.55032,
1742690171044,7.432552,852,,Right,465.1725,908.252,46.55032,
1742690171044,7.432552,852,,Center,465.7042,908.2518,46.55033,
1742690171072,7.461332,854,,Left,466.8386,908.5983,46.55918,
1742690171072,7.461332,854,,Right,465.7755,908.5983,46.55918,
1742690171072,7.461332,854,,Center,466.3071,908.5983,46.55918,
1742690171099,7.488731,856,,Left,467.0896,908.0189,46.56955,
1742690171099,7.488731,856,,Right,466.0267,908.0189,46.56955,
1742690171099,7.488731,856,,Center,466.5582,908.0189,46.56955,
1742690171127,7.51655,858,,Left,467.4066,907.5555,46.5801,
1742690171127,7.51655,858,,Right,466.3439,907.5555,46.5801,
1742690171127,7.51655,858,,Center,466.8753,907.5555,46.5801,
1742690171156,7.544322,860,,Left,466.9908,912.6849,46.52389,
1742690171156,7.544322,860,,Right,465.9268,912.6849,46.52389,
1742690171156,7.544322,860,,Center,466.4589,912.6848,46.52389,
1742690171183,7.572271,862,,Left,467.9549,912.1575,46.54823,
1742690171183,7.572271,862,,Right,466.8916,912.1575,46.54823,
1742690171183,7.572271,862,,Center,467.4233,912.1573,46.54823,
1742690171211,7.599476,864,,Left,467.7725,912.1285,46.54488,
1742690171211,7.599476,864,,Right,466.7091,912.1285,46.54488,
1742690171211,7.599476,864,,Center,467.2408,912.1284,46.54488,
1742690171239,7.628329,866,,Left,465.1742,907.1315,46.53936,
1742690171239,7.628329,866,,Right,464.1107,907.1315,46.53936,
1742690171239,7.628329,866,,Center,464.6425,907.1315,46.53936,
1742690171266,7.655671,868,,Left,464.4501,905.5958,46.53864,
1742690171266,7.655671,868,,Right,463.3865,905.5958,46.53864,
1742690171266,7.655671,868,,Center,463.9183,905.5957,46.53864,
1742690171295,7.68369,870,,Left,464.542,907.5858,46.52245,
1742690171295,7.68369,870,,Right,463.478,907.5858,46.52245,
1742690171295,7.68369,870,,Center,464.0101,907.5858,46.52245,
1742690171323,7.711632,872,,Left,464.8811,906.8907,46.53554,
1742690171323,7.711632,872,,Right,463.8174,906.8907,46.53554,
1742690171323,7.711632,872,,Center,464.3493,906.8907,46.53554,
1742690171350,7.739847,874,,Left,465.1567,906.9327,46.5407,
1742690171350,7.739847,874,,Right,464.0931,906.9327,46.5407,
1742690171350,7.739847,874,,Center,464.6249,906.9326,46.5407,
1742690171378,7.767077,876,,Left,465.5291,907.0143,46.54753,
1742690171378,7.767077,876,,Right,464.4658,907.0143,46.54753,
1742690171378,7.767077,876,,Center,464.9975,907.0143,46.54753,
1742690171406,7.79529,878,,Left,466.0812,906.9783,46.55896,
1742690171406,7.79529,878,,Right,465.0181,906.9783,46.55896,
1742690171406,7.79529,878,,Center,465.5498,906.9782,46.55896,
1742690171434,7.823069,880,,Left,462.2445,911.2731,46.4419,
1742690171434,7.823069,880,,Right,461.1788,911.2731,46.44191,
1742690171434,7.823069,880,,Center,461.7117,911.273,46.4419,
1742690171462,7.850953,882,,Left,467.815,910.908,46.55734,
1742690171462,7.850953,882,,Right,466.7519,910.908,46.55734,
1742690171462,7.850953,882,,Center,467.2836,910.9079,46.55734,
1742690171490,7.879071,884,,Left,470.7761,909.3086,46.63124,
1742690171490,7.879071,884,,Right,469.7146,909.3086,46.63124,
1742690171490,7.879071,884,,Center,470.2454,909.3086,46.63124,
1742690171517,7.906846,886,,Left,469.8082,908.3779,46.62066,
1742690171517,7.906846,886,,Right,468.7466,908.3779,46.62066,
1742690171517,7.906846,886,,Center,469.2774,908.3779,46.62066,
1742690171545,7.933762,888,,Left,461.9131,906.1241,46.48241,
1742690171545,7.933762,888,,Right,460.8481,906.1241,46.48241,
1742690171545,7.933762,888,,Center,461.3807,906.1241,46.48241,
1742690171573,7.962195,890,,Left,461.2427,905.8599,46.4711,
1742690171573,7.962195,890,,Right,460.1776,905.8599,46.4711,
1742690171573,7.962195,890,,Center,460.7102,905.8599,46.4711,
1742690171601,7.99025,892,,Left,461.8774,906.0715,46.48211,
1742690171601,7.99025,892,,Right,460.8125,906.0715,46.48211,
1742690171601,7.99025,892,,Center,461.3451,906.0715,46.48211,
1742690171629,8.018213,894,,Left,462.6962,910.2144,46.46095,
1742690171629,8.018213,894,,Right,461.6309,910.2144,46.46095,
1742690171629,8.018213,894,,Center,462.1636,910.2144,46.46095,
1742690171657,8.046129,896,,Left,464.7031,910.385,46.49989,
1742690171657,8.046129,896,,Right,463.6386,910.385,46.49989,
1742690171657,8.046129,896,,Center,464.1709,910.385,46.49989,
1742690171685,8.074312,898,,Left,471.5421,911.2503,46.62815,
1742690171685,8.074312,898,,Right,470.4805,911.2503,46.62815,
1742690171685,8.074312,898,,Center,471.0113,911.2502,46.62815,
1742690171713,8.101479,900,,Left,471.54,907.2386,46.6655,
1742690171713,8.101479,900,,Right,470.4793,907.2386,46.6655,
1742690171713,8.101479,900,,Center,471.0096,907.2386,46.6655,
1742690171740,8.129385,902,,Left,465.5427,907.2435,46.54572,
1742690171740,8.129385,902,,Right,464.4793,907.2435,46.54572,
1742690171740,8.129385,902,,Center,465.0111,907.2435,46.54572,
1742690171768,8.157442,904,,Left,465.2758,907.0826,46.54182,
1742690171768,8.157442,904,,Right,464.2123,907.0826,46.54182,
1742690171768,8.157442,904,,Center,464.7441,907.0825,46.54182,
1742690171795,8.185398,906,,Left,464.516,906.6935,46.53006,
1742690171795,8.185398,906,,Right,463.4522,906.6935,46.53005,
1742690171795,8.185398,906,,Center,463.9842,906.6935,46.53005,
1742690171824,8.212687,908,,Left,464.5089,906.8822,46.52825,
1742690171824,8.212687,908,,Right,463.4451,906.8822,46.52825,
1742690171824,8.212687,908,,Center,463.9771,906.8822,46.52825,
1742690171852,8.240969,910,,Left,464.3577,906.414,46.52941,
1742690171852,8.240969,910,,Right,463.2939,906.414,46.52941,
1742690171852,8.240969,910,,Center,463.8258,906.414,46.52941,
1742690171879,8.268103,912,,Left,462.995,902.6367,46.53529,
1742690171879,8.268103,912,,Right,461.9314,902.6367,46.53529,
1742690171879,8.268103,912,,Center,462.4633,902.6367,46.53529,
1742690171907,8.296408,914,,Left,463.0048,902.9436,46.53275,
1742690171907,8.296408,914,,Right,461.9411,902.9436,46.53275,
1742690171907,8.296408,914,,Center,462.473,902.9436,46.53276,
1742690171935,8.324524,916,,Left,464.3347,903.0832,46.55836,
1742690171935,8.324524,916,,Right,463.2716,903.0832,46.55836,
1742690171935,8.324524,916,,Center,463.8032,903.0832,46.55836,
1742690171962,8.352364,918,,Left,470.5379,907.4285,46.64368,
1742690171962,8.352364,918,,Right,469.4768,907.4285,46.64368,
1742690171962,8.352364,918,,Center,470.0074,907.4283,46.64368,
1742690171991,8.379717,920,,Left,470.6604,907.3836,46.64656,
1742690171991,8.379717,920,,Right,469.5994,907.3836,46.64656,
1742690171991,8.379717,920,,Center,470.1299,907.3835,46.64656,
1742690172019,8.408112,922,,Left,462.483,907.286,46.48339,
1742690172019,8.408112,922,,Right,461.4182,907.286,46.48339,
1742690172019,8.408112,922,,Center,461.9506,907.286,46.48339,
1742690172046,8.435535,924,,Left,462.3513,911.4854,46.44202,
1742690172047,8.435535,924,,Right,461.2855,911.4854,46.44202,
1742690172047,8.435535,924,,Center,461.8185,911.4854,46.44202,
1742690172074,8.463249,926,,Left,465.7787,911.2351,46.51341,
1742690172074,8.463249,926,,Right,464.7146,911.2351,46.51342,
1742690172074,8.463249,926,,Center,465.2467,911.235,46.51341,
1742690172102,8.491795,928,,Left,465.6775,911.435,46.50946,
1742690172102,8.491795,928,,Right,464.6132,911.435,46.50946,
1742690172102,8.491795,928,,Center,465.1453,911.4349,46.50946,
1742690172129,8.519438,930,,Left,465.6075,906.2614,46.55577,
1742690172129,8.519438,930,,Right,464.5443,906.2614,46.55577,
1742690172129,8.519438,930,,Center,465.0759,906.2614,46.55577,
1742690172158,8.546776,932,,Left,465.6869,906.2542,46.55748,
1742690172158,8.546776,932,,Right,464.6237,906.2542,46.55748,
1742690172158,8.546776,932,,Center,465.1554,906.254,46.55748,
1742690172186,8.575138,934,,Left,463.287,906.6016,46.50593,
1742690172186,8.575138,934,,Right,462.2227,906.6016,46.50593,
1742690172186,8.575138,934,,Center,462.7549,906.6016,46.50593,
1742690172213,8.602337,936,,Left,463.2055,906.4087,46.50605,
1742690172214,8.602337,936,,Right,462.1413,906.4087,46.50605,
1742690172214,8.602337,936,,Center,462.6734,906.4087,46.50605,
1742690172241,8.630419,938,,Left,463.2423,904.2692,46.52594,
1742690172241,8.630419,938,,Right,462.1784,904.2692,46.52594,
1742690172241,8.630419,938,,Center,462.7104,904.2692,46.52594,
1742690172269,8.659197,940,,Left,463.4583,904.419,46.52901,
1742690172269,8.659197,940,,Right,462.3946,904.419,46.52901,
1742690172269,8.659197,940,,Center,462.9265,904.419,46.52901,
1742690172297,8.686476,942,,Left,467.9468,903.991,46.62328,
1742690172297,8.686476,942,,Right,466.8851,903.991,46.62328,
1742690172297,8.686476,942,,Center,467.416,903.991,46.62328,
1742690172325,8.713728,944,,Left,470.652,903.7232,46.67964,
1742690172325,8.713728,944,,Right,469.5917,903.7232,46.67964,
1742690172325,8.713728,944,,Center,470.1219,903.7232,46.67964,
1742690172353,8.741982,946,,Left,470.4385,903.687,46.67573,
1742690172353,8.741982,946,,Right,469.3781,903.687,46.67573,
1742690172353,8.741982,946,,Center,469.9084,903.6868,46.67573,
1742690172381,8.769432,948,,Left,466.3573,901.2106,46.61577,
1742690172381,8.769432,948,,Right,465.2955,901.2106,46.61577,
1742690172381,8.769432,948,,Center,465.8265,901.2106,46.61577,
1742690172408,8.79752,950,,Left,466.139,901.0974,46.61238,
1742690172408,8.79752,950,,Right,465.0771,901.0974,46.61238,
1742690172408,8.79752,950,,Center,465.6082,901.0974,46.61238,
1742690172436,8.826052,952,,Left,466.025,901.0782,46.61022,
1742690172436,8.826052,952,,Right,464.9631,901.0782,46.61022,
1742690172436,8.826052,952,,Center,465.4941,901.0782,46.61023,
1742690172463,8.853233,954,,Left,466.3027,900.9421,46.61697,
1742690172463,8.853233,954,,Right,465.241,900.9421,46.61697,
1742690172463,8.853233,954,,Center,465.7719,900.9421,46.61697,
1742690172492,8.880766,956,,Left,466.3172,901.8615,46.60923,
1742690172492,8.880766,956,,Right,465.2552,901.8615,46.60924,
1742690172492,8.880766,956,,Center,465.7862,901.8615,46.60923,
1742690172520,8.909092,958,,Left,465.3217,902.4633,46.58386,
1742690172520,8.909092,958,,Right,464.2591,902.4633,46.58386,
1742690172520,8.909092,958,,Center,464.7905,902.4631,46.58386,
1742690172547,8.936304,960,,Left,465.3615,903.2974,46.57735,
1742690172547,8.936304,960,,Right,464.2988,903.2974,46.57735,
1742690172547,8.936304,960,,Center,464.8303,903.2973,46.57735,
1742690172575,8.96434,962,,Left,465.7443,905.7654,46.56316,
1742690172575,8.96434,962,,Right,464.6812,905.7654,46.56316,
1742690172575,8.96434,962,,Center,465.2129,905.7654,46.56316,
1742690172603,8.99325,964,,Left,465.7585,905.8253,46.56293,
1742690172603,8.99325,964,,Right,464.6955,905.8253,46.56293,
1742690172603,8.99325,964,,Center,465.2271,905.8253,46.56293,
1742690172631,9.020285,966,,Left,467.04,905.5656,46.59104,
1742690172631,9.020285,966,,Right,465.9775,905.5656,46.59104,
1742690172631,9.020285,966,,Center,466.5088,905.5655,46.59104,
1742690172659,9.047756,968,,Left,466.9455,905.386,46.59073,
1742690172659,9.047756,968,,Right,465.8831,905.386,46.59073,
1742690172659,9.047756,968,,Center,466.4144,905.386,46.59073,
1742690172687,9.076138,970,,Left,466.8778,900.5192,46.6322,
1742690172687,9.076138,970,,Right,465.8164,900.5192,46.6322,
1742690172687,9.076138,970,,Center,466.3471,900.5192,46.6322,
1742690172715,9.103741,972,,Left,464.3394,899.7966,46.58708,
1742690172715,9.103741,972,,Right,463.2769,899.7966,46.58708,
1742690172715,9.103741,972,,Center,463.8082,899.7966,46.58709,
1742690172743,9.131737,974,,Left,464.5605,899.7366,46.59204,
1742690172743,9.131737,974,,Right,463.4981,899.7366,46.59204,
1742690172743,9.131737,974,,Center,464.0294,899.7366,46.59204,
1742690172771,9.160616,976,,Left,464.4097,899.3937,46.5919,
1742690172771,9.160616,976,,Right,463.3474,899.3937,46.5919,
1742690172771,9.160616,976,,Center,463.8786,899.3936,46.5919,
1742690172798,9.187452,978,,Left,464.2406,900.9487,46.57518,
1742690172798,9.187452,978,,Right,463.1779,900.9487,46.57518,
1742690172798,9.187452,978,,Center,463.7093,900.9487,46.57518,
1742690172826,9.215307,980,,Left,467.2544,904.4954,46.60489,
1742690172826,9.215307,980,,Right,466.1923,904.4955,46.60489,
1742690172826,9.215307,980,,Center,466.7234,904.4954,46.60489,
1742690172854,9.243221,982,,Left,469.6453,901.3293,46.68067,
1742690172854,9.243221,982,,Right,468.585,901.3293,46.68067,
1742690172854,9.243221,982,,Center,469.1152,901.3293,46.68067,
1742690172882,9.271093,984,,Left,640.8658,899.3995,49.13008,
1742690172882,9.271093,984,,Right,639.8584,899.3995,49.13008,
1742690172882,9.271093,984,,Center,640.3622,899.3995,49.13008,
1742690172910,9.299274,986,,Left,809.9491,909.9214,48.94409,
1742690172910,9.299274,986,,Right,808.9377,909.9214,48.94409,
1742690172910,9.299274,986,,Center,809.4434,909.9214,48.94409,
1742690172938,9.326963,988,,Left,809.8027,909.803,48.94647,
1742690172938,9.326963,988,,Right,808.7915,909.803,48.94647,
1742690172938,9.326963,988,,Center,809.2971,909.803,48.94647,
1742690172965,9.354763,990,,Left,921.4406,913.2341,47.49024,
1742690172966,9.354763,990,,Right,920.3984,913.2341,47.49024,
1742690172966,9.354763,990,,Center,920.9194,913.2339,47.49024,
1742690172993,9.382442,992,,Left,934.2275,905.3303,47.34657,
1742690172993,9.382442,992,,Right,933.1821,905.3303,47.34657,
1742690172993,9.382442,992,,Center,933.7048,905.3302,47.34657,
1742690173021,9.410288,994,,Left,938.8793,899.1545,47.31978,
1742690173021,9.410288,994,,Right,937.8333,899.1545,47.31978,
1742690173021,9.410288,994,,Center,938.3562,899.1545,47.31978,
1742690173049,9.43833,996,,Left,939.3342,899.4014,47.30935,
1742690173049,9.43833,996,,Right,938.2878,899.4015,47.30936,
1742690173049,9.43833,996,,Center,938.8109,899.4014,47.30936,
1742690173076,9.465485,998,,Left,942.8625,903.5226,47.20778,
1742690173076,9.465485,998,,Right,941.814,903.5226,47.20778,
1742690173076,9.465485,998,,Center,942.3382,903.5226,47.20778,
1742690173104,9.494064,1000,,Left,942.2769,903.8481,47.21547,
1742690173104,9.494064,1000,,Right,941.2286,903.8481,47.21547,
1742690173104,9.494064,1000,,Center,941.7527,903.8481,47.21547,
1742690173132,9.521347,1002,,Left,938.5527,903.7824,47.28357,
1742690173132,9.521347,1002,,Right,937.5059,903.7824,47.28357,
1742690173132,9.521347,1002,,Center,938.0292,903.7824,47.28357,
1742690173160,9.549166,1004,,Left,936.4975,904.6027,47.31288,
1742690173160,9.549166,1004,,Right,935.4514,904.6027,47.31288,
1742690173160,9.549166,1004,,Center,935.9744,904.6027,47.31288,
1742690173188,9.577194,1006,,Left,936.3076,904.1317,47.32073,
1742690173188,9.577194,1006,,Right,935.2617,904.1317,47.32073,
1742690173188,9.577194,1006,,Center,935.7846,904.1317,47.32073,
1742690173216,9.605219,1008,,Left,940.3485,903.9762,47.24944,
1742690173216,9.605219,1008,,Right,939.3009,903.9762,47.24944,
1742690173216,9.605219,1008,,Center,939.8246,903.9762,47.24944,
1742690173243,9.632393,1010,,Left,942.0191,902.5289,47.23235,
1742690173243,9.632393,1010,,Right,940.9712,902.5289,47.23235,
1742690173243,9.632393,1010,,Center,941.4951,902.5289,47.23235,
1742690173272,9.660706,1012,,Left,941.3422,902.4018,47.24586,
1742690173272,9.660706,1012,,Right,940.2946,902.4018,47.24586,
1742690173272,9.660706,1012,,Center,940.8184,902.4018,47.24586,
1742690173299,9.688717,1014,,Left,981.1462,904.1372,46.45942,
1742690173299,9.688717,1014,,Right,980.0809,904.1372,46.45942,
1742690173299,9.688717,1014,,Center,980.6135,904.1372,46.45942,
1742690173327,9.716282,1016,,Left,990.8307,904.7606,46.25357,
1742690173327,9.716282,1016,,Right,989.7606,904.7606,46.25357,
1742690173327,9.716282,1016,,Center,990.2956,904.7606,46.25357,
1742690173355,9.74453,1018,,Left,992.9913,908.4379,46.17576,
1742690173355,9.74453,1018,,Right,991.9194,908.4379,46.17576,
1742690173355,9.74453,1018,,Center,992.4553,908.4379,46.17575,
1742690173383,9.772356,1020,,Left,992.3779,903.2115,46.23461,
1742690173383,9.772356,1020,,Right,991.3073,903.2115,46.23461,
1742690173383,9.772356,1020,,Center,991.8425,903.2115,46.23461,
1742690173410,9.799677,1022,,Left,994.01,903.5257,46.19752,
1742690173410,9.799677,1022,,Right,992.9386,903.5257,46.19751,
1742690173410,9.799677,1022,,Center,993.4742,903.5257,46.19751,
1742690173439,9.828028,1024,,Left,993.0011,904.0625,46.2142,
1742690173439,9.828028,1024,,Right,991.93,904.0625,46.2142,
1742690173439,9.828028,1024,,Center,992.4655,904.0624,46.2142,
1742690173466,9.855522,1026,,Left,993.1284,904.7742,46.20531,
1742690173466,9.855522,1026,,Right,992.0571,904.7742,46.20531,
1742690173466,9.855522,1026,,Center,992.5927,904.7742,46.20531,
1742690173495,9.883547,1028,,Left,993.7185,904.0114,46.19948,
1742690173495,9.883547,1028,,Right,992.6471,904.0114,46.19948,
1742690173495,9.883547,1028,,Center,993.1828,904.0114,46.19948,
1742690173522,9.911409,1030,,Left,994.1509,897.6389,46.24398,
1742690173522,9.911409,1030,,Right,993.0806,897.6389,46.24398,
1742690173522,9.911409,1030,,Center,993.6157,897.6389,46.24398,
1742690173550,9.939455,1032,,Left,995.1344,896.9109,46.22908,
1742690173550,9.939455,1032,,Right,994.0637,896.9109,46.22908,
1742690173550,9.939455,1032,,Center,994.599,896.9109,46.22908,
1742690173578,9.966633,1034,,Left,995.2793,898.0081,46.21711,
1742690173578,9.966633,1034,,Right,994.2083,898.0081,46.21711,
1742690173578,9.966633,1034,,Center,994.7437,898.0081,46.21712,
1742690173606,9.995018,1036,,Left,995.8676,897.4579,46.20918,
1742690173606,9.995018,1036,,Right,994.7964,897.4579,46.20918,
1742690173606,9.995018,1036,,Center,995.332,897.4579,46.20917,
1742690173633,10.02278,1038,,Left,996.5698,897.4185,46.19464,
1742690173633,10.02278,1038,,Right,995.4983,897.4185,46.19464,
1742690173633,10.02278,1038,,Center,996.0341,897.4185,46.19464,
1742690173661,10.0505,1040,,Left,996.8716,897.9146,46.18415,
1742690173661,10.0505,1040,,Right,995.7999,897.9146,46.18415,
1742690173661,10.0505,1040,,Center,996.3357,897.9146,46.18415,
1742690173690,10.07866,1042,,Left,998.0784,895.7739,46.17564,
1742690173690,10.07866,1042,,Right,997.0065,895.7739,46.17564,
1742690173690,10.07866,1042,,Center,997.5424,895.7739,46.17564,
1742690173717,10.1067,1044,,Left,1001.409,896.5082,46.09824,
1742690173717,10.1067,1044,,Right,1000.335,896.5082,46.09824,
1742690173717,10.1067,1044,,Center,1000.872,896.5081,46.09824,
1742690173745,10.13343,1046,,Left,1002.043,897.078,46.07999,
1742690173745,10.13343,1046,,Right,1000.969,897.078,46.07998,
1742690173745,10.13343,1046,,Center,1001.506,897.078,46.07999,
1742690173773,10.16206,1048,,Left,1002.311,897.092,46.07411,
1742690173773,10.16206,1048,,Right,1001.237,897.092,46.07411,
1742690173773,10.16206,1048,,Center,1001.774,897.092,46.07411,
1742690173801,10.19002,1050,,Left,1001.934,898.0323,46.07468,
1742690173801,10.19002,1050,,Right,1000.86,898.0323,46.07468,
1742690173801,10.19002,1050,,Center,1001.397,898.0322,46.07468,
1742690173829,10.21807,1052,,Left,980.0754,901.9929,46.50021,
1742690173829,10.21807,1052,,Right,979.0109,901.9929,46.50022,
1742690173829,10.21807,1052,,Center,979.5431,901.9929,46.50021,
1742690173857,10.24596,1054,,Left,976.0497,901.7372,46.58418,
1742690173857,10.24596,1054,,Right,974.9872,901.7372,46.58418,
1742690173857,10.24596,1054,,Center,975.5184,901.7372,46.58418,
1742690173884,10.27383,1056,,Left,975.5346,897.0304,46.63459,
1742690173884,10.27383,1056,,Right,974.4732,897.0304,46.63459,
1742690173884,10.27383,1056,,Center,975.0038,897.0304,46.63459,
1742690173912,10.30101,1058,,Left,975.3046,896.877,46.64045,
1742690173912,10.30101,1058,,Right,974.2433,896.877,46.64045,
1742690173912,10.30101,1058,,Center,974.774,896.877,46.64045,
1742690173940,10.32895,1060,,Left,973.354,896.5921,46.68209,
1742690173940,10.32895,1060,,Right,972.2936,896.5921,46.68209,
1742690173940,10.32895,1060,,Center,972.8237,896.5921,46.68209,
1742690173968,10.3572,1062,,Left,973.3399,896.4617,46.68346,
1742690173968,10.3572,1062,,Right,972.2795,896.4617,46.68346,
1742690173968,10.3572,1062,,Center,972.8096,896.4617,46.68346,
1742690173996,10.38512,1064,,Left,975.5145,897.167,46.63379,
1742690173996,10.38512,1064,,Right,974.4531,897.167,46.63379,
1742690173996,10.38512,1064,,Center,974.9838,897.167,46.63379,
1742690174024,10.41327,1066,,Left,972.5679,894.0472,46.71901,
1742690174024,10.41327,1066,,Right,971.5084,894.0472,46.71901,
1742690174024,10.41327,1066,,Center,972.038,894.0472,46.71901,
1742690174052,10.44124,1068,,Left,975.1834,894.3112,46.66414,
1742690174052,10.44124,1068,,Right,974.1227,894.3112,46.66414,
1742690174052,10.44124,1068,,Center,974.653,894.3112,46.66414,
1742690174079,10.46812,1070,,Left,972.7456,894.1352,46.71468,
1742690174079,10.46812,1070,,Right,971.686,894.1352,46.71468,
1742690174079,10.46812,1070,,Center,972.2158,894.1352,46.71468,
1742690174107,10.4965,1072,,Left,974.7269,894.0932,46.67505,
1742690174107,10.4965,1072,,Right,973.6665,894.0932,46.67505,
1742690174107,10.4965,1072,,Center,974.1967,894.0931,46.67505,
1742690174135,10.52435,1074,,Left,974.9272,894.0703,46.6711,
1742690174135,10.52435,1074,,Right,973.8666,894.0703,46.6711,
1742690174135,10.52435,1074,,Center,974.3969,894.0703,46.6711,
1742690174162,10.55223,1076,,Left,972.9011,895.3305,46.70168,
1742690174162,10.55223,1076,,Right,971.8413,895.3305,46.70168,
1742690174162,10.55223,1076,,Center,972.3712,895.3305,46.70168,
1742690174190,10.57927,1078,,Left,974.5397,892.85,46.6889,
1742690174190,10.57927,1078,,Right,973.4795,892.85,46.6889,
1742690174190,10.57927,1078,,Center,974.0095,892.85,46.6889,
1742690174218,10.60759,1080,,Left,974.3568,894.5066,46.67924,
1742690174218,10.60759,1080,,Right,973.2965,894.5066,46.67924,
1742690174218,10.60759,1080,,Center,973.8267,894.5066,46.67924,
1742690174246,10.63487,1082,,Left,975.0803,892.5991,46.68002,
1742690174246,10.63487,1082,,Right,974.02,892.5991,46.68002,
1742690174246,10.63487,1082,,Center,974.5501,892.599,46.68002,
1742690174274,10.6628,1084,,Left,975.4368,894.2416,46.65947,
1742690174274,10.6628,1084,,Right,974.376,894.2416,46.65947,
1742690174274,10.6628,1084,,Center,974.9063,894.2415,46.65947,
1742690174302,10.69135,1086,,Left,975.3019,894.1013,46.66333,
1742690174302,10.69135,1086,,Right,974.2411,894.1013,46.66333,
1742690174302,10.69135,1086,,Center,974.7715,894.1013,46.66333,
1742690174329,10.71918,1088,,Left,975.3709,887.9363,46.71048,
1742690174329,10.71918,1088,,Right,974.3113,887.9363,46.71048,
1742690174329,10.71918,1088,,Center,974.841,887.9363,46.71048,
1742690174357,10.74601,1090,,Left,975.2661,891.8133,46.68238,
1742690174357,10.74601,1090,,Right,974.2059,891.8133,46.68238,
1742690174357,10.74601,1090,,Center,974.7358,891.8133,46.68238,
1742690174385,10.77447,1092,,Left,974.7577,891.8333,46.69261,
1742690174385,10.77447,1092,,Right,973.6976,891.8333,46.69261,
1742690174385,10.77447,1092,,Center,974.2276,891.8332,46.69261,
1742690174413,10.80159,1094,,Left,974.7134,891.5355,46.69592,
1742690174413,10.80159,1094,,Right,973.6534,891.5355,46.69592,
1742690174413,10.80159,1094,,Center,974.1835,891.5355,46.69592,
1742690174441,10.83,1096,,Left,974.5568,891.1893,46.70193,
1742690174441,10.83,1096,,Right,973.4969,891.1893,46.70193,
1742690174441,10.83,1096,,Center,974.0268,891.1893,46.70193,
1742690174469,10.85841,1098,,Left,973.7958,889.9609,46.72697,
1742690174469,10.85841,1098,,Right,972.7365,889.9609,46.72697,
1742690174469,10.85841,1098,,Center,973.266,889.9609,46.72697,
1742690174497,10.88597,1100,,Left,973.2139,887.9244,46.75446,
1742690174497,10.88597,1100,,Right,972.1553,887.9244,46.75446,
1742690174497,10.88597,1100,,Center,972.6845,887.9244,46.75446,
1742690174525,10.9139,1102,,Left,972.9374,888.0624,46.75891,
1742690174525,10.9139,1102,,Right,971.8789,888.0624,46.7589,
1742690174525,10.9139,1102,,Center,972.4081,888.0624,46.75891,
1742690174552,10.94209,1104,,Left,971.9147,892.0682,46.748,
1742690174553,10.94209,1104,,Right,970.8559,892.0682,46.748,
1742690174553,10.94209,1104,,Center,971.3852,892.0681,46.748,
1742690174580,10.96917,1106,,Left,972.0699,892.1857,46.74397,
1742690174580,10.96917,1106,,Right,971.011,892.1857,46.74397,
1742690174580,10.96917,1106,,Center,971.5404,892.1857,46.74397,
1742690174608,10.99724,1108,,Left,971.0925,892.713,46.75937,
1742690174608,10.99724,1108,,Right,970.034,892.713,46.75937,
1742690174608,10.99724,1108,,Center,970.5631,892.713,46.75938,
1742690174636,11.02555,1110,,Left,971.337,893.0166,46.75214,
1742690174636,11.02555,1110,,Right,970.2783,893.0166,46.75214,
1742690174636,11.02555,1110,,Center,970.8076,893.0166,46.75214,
1742690174663,11.05311,1112,,Left,968.412,893.086,46.80995,
1742690174663,11.05311,1112,,Right,967.3546,893.086,46.80994,
1742690174663,11.05311,1112,,Center,967.8832,893.086,46.80994,
1742690174692,11.08069,1114,,Left,945.9998,867.392,47.42968,
1742690174692,11.08069,1114,,Right,944.9561,867.392,47.42968,
1742690174692,11.08069,1114,,Center,945.4779,867.392,47.42968,
1742690174720,11.10888,1116,,Left,773.0969,614.8387,48.39162,
1742690174720,11.10888,1116,,Right,772.074,614.8387,48.39161,
1742690174720,11.10888,1116,,Center,772.5854,614.8388,48.39162,
1742690174747,11.13626,1118,,Left,743.2501,617.3138,48.53052,
1742690174747,11.13626,1118,,Right,742.2302,617.3138,48.53053,
1742690174747,11.13626,1118,,Center,742.7401,617.3139,48.53053,
1742690174775,11.16421,1120,,Left,772.999,712.1349,49.54119,
1742690174775,11.16421,1120,,Right,771.9999,712.1349,49.54119,
1742690174775,11.16421,1120,,Center,772.4995,712.1349,49.54119,
1742690174803,11.19296,1122,,Left,772.9097,711.9995,49.54058,
1742690174803,11.19296,1122,,Right,771.9106,711.9995,49.54058,
1742690174803,11.19296,1122,,Center,772.4102,711.9995,49.54058,
1742690174830,11.22023,1124,,Left,948.639,863.3812,47.4044,
1742690174830,11.22023,1124,,Right,947.5949,863.3812,47.4044,
1742690174830,11.22023,1124,,Center,948.1169,863.3812,47.4044,
1742690174858,11.2476,1126,,Left,972.819,910.6015,46.56881,
1742690174858,11.2476,1126,,Right,971.7562,910.6015,46.56881,
1742690174858,11.2476,1126,,Center,972.2875,910.6015,46.56881,
1742690174887,11.27565,1128,,Left,974.2756,910.705,46.5387,
1742690174887,11.27565,1128,,Right,973.212,910.705,46.5387,
1742690174887,11.27565,1128,,Center,973.7438,910.7049,46.5387,
1742690174914,11.30323,1130,,Left,972.8109,907.9369,46.59364,
1742690174914,11.30323,1130,,Right,971.7485,907.9369,46.59364,
1742690174914,11.30323,1130,,Center,972.2797,907.9368,46.59364,
1742690174942,11.3312,1132,,Left,974.1334,902.0189,46.62014,
1742690174942,11.3312,1132,,Right,973.0717,902.0189,46.62014,
1742690174942,11.3312,1132,,Center,973.6025,902.0189,46.62014,
1742690174970,11.35994,1134,,Left,974.2809,902.101,46.61643,
1742690174970,11.35994,1134,,Right,973.2192,902.101,46.61643,
1742690174970,11.35994,1134,,Center,973.75,902.1009,46.61643,
1742690174998,11.38725,1136,,Left,971.5021,903.0216,46.664,
1742690174998,11.38725,1136,,Right,970.4414,903.0216,46.664,
1742690174998,11.38725,1136,,Center,970.9717,903.0215,46.66401,
1742690175026,11.41482,1138,,Left,974.6975,903.3182,46.59749,
1742690175026,11.41482,1138,,Right,973.6353,903.3182,46.59749,
1742690175026,11.41482,1138,,Center,974.1663,903.3182,46.59749,
1742690175054,11.44315,1140,,Left,974.4778,912.4372,46.51841,
1742690175054,11.44315,1140,,Right,973.4138,912.4372,46.51841,
1742690175054,11.44315,1140,,Center,973.9457,912.4372,46.51841,
1742690175082,11.4707,1142,,Left,974.5842,912.448,46.51606,
1742690175082,11.4707,1142,,Right,973.5201,912.448,46.51606,
1742690175082,11.4707,1142,,Center,974.0521,912.4479,46.51606,
1742690175110,11.49863,1144,,Left,974.4548,912.5599,46.51755,
1742690175110,11.49863,1144,,Right,973.3907,912.5599,46.51755,
1742690175110,11.49863,1144,,Center,973.9227,912.5599,46.51755,
1742690175138,11.52716,1146,,Left,974.2599,906.8983,46.57401,
1742690175138,11.52716,1146,,Right,973.1972,906.8983,46.57401,
1742690175138,11.52716,1146,,Center,973.7286,906.8981,46.57401,
1742690175165,11.5543,1148,,Left,972.4664,905.8044,46.61979,
1742690175165,11.5543,1148,,Right,971.4047,905.8044,46.61979,
1742690175165,11.5543,1148,,Center,971.9355,905.8044,46.61979,
1742690175193,11.58215,1150,,Left,972.619,897.8131,46.68655,
1742690175193,11.58215,1150,,Right,971.5588,897.8131,46.68654,
1742690175193,11.58215,1150,,Center,972.0889,897.8131,46.68655,
1742690175221,11.61012,1152,,Left,973.534,898.4529,46.66294,
1742690175221,11.61012,1152,,Right,972.4732,898.4529,46.66294,
1742690175221,11.61012,1152,,Center,973.0035,898.4529,46.66294,
1742690175249,11.63796,1154,,Left,976.5692,898.2474,46.60343,
1742690175249,11.63796,1154,,Right,975.5071,898.2474,46.60344,
1742690175249,11.63796,1154,,Center,976.0381,898.2473,46.60344,
1742690175276,11.66504,1156,,Left,976.642,898.2183,46.60223,
1742690175276,11.66504,1156,,Right,975.5798,898.2183,46.60222,
1742690175276,11.66504,1156,,Center,976.1109,898.2182,46.60222,
1742690175304,11.69398,1158,,Left,973.5421,897.8284,46.66805,
1742690175304,11.69398,1158,,Right,972.4814,897.8284,46.66805,
1742690175304,11.69398,1158,,Center,973.0117,897.8284,46.66805,
1742690175332,11.7212,1160,,Left,973.1837,897.5085,46.67789,
1742690175332,11.7212,1160,,Right,972.1234,897.5085,46.67789,
1742690175332,11.7212,1160,,Center,972.6534,897.5085,46.67789,
1742690175360,11.74892,1162,,Left,973.1262,898.9164,46.66714,
1742690175360,11.74892,1162,,Right,972.0656,898.9164,46.66714,
1742690175360,11.74892,1162,,Center,972.5958,898.9164,46.66714,
1742690175388,11.77695,1164,,Left,973.1017,899.0665,46.6664,
1742690175388,11.77695,1164,,Right,972.0411,899.0665,46.66639,
1742690175388,11.77695,1164,,Center,972.5714,899.0665,46.66639,
1742690175416,11.80485,1166,,Left,971.1831,900.9528,46.68865,
1742690175416,11.80485,1166,,Right,970.1229,900.9528,46.68866,
1742690175416,11.80485,1166,,Center,970.6529,900.9528,46.68866,
1742690175444,11.83274,1168,,Left,970.9742,896.8867,46.7275,
1742690175444,11.83274,1168,,Right,969.915,896.8867,46.7275,
1742690175444,11.83274,1168,,Center,970.4446,896.8866,46.7275,
1742690175472,11.86117,1170,,Left,970.8242,896.8187,46.73105,
1742690175472,11.86117,1170,,Right,969.765,896.8187,46.73105,
1742690175472,11.86117,1170,,Center,970.2945,896.8187,46.73105,
1742690175499,11.88868,1172,,Left,971.9313,896.1216,46.71461,
1742690175499,11.88868,1172,,Right,970.8718,896.1216,46.71461,
1742690175499,11.88868,1172,,Center,971.4015,896.1215,46.7146,
1742690175527,11.91627,1174,,Left,975.9081,896.673,46.62981,
1742690175527,11.91627,1174,,Right,974.8466,896.673,46.62981,
1742690175527,11.91627,1174,,Center,975.3772,896.673,46.62981,
1742690175555,11.94424,1176,,Left,975.0985,896.6476,46.6464,
1742690175555,11.94424,1176,,Right,974.0374,896.6476,46.6464,
1742690175555,11.94424,1176,,Center,974.5679,896.6476,46.6464,
1742690175583,11.97217,1178,,Left,975.1553,899.2152,46.62371,
1742690175583,11.97217,1178,,Right,974.0937,899.2152,46.62371,
1742690175583,11.97217,1178,,Center,974.6245,899.2152,46.62371,
1742690175610,11.99932,1180,,Left,975.3556,899.2173,46.61966,
1742690175610,11.99932,1180,,Right,974.2938,899.2173,46.61966,
1742690175610,11.99932,1180,,Center,974.8247,899.2173,46.61966,
1742690175638,12.0276,1182,,Left,973.6013,898.7323,46.65922,
1742690175638,12.0276,1182,,Right,972.5405,898.7323,46.65921,
1742690175638,12.0276,1182,,Center,973.0709,898.7323,46.65921,
1742690175666,12.05543,1184,,Left,973.1413,889.5249,46.74344,
1742690175666,12.05543,1184,,Right,972.0823,889.5249,46.74344,
1742690175666,12.05543,1184,,Center,972.6118,889.5249,46.74344,
1742690175694,12.08332,1186,,Left,977.0813,889.6754,46.66229,
1742690175694,12.08332,1186,,Right,976.0205,889.6754,46.66229,
1742690175694,12.08332,1186,,Center,976.5508,889.6754,46.6623,
1742690175722,12.11114,1188,,Left,977.0706,892.8849,46.63717,
1742690175722,12.11114,1188,,Right,976.0093,892.8849,46.63717,
1742690175722,12.11114,1188,,Center,976.5399,892.8849,46.63717,
1742690175750,12.13918,1190,,Left,972.5735,895.3086,46.70845,
1742690175750,12.13918,1190,,Right,971.5138,895.3086,46.70844,
1742690175750,12.13918,1190,,Center,972.0436,895.3086,46.70845,
1742690175777,12.16621,1192,,Left,972.5349,895.2246,46.70998,
1742690175777,12.16621,1192,,Right,971.4752,895.2246,46.70998,
1742690175777,12.16621,1192,,Center,972.005,895.2246,46.70998,
1742690175805,12.19481,1194,,Left,972.7932,895.2175,46.70489,
1742690175805,12.19481,1194,,Right,971.7334,895.2175,46.70489,
1742690175805,12.19481,1194,,Center,972.2632,895.2175,46.70488,
1742690175833,12.22254,1196,,Left,971.7435,890.0127,46.76789,
1742690175833,12.22254,1196,,Right,970.6852,890.0127,46.76789,
1742690175833,12.22254,1196,,Center,971.2144,890.0126,46.76789,
1742690175861,12.25032,1198,,Left,971.1771,889.9624,46.77963,
1742690175861,12.25032,1198,,Right,970.119,889.9624,46.77964,
1742690175861,12.25032,1198,,Center,970.6479,889.9624,46.77964,
1742690175890,12.27814,1200,,Left,970.0957,889.9824,46.80113,
1742690175890,12.27814,1200,,Right,969.0381,889.9824,46.80112,
1742690175890,12.27814,1200,,Center,969.5669,889.9823,46.80112,
1742690175917,12.30653,1202,,Left,843.791,879.3495,48.90208,
1742690175917,12.30653,1202,,Right,842.7788,879.3495,48.90208,
1742690175917,12.30653,1202,,Center,843.285,879.3495,48.90208,
1742690175945,12.3334,1204,,Left,706.9171,858.8636,49.75559,
1742690175945,12.3334,1204,,Right,705.9222,858.8636,49.75559,
1742690175945,12.3334,1204,,Center,706.4197,858.8636,49.75559,
1742690175973,12.36188,1206,,Left,706.851,858.6868,49.75665,
1742690175973,12.36188,1206,,Right,705.8562,858.6868,49.75664,
1742690175973,12.36188,1206,,Center,706.3536,858.6868,49.75665,
1742690176000,12.38991,1208,,Left,620.396,796.3675,49.49839,
1742690176001,12.38991,1208,,Right,619.3959,796.3675,49.49839,
1742690176001,12.38991,1208,,Center,619.896,796.3675,49.49839,
1742690176029,12.41761,1210,,Left,539.2141,734.4568,48.30273,
1742690176029,12.41761,1210,,Right,538.1893,734.4568,48.30274,
1742690176029,12.41761,1210,,Center,538.7017,734.4568,48.30274,
1742690176056,12.44583,1212,,Left,534.481,726.8443,48.18525,
1742690176056,12.44583,1212,,Right,533.4537,726.8443,48.18525,
1742690176056,12.44583,1212,,Center,533.9674,726.8443,48.18525,
1742690176084,12.47359,1214,,Left,534.5466,724.2651,48.17133,
1742690176084,12.47359,1214,,Right,533.519,724.2651,48.17133,
1742690176084,12.47359,1214,,Center,534.0328,724.2651,48.17133,
1742690176112,12.50081,1216,,Left,522.2335,723.5723,47.96163,
1742690176112,12.50081,1216,,Right,521.2015,723.5723,47.96163,
1742690176112,12.50081,1216,,Center,521.7175,723.5724,47.96163,
1742690176140,12.52898,1218,,Left,522.8011,723.4967,47.97086,
1742690176140,12.52898,1218,,Right,521.7692,723.4967,47.97087,
1742690176140,12.52898,1218,,Center,522.2852,723.4968,47.97087,
1742690176168,12.55683,1220,,Left,522.2265,723.4343,47.96073,
1742690176168,12.55683,1220,,Right,521.1944,723.4343,47.96073,
1742690176168,12.55683,1220,,Center,521.7105,723.4344,47.96073,
1742690176196,12.58498,1222,,Left,521.5181,723.2665,47.94766,
1742690176196,12.58498,1222,,Right,520.4858,723.2665,47.94766,
1742690176196,12.58498,1222,,Center,521.002,723.2665,47.94765,
1742690176224,12.61252,1224,,Left,491.4937,703.5891,47.27431,
1742690176224,12.61252,1224,,Right,490.4466,703.5891,47.27431,
1742690176224,12.61252,1224,,Center,490.9702,703.5891,47.27431,
1742690176251,12.64086,1226,,Left,490.1367,698.6177,47.21129,
1742690176251,12.64086,1226,,Right,489.0883,698.6177,47.21129,
1742690176251,12.64086,1226,,Center,489.6126,698.6177,47.21129,
1742690176279,12.6677,1228,,Left,481.0838,696.227,47.0187,
1742690176279,12.6677,1228,,Right,480.0311,696.227,47.0187,
1742690176279,12.6677,1228,,Center,480.5574,696.227,47.0187,
1742690176307,12.69623,1230,,Left,481.3302,696.2067,47.02338,
1742690176307,12.69623,1230,,Right,480.2776,696.2067,47.02338,
1742690176307,12.69623,1230,,Center,480.804,696.2068,47.02338,
1742690176335,12.72427,1232,,Left,476.844,695.6938,46.93137,
1742690176335,12.72427,1232,,Right,475.7894,695.6938,46.93137,
1742690176335,12.72427,1232,,Center,476.3168,695.6939,46.93137,
1742690176362,12.75186,1234,,Left,474.9872,695.4381,46.89266,
1742690176362,12.75186,1234,,Right,473.9316,695.4381,46.89266,
1742690176362,12.75186,1234,,Center,474.4595,695.4381,46.89267,
1742690176390,12.77909,1236,,Left,476.122,693.5184,46.9,
1742690176390,12.77909,1236,,Right,475.0666,693.5184,46.9,
1742690176390,12.77909,1236,,Center,475.5943,693.5184,46.9,
1742690176418,12.80733,1238,,Left,475.5302,689.6119,46.8566,
1742690176418,12.80733,1238,,Right,474.4738,689.6119,46.8566,
1742690176418,12.80733,1238,,Center,475.002,689.612,46.8566,
1742690176445,12.83454,1240,,Left,477.7653,687.494,46.88282,
1742690176445,12.83454,1240,,Right,476.7095,687.494,46.88282,
1742690176446,12.83454,1240,,Center,477.2375,687.4941,46.88282,
1742690176474,12.86262,1242,,Left,475.6923,687.5634,46.84269,
1742690176474,12.86262,1242,,Right,474.6356,687.5634,46.84269,
1742690176474,12.86262,1242,,Center,475.164,687.5634,46.84269,
1742690176502,12.89102,1244,,Left,475.8828,688.1027,46.8509,
1742690176502,12.89102,1244,,Right,474.8264,688.1027,46.8509,
1742690176502,12.89102,1244,,Center,475.3546,688.1027,46.8509,
1742690176529,12.91883,1246,,Left,480.3494,687.3779,46.93206,
1742690176529,12.91883,1246,,Right,479.2947,687.3779,46.93206,
1742690176529,12.91883,1246,,Center,479.8221,687.3779,46.93206,
1742690176557,12.94598,1248,,Left,477.2954,687.2048,46.871,
1742690176557,12.94598,1248,,Right,476.2394,687.2048,46.871,
1742690176557,12.94598,1248,,Center,476.7675,687.2048,46.871,
1742690176585,12.97451,1250,,Left,479.9322,687.1516,46.92209,
1742690176585,12.97451,1250,,Right,478.8773,687.1516,46.92208,
1742690176585,12.97451,1250,,Center,479.4047,687.1516,46.92209,
1742690176613,13.00154,1252,,Left,480.8447,689.8299,46.96228,
1742690176613,13.00154,1252,,Right,479.7907,689.8299,46.96229,
1742690176613,13.00154,1252,,Center,480.3178,689.8299,46.96229,
1742690176641,13.02982,1254,,Left,483.0337,689.928,47.00553,
1742690176641,13.02982,1254,,Right,481.9807,689.928,47.00553,
1742690176641,13.02982,1254,,Center,482.5072,689.928,47.00553,
1742690176669,13.05793,1256,,Left,483.1006,690.2626,47.00954,
1742690176669,13.05793,1256,,Right,482.0476,690.2626,47.00954,
1742690176669,13.05793,1256,,Center,482.5742,690.2626,47.00954,
1742690176696,13.08589,1258,,Left,481.8759,689.8235,46.98228,
1742690176696,13.08589,1258,,Right,480.8223,689.8235,46.98228,
1742690176696,13.08589,1258,,Center,481.3492,689.8236,46.98228,
1742690176724,13.11338,1260,,Left,481.9488,694.354,47.0205,
1742690176725,13.11338,1260,,Right,480.8961,694.354,47.0205,
1742690176725,13.11338,1260,,Center,481.4225,694.3541,47.0205,
1742690176752,13.14127,1262,,Left,482.0819,694.0024,47.02036,
1742690176752,13.14127,1262,,Right,481.0293,694.0024,47.02036,
1742690176752,13.14127,1262,,Center,481.5556,694.0024,47.02036,
1742690176780,13.16868,1264,,Left,483.0082,689.9791,47.00567,
1742690176780,13.16868,1264,,Right,481.9552,689.9791,47.00567,
1742690176780,13.16868,1264,,Center,482.4818,689.9792,47.00567,
1742690176808,13.19703,1266,,Left,482.9641,689.8289,47.00364,
1742690176808,13.19703,1266,,Right,481.9111,689.8289,47.00365,
1742690176808,13.19703,1266,,Center,482.4377,689.8289,47.00365,
1742690176836,13.22531,1268,,Left,485.4237,687.9146,47.03491,
1742690176836,13.22531,1268,,Right,484.3714,687.9146,47.03492,
1742690176836,13.22531,1268,,Center,484.8976,687.9146,47.03492,
1742690176863,13.25298,1270,,Left,485.0352,687.8577,47.02703,
1742690176863,13.25298,1270,,Right,483.9826,687.8577,47.02703,
1742690176863,13.25298,1270,,Center,484.5089,687.8577,47.02703,
1742690176891,13.2801,1272,,Left,481.1294,691.8483,46.98483,
1742690176891,13.2801,1272,,Right,480.0759,691.8483,46.98483,
1742690176891,13.2801,1272,,Center,480.6027,691.8483,46.98484,
1742690176919,13.3084,1274,,Left,479.0117,691.4289,46.94008,
1742690176919,13.3084,1274,,Right,477.9572,691.4289,46.94009,
1742690176919,13.3084,1274,,Center,478.4845,691.4289,46.94009,
1742690176947,13.33572,1276,,Left,480.9244,687.3185,46.94312,
1742690176947,13.33572,1276,,Right,479.8701,687.3185,46.94312,
1742690176947,13.33572,1276,,Center,480.3973,687.3185,46.94312,
1742690176975,13.36374,1278,,Left,479.0606,686.7045,46.90171,
1742690176975,13.36374,1278,,Right,478.0053,686.7045,46.9017,
1742690176975,13.36374,1278,,Center,478.533,686.7045,46.9017,
1742690177003,13.39192,1280,,Left,479.0414,686.5702,46.9003,
1742690177003,13.39192,1280,,Right,477.9861,686.5702,46.9003,
1742690177003,13.39192,1280,,Center,478.5138,686.5703,46.9003,
1742690177030,13.41978,1282,,Left,479.3265,688.0429,46.91833,
1742690177030,13.41978,1282,,Right,478.2715,688.0429,46.91833,
1742690177030,13.41978,1282,,Center,478.7991,688.0429,46.91833,
1742690177058,13.44725,1284,,Left,479.295,687.0616,46.90939,
1742690177058,13.44725,1284,,Right,478.2398,687.0616,46.90939,
1742690177058,13.44725,1284,,Center,478.7675,687.0617,46.90939,
1742690177086,13.47508,1286,,Left,481.3705,687.0389,46.94943,
1742690177086,13.47508,1286,,Right,480.3163,687.0389,46.94944,
1742690177086,13.47508,1286,,Center,480.8435,687.0389,46.94943,
1742690177114,13.50246,1288,,Left,483.9569,687.3458,47.00186,
1742690177114,13.50246,1288,,Right,482.9038,687.3458,47.00187,
1742690177114,13.50246,1288,,Center,483.4305,687.3458,47.00187,
1742690177142,13.53071,1290,,Left,481.6745,688.4757,46.96732,
1742690177142,13.53071,1290,,Right,480.6207,688.4757,46.96731,
1742690177142,13.53071,1290,,Center,481.1476,688.4757,46.96731,
1742690177170,13.55949,1292,,Left,481.8165,688.4284,46.96967,
1742690177170,13.55949,1292,,Right,480.7627,688.4284,46.96967,
1742690177170,13.55949,1292,,Center,481.2897,688.4285,46.96967,
1742690177197,13.5866,1294,,Left,478.5072,690.6802,46.92393,
1742690177197,13.5866,1294,,Right,477.4524,690.6802,46.92393,
1742690177197,13.5866,1294,,Center,477.9799,690.6802,46.92393,
1742690177225,13.61425,1296,,Left,478.3738,690.4971,46.91978,
1742690177225,13.61425,1296,,Right,477.3189,690.4971,46.91978,
1742690177225,13.61425,1296,,Center,477.8465,690.4972,46.91978,
1742690177253,13.64261,1298,,Left,482.4289,684.34,46.94638,
1742690177253,13.64261,1298,,Right,481.3746,684.34,46.94638,
1742690177253,13.64261,1298,,Center,481.9018,684.34,46.94638,
1742690177281,13.66992,1300,,Left,482.4225,684.9656,46.95167,
1742690177281,13.66992,1300,,Right,481.3683,684.9656,46.95167,
1742690177281,13.66992,1300,,Center,481.8955,684.9656,46.95167,
1742690177309,13.69782,1302,,Left,482.5228,685.4987,46.95816,
1742690177309,13.69782,1302,,Right,481.4688,685.4987,46.95816,
1742690177309,13.69782,1302,,Center,481.9958,685.4988,46.95816,
1742690177337,13.72635,1304,,Left,484.6376,690.3027,47.03949,
1742690177337,13.72635,1304,,Right,483.5853,690.3027,47.03949,
1742690177337,13.72635,1304,,Center,484.1115,690.3027,47.03949,
1742690177364,13.75381,1306,,Left,490.6859,691.2218,47.16235,
1742690177364,13.75381,1306,,Right,489.6364,691.2218,47.16235,
1742690177364,13.75381,1306,,Center,490.1612,691.2218,47.16235,
1742690177393,13.78157,1308,,Left,490.6356,694.8315,47.19086,
1742690177393,13.78157,1308,,Right,489.5867,694.8315,47.19086,
1742690177393,13.78157,1308,,Center,490.1111,694.8315,47.19086,
1742690177421,13.80956,1310,,Left,489.5109,695.4079,47.17421,
1742690177421,13.80956,1310,,Right,488.4616,695.4079,47.17421,
1742690177421,13.80956,1310,,Center,488.9863,695.4079,47.17421,
1742690177448,13.8376,1312,,Left,483.4412,695.0611,47.05519,
1742690177448,13.8376,1312,,Right,482.3893,695.061,47.05519,
1742690177449,13.8376,1312,,Center,482.9153,695.0611,47.05519,
1742690177476,13.86534,1314,,Left,483.3394,693.9006,47.04396,
1742690177476,13.86534,1314,,Right,482.2873,693.9006,47.04396,
1742690177476,13.86534,1314,,Center,482.8134,693.9006,47.04396,
1742690177504,13.89409,1316,,Left,483.2452,694.7405,47.04883,
1742690177504,13.89409,1316,,Right,482.1931,694.7405,47.04883,
1742690177504,13.89409,1316,,Center,482.7192,694.7405,47.04883,
1742690177531,13.92094,1318,,Left,483.5019,694.858,47.05467,
1742690177531,13.92094,1318,,Right,482.45,694.858,47.05468,
1742690177532,13.92094,1318,,Center,482.976,694.858,47.05468,
1742690177560,13.94875,1320,,Left,482.4251,694.2897,47.02935,
1742690177560,13.94875,1320,,Right,481.3726,694.2897,47.02934,
1742690177560,13.94875,1320,,Center,481.8989,694.2897,47.02935,
1742690177588,13.97696,1322,,Left,482.6397,691.0695,47.00755,
1742690177588,13.97696,1322,,Right,481.5868,691.0695,47.00755,
1742690177588,13.97696,1322,,Center,482.1133,691.0695,47.00755,
1742690177616,14.00469,1324,,Left,490.5547,690.6729,47.15561,
1742690177616,14.00469,1324,,Right,489.505,690.6729,47.15561,
1742690177616,14.00469,1324,,Center,490.0299,690.6729,47.15561,
1742690177643,14.03259,1326,,Left,490.4133,690.2877,47.14982,
1742690177643,14.03259,1326,,Right,489.3635,690.2877,47.14982,
1742690177643,14.03259,1326,,Center,489.8885,690.2877,47.14982,
1742690177672,14.06108,1328,,Left,490.5002,689.9438,47.14872,
1742690177672,14.06108,1328,,Right,489.4504,689.9438,47.14872,
1742690177672,14.06108,1328,,Center,489.9754,689.9438,47.14872,
1742690177699,14.08834,1330,,Left,486.6555,690.2973,47.07866,
1742690177699,14.08834,1330,,Right,485.6041,690.2973,47.07865,
1742690177699,14.08834,1330,,Center,486.1298,690.2974,47.07865,
1742690177727,14.11609,1332,,Left,485.6979,688.129,47.04209,
1742690177727,14.11609,1332,,Right,484.6457,688.129,47.04209,
1742690177727,14.11609,1332,,Center,485.1719,688.129,47.04209,
1742690177755,14.14391,1334,,Left,485.4485,690.7348,47.05907,
1742690177755,14.14391,1334,,Right,484.3967,690.7348,47.05907,
1742690177755,14.14391,1334,,Center,484.9227,690.7348,47.05907,
1742690177783,14.17176,1336,,Left,492.4893,689.5903,47.183,
1742690177783,14.17176,1336,,Right,491.4402,689.5903,47.183,
1742690177783,14.17176,1336,,Center,491.9648,689.5903,47.183,
1742690177811,14.19968,1338,,Left,492.5152,692.6872,47.20909,
1742690177811,14.19968,1338,,Right,491.4668,692.6872,47.20909,
1742690177811,14.19968,1338,,Center,491.991,692.6873,47.20909,
1742690177839,14.22823,1340,,Left,492.5758,692.8162,47.21125,
1742690177839,14.22823,1340,,Right,491.5274,692.8162,47.21125,
1742690177839,14.22823,1340,,Center,492.0517,692.8162,47.21125,
1742690177866,14.25551,1342,,Left,488.7292,690.0521,47.11579,
1742690177866,14.25551,1342,,Right,487.6786,690.0521,47.11579,
1742690177866,14.25551,1342,,Center,488.2039,690.0521,47.11579,
1742690177894,14.28325,1344,,Left,488.9345,689.9861,47.1192,
1742690177894,14.28325,1344,,Right,487.884,689.9861,47.1192,
1742690177894,14.28325,1344,,Center,488.4093,689.9861,47.1192,
1742690177922,14.31129,1346,,Left,491.4713,689.6473,47.16425,
1742690177922,14.31129,1346,,Right,490.4219,689.6473,47.16425,
1742690177922,14.31129,1346,,Center,490.9467,689.6473,47.16425,
1742690177950,14.3392,1348,,Left,492.1827,687.9604,47.1633,
1742690177950,14.3392,1348,,Right,491.1332,687.9604,47.1633,
1742690177950,14.3392,1348,,Center,491.6581,687.9604,47.1633,
1742690177977,14.36634,1350,,Left,492.0748,683.606,47.12339,
1742690177977,14.36634,1350,,Right,491.0244,683.606,47.12339,
1742690177977,14.36634,1350,,Center,491.5497,683.606,47.12339,
1742690178006,14.39507,1352,,Left,492.1111,683.0704,47.11938,
1742690178006,14.39507,1352,,Right,491.0606,683.0704,47.11939,
1742690178006,14.39507,1352,,Center,491.5859,683.0704,47.11939,
1742690178033,14.42241,1354,,Left,483.2635,679.6339,46.92083,
1742690178033,14.42241,1354,,Right,482.2086,679.6339,46.92082,
1742690178033,14.42241,1354,,Center,482.7361,679.634,46.92082,
1742690178061,14.45024,1356,,Left,482.9883,667.6223,46.80097,
1742690178061,14.45024,1356,,Right,481.9307,667.6223,46.80097,
1742690178061,14.45024,1356,,Center,482.4596,667.6223,46.80097,
1742690178089,14.47813,1358,,Left,482.0706,667.4371,46.78156,
1742690178089,14.47813,1358,,Right,481.0126,667.4371,46.78156,
1742690178089,14.47813,1358,,Center,481.5416,667.4371,46.78156,
1742690178117,14.50654,1360,,Left,486.1875,667.7665,46.86292,
1742690178117,14.50654,1360,,Right,485.1313,667.7665,46.86292,
1742690178117,14.50654,1360,,Center,485.6595,667.7665,46.86292,
1742690178144,14.53312,1362,,Left,481.8914,667.8943,46.78253,
1742690178144,14.53312,1362,,Right,480.8334,667.8943,46.78253,
1742690178144,14.53312,1362,,Center,481.3625,667.8944,46.78253,
1742690178172,14.56159,1364,,Left,481.9179,668.0941,46.78505,
1742690178172,14.56159,1364,,Right,480.86,668.0941,46.78505,
1742690178172,14.56159,1364,,Center,481.3891,668.0941,46.78505,
1742690178200,14.58965,1366,,Left,485.7713,668.6678,46.86408,
1742690178200,14.58965,1366,,Right,484.7152,668.6678,46.86408,
1742690178200,14.58965,1366,,Center,485.2432,668.6678,46.86408,
1742690178228,14.61729,1368,,Left,485.9771,668.8129,46.86949,
1742690178228,14.61729,1368,,Right,484.9211,668.8129,46.86949,
1742690178228,14.61729,1368,,Center,485.4492,668.8129,46.86948,
1742690178257,14.64507,1370,,Left,486.1272,670.0536,46.88458,
1742690178257,14.64507,1370,,Right,485.0714,670.0536,46.88457,
1742690178257,14.64507,1370,,Center,485.5994,670.0536,46.88458,
1742690178284,14.67341,1372,,Left,487.0844,671.3992,46.9158,
1742690178284,14.67341,1372,,Right,486.0294,671.3992,46.9158,
1742690178284,14.67341,1372,,Center,486.557,671.3992,46.9158,
1742690178312,14.70065,1374,,Left,497.1009,671.5789,47.10355,
1742690178312,14.70065,1374,,Right,496.0501,671.5789,47.10355,
1742690178312,14.70065,1374,,Center,496.5756,671.5789,47.10355,
1742690178340,14.72872,1376,,Left,497.1713,671.0785,47.09983,
1742690178340,14.72872,1376,,Right,496.1204,671.0785,47.09983,
1742690178340,14.72872,1376,,Center,496.6458,671.0786,47.09982,
1742690178368,14.75662,1378,,Left,497.1429,671.176,47.10028,
1742690178368,14.75662,1378,,Right,496.0921,671.176,47.10028,
1742690178368,14.75662,1378,,Center,496.6176,671.1761,47.10028,
1742690178396,14.78468,1380,,Left,496.4134,671.8657,47.09376,
1742690178396,14.78468,1380,,Right,495.3623,671.8657,47.09376,
1742690178396,14.78468,1380,,Center,495.8879,671.8657,47.09376,
1742690178423,14.81278,1382,,Left,496.4098,676.2781,47.13633,
1742690178423,14.81278,1382,,Right,495.3596,676.2781,47.13633,
1742690178423,14.81278,1382,,Center,495.8847,676.2782,47.13633,
1742690178451,14.84075,1384,,Left,496.3801,677.3239,47.14565,
1742690178451,14.84075,1384,,Right,495.3302,677.3239,47.14565,
1742690178451,14.84075,1384,,Center,495.8553,677.3239,47.14565,
1742690178479,14.8677,1386,,Left,497.9586,676.3726,47.16553,
1742690178479,14.8677,1386,,Right,496.9091,676.3726,47.16553,
1742690178479,14.8677,1386,,Center,497.4339,676.3726,47.16553,
1742690178507,14.89592,1388,,Left,498.0201,676.5923,47.16872,
1742690178507,14.89592,1388,,Right,496.9707,676.5923,47.16872,
1742690178507,14.89592,1388,,Center,497.4955,676.5924,47.16872,
1742690178535,14.92476,1390,,Left,495.4662,677.3785,47.1292,
1742690178535,14.92476,1390,,Right,494.4159,677.3785,47.1292,
1742690178535,14.92476,1390,,Center,494.9411,677.3785,47.1292,
1742690178563,14.95156,1392,,Left,492.7785,678.9374,47.09396,
1742690178563,14.95156,1392,,Right,491.7274,678.9374,47.09397,
1742690178563,14.95156,1392,,Center,492.253,678.9375,47.09397,
1742690178591,14.97955,1394,,Left,492.678,678.7292,47.09024,
1742690178591,14.97955,1394,,Right,491.627,678.7292,47.09024,
1742690178591,14.97955,1394,,Center,492.1526,678.7292,47.09024,
1742690178618,15.00777,1396,,Left,494.853,678.5502,47.12896,
1742690178618,15.00777,1396,,Right,493.8027,678.5502,47.12896,
1742690178618,15.00777,1396,,Center,494.3279,678.5502,47.12896,
1742690178646,15.03461,1398,,Left,496.1514,676.557,47.13421,
1742690178646,15.03461,1398,,Right,495.1013,676.557,47.13421,
1742690178646,15.03461,1398,,Center,495.6264,676.5571,47.13422,
1742690178674,15.06261,1400,,Left,496.0478,673.6548,47.1045,
1742690178674,15.06261,1400,,Right,494.997,673.6548,47.1045,
1742690178674,15.06261,1400,,Center,495.5225,673.6549,47.1045,
1742690178702,15.09095,1402,,Left,496.1275,673.7086,47.10651,
1742690178702,15.09095,1402,,Right,495.0768,673.7086,47.10651,
1742690178702,15.09095,1402,,Center,495.6022,673.7086,47.10651,
1742690178729,15.11885,1404,,Left,496.1401,673.8856,47.10842,
1742690178729,15.11885,1404,,Right,495.0894,673.8856,47.10842,
1742690178729,15.11885,1404,,Center,495.6148,673.8857,47.10842,
1742690178757,15.146,1406,,Left,496.5049,682.5465,47.19606,
1742690178757,15.146,1406,,Right,495.4562,682.5465,47.19605,
1742690178757,15.146,1406,,Center,495.9806,682.5465,47.19606,
1742690178785,15.17439,1408,,Left,495.1943,682.6292,47.17264,
1742690178785,15.17439,1408,,Right,494.1451,682.6292,47.17264,
1742690178785,15.17439,1408,,Center,494.6697,682.6292,47.17264,
1742690178813,15.20145,1410,,Left,496.9622,676.8674,47.15207,
1742690178813,15.20145,1410,,Right,495.9125,676.8674,47.15208,
1742690178813,15.20145,1410,,Center,496.4374,676.8674,47.15207,
1742690178841,15.22964,1412,,Left,497.0977,676.683,47.15284,
1742690178841,15.22964,1412,,Right,496.0479,676.683,47.15284,
1742690178841,15.22964,1412,,Center,496.5728,676.6831,47.15284,
1742690178869,15.25802,1414,,Left,495.0192,676.2808,47.11076,
1742690178869,15.25802,1414,,Right,493.9686,676.2808,47.11076,
1742690178869,15.25802,1414,,Center,494.494,676.2809,47.11076,
1742690178896,15.28568,1416,,Left,494.978,678.2139,47.12815,
1742690178896,15.28568,1416,,Right,493.9278,678.2139,47.12815,
1742690178896,15.28568,1416,,Center,494.4529,678.2139,47.12815,
1742690178924,15.31295,1418,,Left,494.6151,678.1187,47.1205,
1742690178924,15.31295,1418,,Right,493.5647,678.1187,47.12049,
1742690178924,15.31295,1418,,Center,494.0899,678.1187,47.1205,
1742690178951,15.34117,1420,,Left,502.0269,679.9863,47.27333,
1742690178952,15.34117,1420,,Right,500.9799,679.9863,47.27333,
1742690178952,15.34117,1420,,Center,501.5035,679.9864,47.27333,
1742690178979,15.36832,1422,,Left,610.0752,738.4438,49.26162,
1742690178979,15.36832,1422,,Right,609.0704,738.4438,49.26162,
1742690178979,15.36832,1422,,Center,609.5728,738.4438,49.26162,
1742690179008,15.39648,1424,,Left,609.9928,738.8788,49.26289,
1742690179008,15.39648,1424,,Right,608.988,738.8788,49.26289,
1742690179008,15.39648,1424,,Center,609.4905,738.8789,49.26289,
1742690179035,15.42478,1426,,Left,707.1135,792.6856,49.97292,
1742690179035,15.42478,1426,,Right,706.123,792.6856,49.97292,
1742690179035,15.42478,1426,,Center,706.6183,792.6856,49.97292,
1742690179063,15.45266,1428,,Left,712.1521,792.6233,49.97823,
1742690179063,15.45266,1428,,Right,711.1617,792.6233,49.97824,
1742690179063,15.45266,1428,,Center,711.6569,792.6233,49.97823,
1742690179091,15.47996,1430,,Left,712.3699,788.4117,49.97775,
1742690179091,15.47996,1430,,Right,711.3796,788.4117,49.97775,
1742690179091,15.47996,1430,,Center,711.8748,788.4117,49.97775,
1742690179119,15.50818,1432,,Left,716.3323,787.3901,49.9797,
1742690179119,15.50818,1432,,Right,715.342,787.3901,49.9797,
1742690179119,15.50818,1432,,Center,715.8371,787.3901,49.97971,
1742690179146,15.53535,1434,,Left,717.428,783.3419,49.97748,
1742690179146,15.53535,1434,,Right,716.4376,783.3419,49.97748,
1742690179147,15.53535,1434,,Center,716.9327,783.3419,49.97748,
1742690179175,15.56363,1436,,Left,718.4598,783.5511,49.97796,
1742690179175,15.56363,1436,,Right,717.4694,783.5511,49.97796,
1742690179175,15.56363,1436,,Center,717.9645,783.5511,49.97796,
1742690179203,15.5918,1438,,Left,718.3805,783.9893,49.97826,
1742690179203,15.5918,1438,,Right,717.3901,783.9893,49.97826,
1742690179203,15.5918,1438,,Center,717.8853,783.9893,49.97826,
1742690179230,15.61964,1440,,Left,717.4513,788.7779,49.98071,
1742690179230,15.61964,1440,,Right,716.4609,788.7779,49.98071,
1742690179230,15.61964,1440,,Center,716.9561,788.7779,49.98071,
1742690179258,15.64705,1442,,Left,699.5576,792.2982,49.96024,
1742690179258,15.64705,1442,,Right,698.5668,792.2982,49.96024,
1742690179258,15.64705,1442,,Center,699.0621,792.2982,49.96024,
1742690179286,15.6752,1444,,Left,697.2862,792.0217,49.95533,
1742690179286,15.6752,1444,,Right,696.2953,792.0217,49.95533,
1742690179286,15.6752,1444,,Center,696.7908,792.0217,49.95533,
1742690179314,15.70266,1446,,Left,697.7628,791.4415,49.95637,
1742690179314,15.70266,1446,,Right,696.772,791.4415,49.95637,
1742690179314,15.70266,1446,,Center,697.2674,791.4415,49.95637,
1742690179342,15.73057,1448,,Left,697.7674,791.4911,49.95631,
1742690179342,15.73057,1448,,Right,696.7766,791.4911,49.95631,
1742690179342,15.73057,1448,,Center,697.272,791.4911,49.95631,
1742690179370,15.75886,1450,,Left,697.5452,791.1999,49.95585,
1742690179370,15.75886,1450,,Right,696.5544,791.1999,49.95585,
1742690179370,15.75886,1450,,Center,697.0498,791.1999,49.95585,
1742690179397,15.78681,1452,,Left,697.4103,800.6535,49.95197,
1742690179397,15.78681,1452,,Right,696.4194,800.6535,49.95197,
1742690179397,15.78681,1452,,Center,696.9149,800.6535,49.95197,
1742690179425,15.81389,1454,,Left,565.9213,847.5771,48.71321,
1742690179425,15.81389,1454,,Right,564.9052,847.5771,48.71321,
1742690179425,15.81389,1454,,Center,565.4133,847.5771,48.71321,
1742690179453,15.84236,1456,,Left,493.7422,883.8713,47.29058,
1742690179453,15.84236,1456,,Right,492.6956,883.8713,47.29057,
1742690179453,15.84236,1456,,Center,493.2189,883.8713,47.29058,
1742690179481,15.86967,1458,,Left,492.0538,884.3546,47.25506,
1742690179482,15.86967,1458,,Right,491.0063,884.3546,47.25506,
1742690179482,15.86967,1458,,Center,491.5301,884.3545,47.25506,
1742690179509,15.89779,1460,,Left,487.1832,883.8436,47.16629,
1742690179509,15.89779,1460,,Right,486.1338,883.8436,47.16629,
1742690179509,15.89779,1460,,Center,486.6585,883.8435,47.16629,
1742690179536,15.92641,1462,,Left,487.3853,883.9393,47.16938,
1742690179536,15.92641,1462,,Right,486.336,883.9393,47.16938,
1742690179536,15.92641,1462,,Center,486.8607,883.9393,47.16938,
1742690179564,15.9534,1464,,Left,484.5124,883.7473,47.11564,
1742690179564,15.9534,1464,,Right,483.4618,883.7473,47.11564,
1742690179564,15.9534,1464,,Center,483.9872,883.7473,47.11564,
1742690179592,15.98099,1466,,Left,484.2597,882.9825,47.11658,
1742690179592,15.98099,1466,,Right,483.2093,882.9825,47.11658,
1742690179592,15.98099,1466,,Center,483.7346,882.9825,47.11658,
1742690179620,16.00947,1468,,Left,484.1945,882.0784,47.12207,
1742690179620,16.00947,1468,,Right,483.1442,882.0784,47.12207,
1742690179620,16.00947,1468,,Center,483.6694,882.0784,47.12206,
1742690179648,16.0369,1470,,Left,487.9565,882.4383,47.19179,
1742690179648,16.0369,1470,,Right,486.9076,882.4383,47.19179,
1742690179648,16.0369,1470,,Center,487.4321,882.4383,47.19179,
1742690179676,16.06483,1472,,Left,488.0332,882.5948,47.19208,
1742690179676,16.06483,1472,,Right,486.9843,882.5948,47.19208,
1742690179676,16.06483,1472,,Center,487.5089,882.5948,47.19208,
1742690179704,16.09382,1474,,Left,488.0905,882.3431,47.19509,
1742690179704,16.09382,1474,,Right,487.0417,882.3431,47.19509,
1742690179704,16.09382,1474,,Center,487.5661,882.3431,47.19509,
1742690179731,16.12081,1476,,Left,487.7424,882.2422,47.18914,
1742690179731,16.12081,1476,,Right,486.6935,882.2422,47.18914,
1742690179731,16.12081,1476,,Center,487.218,882.2422,47.18914,
1742690179759,16.14824,1478,,Left,561.4451,879.3959,48.44598,
1742690179759,16.14824,1478,,Right,560.4233,879.3959,48.44597,
1742690179759,16.14824,1478,,Center,560.9342,879.3958,48.44598,
1742690179787,16.17646,1480,,Left,735.1427,901.3207,49.39725,
1742690179787,16.17646,1480,,Right,734.1406,901.3207,49.39726,
1742690179788,16.17646,1480,,Center,734.6416,901.3207,49.39725,
1742690179815,16.20424,1482,,Left,893.3101,903.1155,48.03879,
1742690179815,16.20424,1482,,Right,892.2797,903.1155,48.03878,
1742690179815,16.20424,1482,,Center,892.7949,903.1155,48.03878,
1742690179843,16.2315,1484,,Left,893.3828,903.4718,48.03429,
1742690179843,16.2315,1484,,Right,892.3523,903.4718,48.0343,
1742690179843,16.2315,1484,,Center,892.8676,903.4718,48.03429,
1742690179871,16.26015,1486,,Left,985.1662,888.8971,46.50172,
1742690179871,16.26015,1486,,Right,984.1018,888.8971,46.50172,
1742690179871,16.26015,1486,,Center,984.6339,888.8971,46.50172,
1742690179898,16.28778,1488,,Left,1000.083,875.7417,46.27753,
1742690179898,16.28778,1488,,Right,999.0139,875.7417,46.27753,
1742690179898,16.28778,1488,,Center,999.5486,875.7417,46.27753,
1742690179926,16.3156,1490,,Left,1005.192,866.4606,46.22288,
1742690179927,16.3156,1490,,Right,1004.121,866.4606,46.22289,
1742690179927,16.3156,1490,,Center,1004.656,866.4606,46.22289,
1742690179955,16.34353,1492,,Left,1008.208,859.6494,46.19364,
1742690179955,16.34353,1492,,Right,1007.136,859.6494,46.19364,
1742690179955,16.34353,1492,,Center,1007.672,859.6494,46.19364,
1742690179983,16.3716,1494,,Left,1009.479,855.4633,46.18654,
1742690179983,16.3716,1494,,Right,1008.407,855.4633,46.18654,
1742690179983,16.3716,1494,,Center,1008.943,855.4633,46.18654,
1742690180010,16.39874,1496,,Left,1009.048,855.5397,46.19571,
1742690180010,16.39874,1496,,Right,1007.977,855.5397,46.19571,
1742690180010,16.39874,1496,,Center,1008.512,855.5397,46.19571,
1742690180038,16.42742,1498,,Left,1009.392,855.4122,46.18877,
1742690180038,16.42742,1498,,Right,1008.32,855.4122,46.18877,
1742690180038,16.42742,1498,,Center,1008.856,855.4122,46.18877,
1742690180065,16.45467,1500,,Left,1005.003,856.1787,46.28227,
1742690180065,16.45467,1500,,Right,1003.933,856.1787,46.28227,
1742690180065,16.45467,1500,,Center,1004.468,856.1787,46.28228,
1742690180093,16.48233,1502,,Left,1003.08,858.165,46.31454,
1742690180093,16.48233,1502,,Right,1002.011,858.165,46.31454,
1742690180093,16.48233,1502,,Center,1002.545,858.1649,46.31454,
1742690180122,16.51054,1504,,Left,1002.951,857.9911,46.31822,
1742690180122,16.51054,1504,,Right,1001.882,857.9911,46.31822,
1742690180122,16.51054,1504,,Center,1002.416,857.9911,46.31821,
1742690180149,16.53838,1506,,Left,1001.666,859.7064,46.33742,
1742690180149,16.53838,1506,,Right,1000.598,859.7064,46.33743,
1742690180149,16.53838,1506,,Center,1001.132,859.7064,46.33742,
1742690180177,16.56551,1508,,Left,999.9012,859.6229,46.37637,
1742690180177,16.56551,1508,,Right,998.8339,859.6229,46.37637,
1742690180177,16.56551,1508,,Center,999.3674,859.6229,46.37637,
1742690180205,16.59398,1510,,Left,892.0789,843.6631,48.48321,
1742690180205,16.59398,1510,,Right,891.0579,843.6631,48.48321,
1742690180205,16.59398,1510,,Center,891.5684,843.6631,48.48322,
1742690180232,16.62197,1512,,Left,750.3112,841.9834,49.81682,
1742690180232,16.62197,1512,,Right,749.3176,841.9834,49.81682,
1742690180232,16.62197,1512,,Center,749.8144,841.9834,49.81682,
1742690180260,16.64956,1514,,Left,640.3524,806.9536,49.66005,
1742690180260,16.64956,1514,,Right,639.3557,806.9536,49.66005,
1742690180260,16.64956,1514,,Center,639.854,806.9536,49.66005,
1742690180288,16.67748,1516,,Left,588.153,761.5356,49.10429,
1742690180288,16.67748,1516,,Right,587.145,761.5356,49.10428,
1742690180289,16.67748,1516,,Center,587.649,761.5356,49.10428,
1742690180317,16.70563,1518,,Left,535.8296,725.4931,48.19931,
1742690180317,16.70563,1518,,Right,534.8027,725.4931,48.19931,
1742690180317,16.70563,1518,,Center,535.3162,725.4931,48.19931,
1742690180344,16.7327,1520,,Left,528.5165,725.1774,48.07714,
1742690180344,16.7327,1520,,Right,527.487,725.1774,48.07714,
1742690180344,16.7327,1520,,Center,528.0018,725.1774,48.07714,
1742690180372,16.761,1522,,Left,496.2335,675.1785,47.12233,
1742690180372,16.761,1522,,Right,495.1831,675.1785,47.12233,
1742690180372,16.761,1522,,Center,495.7083,675.1785,47.12233,
1742690180399,16.78888,1524,,Left,493.0707,669.1175,47.00467,
1742690180399,16.78888,1524,,Right,492.0176,669.1175,47.00467,
1742690180399,16.78888,1524,,Center,492.5442,669.1175,47.00466,
1742690180428,16.81692,1526,,Left,487.309,663.2784,46.83781,
1742690180428,16.81692,1526,,Right,486.2522,663.2784,46.83781,
1742690180428,16.81692,1526,,Center,486.7807,663.2784,46.83781,
1742690180456,16.84456,1528,,Left,476.9467,663.8111,46.64575,
1742690180456,16.84456,1528,,Right,475.8856,663.8111,46.64576,
1742690180456,16.84456,1528,,Center,476.4162,663.8112,46.64575,
1742690180484,16.87272,1530,,Left,477.3248,678.9473,46.79886,
1742690180484,16.87272,1530,,Right,476.2672,678.9473,46.79886,
1742690180484,16.87272,1530,,Center,476.7961,678.9474,46.79886,
1742690180511,16.89999,1532,,Left,464.2424,678.4694,46.53425,
1742690180511,16.89999,1532,,Right,463.1787,678.4694,46.53424,
1742690180511,16.89999,1532,,Center,463.7106,678.4694,46.53424,
1742690180539,16.92816,1534,,Left,465.16,681.1932,46.57668,
1742690180539,16.92816,1534,,Right,464.0973,681.1932,46.57668,
1742690180539,16.92816,1534,,Center,464.6287,681.1932,46.57668,
1742690180566,16.956,1536,,Left,465.1964,681.2094,46.57732,
1742690180566,16.956,1536,,Right,464.1337,681.2094,46.57733,
1742690180567,16.956,1536,,Center,464.6651,681.2095,46.57734,
1742690180595,16.98379,1538,,Left,459.129,681.0589,46.45237,
1742690180595,16.98379,1538,,Right,458.0634,681.0589,46.45237,
1742690180595,16.98379,1538,,Center,458.5963,681.059,46.45237,
1742690180623,17.01196,1540,,Left,459.504,679.0991,46.44271,
1742690180623,17.01196,1540,,Right,458.4382,679.0991,46.44271,
1742690180623,17.01196,1540,,Center,458.9712,679.0992,46.4427,
1742690180650,17.04005,1542,,Left,459.1055,676.9855,46.41565,
1742690180650,17.04005,1542,,Right,458.0392,676.9855,46.41565,
1742690180650,17.04005,1542,,Center,458.5724,676.9855,46.41565,
1742690180678,17.06683,1544,,Left,460.7254,680.5064,46.48011,
1742690180678,17.06683,1544,,Right,459.6605,680.5064,46.48011,
1742690180678,17.06683,1544,,Center,460.193,680.5065,46.48011,
1742690180706,17.09568,1546,,Left,444.7605,681.0881,46.15179,
1742690180706,17.09568,1546,,Right,443.688,681.0881,46.15178,
1742690180706,17.09568,1546,,Center,444.2244,681.0881,46.15179,
1742690180734,17.12332,1548,,Left,489.0887,692.6272,47.14107,
1742690180734,17.12332,1548,,Right,488.0387,692.6272,47.14107,
1742690180734,17.12332,1548,,Center,488.5637,692.6272,47.14107,
1742690180762,17.15123,1550,,Left,639.8983,757.2258,49.60645,
1742690180762,17.15123,1550,,Right,638.9005,757.2258,49.60645,
1742690180762,17.15123,1550,,Center,639.3994,757.2258,49.60645,
1742690180790,17.17926,1552,,Left,651.4794,784.6104,49.74515,
1742690180790,17.17926,1552,,Right,650.4844,784.6104,49.74515,
1742690180790,17.17926,1552,,Center,650.9819,784.6104,49.74515,
1742690180818,17.2071,1554,,Left,658.1584,789.7534,49.79004,
1742690180818,17.2071,1554,,Right,657.1643,789.7534,49.79004,
1742690180818,17.2071,1554,,Center,657.6614,789.7534,49.79005,
1742690180845,17.2342,1556,,Left,656.855,793.6282,49.78246,
1742690180845,17.2342,1556,,Right,655.8607,793.6282,49.78246,
1742690180845,17.2342,1556,,Center,656.3578,793.6282,49.78246,
1742690180873,17.26214,1558,,Left,642.9136,794.8666,49.68623,
1742690180873,17.26214,1558,,Right,641.9174,794.8666,49.68623,
1742690180873,17.26214,1558,,Center,642.4155,794.8666,49.68623,
1742690180901,17.29042,1560,,Left,646.0911,794.449,49.70987,
1742690180901,17.29042,1560,,Right,645.0954,794.449,49.70988,
1742690180901,17.29042,1560,,Center,645.5933,794.449,49.70987,
1742690180928,17.31829,1562,,Left,648.8314,793.886,49.72974,
1742690180928,17.31829,1562,,Right,647.8361,793.886,49.72974,
1742690180928,17.31829,1562,,Center,648.3338,793.886,49.72974,
1742690180956,17.34535,1564,,Left,652.4559,796.4758,49.7536,
1742690180956,17.34535,1564,,Right,651.4611,796.4758,49.7536,
1742690180957,17.34535,1564,,Center,651.9585,796.4758,49.7536,
1742690180984,17.37399,1566,,Left,659.9948,796.1754,49.80071,
1742690180984,17.37399,1566,,Right,659.0009,796.1754,49.80071,
1742690180984,17.37399,1566,,Center,659.4979,796.1754,49.80072,
1742690181012,17.40088,1568,,Left,665.5634,794.4719,49.83264,
1742690181012,17.40088,1568,,Right,664.5701,794.4719,49.83264,
1742690181012,17.40088,1568,,Center,665.0667,794.4719,49.83264,
1742690181040,17.42918,1570,,Left,654.9471,796.339,49.76934,
1742690181040,17.42918,1570,,Right,653.9526,796.339,49.76934,
1742690181040,17.42918,1570,,Center,654.4499,796.339,49.76934,
1742690181068,17.45732,1572,,Left,658.385,796.9227,49.79081,
1742690181068,17.45732,1572,,Right,657.3909,796.9227,49.79082,
1742690181068,17.45732,1572,,Center,657.888,796.9227,49.79082,
1742690181095,17.48533,1574,,Left,663.0205,800.3595,49.81606,
1742690181095,17.48533,1574,,Right,662.027,800.3595,49.81606,
1742690181095,17.48533,1574,,Center,662.5237,800.3595,49.81606,
1742690181123,17.51204,1576,,Left,666.1672,799.5842,49.83426,
1742690181123,17.51204,1576,,Right,665.174,799.5842,49.83426,
1742690181123,17.51204,1576,,Center,665.6706,799.5842,49.83425,
1742690181151,17.5403,1578,,Left,673.0502,797.7364,49.86979,
1742690181151,17.5403,1578,,Right,672.0576,797.7364,49.86979,
1742690181151,17.5403,1578,,Center,672.5539,797.7364,49.86979,
1742690181179,17.56753,1580,,Left,677.0762,795.1524,49.88899,
1742690181179,17.56753,1580,,Right,676.084,795.1524,49.88899,
1742690181179,17.56753,1580,,Center,676.5801,795.1525,49.88899,
1742690181207,17.59629,1582,,Left,669.8997,794.6083,49.85639,
1742690181207,17.59629,1582,,Right,668.9069,794.6083,49.85639,
1742690181207,17.59629,1582,,Center,669.4033,794.6083,49.85639,
1742690181235,17.62398,1584,,Left,671.6071,793.189,49.86522,
1742690181235,17.62398,1584,,Right,670.6145,793.189,49.86522,
1742690181235,17.62398,1584,,Center,671.1108,793.189,49.86522,
1742690181262,17.65194,1586,,Left,676.4951,793.0911,49.88742,
1742690181262,17.65194,1586,,Right,675.5029,793.0911,49.88742,
1742690181262,17.65194,1586,,Center,675.999,793.0911,49.88743,
1742690181290,17.67906,1588,,Left,679.8893,792.9236,49.9015,
1742690181290,17.67906,1588,,Right,678.8974,792.9236,49.9015,
1742690181290,17.67906,1588,,Center,679.3934,792.9236,49.9015,
1742690181318,17.70758,1590,,Left,702.7561,770.7781,49.94476,
1742690181318,17.70758,1590,,Right,701.7651,770.7781,49.94476,
1742690181318,17.70758,1590,,Center,702.2606,770.7781,49.94476,
1742690181346,17.7347,1592,,Left,705.1327,771.3353,49.94986,
1742690181346,17.7347,1592,,Right,704.1417,771.3353,49.94986,
1742690181346,17.7347,1592,,Center,704.6372,771.3353,49.94986,
1742690181374,17.7629,1594,,Left,700.3588,772.1344,49.94351,
1742690181374,17.7629,1594,,Right,699.3677,772.1344,49.94351,
1742690181374,17.7629,1594,,Center,699.8632,772.1345,49.94352,
1742690181402,17.79113,1596,,Left,674.9995,773.0606,49.86458,
1742690181402,17.79113,1596,,Right,674.0068,773.0606,49.86459,
1742690181402,17.79113,1596,,Center,674.5032,773.0607,49.86458,
1742690181429,17.81908,1598,,Left,679.5422,786.8941,49.89999,
1742690181429,17.81908,1598,,Right,678.5504,786.8941,49.89999,
1742690181429,17.81908,1598,,Center,679.0464,786.8941,49.89999,
1742690181458,17.84612,1600,,Left,683.8732,792.3631,49.91761,
1742690181458,17.84612,1600,,Right,682.8817,792.3631,49.91762,
1742690181458,17.84612,1600,,Center,683.3774,792.3631,49.91762,
1742690181485,17.87467,1602,,Left,687.8769,795.8135,49.93031,
1742690181485,17.87467,1602,,Right,686.8856,795.8135,49.93031,
1742690181485,17.87467,1602,,Center,687.3813,795.8135,49.93032,
1742690181513,17.90203,1604,,Left,690.079,790.4153,49.93754,
1742690181513,17.90203,1604,,Right,689.0878,790.4153,49.93754,
1742690181513,17.90203,1604,,Center,689.5834,790.4153,49.93754,
1742690181541,17.9304,1606,,Left,692.1701,786.42,49.94198,
1742690181541,17.9304,1606,,Right,691.179,786.42,49.94198,
1742690181541,17.9304,1606,,Center,691.6746,786.42,49.94198,
1742690181569,17.95807,1608,,Left,695.2885,785.744,49.95013,
1742690181569,17.95807,1608,,Right,694.2975,785.744,49.95013,
1742690181569,17.95807,1608,,Center,694.7931,785.744,49.95013,
1742690181596,17.98626,1610,,Left,699.7978,784.9823,49.95955,
1742690181596,17.98626,1610,,Right,698.807,784.9823,49.95955,
1742690181596,17.98626,1610,,Center,699.3024,784.9823,49.95955,
1742690181624,18.01355,1612,,Left,706.486,785.3095,49.97096,
1742690181624,18.01355,1612,,Right,705.4955,785.3095,49.97097,
1742690181624,18.01355,1612,,Center,705.9906,785.3095,49.97096,
1742690181652,18.0415,1614,,Left,708.1398,785.5116,49.97299,
1742690181652,18.0415,1614,,Right,707.1494,785.5116,49.97299,
1742690181652,18.0415,1614,,Center,707.6447,785.5116,49.97299,
1742690181680,18.06893,1616,,Left,710.072,780.7034,49.9707,
1742690181680,18.06893,1616,,Right,709.0815,780.7034,49.9707,
1742690181680,18.06893,1616,,Center,709.5767,780.7034,49.9707,
1742690181708,18.09723,1618,,Left,711.8172,780.1745,49.97188,
1742690181708,18.09723,1618,,Right,710.8267,780.1745,49.97188,
1742690181708,18.09723,1618,,Center,711.322,780.1745,49.97188,
1742690181736,18.12587,1620,,Left,714.0877,780.6295,49.97391,
1742690181736,18.12587,1620,,Right,713.0972,780.6295,49.9739,
1742690181736,18.12587,1620,,Center,713.5925,780.6295,49.9739,
1742690181763,18.15309,1622,,Left,712.5168,780.5756,49.97262,
1742690181763,18.15309,1622,,Right,711.5264,780.5756,49.97262,
1742690181763,18.15309,1622,,Center,712.0215,780.5756,49.97262,
1742690181791,18.18034,1624,,Left,712.8247,778.5012,49.97023,
1742690181791,18.18034,1624,,Right,711.8342,778.5012,49.97022,
1742690181791,18.18034,1624,,Center,712.3294,778.5012,49.97023,
1742690181819,18.20871,1626,,Left,715.0824,778.5647,49.97169,
1742690181819,18.20871,1626,,Right,714.0919,778.5647,49.97169,
1742690181819,18.20871,1626,,Center,714.5871,778.5647,49.97169,
1742690181847,18.23602,1628,,Left,715.141,782.8203,49.97634,
1742690181847,18.23602,1628,,Right,714.1506,782.8203,49.97635,
1742690181847,18.23602,1628,,Center,714.6458,782.8203,49.97635,
1742690181875,18.26392,1630,,Left,712.949,782.9675,49.97499,
1742690181875,18.26392,1630,,Right,711.9585,782.9675,49.975,
1742690181875,18.26392,1630,,Center,712.4537,782.9675,49.975,
1742690181903,18.29265,1632,,Left,712.0649,782.929,49.97422,
1742690181903,18.29265,1632,,Right,711.0745,782.929,49.97422,
1742690181903,18.29265,1632,,Center,711.5696,782.929,49.97422,
1742690181930,18.32001,1634,,Left,715.6379,780.2448,49.97364,
1742690181930,18.32001,1634,,Right,714.6474,780.2448,49.97364,
1742690181930,18.32001,1634,,Center,715.1427,780.2448,49.97364,
1742690181958,18.34755,1636,,Left,765.0566,780.7626,49.87855,
1742690181958,18.34755,1636,,Right,764.0642,780.7626,49.87855,
1742690181958,18.34755,1636,,Center,764.5604,780.7626,49.87855,
1742690181987,18.37598,1638,,Left,912.5754,790.2147,48.27107,
1742690181987,18.37598,1638,,Right,911.55,790.2147,48.27107,
1742690181987,18.37598,1638,,Center,912.0626,790.2147,48.27107,
1742690182014,18.40295,1640,,Left,1021.338,794.4088,46.07238,
1742690182014,18.40295,1640,,Right,1020.263,794.4088,46.07238,
1742690182014,18.40295,1640,,Center,1020.801,794.4088,46.07238,
1742690182042,18.43113,1642,,Left,1058.238,789.9062,45.19685,
1742690182042,18.43113,1642,,Right,1057.143,789.9062,45.19685,
1742690182042,18.43113,1642,,Center,1057.691,789.9062,45.19685,
1742690182070,18.45986,1644,,Left,1058.283,790.2363,45.19574,
1742690182070,18.45986,1644,,Right,1057.188,790.2363,45.19574,
1742690182070,18.45986,1644,,Center,1057.735,790.2363,45.19574,
1742690182097,18.48709,1646,,Left,1059.238,787.8369,45.17205,
1742690182097,18.48709,1646,,Right,1058.142,787.8369,45.17205,
1742690182097,18.48709,1646,,Center,1058.69,787.8369,45.17204,
1742690182126,18.51491,1648,,Left,1057.659,786.8983,45.21034,
1742690182126,18.51491,1648,,Right,1056.564,786.8983,45.21034,
1742690182126,18.51491,1648,,Center,1057.111,786.8983,45.21034,
1742690182154,18.54277,1650,,Left,1057.386,786.12,45.21675,
1742690182154,18.54277,1650,,Right,1056.292,786.12,45.21674,
1742690182154,18.54277,1650,,Center,1056.839,786.12,45.21674,
1742690182182,18.57052,1652,,Left,1057.896,786.2661,45.20448,
1742690182182,18.57052,1652,,Right,1056.802,786.2661,45.20448,
1742690182182,18.57052,1652,,Center,1057.349,786.2661,45.20448,
1742690182210,18.59843,1654,,Left,1075.547,796.835,44.76974,
1742690182210,18.59843,1654,,Right,1074.442,796.8351,44.76973,
1742690182210,18.59843,1654,,Center,1074.994,796.835,44.76974,
1742690182238,18.62756,1656,,Left,1075.969,796.9052,44.75931,
1742690182238,18.62756,1656,,Right,1074.863,796.9052,44.75931,
1742690182238,18.62756,1656,,Center,1075.416,796.9052,44.7593,
1742690182265,18.65459,1658,,Left,1118.38,796.588,43.67947,
1742690182265,18.65459,1658,,Right,1117.247,796.588,43.67946,
1742690182265,18.65459,1658,,Center,1117.814,796.5878,43.67947,
1742690182293,18.68216,1660,,Left,1124.215,791.73,43.52856,
1742690182293,18.68216,1660,,Right,1123.078,791.73,43.52856,
1742690182293,18.68216,1660,,Center,1123.646,791.73,43.52856,
1742690182321,18.71031,1662,,Left,1123.844,784.2216,43.53627,
1742690182321,18.71031,1662,,Right,1122.707,784.2216,43.53627,
1742690182321,18.71031,1662,,Center,1123.275,784.2216,43.53627,
1742690182349,18.7379,1664,,Left,1123.694,787.9594,43.54154,
1742690182349,18.7379,1664,,Right,1122.558,787.9594,43.54154,
1742690182349,18.7379,1664,,Center,1123.126,787.9594,43.54154,
1742690182377,18.76583,1666,,Left,1123.585,787.3732,43.54433,
1742690182377,18.76583,1666,,Right,1122.449,787.3732,43.54433,
1742690182377,18.76583,1666,,Center,1123.017,787.3732,43.54433,
1742690182405,18.79463,1668,,Left,1122.061,785.274,43.58318,
1742690182405,18.79463,1668,,Right,1120.925,785.274,43.58318,
1742690182405,18.79463,1668,,Center,1121.493,785.274,43.58318,
1742690182432,18.82161,1670,,Left,1116.659,786.7531,43.72385,
1742690182432,18.82161,1670,,Right,1115.527,786.7531,43.72385,
1742690182432,18.82161,1670,,Center,1116.093,786.7531,43.72385,
1742690182460,18.84943,1672,,Left,1121.455,787.1399,43.59943,
1742690182460,18.84943,1672,,Right,1120.319,787.1399,43.59943,
1742690182460,18.84943,1672,,Center,1120.887,787.1399,43.59943,
1742690182488,18.87724,1674,,Left,1122.043,787.811,43.58421,
1742690182488,18.87724,1674,,Right,1120.907,787.811,43.58421,
1742690182488,18.87724,1674,,Center,1121.475,787.811,43.58421,
1742690182516,18.90536,1676,,Left,1123.275,781.643,43.54915,
1742690182516,18.90536,1676,,Right,1122.138,781.6431,43.54916,
1742690182516,18.90536,1676,,Center,1122.707,781.6431,43.54916,
1742690182543,18.93258,1678,,Left,1122.705,782.2032,43.56427,
1742690182543,18.93258,1678,,Right,1121.569,782.2032,43.56427,
1742690182543,18.93258,1678,,Center,1122.137,782.2032,43.56427,
1742690182571,18.96029,1680,,Left,1122.62,782.6815,43.56668,
1742690182571,18.96029,1680,,Right,1121.484,782.6815,43.56668,
1742690182571,18.96029,1680,,Center,1122.052,782.6815,43.56668,
1742690182599,18.98832,1682,,Left,1118.749,782.6666,43.66723,
1742690182599,18.98832,1682,,Right,1117.615,782.6666,43.66723,
1742690182599,18.98832,1682,,Center,1118.182,782.6666,43.66723,
1742690182627,19.01629,1684,,Left,1117.787,776.5579,43.68716,
1742690182627,19.01629,1684,,Right,1116.654,776.5579,43.68716,
1742690182627,19.01629,1684,,Center,1117.22,776.5579,43.68716,
1742690182655,19.04418,1686,,Left,1116.483,776.4634,43.72078,
1742690182655,19.04418,1686,,Right,1115.351,776.4634,43.72078,
1742690182655,19.04418,1686,,Center,1115.917,776.4635,43.72078,
1742690182683,19.0721,1688,,Left,1115.555,782.7396,43.74986,
1742690182683,19.0721,1688,,Right,1114.424,782.7396,43.74987,
1742690182683,19.0721,1688,,Center,1114.99,782.7396,43.74987,
1742690182710,19.09924,1690,,Left,1109.826,783.3088,43.8979,
1742690182710,19.09924,1690,,Right,1108.698,783.3088,43.89791,
1742690182710,19.09924,1690,,Center,1109.262,783.3088,43.8979,
1742690182738,19.12794,1692,,Left,1101.641,782.8391,44.10767,
1742690182738,19.12794,1692,,Right,1100.518,782.8391,44.10767,
1742690182738,19.12794,1692,,Center,1101.079,782.8391,44.10767,
1742690182766,19.15545,1694,,Left,1104.911,782.3482,44.02352,
1742690182766,19.15545,1694,,Right,1103.786,782.3482,44.02352,
1742690182766,19.15545,1694,,Center,1104.348,782.3482,44.02352,
1742690182794,19.18327,1696,,Left,1089.418,779.8249,44.41623,
1742690182794,19.18327,1696,,Right,1088.304,779.8249,44.41623,
1742690182794,19.18327,1696,,Center,1088.861,779.8249,44.41622,
1742690182823,19.21133,1698,,Left,1075.537,779.1767,44.76403,
1742690182823,19.21133,1698,,Right,1074.431,779.1767,44.76403,
1742690182823,19.21133,1698,,Center,1074.984,779.1767,44.76403,
1742690182850,19.23923,1700,,Left,1055.389,777.6554,45.2582,
1742690182850,19.23923,1700,,Right,1054.296,777.6554,45.2582,
1742690182850,19.23923,1700,,Center,1054.842,777.6554,45.2582,
1742690182877,19.26613,1702,,Left,1032.802,775.3484,45.79451,
1742690182877,19.26613,1702,,Right,1031.722,775.3484,45.79451,
1742690182877,19.26613,1702,,Center,1032.262,775.3484,45.79451,
1742690182905,19.29527,1704,,Left,1019.106,779.9058,46.11695,
1742690182906,19.29527,1704,,Right,1018.032,779.9058,46.11695,
1742690182906,19.29527,1704,,Center,1018.569,779.9058,46.11695,
1742690182933,19.32257,1706,,Left,1002.35,778.9208,46.49363,
1742690182933,19.32257,1706,,Right,1001.285,778.9208,46.49363,
1742690182933,19.32257,1706,,Center,1001.817,778.9208,46.49363,
1742690182961,19.35038,1708,,Left,997.2755,779.873,46.6064,
1742690182961,19.35038,1708,,Right,996.2136,779.873,46.6064,
1742690182961,19.35038,1708,,Center,996.7446,779.873,46.60641,
1742690182989,19.37831,1710,,Left,991.8622,781.2566,46.72579,
1742690182989,19.37831,1710,,Right,990.8029,781.2566,46.72578,
1742690182989,19.37831,1710,,Center,991.3323,781.2566,46.72578,
1742690183017,19.40659,1712,,Left,990.7113,786.9694,46.75445,
1742690183017,19.40659,1712,,Right,989.6526,786.9694,46.75446,
1742690183017,19.40659,1712,,Center,990.1819,786.9694,46.75445,
1742690183045,19.43349,1714,,Left,973.3737,785.03,47.11974,
1742690183045,19.43349,1714,,Right,972.3234,785.03,47.11975,
1742690183045,19.43349,1714,,Center,972.8484,785.03,47.11974,
1742690183073,19.46228,1716,,Left,954.8654,787.4037,47.49456,
1742690183073,19.46228,1716,,Right,953.8232,787.4037,47.49456,
1742690183073,19.46228,1716,,Center,954.3443,787.4037,47.49456,
1742690183100,19.48977,1718,,Left,943.4786,788.854,47.71498,
1742690183100,19.48977,1718,,Right,942.4412,788.854,47.71498,
1742690183100,19.48977,1718,,Center,942.9599,788.854,47.71498,
1742690183128,19.51739,1720,,Left,925.7878,790.2335,48.04075,
1742690183128,19.51739,1720,,Right,924.7575,790.2335,48.04075,
1742690183128,19.51739,1720,,Center,925.2726,790.2335,48.04075,
1742690183157,19.54547,1722,,Left,909.0048,788.9905,48.32983,
1742690183157,19.54547,1722,,Right,907.9807,788.9905,48.32982,
1742690183157,19.54547,1722,,Center,908.4928,788.9905,48.32982,
1742690183184,19.57382,1724,,Left,898.0703,787.9606,48.50732,
1742690183184,19.57382,1724,,Right,897.0498,787.9606,48.50731,
1742690183184,19.57382,1724,,Center,897.5598,787.9606,48.50731,
1742690183212,19.60074,1726,,Left,890.8842,788.5082,48.61969,
1742690183212,19.60074,1726,,Right,889.8661,788.5082,48.61968,
1742690183212,19.60074,1726,,Center,890.3751,788.5082,48.61968,
1742690183240,19.62891,1728,,Left,884.6754,788.9041,48.71302,
1742690183240,19.62891,1728,,Right,883.6593,788.9041,48.71302,
1742690183240,19.62891,1728,,Center,884.1674,788.9041,48.71302,
1742690183268,19.65722,1730,,Left,879.0469,784.702,48.79353,
1742690183268,19.65722,1730,,Right,878.0325,784.702,48.79353,
1742690183268,19.65722,1730,,Center,878.5397,784.702,48.79353,
1742690183296,19.68512,1732,,Left,872.9001,783.5977,48.88001,
1742690183296,19.68512,1732,,Right,871.8875,783.5977,48.88,
1742690183296,19.68512,1732,,Center,872.3937,783.5977,48.88001,
1742690183324,19.71307,1734,,Left,873.5674,783.9647,48.87125,
1742690183324,19.71307,1734,,Right,872.5546,783.9647,48.87125,
1742690183324,19.71307,1734,,Center,873.061,783.9647,48.87125,
1742690183352,19.74142,1736,,Left,866.8634,783.7825,48.96323,
1742690183352,19.74142,1736,,Right,865.8525,783.7825,48.96323,
1742690183352,19.74142,1736,,Center,866.358,783.7825,48.96323,
1742690183379,19.76813,1738,,Left,868.8947,784.277,48.93628,
1742690183379,19.76813,1738,,Right,867.8833,784.277,48.93628,
1742690183379,19.76813,1738,,Center,868.3889,784.277,48.93628,
1742690183407,19.79653,1740,,Left,869.2424,782.9269,48.93066,
1742690183407,19.79653,1740,,Right,868.2308,782.9269,48.93066,
1742690183407,19.79653,1740,,Center,868.7366,782.9269,48.93065,
1742690183435,19.82471,1742,,Left,870.69,783.5878,48.91132,
1742690183435,19.82471,1742,,Right,869.6781,783.5878,48.91132,
1742690183435,19.82471,1742,,Center,870.184,783.5878,48.91132,
1742690183462,19.85235,1744,,Left,867.4305,786.42,48.95766,
1742690183462,19.85235,1744,,Right,866.4195,786.42,48.95766,
1742690183462,19.85235,1744,,Center,866.925,786.42,48.95766,
1742690183490,19.87912,1746,,Left,844.9187,789.9661,49.24183,
1742690183490,19.87912,1746,,Right,843.9135,789.9661,49.24183,
1742690183490,19.87912,1746,,Center,844.416,789.9661,49.24184,
1742690183518,19.9073,1748,,Left,845.5186,791.9432,49.23512,
1742690183518,19.9073,1748,,Right,844.5133,791.9432,49.23512,
1742690183518,19.9073,1748,,Center,845.0157,791.9432,49.23511,
1742690183546,19.93451,1750,,Left,845.6925,792.6481,49.23315,
1742690183546,19.93451,1750,,Right,844.6872,792.6481,49.23315,
1742690183546,19.93451,1750,,Center,845.1899,792.6481,49.23315,
1742690183574,19.96268,1752,,Left,847.7075,793.5189,49.20936,
1742690183574,19.96268,1752,,Right,846.7017,793.5189,49.20936,
1742690183574,19.96268,1752,,Center,847.2045,793.5189,49.20936,
1742690183602,19.99088,1754,,Left,847.4575,793.5562,49.21241,
1742690183602,19.99088,1754,,Right,846.4517,793.5562,49.21241,
1742690183602,19.99088,1754,,Center,846.9546,793.5562,49.21241,
1742690183629,20.01889,1756,,Left,852.2213,792.2197,49.15527,
1742690183629,20.01889,1756,,Right,851.2143,792.2197,49.15527,
1742690183629,20.01889,1756,,Center,851.7177,792.2197,49.15527,
1742690183658,20.04597,1758,,Left,854.9532,792.4489,49.12158,
1742690183658,20.04597,1758,,Right,853.9457,792.4489,49.12159,
1742690183658,20.04597,1758,,Center,854.4494,792.4489,49.12158,
1742690183685,20.07439,1760,,Left,854.6185,791.9331,49.12582,
1742690183685,20.07439,1760,,Right,853.6109,791.9331,49.12582,
1742690183685,20.07439,1760,,Center,854.1147,791.9331,49.12582,
1742690183713,20.10179,1762,,Left,858.3282,791.5799,49.0791,
1742690183713,20.10179,1762,,Right,857.3196,791.5799,49.0791,
1742690183713,20.10179,1762,,Center,857.8239,791.58,49.0791,
1742690183741,20.12992,1764,,Left,860.8838,789.4263,49.0459,
1742690183741,20.12992,1764,,Right,859.8746,789.4263,49.0459,
1742690183741,20.12992,1764,,Center,860.3792,789.4263,49.04591,
1742690183769,20.15819,1766,,Left,861.3277,788.6701,49.04004,
1742690183769,20.15819,1766,,Right,860.3184,788.6701,49.04004,
1742690183769,20.15819,1766,,Center,860.8228,788.6701,49.04003,
1742690183796,20.18614,1768,,Left,861.7164,789.2735,49.03508,
1742690183796,20.18614,1768,,Right,860.707,789.2735,49.03508,
1742690183796,20.18614,1768,,Center,861.2117,789.2735,49.03508,
1742690183824,20.21304,1770,,Left,861.3365,790.1455,49.0402,
1742690183824,20.21304,1770,,Right,860.3271,790.1455,49.0402,
1742690183824,20.21304,1770,,Center,860.8318,790.1455,49.0402,
1742690183852,20.24136,1772,,Left,856.9152,793.408,49.09689,
1742690183852,20.24136,1772,,Right,855.907,793.408,49.09688,
1742690183852,20.24136,1772,,Center,856.4111,793.408,49.09688,
1742690183880,20.2689,1774,,Left,857.2497,793.2086,49.09261,
1742690183880,20.2689,1774,,Right,856.2415,793.2086,49.09261,
1742690183880,20.2689,1774,,Center,856.7455,793.2085,49.09261,
1742690183908,20.29708,1776,,Left,857.4149,793.4081,49.09041,
1742690183908,20.29708,1776,,Right,856.4067,793.408,49.09042,
1742690183908,20.29708,1776,,Center,856.9108,793.4081,49.09041,
1742690183936,20.32546,1778,,Left,858.274,793.7827,49.0794,
1742690183936,20.32546,1778,,Right,857.2655,793.7827,49.0794,
1742690183936,20.32546,1778,,Center,857.7698,793.7827,49.0794,
1742690183963,20.35298,1780,,Left,860.0085,794.6292,49.05691,
1742690183963,20.35298,1780,,Right,858.9996,794.6292,49.0569,
1742690183963,20.35298,1780,,Center,859.5042,794.6292,49.05691,
1742690183992,20.38039,1782,,Left,861.4644,795.9177,49.03761,
1742690183992,20.38039,1782,,Right,860.4551,795.9177,49.03761,
1742690183992,20.38039,1782,,Center,860.9597,795.9177,49.03761,
1742690184019,20.40866,1784,,Left,860.6381,796.0825,49.04818,
1742690184019,20.40866,1784,,Right,859.6289,796.0825,49.04818,
1742690184019,20.40866,1784,,Center,860.1335,796.0825,49.04818,
1742690184047,20.43566,1786,,Left,856.3971,797.5163,49.10159,
1742690184047,20.43566,1786,,Right,855.389,797.5163,49.10159,
1742690184047,20.43566,1786,,Center,855.893,797.5163,49.10159,
1742690184075,20.46404,1788,,Left,856.3674,798.2207,49.10143,
1742690184075,20.46404,1788,,Right,855.3593,798.2207,49.10144,
1742690184075,20.46404,1788,,Center,855.8633,798.2207,49.10144,
1742690184103,20.49257,1790,,Left,856.514,798.5768,49.09937,
1742690184103,20.49257,1790,,Right,855.5058,798.5768,49.09938,
1742690184103,20.49257,1790,,Center,856.0099,798.5768,49.09938,
1742690184130,20.51985,1792,,Left,859.5853,799.6447,49.05956,
1742690184130,20.51985,1792,,Right,858.5764,799.6447,49.05956,
1742690184130,20.51985,1792,,Center,859.0808,799.6447,49.05956,
1742690184158,20.5472,1794,,Left,860.2958,796.9001,49.05207,
1742690184158,20.5472,1794,,Right,859.2867,796.9001,49.05207,
1742690184158,20.5472,1794,,Center,859.7913,796.9001,49.05207,
1742690184186,20.57575,1796,,Left,860.8375,799.3506,49.04379,
1742690184186,20.57575,1796,,Right,859.8283,799.3506,49.04379,
1742690184186,20.57575,1796,,Center,860.3329,799.3506,49.04379,
1742690184214,20.60272,1798,,Left,860.8701,797.2759,49.04466,
1742690184214,20.60272,1798,,Right,859.861,797.2759,49.04466,
1742690184214,20.60272,1798,,Center,860.3655,797.2759,49.04466,
1742690184242,20.63087,1800,,Left,863.4115,796.7792,49.01176,
1742690184242,20.63087,1800,,Right,862.4016,796.7792,49.01176,
1742690184242,20.63087,1800,,Center,862.9065,796.7792,49.01176,
1742690184270,20.65962,1802,,Left,863.7294,797.0935,49.00738,
1742690184270,20.65962,1802,,Right,862.7194,797.0935,49.00739,
1742690184270,20.65962,1802,,Center,863.2242,797.0935,49.00738,
1742690184297,20.68697,1804,,Left,864.6667,796.2738,48.99538,
1742690184297,20.68697,1804,,Right,863.6566,796.2738,48.99538,
1742690184297,20.68697,1804,,Center,864.1616,796.2738,48.99538,
1742690184326,20.71465,1806,,Left,865.7748,795.9736,48.98077,
1742690184326,20.71465,1806,,Right,864.7643,795.9736,48.98077,
1742690184326,20.71465,1806,,Center,865.2695,795.9736,48.98077,
1742690184354,20.74278,1808,,Left,865.4324,795.6415,48.98553,
1742690184354,20.74278,1808,,Right,864.4219,795.6415,48.98553,
1742690184354,20.74278,1808,,Center,864.9271,795.6415,48.98553,
1742690184381,20.77019,1810,,Left,871.4731,795.2211,48.90373,
1742690184381,20.77019,1810,,Right,870.461,795.2211,48.90373,
1742690184381,20.77019,1810,,Center,870.9671,795.2211,48.90373,
1742690184409,20.79831,1812,,Left,871.6043,795.2053,48.90199,
1742690184409,20.79831,1812,,Right,870.5922,795.2053,48.90199,
1742690184409,20.79831,1812,,Center,871.0982,795.2053,48.90198,
1742690184438,20.82713,1814,,Left,912.3104,797.7798,48.27471,
1742690184438,20.82713,1814,,Right,911.285,797.7798,48.27471,
1742690184438,20.82713,1814,,Center,911.7976,797.7798,48.27471,
1742690184465,20.85435,1816,,Left,912.0433,804.2973,48.27402,
1742690184465,20.85435,1816,,Right,911.0179,804.2973,48.27402,
1742690184465,20.85435,1816,,Center,911.5306,804.2973,48.27402,
1742690184493,20.88208,1818,,Left,916.9069,804.1666,48.1914,
1742690184493,20.88208,1818,,Right,915.8798,804.1666,48.19139,
1742690184493,20.88208,1818,,Center,916.3933,804.1666,48.19139,
1742690184521,20.91006,1820,,Left,913.0148,796.4069,48.26347,
1742690184521,20.91006,1820,,Right,911.9893,796.4069,48.26347,
1742690184521,20.91006,1820,,Center,912.502,796.4069,48.26347,
1742690184549,20.93787,1822,,Left,914.6044,796.3412,48.23646,
1742690184549,20.93787,1822,,Right,913.5782,796.3412,48.23646,
1742690184549,20.93787,1822,,Center,914.0913,796.3412,48.23646,
1742690184576,20.96501,1824,,Left,914.65,796.2094,48.23578,
1742690184576,20.96501,1824,,Right,913.6238,796.2094,48.23578,
1742690184576,20.96501,1824,,Center,914.1368,796.2094,48.23578,
1742690184604,20.99363,1826,,Left,913.5149,796.3784,48.25499,
1742690184604,20.99363,1826,,Right,912.4892,796.3784,48.25499,
1742690184604,20.99363,1826,,Center,913.002,796.3784,48.25499,
1742690184631,21.02094,1828,,Left,915.6919,796.8266,48.2177,
1742690184631,21.02094,1828,,Right,914.6654,796.8266,48.2177,
1742690184631,21.02094,1828,,Center,915.1785,796.8265,48.2177,
1742690184660,21.04889,1830,,Left,913.6838,796.8309,48.25192,
1742690184660,21.04889,1830,,Right,912.6581,796.8309,48.25191,
1742690184660,21.04889,1830,,Center,913.1709,796.8309,48.25191,
1742690184688,21.07697,1832,,Left,915.8464,796.1758,48.21529,
1742690184688,21.07697,1832,,Right,914.8199,796.1758,48.2153,
1742690184688,21.07697,1832,,Center,915.3331,796.1758,48.21529,
1742690184716,21.10481,1834,,Left,919.7879,796.0331,48.14724,
1742690184716,21.10481,1834,,Right,918.7599,796.0331,48.14724,
1742690184716,21.10481,1834,,Center,919.2738,796.033,48.14724,
1742690184743,21.13196,1836,,Left,919.946,795.9487,48.14448,
1742690184743,21.13196,1836,,Right,918.918,795.9487,48.14448,
1742690184743,21.13196,1836,,Center,919.4318,795.9487,48.14448,
1742690184771,21.1608,1838,,Left,919.7285,796.1365,48.14813,
1742690184771,21.1608,1838,,Right,918.7004,796.1365,48.14813,
1742690184771,21.1608,1838,,Center,919.2144,796.1365,48.14813,
1742690184798,21.18813,1840,,Left,919.3278,798.8793,48.15372,
1742690184798,21.18813,1840,,Right,918.2999,798.8793,48.15371,
1742690184798,21.18813,1840,,Center,918.8137,798.8793,48.15372,
1742690184827,21.21577,1842,,Left,918.3038,799.4493,48.17096,
1742690184827,21.21577,1842,,Right,917.2764,799.4493,48.17096,
1742690184827,21.21577,1842,,Center,917.79,799.4493,48.17096,
1742690184855,21.2438,1844,,Left,920.9835,799.7601,48.12411,
1742690184855,21.2438,1844,,Right,919.955,799.7601,48.1241,
1742690184855,21.2438,1844,,Center,920.4692,799.7601,48.1241,
1742690184883,21.27169,1846,,Left,917.7511,798.6758,48.18093,
1742690184883,21.27169,1846,,Right,916.7238,798.6758,48.18093,
1742690184883,21.27169,1846,,Center,917.2374,798.6758,48.18093,
1742690184910,21.29896,1848,,Left,917.3123,799.2783,48.188,
1742690184910,21.29896,1848,,Right,916.2852,799.2783,48.188,
1742690184910,21.29896,1848,,Center,916.7987,799.2783,48.188,
1742690184938,21.32796,1850,,Left,917.9119,798.9398,48.17789,
1742690184938,21.32796,1850,,Right,916.8845,798.9398,48.17789,
1742690184938,21.32796,1850,,Center,917.3981,798.9398,48.17789,
1742690184966,21.35498,1852,,Left,917.8777,797.8607,48.17917,
1742690184966,21.35498,1852,,Right,916.8503,797.8607,48.17917,
1742690184966,21.35498,1852,,Center,917.364,797.8607,48.17917,
1742690184994,21.38301,1854,,Left,918.6409,797.3419,48.16633,
1742690184994,21.38301,1854,,Right,917.6133,797.3419,48.16632,
1742690184994,21.38301,1854,,Center,918.1268,797.3419,48.16632,
1742690185022,21.41094,1856,,Left,918.1982,799.0339,48.17314,
1742690185022,21.41094,1856,,Right,917.1707,799.0339,48.17313,
1742690185022,21.41094,1856,,Center,917.6844,799.0339,48.17314,
1742690185050,21.43911,1858,,Left,918.3656,802.1329,48.16799,
1742690185050,21.43911,1858,,Right,917.3381,802.1329,48.16799,
1742690185050,21.43911,1858,,Center,917.8517,802.1329,48.16799,
1742690185077,21.46598,1860,,Left,918.6111,802.2429,48.16373,
1742690185077,21.46598,1860,,Right,917.5834,802.2429,48.16372,
1742690185077,21.46598,1860,,Center,918.097,802.2429,48.16373,
1742690185105,21.49488,1862,,Left,918.5549,802.4659,48.16455,
1742690185105,21.49488,1862,,Right,917.5272,802.4659,48.16455,
1742690185105,21.49488,1862,,Center,918.0409,802.4659,48.16455,
1742690185132,21.52208,1864,,Left,923.0631,802.6422,48.0857,
1742690185133,21.52208,1864,,Right,922.0338,802.6422,48.0857,
1742690185133,21.52208,1864,,Center,922.5482,802.6422,48.0857,
1742690185161,21.54985,1866,,Left,922.866,802.3451,48.08947,
1742690185161,21.54985,1866,,Right,921.8367,802.3451,48.08948,
1742690185161,21.54985,1866,,Center,922.3513,802.3451,48.08947,
1742690185189,21.57783,1868,,Left,920.2909,803.4667,48.13351,
1742690185189,21.57783,1868,,Right,919.2626,803.4667,48.13352,
1742690185189,21.57783,1868,,Center,919.7767,803.4667,48.13351,
1742690185217,21.60626,1870,,Left,920.4783,810.4651,48.12109,
1742690185217,21.60626,1870,,Right,919.4496,810.4651,48.12109,
1742690185217,21.60626,1870,,Center,919.9639,810.4651,48.12109,
1742690185244,21.63315,1872,,Left,920.587,810.806,48.11862,
1742690185244,21.63315,1872,,Right,919.5583,810.806,48.11862,
1742690185244,21.63315,1872,,Center,920.0726,810.806,48.11862,
1742690185272,21.66203,1874,,Left,920.6233,811.3641,48.11711,
1742690185272,21.66203,1874,,Right,919.5946,811.3641,48.11711,
1742690185272,21.66203,1874,,Center,920.1088,811.3641,48.11711,
1742690185300,21.68946,1876,,Left,924.0668,809.1324,48.06013,
1742690185300,21.68946,1876,,Right,923.0368,809.1324,48.06013,
1742690185301,21.68946,1876,,Center,923.5518,809.1324,48.06013,
1742690185328,21.71727,1878,,Left,920.3598,806.486,48.12879,
1742690185328,21.71727,1878,,Right,919.3314,806.486,48.1288,
1742690185328,21.71727,1878,,Center,919.8456,806.486,48.12879,
1742690185356,21.74529,1880,,Left,923.0781,808.7786,48.07799,
1742690185356,21.74529,1880,,Right,922.0485,808.7786,48.07799,
1742690185356,21.74529,1880,,Center,922.5632,808.7786,48.07799,
1742690185384,21.77345,1882,,Left,919.5399,805.7946,48.1438,
1742690185384,21.77345,1882,,Right,918.5118,805.7946,48.1438,
1742690185384,21.77345,1882,,Center,919.0258,805.7946,48.1438,
1742690185412,21.80035,1884,,Left,919.3354,808.1318,48.14425,
1742690185412,21.80035,1884,,Right,918.3074,808.1318,48.14425,
1742690185412,21.80035,1884,,Center,918.8213,808.1318,48.14425,
1742690185440,21.8288,1886,,Left,919.1578,808.6784,48.14647,
1742690185440,21.8288,1886,,Right,918.1298,808.6784,48.14647,
1742690185440,21.8288,1886,,Center,918.6437,808.6784,48.14647,
1742690185468,21.85699,1888,,Left,918.7256,808.6489,48.154,
1742690185468,21.85699,1888,,Right,917.6977,808.6489,48.154,
1742690185468,21.85699,1888,,Center,918.2117,808.6489,48.154,
1742690185495,21.88509,1890,,Left,919.7876,811.732,48.13069,
1742690185495,21.88509,1890,,Right,918.7592,811.732,48.13069,
1742690185495,21.88509,1890,,Center,919.2733,811.732,48.13069,
1742690185523,21.91168,1892,,Left,922.0577,811.6708,48.09119,
1742690185523,21.91168,1892,,Right,921.0285,811.6708,48.09119,
1742690185523,21.91168,1892,,Center,921.5431,811.6708,48.09119,
1742690185551,21.93983,1894,,Left,922.1943,810.6923,48.09046,
1742690185551,21.93983,1894,,Right,921.165,810.6923,48.09045,
1742690185551,21.93983,1894,,Center,921.6796,810.6922,48.09045,
1742690185578,21.9678,1896,,Left,921.0143,810.1008,48.11206,
1742690185578,21.9678,1896,,Right,919.9855,810.1008,48.11206,
1742690185578,21.9678,1896,,Center,920.4998,810.1008,48.11206,
1742690185606,21.99612,1898,,Left,921.0367,810.3281,48.11127,
1742690185606,21.99612,1898,,Right,920.0078,810.3281,48.11127,
1742690185606,21.99612,1898,,Center,920.5222,810.3281,48.11127,
1742690185634,22.02394,1900,,Left,920.7336,810.4554,48.11637,
1742690185634,22.02394,1900,,Right,919.7048,810.4554,48.11636,
1742690185634,22.02394,1900,,Center,920.2191,810.4554,48.11637,
1742690185662,22.05125,1902,,Left,920.7432,810.412,48.1163,
1742690185662,22.05125,1902,,Right,919.7145,810.412,48.1163,
1742690185662,22.05125,1902,,Center,920.2288,810.412,48.11631,
1742690185690,22.07937,1904,,Left,921.0136,807.9352,48.1153,
1742690185690,22.07937,1904,,Right,919.9849,807.9352,48.1153,
1742690185690,22.07937,1904,,Center,920.4993,807.9352,48.1153,
1742690185718,22.10768,1906,,Left,921.0733,810.0386,48.11116,
1742690185718,22.10768,1906,,Right,920.0445,810.0386,48.11116,
1742690185718,22.10768,1906,,Center,920.5587,810.0386,48.11116,
1742690185745,22.13438,1908,,Left,924.1945,808.2645,48.05898,
1742690185745,22.13438,1908,,Right,923.1646,808.2645,48.05898,
1742690185745,22.13438,1908,,Center,923.6795,808.2645,48.05898,
1742690185773,22.16286,1910,,Left,924.0357,808.445,48.06153,
1742690185773,22.16286,1910,,Right,923.0059,808.445,48.06153,
1742690185773,22.16286,1910,,Center,923.5207,808.445,48.06153,
1742690185801,22.19188,1912,,Left,925.9761,810.6525,48.02377,
1742690185801,22.19188,1912,,Right,924.9455,810.6525,48.02377,
1742690185801,22.19188,1912,,Center,925.4608,810.6525,48.02377,
1742690185828,22.21851,1914,,Left,962.415,811.157,47.33194,
1742690185828,22.21851,1914,,Right,961.3692,811.157,47.33194,
1742690185828,22.21851,1914,,Center,961.892,811.157,47.33194,
1742690185856,22.24564,1916,,Left,1002.789,811.1669,46.47787,
1742690185856,22.24564,1916,,Right,1001.724,811.1669,46.47786,
1742690185856,22.24564,1916,,Center,1002.256,811.1669,46.47787,
1742690185884,22.27334,1918,,Left,1005.519,810.9946,46.41746,
1742690185884,22.27334,1918,,Right,1004.452,810.9946,46.41746,
1742690185884,22.27334,1918,,Center,1004.985,810.9946,46.41746,
1742690185912,22.30197,1920,,Left,1005.028,811.1431,46.42815,
1742690185912,22.30197,1920,,Right,1003.962,811.1431,46.42815,
1742690185912,22.30197,1920,,Center,1004.495,811.1431,46.42815,
1742690185940,22.3304,1922,,Left,1004.044,811.0108,46.45023,
1742690185940,22.3304,1922,,Right,1002.978,811.0108,46.45023,
1742690185940,22.3304,1922,,Center,1003.511,811.0108,46.45023,
1742690185968,22.35807,1924,,Left,1003.577,806.9847,46.46597,
1742690185968,22.35807,1924,,Right,1002.512,806.9847,46.46597,
1742690185968,22.35807,1924,,Center,1003.044,806.9847,46.46597,
1742690185996,22.38609,1926,,Left,1003.638,809.3597,46.46157,
1742690185996,22.38609,1926,,Right,1002.573,809.3597,46.46158,
1742690185996,22.38609,1926,,Center,1003.105,809.3597,46.46157,
1742690186024,22.41415,1928,,Left,1001.961,808.4478,46.49997,
1742690186024,22.41415,1928,,Right,1000.897,808.4478,46.49997,
1742690186024,22.41415,1928,,Center,1001.429,808.4478,46.49996,
1742690186052,22.44123,1930,,Left,1002.48,808.5941,46.48828,
1742690186052,22.44123,1930,,Right,1001.415,808.5941,46.48828,
1742690186052,22.44123,1930,,Center,1001.947,808.5941,46.48828,
1742690186079,22.4687,1932,,Left,1001.897,808.3848,46.50144,
1742690186079,22.4687,1932,,Right,1000.833,808.3848,46.50144,
1742690186079,22.4687,1932,,Center,1001.365,808.3848,46.50144,
1742690186108,22.49657,1934,,Left,1001.291,808.7783,46.51427,
1742690186108,22.49657,1934,,Right,1000.227,808.7783,46.51427,
1742690186108,22.49657,1934,,Center,1000.759,808.7783,46.51427,
1742690186135,22.52466,1936,,Left,1001.163,805.1608,46.52134,
1742690186135,22.52466,1936,,Right,1000.099,805.1608,46.52134,
1742690186135,22.52466,1936,,Center,1000.631,805.1608,46.52134,
1742690186162,22.55256,1938,,Left,1001.28,805.2327,46.51867,
1742690186162,22.55256,1938,,Right,1000.216,805.2327,46.51867,
1742690186162,22.55256,1938,,Center,1000.748,805.2327,46.51867,
1742690186191,22.57978,1940,,Left,1001.212,805.0967,46.52033,
1742690186191,22.57978,1940,,Right,1000.148,805.0967,46.52033,
1742690186191,22.57978,1940,,Center,1000.68,805.0967,46.52033,
1742690186218,22.60768,1942,,Left,1000.6,779.4102,46.53436,
1742690186218,22.60768,1942,,Right,999.5361,779.4102,46.53436,
1742690186218,22.60768,1942,,Center,1000.068,779.4102,46.53436,
1742690186246,22.63503,1944,,Left,829.2983,614.562,47.99018,
1742690186246,22.63503,1944,,Right,828.267,614.562,47.99017,
1742690186246,22.63503,1944,,Center,828.7827,614.562,47.99018,
1742690186274,22.66347,1946,,Left,828.67,614.6223,47.99695,
1742690186274,22.66347,1946,,Right,827.6387,614.6223,47.99695,
1742690186274,22.66347,1946,,Center,828.1543,614.6223,47.99694,
1742690186302,22.69153,1948,,Left,779.2855,610.2037,48.28756,
1742690186302,22.69153,1948,,Right,778.2605,610.2037,48.28756,
1742690186302,22.69153,1948,,Center,778.773,610.2037,48.28756,
1742690186329,22.71958,1950,,Left,828.8696,602.6218,47.80581,
1742690186329,22.71958,1950,,Right,827.8342,602.6218,47.80581,
1742690186329,22.71958,1950,,Center,828.3518,602.6219,47.80581,
1742690186357,22.74676,1952,,Left,874.596,606.3892,47.35968,
1742690186357,22.74676,1952,,Right,873.5508,606.3892,47.35968,
1742690186357,22.74676,1952,,Center,874.0735,606.3892,47.35968,
1742690186385,22.77613,1954,,Left,948.0173,742.0455,47.52508,
1742690186385,22.77613,1954,,Right,946.9758,742.0455,47.52507,
1742690186385,22.77613,1954,,Center,947.4965,742.0455,47.52508,
1742690186413,22.80206,1956,,Left,946.7238,764.9709,47.62413,
1742690186413,22.80206,1956,,Right,945.6845,764.9709,47.62413,
1742690186413,22.80206,1956,,Center,946.2041,764.9709,47.62413,
1742690186441,22.83047,1958,,Left,946.484,765.5728,47.62998,
1742690186441,22.83047,1958,,Right,945.4448,765.5728,47.62998,
1742690186441,22.83047,1958,,Center,945.9642,765.5728,47.62997,
1742690186469,22.85897,1960,,Left,943.853,765.7813,47.6805,
1742690186469,22.85897,1960,,Right,942.8148,765.7813,47.6805,
1742690186469,22.85897,1960,,Center,943.3337,765.7813,47.6805,
1742690186497,22.88629,1962,,Left,938.2112,764.4753,47.78336,
1742690186497,22.88629,1962,,Right,937.1754,764.4753,47.78336,
1742690186497,22.88629,1962,,Center,937.6932,764.4753,47.78336,
1742690186525,22.91395,1964,,Left,933.8971,763.0626,47.8595,
1742690186525,22.91395,1964,,Right,932.8629,763.0626,47.8595,
1742690186525,22.91395,1964,,Center,933.3799,763.0626,47.8595,
1742690186552,22.94244,1966,,Left,934.1694,762.6161,47.8534,
1742690186552,22.94244,1966,,Right,933.1351,762.6161,47.8534,
1742690186552,22.94244,1966,,Center,933.6522,762.6161,47.8534,
1742690186580,22.97005,1968,,Left,935.1449,763.3955,47.83745,
1742690186580,22.97005,1968,,Right,934.1102,763.3955,47.83745,
1742690186580,22.97005,1968,,Center,934.6276,763.3955,47.83745,
1742690186608,22.99822,1970,,Left,935.1201,763.9991,47.83929,
1742690186608,22.99822,1970,,Right,934.0854,763.9991,47.83929,
1742690186608,22.99822,1970,,Center,934.6027,763.9991,47.83929,
1742690186636,23.02667,1972,,Left,935.1041,764.6713,47.84124,
1742690186636,23.02667,1972,,Right,934.0695,764.6713,47.84124,
1742690186636,23.02667,1972,,Center,934.5866,764.6713,47.84124,
1742690186663,23.05319,1974,,Left,935.1389,764.5414,47.84032,
1742690186664,23.05319,1974,,Right,934.1043,764.5414,47.84031,
1742690186664,23.05319,1974,,Center,934.6215,764.5414,47.84032,
1742690186692,23.08082,1976,,Left,933.3612,761.2283,47.86465,
1742690186692,23.08082,1976,,Right,932.3271,761.2283,47.86465,
1742690186692,23.08082,1976,,Center,932.8441,761.2283,47.86465,
1742690186720,23.10959,1978,,Left,930.7689,760.7557,47.91057,
1742690186720,23.10959,1978,,Right,929.7358,760.7557,47.91057,
1742690186720,23.10959,1978,,Center,930.2523,760.7557,47.91057,
1742690186748,23.13773,1980,,Left,930.71,765.3921,47.92324,
1742690186748,23.13773,1980,,Right,929.6771,765.3921,47.92324,
1742690186748,23.13773,1980,,Center,930.1934,765.3921,47.92323,
1742690186776,23.16526,1982,,Left,930.8874,765.4115,47.92006,
1742690186776,23.16526,1982,,Right,929.8544,765.4115,47.92006,
1742690186776,23.16526,1982,,Center,930.3708,765.4116,47.92006,
1742690186803,23.19411,1984,,Left,931.9529,765.3284,47.90058,
1742690186803,23.19411,1984,,Right,930.9196,765.3284,47.90058,
1742690186803,23.19411,1984,,Center,931.4362,765.3284,47.90058,
1742690186831,23.22102,1986,,Left,933.6974,767.7567,47.87418,
1742690186831,23.22102,1986,,Right,932.6636,767.7567,47.87418,
1742690186831,23.22102,1986,,Center,933.1805,767.7567,47.87418,
1742690186859,23.24785,1988,,Left,932.559,764.56,47.88792,
1742690186859,23.24785,1988,,Right,931.5253,764.56,47.88792,
1742690186859,23.24785,1988,,Center,932.0421,764.56,47.88792,
1742690186888,23.27732,1990,,Left,929.6818,768.2861,47.94829,
1742690186888,23.27732,1990,,Right,928.6495,768.2861,47.94829,
1742690186888,23.27732,1990,,Center,929.1656,768.2861,47.94828,
1742690186915,23.30394,1992,,Left,911.8995,794.6119,48.28286,
1742690186915,23.30394,1992,,Right,910.8744,794.6119,48.28286,
1742690186915,23.30394,1992,,Center,911.387,794.6119,48.28286,
1742690186943,23.33219,1994,,Left,909.4802,802.6378,48.31873,
1742690186943,23.33219,1994,,Right,908.4557,802.6378,48.31872,
1742690186943,23.33219,1994,,Center,908.9678,802.6378,48.31872,
1742690186970,23.36076,1996,,Left,909.7035,802.5327,48.31517,
1742690186970,23.36076,1996,,Right,908.679,802.5327,48.31518,
1742690186970,23.36076,1996,,Center,909.1913,802.5327,48.31518,
1742690186998,23.38803,1998,,Left,908.0894,808.8147,48.33437,
1742690186998,23.38803,1998,,Right,907.0653,808.8147,48.33437,
1742690186998,23.38803,1998,,Center,907.5773,808.8147,48.33437,
1742690187026,23.41482,2000,,Left,907.2292,808.6969,48.34875,
1742690187026,23.41482,2000,,Right,906.2054,808.6969,48.34875,
1742690187026,23.41482,2000,,Center,906.7171,808.6969,48.34875,
1742690187054,23.44313,2002,,Left,906.9714,808.9824,48.35254,
1742690187054,23.44313,2002,,Right,905.9478,808.9824,48.35254,
1742690187054,23.44313,2002,,Center,906.4595,808.9824,48.35254,
1742690187082,23.47195,2004,,Left,907.1575,807.6232,48.35136,
1742690187082,23.47195,2004,,Right,906.1338,807.6232,48.35136,
1742690187082,23.47195,2004,,Center,906.6455,807.6232,48.35136,
1742690187109,23.49867,2006,,Left,907.4331,807.3735,48.34716,
1742690187109,23.49867,2006,,Right,906.4093,807.3735,48.34716,
1742690187109,23.49867,2006,,Center,906.9212,807.3735,48.34716,
1742690187137,23.52765,2008,,Left,911.9645,807.1809,48.27176,
1742690187137,23.52765,2008,,Right,910.9391,807.1809,48.27175,
1742690187137,23.52765,2008,,Center,911.4517,807.1808,48.27175,
1742690187164,23.55423,2010,,Left,912.1912,807.741,48.26719,
1742690187164,23.55423,2010,,Right,911.1656,807.741,48.26719,
1742690187165,23.55423,2010,,Center,911.6783,807.741,48.26719,
1742690187193,23.5828,2012,,Left,908.8188,807.9525,48.32336,
1742690187193,23.5828,2012,,Right,907.7944,807.9525,48.32336,
1742690187193,23.5828,2012,,Center,908.3065,807.9525,48.32335,
1742690187221,23.61022,2014,,Left,908.4615,808.1099,48.32904,
1742690187221,23.61022,2014,,Right,907.4374,808.1099,48.32905,
1742690187221,23.61022,2014,,Center,907.9494,808.1099,48.32905,
1742690187249,23.63796,2016,,Left,913.5074,806.3863,48.24666,
1742690187249,23.63796,2016,,Right,912.4815,806.3863,48.24666,
1742690187249,23.63796,2016,,Center,912.9943,806.3862,48.24666,
1742690187277,23.66608,2018,,Left,913.1228,806.5565,48.25288,
1742690187277,23.66608,2018,,Right,912.097,806.5565,48.25288,
1742690187277,23.66608,2018,,Center,912.6098,806.5565,48.25288,
1742690187304,23.69536,2020,,Left,912.9896,805.1733,48.25676,
1742690187304,23.69536,2020,,Right,911.9639,805.1733,48.25675,
1742690187304,23.69536,2020,,Center,912.4767,805.1733,48.25676,
1742690187332,23.72164,2022,,Left,913.3272,805.8491,48.25024,
1742690187332,23.72164,2022,,Right,912.3015,805.8491,48.25024,
1742690187332,23.72164,2022,,Center,912.8143,805.8491,48.25024,
1742690187360,23.74945,2024,,Left,908.8262,804.5468,48.3273,
1742690187360,23.74945,2024,,Right,907.802,804.5468,48.3273,
1742690187360,23.74945,2024,,Center,908.3141,804.5468,48.3273,
1742690187388,23.77743,2026,,Left,908.717,804.3484,48.32929,
1742690187388,23.77743,2026,,Right,907.6928,804.3484,48.32929,
1742690187388,23.77743,2026,,Center,908.2047,804.3484,48.3293,
1742690187416,23.80526,2028,,Left,908.9755,804.1055,48.32529,
1742690187416,23.80526,2028,,Right,907.9513,804.1055,48.32529,
1742690187416,23.80526,2028,,Center,908.4633,804.1055,48.32529,
1742690187444,23.83269,2030,,Left,908.1514,804.5212,48.33858,
1742690187444,23.83269,2030,,Right,907.1274,804.5212,48.33858,
1742690187444,23.83269,2030,,Center,907.6395,804.5212,48.33858,
1742690187472,23.86119,2032,,Left,908.2453,804.8496,48.33658,
1742690187472,23.86119,2032,,Right,907.2213,804.8496,48.33658,
1742690187472,23.86119,2032,,Center,907.7333,804.8496,48.33658,
1742690187499,23.88899,2034,,Left,884.3817,816.7321,48.69141,
1742690187499,23.88899,2034,,Right,883.3652,816.7321,48.69141,
1742690187500,23.88899,2034,,Center,883.8735,816.7321,48.69141,
1742690187528,23.91677,2036,,Left,840.5794,822.5396,49.24803,
1742690187528,23.91677,2036,,Right,839.5743,822.5396,49.24804,
1742690187528,23.91677,2036,,Center,840.0768,822.5396,49.24803,
1742690187556,23.94495,2038,,Left,840.7472,822.6694,49.24583,
1742690187556,23.94495,2038,,Right,839.7421,822.6694,49.24583,
1742690187556,23.94495,2038,,Center,840.2445,822.6694,49.24583,
1742690187584,23.9733,2040,,Left,854.2527,823.2667,49.08467,
1742690187584,23.9733,2040,,Right,853.2443,823.2667,49.08468,
1742690187584,23.9733,2040,,Center,853.7485,823.2667,49.08468,
1742690187612,24.00038,2042,,Left,859.4016,832.6823,48.98868,
1742690187612,24.00038,2042,,Right,858.3912,832.6823,48.98868,
1742690187612,24.00038,2042,,Center,858.8964,832.6823,48.98867,
1742690187639,24.02892,2044,,Left,859.6351,832.6763,48.98574,
1742690187639,24.02892,2044,,Right,858.6246,832.6763,48.98574,
1742690187639,24.02892,2044,,Center,859.1298,832.6763,48.98574,
1742690187667,24.05641,2046,,Left,861.688,834.3108,48.9531,
1742690187667,24.05641,2046,,Right,860.6769,834.3107,48.9531,
1742690187667,24.05641,2046,,Center,861.1823,834.3107,48.9531,
1742690187695,24.08451,2048,,Left,864.1613,837.2877,48.90887,
1742690187695,24.08451,2048,,Right,863.1493,837.2877,48.90887,
1742690187695,24.08451,2048,,Center,863.6553,837.2877,48.90887,
1742690187724,24.1126,2050,,Left,864.4297,837.2006,48.90572,
1742690187724,24.1126,2050,,Right,863.4176,837.2006,48.90571,
1742690187724,24.1126,2050,,Center,863.9236,837.2006,48.90572,
1742690187751,24.14051,2052,,Left,869.2009,837.4412,48.84095,
1742690187751,24.14051,2052,,Right,868.1874,837.4412,48.84095,
1742690187751,24.14051,2052,,Center,868.694,837.4412,48.84095,
1742690187779,24.16735,2054,,Left,869.8163,835.2368,48.8415,
1742690187779,24.16735,2054,,Right,868.8029,835.2368,48.8415,
1742690187779,24.16735,2054,,Center,869.3095,835.2367,48.8415,
1742690187807,24.19613,2056,,Left,869.9997,835.1111,48.83954,
1742690187807,24.19613,2056,,Right,868.9863,835.1111,48.83954,
1742690187807,24.19613,2056,,Center,869.4928,835.1111,48.83954,
1742690187834,24.22364,2058,,Left,869.8881,835.2015,48.84063,
1742690187834,24.22364,2058,,Right,868.8747,835.2015,48.84063,
1742690187834,24.22364,2058,,Center,869.3813,835.2015,48.84063,
1742690187861,24.25147,2060,,Left,868.5929,835.232,48.85808,
1742690187861,24.25147,2060,,Right,867.5798,835.232,48.85808,
1742690187861,24.25147,2060,,Center,868.0864,835.232,48.85808,
1742690187890,24.27856,2062,,Left,866.1552,835.722,48.88884,
1742690187890,24.27856,2062,,Right,865.1427,835.722,48.88884,
1742690187890,24.27856,2062,,Center,865.6489,835.722,48.88885,
1742690187918,24.30757,2064,,Left,866.2806,835.9696,48.88618,
1742690187918,24.30757,2064,,Right,865.268,835.9696,48.88618,
1742690187918,24.30757,2064,,Center,865.7742,835.9695,48.88618,
1742690187945,24.33422,2066,,Left,866.4368,836.5955,48.88153,
1742690187945,24.33422,2066,,Right,865.4242,836.5955,48.88153,
1742690187945,24.33422,2066,,Center,865.9305,836.5955,48.88153,
1742690187974,24.36267,2068,,Left,866.0222,836.2772,48.88827,
1742690187974,24.36267,2068,,Right,865.0098,836.2772,48.88828,
1742690187974,24.36267,2068,,Center,865.516,836.2772,48.88828,
1742690188001,24.39107,2070,,Left,866.4137,836.3983,48.88251,
1742690188001,24.39107,2070,,Right,865.4011,836.3983,48.88251,
1742690188001,24.39107,2070,,Center,865.9073,836.3983,48.88251,
1742690188029,24.41861,2072,,Left,866.694,837.1293,48.87574,
1742690188029,24.41861,2072,,Right,865.6813,837.1293,48.87574,
1742690188029,24.41861,2072,,Center,866.1877,837.1293,48.87575,
1742690188057,24.44568,2074,,Left,864.2702,835.4626,48.91468,
1742690188057,24.44568,2074,,Right,863.2583,835.4626,48.91468,
1742690188057,24.44568,2074,,Center,863.7642,835.4626,48.91468,
1742690188085,24.47429,2076,,Left,864.8539,834.3856,48.91125,
1742690188085,24.47429,2076,,Right,863.842,834.3856,48.91125,
1742690188085,24.47429,2076,,Center,864.3479,834.3856,48.91125,
1742690188113,24.50165,2078,,Left,860.6393,833.2413,48.97066,
1742690188113,24.50165,2078,,Right,859.6285,833.2413,48.97066,
1742690188113,24.50165,2078,,Center,860.1339,833.2413,48.97066,
1742690188141,24.52966,2080,,Left,865.1915,832.058,48.91564,
1742690188141,24.52966,2080,,Right,864.1796,832.058,48.91564,
1742690188141,24.52966,2080,,Center,864.6855,832.058,48.91564,
1742690188169,24.55786,2082,,Left,865.9406,832.4255,48.90435,
1742690188169,24.55786,2082,,Right,864.9285,832.4255,48.90434,
1742690188169,24.55786,2082,,Center,865.4345,832.4255,48.90434,
1742690188195,24.58584,2084,,Left,865.7806,831.8692,48.90854,
1742690188195,24.58584,2084,,Right,864.7686,831.8692,48.90854,
1742690188195,24.58584,2084,,Center,865.2745,831.8692,48.90854,
1742690188224,24.61252,2086,,Left,866.4261,830.5457,48.90467,
1742690188224,24.61252,2086,,Right,865.414,830.5457,48.90467,
1742690188224,24.61252,2086,,Center,865.92,830.5457,48.90467,
1742690188252,24.64123,2088,,Left,866.1731,825.6871,48.92414,
1742690188252,24.64123,2088,,Right,865.1614,825.6871,48.92414,
1742690188252,24.64123,2088,,Center,865.6672,825.6871,48.92414,
1742690188279,24.66841,2090,,Left,869.0112,825.0927,48.88776,
1742690188279,24.66841,2090,,Right,867.9987,825.0927,48.88776,
1742690188279,24.66841,2090,,Center,868.5049,825.0927,48.88777,
1742690188307,24.69654,2092,,Left,869.1116,825.0089,48.88665,
1742690188308,24.69654,2092,,Right,868.0991,825.0089,48.88665,
1742690188308,24.69654,2092,,Center,868.6053,825.0089,48.88665,
1742690188335,24.72513,2094,,Left,868.271,823.9774,48.90108,
1742690188336,24.72513,2094,,Right,867.2588,823.9774,48.90108,
1742690188336,24.72513,2094,,Center,867.7648,823.9774,48.90108,
1742690188362,24.75241,2096,,Left,869.1389,823.0908,48.89191,
1742690188362,24.75241,2096,,Right,868.1265,823.0908,48.89191,
1742690188362,24.75241,2096,,Center,868.6327,823.0908,48.89191,
1742690188391,24.7797,2098,,Left,867.3649,823.2391,48.91549,
1742690188391,24.7797,2098,,Right,866.3529,823.2391,48.91549,
1742690188391,24.7797,2098,,Center,866.8589,823.2391,48.91548,
1742690188419,24.80809,2100,,Left,871.7421,822.348,48.85836,
1742690188419,24.80809,2100,,Right,870.729,822.348,48.85836,
1742690188419,24.80809,2100,,Center,871.2355,822.348,48.85836,
1742690188446,24.83519,2102,,Left,874.3364,826.5114,48.81,
1742690188446,24.83519,2102,,Right,873.3224,826.5114,48.81,
1742690188446,24.83519,2102,,Center,873.8295,826.5114,48.81,
1742690188474,24.86335,2104,,Left,874.5064,826.418,48.80797,
1742690188474,24.86335,2104,,Right,873.4922,826.418,48.80798,
1742690188474,24.86335,2104,,Center,873.9991,826.418,48.80798,
1742690188502,24.89192,2106,,Left,877.3289,826.3417,48.76842,
1742690188503,24.89192,2106,,Right,876.314,826.3417,48.76842,
1742690188503,24.89192,2106,,Center,876.8215,826.3417,48.76841,
1742690188530,24.91954,2108,,Left,877.3447,826.2205,48.76858,
1742690188530,24.91954,2108,,Right,876.3297,826.2205,48.76858,
1742690188530,24.91954,2108,,Center,876.8372,826.2205,48.76858,
1742690188558,24.9469,2110,,Left,873.5042,824.8126,48.82696,
1742690188558,24.9469,2110,,Right,872.4904,824.8126,48.82696,
1742690188558,24.9469,2110,,Center,872.9971,824.8126,48.82697,
1742690188586,24.97521,2112,,Left,873.5075,821.824,48.83545,
1742690188586,24.97521,2112,,Right,872.4939,821.824,48.83545,
1742690188586,24.97521,2112,,Center,873.0006,821.824,48.83545,
1742690188614,25.00243,2114,,Left,874.4369,820.8716,48.82494,
1742690188614,25.00243,2114,,Right,873.4232,820.8716,48.82494,
1742690188614,25.00243,2114,,Center,873.9299,820.8716,48.82494,
1742690188642,25.03049,2116,,Left,877.389,819.7632,48.78605,
1742690188642,25.03049,2116,,Right,876.3744,819.7632,48.78605,
1742690188642,25.03049,2116,,Center,876.8817,819.7632,48.78605,
1742690188670,25.05874,2118,,Left,877.5801,819.6788,48.78359,
1742690188670,25.05874,2118,,Right,876.5656,819.6788,48.78358,
1742690188670,25.05874,2118,,Center,877.0728,819.6788,48.78358,
1742690188697,25.08673,2120,,Left,877.2975,819.7749,48.78735,
1742690188697,25.08673,2120,,Right,876.283,819.7749,48.78735,
1742690188697,25.08673,2120,,Center,876.7903,819.7749,48.78735,
1742690188726,25.11438,2122,,Left,875.347,820.733,48.81251,
1742690188726,25.11438,2122,,Right,874.333,820.733,48.81251,
1742690188726,25.11438,2122,,Center,874.84,820.733,48.81251,
1742690188753,25.14258,2124,,Left,872.565,821.9655,48.84808,
1742690188753,25.14258,2124,,Right,871.5518,821.9655,48.84808,
1742690188753,25.14258,2124,,Center,872.0583,821.9655,48.84808,
1742690188781,25.17,2126,,Left,874.0123,826.3752,48.81496,
1742690188781,25.17,2126,,Right,872.9983,826.3752,48.81496,
1742690188781,25.17,2126,,Center,873.5052,826.3752,48.81496,
1742690188809,25.19806,2128,,Left,872.991,826.1086,48.83002,
1742690188809,25.19806,2128,,Right,871.9774,826.1086,48.83002,
1742690188809,25.19806,2128,,Center,872.4843,826.1086,48.83002,
1742690188837,25.22665,2130,,Left,972.2165,838.9449,47.05742,
1742690188837,25.22665,2130,,Right,971.1646,838.9449,47.05742,
1742690188837,25.22665,2130,,Center,971.6905,838.9449,47.05742,
1742690188864,25.25375,2132,,Left,1117.141,842.2423,43.62954,
1742690188864,25.25375,2132,,Right,1116.007,842.2423,43.62954,
1742690188864,25.25375,2132,,Center,1116.574,842.2423,43.62954,
1742690188893,25.28172,2134,,Left,1207.723,834.7899,41.25997,
1742690188893,25.28172,2134,,Right,1206.523,834.7899,41.25997,
1742690188893,25.28172,2134,,Center,1207.123,834.7899,41.25997,
1742690188920,25.30987,2136,,Left,1218.18,821.5148,41.00585,
1742690188920,25.30987,2136,,Right,1216.973,821.5148,41.00585,
1742690188920,25.30987,2136,,Center,1217.577,821.5148,41.00585,
1742690188948,25.33716,2138,,Left,1235.176,812.8894,40.56106,
1742690188948,25.33716,2138,,Right,1233.956,812.8894,40.56106,
1742690188948,25.33716,2138,,Center,1234.566,812.8894,40.56106,
1742690188976,25.36511,2140,,Left,1233.626,813.2715,40.60227,
1742690188976,25.36511,2140,,Right,1232.407,813.2715,40.60227,
1742690188976,25.36511,2140,,Center,1233.016,813.2714,40.60226,
1742690189004,25.394,2142,,Left,1226.138,811.9996,40.8046,
1742690189004,25.394,2142,,Right,1224.925,811.9996,40.8046,
1742690189005,25.394,2142,,Center,1225.531,811.9996,40.8046,
1742690189031,25.42098,2144,,Left,1221.054,811.9297,40.94099,
1742690189031,25.42098,2144,,Right,1219.845,811.9297,40.94099,
1742690189032,25.42098,2144,,Center,1220.449,811.9297,40.94099,
1742690189060,25.4488,2146,,Left,1216.085,816.8384,41.06835,
1742690189060,25.4488,2146,,Right,1214.88,816.8384,41.06835,
1742690189060,25.4488,2146,,Center,1215.482,816.8384,41.06835,
1742690189088,25.47667,2148,,Left,1197.253,816.5823,41.57381,
1742690189088,25.47667,2148,,Right,1196.063,816.5823,41.57381,
1742690189088,25.47667,2148,,Center,1196.658,816.5823,41.57381,
1742690189116,25.50452,2150,,Left,1195.441,817.9093,41.62046,
1742690189116,25.50452,2150,,Right,1194.251,817.9093,41.62046,
1742690189116,25.50452,2150,,Center,1194.846,817.9093,41.62045,
1742690189143,25.53239,2152,,Left,1186.413,816.4422,41.86373,
1742690189144,25.53239,2152,,Right,1185.231,816.4422,41.86373,
1742690189144,25.53239,2152,,Center,1185.822,816.4422,41.86373,
1742690189172,25.56093,2154,,Left,1179.683,817.0181,42.04282,
1742690189172,25.56093,2154,,Right,1178.506,817.0181,42.04282,
1742690189172,25.56093,2154,,Center,1179.094,817.0181,42.04282,
1742690189199,25.58842,2156,,Left,1185.928,816.1078,41.87748,
1742690189199,25.58842,2156,,Right,1184.746,816.1078,41.87748,
1742690189199,25.58842,2156,,Center,1185.337,816.1078,41.87748,
1742690189227,25.61604,2158,,Left,1175.226,813.2122,42.16719,
1742690189227,25.61604,2158,,Right,1174.052,813.2122,42.16718,
1742690189227,25.61604,2158,,Center,1174.639,813.2122,42.16719,
1742690189255,25.64408,2160,,Left,1176.69,814.9406,42.12603,
1742690189255,25.64408,2160,,Right,1175.515,814.9406,42.12603,
1742690189255,25.64408,2160,,Center,1176.102,814.9406,42.12603,
1742690189283,25.67208,2162,,Left,1168.305,817.0098,42.34643,
1742690189283,25.67208,2162,,Right,1167.136,817.0098,42.34643,
1742690189283,25.67208,2162,,Center,1167.72,817.0098,42.34643,
1742690189310,25.69896,2164,,Left,1163.205,817.8979,42.48015,
1742690189310,25.69896,2164,,Right,1162.04,817.8979,42.48015,
1742690189310,25.69896,2164,,Center,1162.622,817.8979,42.48014,
1742690189338,25.72776,2166,,Left,1156.058,818.8973,42.66771,
1742690189338,25.72776,2166,,Right,1154.898,818.8973,42.66771,
1742690189338,25.72776,2166,,Center,1155.478,818.8973,42.66771,
1742690189365,25.75461,2168,,Left,1135.757,815.584,43.20729,
1742690189365,25.75461,2168,,Right,1134.611,815.584,43.20729,
1742690189365,25.75461,2168,,Center,1135.184,815.5839,43.20728,
1742690189394,25.78293,2170,,Left,1073.683,814.7524,44.79671,
1742690189394,25.78293,2170,,Right,1072.578,814.7524,44.79671,
1742690189394,25.78293,2170,,Center,1073.13,814.7523,44.79671,
1742690189421,25.81071,2172,,Left,1034.443,792.9396,45.7658,
1742690189421,25.81071,2172,,Right,1033.361,792.9396,45.7658,
1742690189421,25.81071,2172,,Center,1033.902,792.9396,45.7658,
1742690189449,25.83862,2174,,Left,1012.956,791.6532,46.26244,
1742690189449,25.83862,2174,,Right,1011.886,791.6532,46.26244,
1742690189449,25.83862,2174,,Center,1012.421,791.6532,46.26244,
1742690189477,25.86572,2176,,Left,1009.25,806.4133,46.33823,
1742690189477,25.86572,2176,,Right,1008.182,806.4133,46.33823,
1742690189477,25.86572,2176,,Center,1008.716,806.4133,46.33824,
1742690189505,25.89396,2178,,Left,994.5891,805.6209,46.66285,
1742690189505,25.89396,2178,,Right,993.5283,805.6209,46.66285,
1742690189505,25.89396,2178,,Center,994.0586,805.6209,46.66285,
1742690189532,25.92174,2180,,Left,975.5984,808.8727,47.06365,
1742690189532,25.92174,2180,,Right,974.5467,808.8727,47.06365,
1742690189532,25.92174,2180,,Center,975.0723,808.8726,47.06365,
1742690189561,25.94964,2182,,Left,977.1963,808.2121,47.03157,
1742690189561,25.94964,2182,,Right,976.1439,808.2121,47.03157,
1742690189561,25.94964,2182,,Center,976.67,808.2121,47.03157,
1742690189589,25.97762,2184,,Left,958.5352,807.8013,47.41281,
1742690189589,25.97762,2184,,Right,957.4913,807.8013,47.41281,
1742690189589,25.97762,2184,,Center,958.0131,807.8013,47.4128,
1742690189617,26.00604,2186,,Left,943.7993,807.1605,47.69995,
1742690189617,26.00604,2186,,Right,942.7615,807.1605,47.69995,
1742690189617,26.00604,2186,,Center,943.2803,807.1605,47.69995,
1742690189644,26.033,2188,,Left,937.2097,806.2473,47.82494,
1742690189644,26.033,2188,,Right,936.1747,806.2473,47.82494,
1742690189644,26.033,2188,,Center,936.6921,806.2473,47.82494,
1742690189672,26.06141,2190,,Left,934.0986,807.5856,47.88032,
1742690189672,26.06141,2190,,Right,933.0648,807.5856,47.88032,
1742690189672,26.06141,2190,,Center,933.5816,807.5856,47.88031,
1742690189700,26.08953,2192,,Left,929.0637,807.9252,47.97183,
1742690189700,26.08953,2192,,Right,928.0318,807.9252,47.97183,
1742690189700,26.08953,2192,,Center,928.5476,807.9252,47.97182,
1742690189728,26.11692,2194,,Left,920.2761,808.847,48.12656,
1742690189728,26.11692,2194,,Right,919.2476,808.847,48.12656,
1742690189728,26.11692,2194,,Center,919.7618,808.847,48.12656,
1742690189756,26.1447,2196,,Left,922.437,809.7746,48.08758,
1742690189756,26.1447,2196,,Right,921.4077,809.7746,48.08758,
1742690189756,26.1447,2196,,Center,921.9223,809.7746,48.08758,
1742690189784,26.17303,2198,,Left,925.475,810.6968,48.03255,
1742690189784,26.17303,2198,,Right,924.4446,810.6968,48.03255,
1742690189784,26.17303,2198,,Center,924.9597,810.6968,48.03255,
1742690189811,26.19999,2200,,Left,927.9708,811.696,47.98633,
1742690189811,26.19999,2200,,Right,926.9394,811.696,47.98633,
1742690189811,26.19999,2200,,Center,927.4551,811.696,47.98633,
1742690189839,26.22838,2202,,Left,931.0283,816.1201,47.92273,
1742690189839,26.22838,2202,,Right,929.9954,816.1201,47.92274,
1742690189839,26.22838,2202,,Center,930.5118,816.1201,47.92274,
1742690189867,26.25648,2204,,Left,846.5718,806.9726,49.21197,
1742690189867,26.25648,2204,,Right,845.566,806.9726,49.21197,
1742690189867,26.25648,2204,,Center,846.0688,806.9726,49.21197,
1742690189895,26.2843,2206,,Left,845.3872,804.8376,49.22839,
1742690189895,26.2843,2206,,Right,844.3818,804.8376,49.22839,
1742690189895,26.2843,2206,,Center,844.8845,804.8376,49.22839,
1742690189923,26.31236,2208,,Left,845.7463,803.8572,49.22516,
1742690189923,26.31236,2208,,Right,844.7408,803.8572,49.22516,
1742690189923,26.31236,2208,,Center,845.2437,803.8572,49.22516,
1742690189951,26.34051,2210,,Left,846.3366,803.6135,49.2185,
1742690189951,26.34051,2210,,Right,845.331,803.6135,49.21849,
1742690189951,26.34051,2210,,Center,845.8338,803.6135,49.21849,
1742690189979,26.36741,2212,,Left,848.4055,805.1621,49.19232,
1742690189979,26.36741,2212,,Right,847.3994,805.1621,49.19233,
1742690189979,26.36741,2212,,Center,847.9025,805.1621,49.19232,
1742690190006,26.39565,2214,,Left,854.5405,806.3417,49.11582,
1742690190006,26.39565,2214,,Right,853.5327,806.3417,49.11581,
1742690190006,26.39565,2214,,Center,854.0364,806.3417,49.11581,
1742690190034,26.42348,2216,,Left,858.1375,804.7081,49.07281,
1742690190034,26.42348,2216,,Right,857.1288,804.7081,49.0728,
1742690190034,26.42348,2216,,Center,857.6331,804.7081,49.07281,
1742690190062,26.45153,2218,,Left,865.8499,803.1309,48.97417,
1742690190062,26.45153,2218,,Right,864.8391,803.1309,48.97416,
1742690190062,26.45153,2218,,Center,865.3443,803.1309,48.97416,
1742690190090,26.4795,2220,,Left,885.5954,803.1281,48.69518,
1742690190090,26.4795,2220,,Right,884.579,803.1281,48.69518,
1742690190090,26.4795,2220,,Center,885.0871,803.1281,48.69518,
1742690190118,26.50769,2222,,Left,890.7142,803.3827,48.61782,
1742690190118,26.50769,2222,,Right,889.6962,803.3827,48.61782,
1742690190118,26.50769,2222,,Center,890.2052,803.3827,48.61782,
1742690190146,26.53455,2224,,Left,767.4451,802.1473,49.86904,
1742690190146,26.53455,2224,,Right,766.4526,802.1473,49.86903,
1742690190146,26.53455,2224,,Center,766.9489,802.1473,49.86903,
1742690190174,26.56257,2226,,Left,783.1855,801.9171,49.7857,
1742690190174,26.56257,2226,,Right,782.1912,801.9171,49.7857,
1742690190174,26.56257,2226,,Center,782.6884,801.9171,49.7857,
1742690190202,26.59107,2228,,Left,646.2681,799.7261,49.71107,
1742690190202,26.59107,2228,,Right,645.2725,799.7261,49.71106,
1742690190202,26.59107,2228,,Center,645.7702,799.7261,49.71107,
1742690190229,26.61868,2230,,Left,510.4022,764.2568,47.92106,
1742690190229,26.61868,2230,,Right,509.3693,764.2568,47.92106,
1742690190229,26.61868,2230,,Center,509.8858,764.2568,47.92105,
1742690190257,26.64595,2232,,Left,503.1146,763.8884,47.78682,
1742690190257,26.64595,2232,,Right,502.0788,763.8884,47.78682,
1742690190257,26.64595,2232,,Center,502.5966,763.8884,47.78681,
1742690190285,26.67423,2234,,Left,520.0411,747.2865,48.03954,
1742690190285,26.67423,2234,,Right,519.0107,747.2865,48.03954,
1742690190285,26.67423,2234,,Center,519.5259,747.2866,48.03955,
1742690190312,26.7013,2236,,Left,533.6688,735.4809,48.21789,
1742690190312,26.7013,2236,,Right,532.6423,735.4809,48.21788,
1742690190312,26.7013,2236,,Center,533.1556,735.4809,48.21789,
1742690190340,26.72979,2238,,Left,542.384,734.5797,48.3534,
1742690190340,26.72979,2238,,Right,541.3604,734.5797,48.3534,
1742690190340,26.72979,2238,,Center,541.8723,734.5797,48.3534,
1742690190368,26.75766,2240,,Left,555.9389,734.7501,48.56125,
1742690190368,26.75766,2240,,Right,554.9197,734.7501,48.56125,
1742690190368,26.75766,2240,,Center,555.4294,734.7501,48.56125,
1742690190395,26.7856,2242,,Left,562.998,735.1401,48.66554,
1742690190395,26.7856,2242,,Right,561.981,735.1401,48.66554,
1742690190395,26.7856,2242,,Center,562.4895,735.1401,48.66554,
1742690190424,26.81259,2244,,Left,565.4541,729.2552,48.66842,
1742690190424,26.81259,2244,,Right,564.4371,729.2552,48.66843,
1742690190424,26.81259,2244,,Center,564.9457,729.2552,48.66842,
1742690190451,26.84114,2246,,Left,569.2927,729.9471,48.72556,
1742690190452,26.84114,2246,,Right,568.2768,729.9471,48.72556,
1742690190452,26.84114,2246,,Center,568.7848,729.9471,48.72556,
1742690190479,26.86824,2248,,Left,594.4687,736.1068,49.07837,
1742690190479,26.86824,2248,,Right,593.4601,736.1068,49.07837,
1742690190479,26.86824,2248,,Center,593.9645,736.1068,49.07837,
1742690190507,26.89624,2250,,Left,601.686,735.7486,49.15852,
1742690190507,26.89624,2250,,Right,600.6791,735.7486,49.15852,
1742690190507,26.89624,2250,,Center,601.1826,735.7486,49.15852,
1742690190535,26.92468,2252,,Left,608.1785,735.9749,49.2294,
1742690190535,26.92468,2252,,Right,607.1731,735.9748,49.2294,
1742690190535,26.92468,2252,,Center,607.6758,735.9749,49.2294,
1742690190562,26.95273,2254,,Left,609.2495,735.7366,49.23906,
1742690190562,26.95273,2254,,Right,608.2443,735.7366,49.23907,
1742690190562,26.95273,2254,,Center,608.7469,735.7367,49.23906,
1742690190591,26.97952,2256,,Left,613.6235,733.4099,49.27089,
1742690190591,26.97952,2256,,Right,612.619,733.4098,49.27089,
1742690190591,26.97952,2256,,Center,613.1213,733.4099,49.27089,
1742690190618,27.00788,2258,,Left,624.4969,732.202,49.36744,
1742690190619,27.00788,2258,,Right,623.4942,732.202,49.36744,
1742690190619,27.00788,2258,,Center,623.9955,732.202,49.36744,
1742690190646,27.03507,2260,,Left,632.0114,730.4229,49.42252,
1742690190646,27.03507,2260,,Right,631.0099,730.4229,49.42252,
1742690190646,27.03507,2260,,Center,631.5106,730.4229,49.42252,
1742690190674,27.06414,2262,,Left,636.9541,732.0807,49.47187,
1742690190674,27.06414,2262,,Right,635.9537,732.0807,49.47187,
1742690190674,27.06414,2262,,Center,636.4538,732.0808,49.47187,
1742690190702,27.09135,2264,,Left,671.602,657.0829,49.00344,
1742690190702,27.09135,2264,,Right,670.5919,657.0829,49.00343,
1742690190702,27.09135,2264,,Center,671.0969,657.0829,49.00344,
1742690190729,27.11923,2266,,Left,694.6331,602.1799,48.27795,
1742690190729,27.11923,2266,,Right,693.6078,602.1799,48.27794,
1742690190729,27.11923,2266,,Center,694.1205,602.1801,48.27795,
1742690190758,27.14632,2268,,Left,703.8475,599.7201,48.254,
1742690190758,27.14632,2268,,Right,702.8217,599.7201,48.254,
1742690190758,27.14632,2268,,Center,703.3347,599.7202,48.25401,
1742690190785,27.17483,2270,,Left,702.6732,601.0751,48.27536,
1742690190785,27.17483,2270,,Right,701.6478,601.0751,48.27536,
1742690190785,27.17483,2270,,Center,702.1605,601.0751,48.27536,
1742690190813,27.20221,2272,,Left,702.7025,603.9493,48.32375,
1742690190813,27.20221,2272,,Right,701.6783,603.9493,48.32375,
1742690190813,27.20221,2272,,Center,702.1904,603.9493,48.32375,
1742690190841,27.2304,2274,,Left,705.4625,605.7916,48.35841,
1742690190841,27.2304,2274,,Right,704.439,605.7916,48.35841,
1742690190841,27.2304,2274,,Center,704.9506,605.7917,48.35841,
1742690190869,27.25862,2276,,Left,706.108,606.2318,48.36656,
1742690190869,27.25862,2276,,Right,705.0847,606.2318,48.36656,
1742690190869,27.25862,2276,,Center,705.5964,606.2318,48.36656,
1742690190896,27.28631,2278,,Left,708.3873,607.7414,48.39413,
1742690190896,27.28631,2278,,Right,707.3645,607.7414,48.39412,
1742690190896,27.28631,2278,,Center,707.876,607.7415,48.39413,
1742690190925,27.31372,2280,,Left,708.7495,610.9053,48.44595,
1742690190925,27.31372,2280,,Right,707.7278,610.9053,48.44595,
1742690190925,27.31372,2280,,Center,708.2386,610.9053,48.44595,
1742690190952,27.3416,2282,,Left,711.2378,611.1151,48.4517,
1742690190952,27.3416,2282,,Right,710.2162,611.1151,48.4517,
1742690190952,27.3416,2282,,Center,710.727,611.1152,48.4517,
1742690190980,27.36886,2284,,Left,712.933,610.8196,48.44826,
1742690190980,27.36886,2284,,Right,711.9114,610.8196,48.44826,
1742690190980,27.36886,2284,,Center,712.4222,610.8197,48.44826,
1742690191008,27.39705,2286,,Left,710.7685,606.8806,48.3825,
1742690191008,27.39705,2286,,Right,709.7455,606.8806,48.3825,
1742690191008,27.39705,2286,,Center,710.257,606.8806,48.3825,
1742690191036,27.42571,2288,,Left,711.0543,607.4554,48.39228,
1742690191036,27.42571,2288,,Right,710.0314,607.4554,48.39228,
1742690191036,27.42571,2288,,Center,710.543,607.4554,48.39228,
1742690191063,27.45312,2290,,Left,712.0712,606.1979,48.37231,
1742690191063,27.45312,2290,,Right,711.0479,606.1979,48.37231,
1742690191064,27.45312,2290,,Center,711.5595,606.1979,48.37231,
1742690191092,27.48076,2292,,Left,711.2133,607.6897,48.39593,
1742690191092,27.48076,2292,,Right,710.1906,607.6897,48.39594,
1742690191092,27.48076,2292,,Center,710.702,607.6897,48.39594,
1742690191120,27.50929,2294,,Left,718.9528,611.4594,48.46056,
1742690191120,27.50929,2294,,Right,717.9314,611.4594,48.46056,
1742690191120,27.50929,2294,,Center,718.4421,611.4594,48.46056,
1742690191147,27.53628,2296,,Left,723.733,607.8616,48.40168,
1742690191147,27.53628,2296,,Right,722.7103,607.8616,48.40169,
1742690191147,27.53628,2296,,Center,723.2216,607.8616,48.40168,
1742690191175,27.56431,2298,,Left,723.1286,607.8223,48.40098,
1742690191175,27.56431,2298,,Right,722.106,607.8223,48.40098,
1742690191175,27.56431,2298,,Center,722.6172,607.8223,48.40097,
1742690191203,27.59325,2300,,Left,722.5625,611.4998,48.46067,
1742690191204,27.59325,2300,,Right,721.5411,611.4998,48.46067,
1742690191204,27.59325,2300,,Center,722.0517,611.4999,48.46066,
1742690191231,27.6203,2302,,Left,722.2673,608.6606,48.41474,
1742690191231,27.6203,2302,,Right,721.2449,608.6606,48.41474,
1742690191231,27.6203,2302,,Center,721.756,608.6606,48.41474,
1742690191259,27.64782,2304,,Left,718.4007,608.4978,48.41206,
1742690191259,27.64782,2304,,Right,717.3783,608.4978,48.41206,
1742690191259,27.64782,2304,,Center,717.8895,608.4978,48.41206,
1742690191287,27.67624,2306,,Left,717.1933,607.7283,48.39932,
1742690191287,27.67624,2306,,Right,716.1706,607.7283,48.39932,
1742690191287,27.67624,2306,,Center,716.6819,607.7283,48.39932,
1742690191315,27.70407,2308,,Left,718.2066,607.6775,48.39888,
1742690191315,27.70407,2308,,Right,717.1839,607.6775,48.39888,
1742690191315,27.70407,2308,,Center,717.6953,607.6776,48.39887,
1742690191343,27.73165,2310,,Left,717.551,608.1949,48.40712,
1742690191343,27.73165,2310,,Right,716.5284,608.1949,48.40712,
1742690191343,27.73165,2310,,Center,717.0397,608.1949,48.40712,
1742690191371,27.76037,2312,,Left,716.4208,607.8933,48.40211,
1742690191371,27.76037,2312,,Right,715.3982,607.8933,48.4021,
1742690191371,27.76037,2312,,Center,715.9095,607.8934,48.4021,
1742690191398,27.78768,2314,,Left,718.2956,610.0024,48.43718,
1742690191398,27.78768,2314,,Right,717.2737,610.0024,48.43718,
1742690191398,27.78768,2314,,Center,717.7847,610.0024,48.43718,
1742690191427,27.81549,2316,,Left,717.0557,610.3292,48.44236,
1742690191427,27.81549,2316,,Right,716.034,610.3292,48.44235,
1742690191427,27.81549,2316,,Center,716.5449,610.3293,48.44236,
1742690191454,27.84348,2318,,Left,717.918,610.2048,48.4407,
1742690191454,27.84348,2318,,Right,716.8962,610.2048,48.4407,
1742690191454,27.84348,2318,,Center,717.4072,610.2048,48.4407,
1742690191482,27.87115,2320,,Left,718.0717,610.1906,48.44055,
1742690191482,27.87115,2320,,Right,717.0498,610.1906,48.44055,
1742690191482,27.87115,2320,,Center,717.5608,610.1906,48.44055,
1742690191509,27.89844,2322,,Left,718.1434,610.3462,48.44304,
1742690191509,27.89844,2322,,Right,717.1216,610.3462,48.44305,
1742690191509,27.89844,2322,,Center,717.6324,610.3463,48.44304,
1742690191537,27.9271,2324,,Left,717.7903,610.4467,48.44474,
1742690191537,27.9271,2324,,Right,716.7686,610.4467,48.44474,
1742690191537,27.9271,2324,,Center,717.2795,610.4467,48.44474,
1742690191565,27.95448,2326,,Left,714.5433,610.4546,48.44358,
1742690191565,27.95448,2326,,Right,713.5215,610.4546,48.44358,
1742690191565,27.95448,2326,,Center,714.0325,610.4547,48.44358,
1742690191593,27.98228,2328,,Left,714.3408,610.5594,48.44508,
1742690191593,27.98228,2328,,Right,713.3191,610.5594,48.44507,
1742690191593,27.98228,2328,,Center,713.8299,610.5595,48.44508,
1742690191621,28.01033,2330,,Left,713.787,610.4014,48.44211,
1742690191621,28.01033,2330,,Right,712.7653,610.4014,48.44211,
1742690191621,28.01033,2330,,Center,713.2762,610.4015,48.44211,
1742690191649,28.03788,2332,,Left,712.907,610.1606,48.43755,
1742690191649,28.03788,2332,,Right,711.8851,610.1606,48.43755,
1742690191649,28.03788,2332,,Center,712.396,610.1607,48.43754,
1742690191677,28.06607,2334,,Left,713.2871,607.1685,48.38891,
1742690191677,28.06607,2334,,Right,712.2643,607.1685,48.38891,
1742690191677,28.06607,2334,,Center,712.7757,607.1685,48.38891,
1742690191705,28.09499,2336,,Left,712.8897,606.7108,48.38111,
1742690191705,28.09499,2336,,Right,711.8666,606.7108,48.38111,
1742690191705,28.09499,2336,,Center,712.3781,606.7108,48.38111,
1742690191732,28.12172,2338,,Left,713.1767,604.9005,48.35126,
1742690191732,28.12172,2338,,Right,712.153,604.9005,48.35126,
1742690191732,28.12172,2338,,Center,712.665,604.9005,48.35127,
1742690191760,28.14939,2340,,Left,715.9667,607.0995,48.3889,
1742690191760,28.14939,2340,,Right,714.9438,607.0995,48.38889,
1742690191760,28.14939,2340,,Center,715.4553,607.0996,48.3889,
1742690191789,28.17759,2342,,Left,717.3126,608.1738,48.4069,
1742690191789,28.17759,2342,,Right,716.29,608.1738,48.4069,
1742690191789,28.17759,2342,,Center,716.8013,608.1738,48.40691,
1742690191816,28.20543,2344,,Left,717.6535,609.3874,48.42673,
1742690191817,28.20543,2344,,Right,716.6314,609.3874,48.42673,
1742690191817,28.20543,2344,,Center,717.1425,609.3875,48.42673,
1742690191843,28.23243,2346,,Left,718.0859,610.3095,48.44165,
1742690191843,28.23243,2346,,Right,717.064,610.3095,48.44165,
1742690191843,28.23243,2346,,Center,717.5749,610.3095,48.44165,
1742690191872,28.26112,2348,,Left,718.282,610.2681,48.44098,
1742690191872,28.26112,2348,,Right,717.2603,610.2681,48.44099,
1742690191872,28.26112,2348,,Center,717.7711,610.2681,48.44099,
1742690191899,28.28875,2350,,Left,721.2477,609.7685,48.43308,
1742690191899,28.28875,2350,,Right,720.2258,609.7685,48.43308,
1742690191899,28.28875,2350,,Center,720.7368,609.7685,48.43308,
1742690191927,28.31627,2352,,Left,720.3703,609.1394,48.42291,
1742690191927,28.31627,2352,,Right,719.3481,609.1394,48.42291,
1742690191927,28.31627,2352,,Center,719.8592,609.1395,48.42291,
1742690191955,28.34419,2354,,Left,720.3553,577.7094,47.87745,
1742690191955,28.34419,2354,,Right,719.3215,577.7094,47.87745,
1742690191955,28.34419,2354,,Center,719.8384,577.7094,47.87745,
1742690191983,28.37219,2356,,Left,725.0864,572.0668,47.77172,
1742690191983,28.37219,2356,,Right,724.0503,572.0668,47.77172,
1742690191983,28.37219,2356,,Center,724.5684,572.0669,47.77171,
1742690192010,28.39925,2358,,Left,725.4683,572.3331,47.77655,
1742690192010,28.39925,2358,,Right,724.4323,572.3331,47.77655,
1742690192010,28.39925,2358,,Center,724.9502,572.3332,47.77655,
1742690192039,28.42823,2360,,Left,725.5778,570.7301,47.74654,
1742690192039,28.42823,2360,,Right,724.5411,570.7301,47.74654,
1742690192039,28.42823,2360,,Center,725.0594,570.7301,47.74654,
1742690192066,28.45563,2362,,Left,730.8371,568.6917,47.7046,
1742690192066,28.45563,2362,,Right,729.7994,568.6917,47.7046,
1742690192066,28.45563,2362,,Center,730.3183,568.6917,47.7046,
1742690192094,28.48345,2364,,Left,731.0022,568.6185,47.70308,
1742690192094,28.48345,2364,,Right,729.9646,568.6185,47.70308,
1742690192094,28.48345,2364,,Center,730.4835,568.6185,47.70309,
1742690192122,28.51156,2366,,Left,735.8636,568.787,47.70097,
1742690192122,28.51156,2366,,Right,734.826,568.787,47.70097,
1742690192123,28.51156,2366,,Center,735.3449,568.7871,47.70097,
1742690192150,28.53951,2368,,Left,735.103,572.2281,47.76687,
1742690192150,28.53951,2368,,Right,734.0667,572.2281,47.76687,
1742690192150,28.53951,2368,,Center,734.5848,572.2281,47.76687,
1742690192178,28.56662,2370,,Left,733.3683,573.1497,47.78621,
1742690192178,28.56662,2370,,Right,732.3325,573.1497,47.78621,
1742690192178,28.56662,2370,,Center,732.8504,573.1498,47.78621,
1742690192206,28.5955,2372,,Left,732.9595,573.2795,47.78917,
1742690192206,28.5955,2372,,Right,731.9238,573.2795,47.78916,
1742690192206,28.5955,2372,,Center,732.4415,573.2796,47.78916,
1742690192233,28.62296,2374,,Left,732.5675,573.355,47.79104,
1742690192233,28.62296,2374,,Right,731.5318,573.355,47.79104,
1742690192233,28.62296,2374,,Center,732.0497,573.355,47.79105,
1742690192261,28.65079,2376,,Left,730.8418,572.0136,47.7675,
1742690192261,28.65079,2376,,Right,729.8057,572.0136,47.7675,
1742690192262,28.65079,2376,,Center,730.3237,572.0136,47.7675,
1742690192290,28.67892,2378,,Left,738.0295,571.954,47.75781,
1742690192290,28.67892,2378,,Right,736.9931,571.954,47.75781,
1742690192290,28.67892,2378,,Center,737.5114,571.9541,47.75782,
1742690192318,28.70706,2380,,Left,741.7905,572.5026,47.7619,
1742690192318,28.70706,2380,,Right,740.7541,572.5026,47.7619,
1742690192318,28.70706,2380,,Center,741.2723,572.5026,47.7619,
1742690192345,28.73392,2382,,Left,741.6854,572.1185,47.75492,
1742690192345,28.73392,2382,,Right,740.6489,572.1185,47.75492,
1742690192345,28.73392,2382,,Center,741.1671,572.1185,47.75492,
1742690192373,28.76215,2384,,Left,741.9194,571.5881,47.74466,
1742690192373,28.76215,2384,,Right,740.8826,571.5881,47.74467,
1742690192373,28.76215,2384,,Center,741.401,571.5881,47.74467,
1742690192401,28.79036,2386,,Left,738.9144,570.5695,47.73061,
1742690192401,28.79036,2386,,Right,737.8774,570.5695,47.73061,
1742690192401,28.79036,2386,,Center,738.3959,570.5695,47.73061,
1742690192429,28.81814,2388,,Left,732.1138,569.0934,47.7114,
1742690192429,28.81814,2388,,Right,731.0764,569.0934,47.7114,
1742690192429,28.81814,2388,,Center,731.595,569.0934,47.7114,
1742690192457,28.84595,2390,,Left,731.8165,568.897,47.70787,
1742690192457,28.84595,2390,,Right,730.7789,568.897,47.70787,
1742690192457,28.84595,2390,,Center,731.2977,568.8971,47.70788,
1742690192485,28.87416,2392,,Left,743.3608,556.8194,47.45772,
1742690192485,28.87416,2392,,Right,742.3178,556.8195,47.45772,
1742690192485,28.87416,2392,,Center,742.8394,556.8195,47.45773,
1742690192512,28.90129,2394,,Left,747.5085,553.338,47.38013,
1742690192512,28.90129,2394,,Right,746.4638,553.338,47.38013,
1742690192512,28.90129,2394,,Center,746.9862,553.3381,47.38013,
1742690192540,28.92929,2396,,Left,747.6523,553.877,47.39042,
1742690192540,28.92929,2396,,Right,746.6078,553.877,47.39042,
1742690192540,28.92929,2396,,Center,747.1301,553.877,47.39042,
1742690192568,28.9575,2398,,Left,747.7974,554.4838,47.40204,
1742690192568,28.9575,2398,,Right,746.7532,554.4838,47.40204,
1742690192568,28.9575,2398,,Center,747.2752,554.4839,47.40204,
1742690192595,28.98537,2400,,Left,743.9534,556.3477,47.44693,
1742690192595,28.98537,2400,,Right,742.9102,556.3477,47.44693,
1742690192595,28.98537,2400,,Center,743.4318,556.3478,47.44693,
1742690192624,29.01263,2402,,Left,744.0835,557.0325,47.46011,
1742690192624,29.01263,2402,,Right,743.0406,557.0325,47.46011,
1742690192624,29.01263,2402,,Center,743.562,557.0326,47.46011,
1742690192651,29.04088,2404,,Left,744.1351,554.4077,47.40816,
1742690192651,29.04088,2404,,Right,743.0911,554.4077,47.40816,
1742690192651,29.04088,2404,,Center,743.6132,554.4078,47.40816,
1742690192679,29.06776,2406,,Left,741.1904,549.745,47.32053,
1742690192679,29.06776,2406,,Right,740.1445,549.745,47.32052,
1742690192679,29.06776,2406,,Center,740.6674,549.745,47.32052,
1742690192707,29.09626,2408,,Left,741.4011,549.9783,47.32476,
1742690192707,29.09626,2408,,Right,740.3552,549.9783,47.32476,
1742690192707,29.09626,2408,,Center,740.8782,549.9784,47.32476,
1742690192735,29.12469,2410,,Left,741.3947,548.7617,47.30029,
1742690192735,29.12469,2410,,Right,740.3482,548.7617,47.30029,
1742690192735,29.12469,2410,,Center,740.8715,548.7617,47.30029,
1742690192763,29.15202,2412,,Left,758.4878,525.4342,46.77491,
1742690192763,29.15202,2412,,Right,757.4296,525.4342,46.77491,
1742690192763,29.15202,2412,,Center,757.9587,525.4343,46.77491,
1742690192791,29.18008,2414,,Left,758.2645,517.6357,46.60759,
1742690192791,29.18008,2414,,Right,757.2025,517.6357,46.60759,
1742690192791,29.18008,2414,,Center,757.7335,517.6358,46.60759,
1742690192819,29.20827,2416,,Left,754.8824,524.5258,46.76608,
1742690192819,29.20827,2416,,Right,753.824,524.5258,46.76608,
1742690192819,29.20827,2416,,Center,754.3531,524.5259,46.76608,
1742690192846,29.23534,2418,,Left,755.0623,522.0636,46.71273,
1742690192846,29.23534,2418,,Right,754.0026,522.0636,46.71273,
1742690192846,29.23534,2418,,Center,754.5324,522.0637,46.71273,
1742690192874,29.26329,2420,,Left,755.2178,522.0919,46.71292,
1742690192874,29.26329,2420,,Right,754.1582,522.0919,46.71292,
1742690192875,29.26329,2420,,Center,754.688,522.092,46.71292,
1742690192902,29.29154,2422,,Left,761.4802,522.304,46.69863,
1742690192902,29.29154,2422,,Right,760.4202,522.304,46.69863,
1742690192902,29.29154,2422,,Center,760.9502,522.304,46.69863,
1742690192929,29.31943,2424,,Left,761.8404,520.8771,46.66669,
1742690192929,29.31943,2424,,Right,760.7797,520.8771,46.66669,
1742690192929,29.31943,2424,,Center,761.3101,520.8771,46.66669,
1742690192958,29.34669,2426,,Left,761.9752,520.905,46.66689,
1742690192958,29.34669,2426,,Right,760.9144,520.905,46.66689,
1742690192958,29.34669,2426,,Center,761.4447,520.905,46.66689,
1742690192986,29.3748,2428,,Left,760.5519,524.4946,46.74869,
1742690192986,29.3748,2428,,Right,759.4931,524.4946,46.74869,
1742690192986,29.3748,2428,,Center,760.0223,524.4947,46.74869,
1742690193013,29.40197,2430,,Left,765.7285,524.0638,46.72189,
1742690193013,29.40197,2430,,Right,764.6691,524.0638,46.72189,
1742690193013,29.40197,2430,,Center,765.1988,524.064,46.72189,
1742690193041,29.43023,2432,,Left,763.2587,523.9136,46.72738,
1742690193041,29.43023,2432,,Right,762.1994,523.9136,46.72738,
1742690193041,29.43023,2432,,Center,762.7291,523.9136,46.72738,
1742690193069,29.45862,2434,,Left,763.4812,523.1162,46.70961,
1742690193069,29.45862,2434,,Right,762.4216,523.1162,46.70961,
1742690193069,29.45862,2434,,Center,762.9514,523.1163,46.70962,
1742690193097,29.48629,2436,,Left,763.0328,524.6635,46.74427,
1742690193097,29.48629,2436,,Right,761.9739,524.6635,46.74427,
1742690193097,29.48629,2436,,Center,762.5034,524.6636,46.74427,
1742690193125,29.51419,2438,,Left,756.6664,524.8058,46.76729,
1742690193125,29.51419,2438,,Right,755.608,524.8058,46.76729,
1742690193125,29.51419,2438,,Center,756.1371,524.8058,46.76729,
1742690193153,29.54232,2440,,Left,754.277,523.5818,46.74778,
1742690193153,29.54232,2440,,Right,753.2182,523.5818,46.74778,
1742690193153,29.54232,2440,,Center,753.7475,523.5818,46.74778,
1742690193181,29.56942,2442,,Left,753.1455,518.7341,46.64616,
1742690193181,29.56942,2442,,Right,752.0844,518.7341,46.64616,
1742690193181,29.56942,2442,,Center,752.615,518.7342,46.64616,
1742690193208,29.59762,2444,,Left,754.7033,517.0052,46.60442,
1742690193208,29.59762,2444,,Right,753.6412,517.0052,46.60442,
1742690193208,29.59762,2444,,Center,754.1722,517.0054,46.60442,
1742690193236,29.62561,2446,,Left,755.2209,516.0011,46.58127,
1742690193236,29.62561,2446,,Right,754.1584,516.0011,46.58127,
1742690193237,29.62561,2446,,Center,754.6896,516.0013,46.58127,
1742690193263,29.65335,2448,,Left,759.8369,516.2058,46.57216,
1742690193263,29.65335,2448,,Right,758.774,516.2058,46.57215,
1742690193263,29.65335,2448,,Center,759.3055,516.2059,46.57216,
1742690193292,29.68071,2450,,Left,763.1436,516.9857,46.57835,
1742690193292,29.68071,2450,,Right,762.0809,516.9857,46.57835,
1742690193292,29.68071,2450,,Center,762.6122,516.9858,46.57836,
1742690193320,29.70887,2452,,Left,764.8826,512.5158,46.47454,
1742690193320,29.70887,2452,,Right,763.8176,512.5158,46.47454,
1742690193320,29.70887,2452,,Center,764.3501,512.5159,46.47454,
1742690193347,29.73621,2454,,Left,768.5478,509.9297,46.40425,
1742690193347,29.73621,2454,,Right,767.4811,509.9297,46.40426,
1742690193347,29.73621,2454,,Center,768.0145,509.9297,46.40426,
1742690193375,29.76439,2456,,Left,773.4001,506.166,46.3018,
1742690193375,29.76439,2456,,Right,772.3311,506.166,46.3018,
1742690193375,29.76439,2456,,Center,772.8656,506.166,46.3018,
1742690193403,29.79288,2458,,Left,773.9562,506.7656,46.31278,
1742690193403,29.79288,2458,,Right,772.8874,506.7656,46.31278,
1742690193403,29.79288,2458,,Center,773.4217,506.7657,46.31279,
1742690193430,29.82029,2460,,Left,774.7474,507.6897,46.32982,
1742690193430,29.82029,2460,,Right,773.679,507.6897,46.32981,
1742690193430,29.82029,2460,,Center,774.2133,507.6898,46.32981,
1742690193459,29.84754,2462,,Left,774.5155,510.4627,46.39193,
1742690193459,29.84754,2462,,Right,773.4485,510.4627,46.39193,
1742690193459,29.84754,2462,,Center,773.982,510.4628,46.39194,
1742690193487,29.87602,2464,,Left,772.8222,516.9203,46.54014,
1742690193487,29.87602,2464,,Right,771.7587,516.9203,46.54014,
1742690193487,29.87602,2464,,Center,772.2903,516.9204,46.54014,
1742690193514,29.90322,2466,,Left,769.4902,520.2178,46.62477,
1742690193514,29.90322,2466,,Right,768.4286,520.2178,46.62476,
1742690193514,29.90322,2466,,Center,768.9595,520.2179,46.62476,
1742690193542,29.93113,2468,,Left,769.5645,520.5273,46.63095,
1742690193542,29.93113,2468,,Right,768.503,520.5273,46.63095,
1742690193542,29.93113,2468,,Center,769.0337,520.5274,46.63095,
1742690193570,29.95975,2470,,Left,771.9016,519.8383,46.60688,
1742690193570,29.95975,2470,,Right,770.8396,519.8383,46.60688,
1742690193570,29.95975,2470,,Center,771.3705,519.8384,46.60688,
1742690193598,29.98736,2472,,Left,773.7084,519.3969,46.59,
1742690193598,29.98736,2472,,Right,772.646,519.3969,46.58999,
1742690193598,29.98736,2472,,Center,773.1772,519.3969,46.59,
1742690193626,30.01486,2474,,Left,773.8114,519.3699,46.589,
1742690193626,30.01486,2474,,Right,772.749,519.3699,46.589,
1742690193626,30.01486,2474,,Center,773.2802,519.37,46.589,
1742690193654,30.04306,2476,,Left,773.9036,520.5067,46.61316,
1742690193654,30.04306,2476,,Right,772.8417,520.5067,46.61316,
1742690193654,30.04306,2476,,Center,773.3726,520.5068,46.61317,
1742690193682,30.07059,2478,,Left,773.8526,522.975,46.66643,
1742690193682,30.07059,2478,,Right,772.792,522.975,46.66643,
1742690193682,30.07059,2478,,Center,773.3222,522.975,46.66643,
1742690193710,30.09859,2480,,Left,769.9802,522.9097,46.68088,
1742690193710,30.09859,2480,,Right,768.9199,522.9097,46.68088,
1742690193710,30.09859,2480,,Center,769.4501,522.9097,46.68087,
1742690193738,30.12741,2482,,Left,769.9601,523.0349,46.68356,
1742690193738,30.12741,2482,,Right,768.8998,523.0349,46.68356,
1742690193738,30.12741,2482,,Center,769.4298,523.035,46.68356,
1742690193765,30.15445,2484,,Left,769.9244,520.7313,46.63431,
1742690193765,30.15445,2484,,Right,768.863,520.7313,46.63431,
1742690193765,30.15445,2484,,Center,769.3937,520.7313,46.63431,
1742690193793,30.18216,2486,,Left,769.6191,520.5269,46.6312,
1742690193793,30.18216,2486,,Right,768.5577,520.5269,46.6312,
1742690193793,30.18216,2486,,Center,769.0883,520.5269,46.6312,
1742690193821,30.20999,2488,,Left,772.9522,522.6968,46.66442,
1742690193821,30.20999,2488,,Right,771.8915,522.6968,46.66442,
1742690193821,30.20999,2488,,Center,772.4219,522.6968,46.66441,
1742690193849,30.23789,2490,,Left,773.0551,523.6523,46.68446,
1742690193849,30.23789,2490,,Right,771.9949,523.6523,46.68446,
1742690193849,30.23789,2490,,Center,772.525,523.6524,46.68446,
1742690193876,30.26495,2492,,Left,773.1093,523.7327,46.68598,
1742690193876,30.26495,2492,,Right,772.0491,523.7327,46.68598,
1742690193876,30.26495,2492,,Center,772.5791,523.7327,46.68598,
1742690193904,30.29411,2494,,Left,773.0726,522.5862,46.6616,
1742690193904,30.29411,2494,,Right,772.0118,522.5862,46.6616,
1742690193904,30.29411,2494,,Center,772.5421,522.5864,46.6616,
1742690193932,30.32121,2496,,Left,778.9205,519.296,46.56507,
1742690193932,30.32121,2496,,Right,777.8575,519.296,46.56507,
1742690193932,30.32121,2496,,Center,778.3889,519.2961,46.56506,
1742690193960,30.34917,2498,,Left,772.9959,518.9204,46.5829,
1742690193960,30.34917,2498,,Right,771.9333,518.9204,46.5829,
1742690193960,30.34917,2498,,Center,772.4646,518.9205,46.5829,
1742690193988,30.37716,2500,,Left,778.2867,519.8384,46.57966,
1742690193988,30.37716,2500,,Right,777.2241,519.8384,46.57965,
1742690193988,30.37716,2500,,Center,777.7554,519.8384,46.57965,
1742690194016,30.40493,2502,,Left,773.0302,520.0218,46.60655,
1742690194016,30.40493,2502,,Right,771.9683,520.0218,46.60654,
1742690194016,30.40493,2502,,Center,772.4992,520.0219,46.60655,
1742690194043,30.43231,2504,,Left,765.0592,518.9985,46.61509,
1742690194043,30.43231,2504,,Right,763.9973,518.9985,46.61509,
1742690194043,30.43231,2504,,Center,764.5283,518.9985,46.61509,
1742690194071,30.46106,2506,,Left,765.0593,519.5222,46.62635,
1742690194071,30.46106,2506,,Right,763.9977,519.5222,46.62635,
1742690194071,30.46106,2506,,Center,764.5284,519.5223,46.62634,
1742690194099,30.48841,2508,,Left,748.5924,520.2095,46.68861,
1742690194099,30.48841,2508,,Right,747.5323,520.2095,46.68861,
1742690194099,30.48841,2508,,Center,748.0624,520.2095,46.68861,
1742690194127,30.51615,2510,,Left,748.3868,530.0001,46.8986,
1742690194127,30.51615,2510,,Right,747.3314,530.0001,46.8986,
1742690194127,30.51615,2510,,Center,747.8591,530.0001,46.8986,
1742690194155,30.54429,2512,,Left,757.232,537.4355,47.03117,
1742690194155,30.54429,2512,,Right,756.1795,537.4355,47.03117,
1742690194155,30.54429,2512,,Center,756.7057,537.4356,47.03117,
1742690194183,30.57221,2514,,Left,757.1773,539.4373,47.07268,
1742690194183,30.57221,2514,,Right,756.1258,539.4373,47.07268,
1742690194183,30.57221,2514,,Center,756.6515,539.4373,47.07268,
1742690194210,30.59928,2516,,Left,759.296,546.8289,47.217,
1742690194210,30.59928,2516,,Right,758.2478,546.8289,47.217,
1742690194210,30.59928,2516,,Center,758.7719,546.8289,47.217,
1742690194239,30.62776,2518,,Left,759.0579,548.6761,47.2547,
1742690194239,30.62776,2518,,Right,758.0104,548.6761,47.2547,
1742690194239,30.62776,2518,,Center,758.5341,548.6762,47.2547,
1742690194266,30.65554,2520,,Left,759.4849,555.6985,47.39302,
1742690194266,30.65554,2520,,Right,758.4406,555.6985,47.39302,
1742690194266,30.65554,2520,,Center,758.9628,555.6986,47.39302,
1742690194294,30.68335,2522,,Left,759.6057,556.0074,47.39875,
1742690194294,30.68335,2522,,Right,758.5614,556.0074,47.39875,
1742690194294,30.68335,2522,,Center,759.0835,556.0075,47.39875,
1742690194322,30.71133,2524,,Left,758.7974,559.6691,47.47313,
1742690194322,30.71133,2524,,Right,757.7548,559.6691,47.47313,
1742690194322,30.71133,2524,,Center,758.276,559.6693,47.47313,
1742690194350,30.7394,2526,,Left,757.761,559.2855,47.4691,
1742690194350,30.7394,2526,,Right,756.7184,559.2855,47.4691,
1742690194350,30.7394,2526,,Center,757.2397,559.2855,47.4691,
1742690194377,30.76624,2528,,Left,753.9969,559.9739,47.49384,
1742690194377,30.76624,2528,,Right,752.9547,559.9739,47.49384,
1742690194377,30.76624,2528,,Center,753.4758,559.9739,47.49384,
1742690194405,30.79463,2530,,Left,753.9006,560.2679,47.49976,
1742690194405,30.79463,2530,,Right,752.8585,560.2679,47.49976,
1742690194405,30.79463,2530,,Center,753.3794,560.2681,47.49976,
1742690194433,30.82246,2532,,Left,755.8114,564.5505,47.5772,
1742690194433,30.82246,2532,,Right,754.7711,564.5505,47.5772,
1742690194433,30.82246,2532,,Center,755.2913,564.5507,47.57721,
1742690194461,30.8503,2534,,Left,755.6158,566.9443,47.62361,
1742690194461,30.8503,2534,,Right,754.5765,566.9443,47.62361,
1742690194461,30.8503,2534,,Center,755.0963,566.9443,47.6236,
1742690194489,30.87815,2536,,Left,755.4279,566.5542,47.6168,
1742690194489,30.87815,2536,,Right,754.3884,566.5542,47.6168,
1742690194489,30.87815,2536,,Center,754.9081,566.5543,47.6168,
1742690194517,30.90622,2538,,Left,753.6741,556.1737,47.42071,
1742690194517,30.90622,2538,,Right,752.6303,556.1737,47.4207,
1742690194517,30.90622,2538,,Center,753.1522,556.1738,47.4207,
1742690194545,30.93336,2540,,Left,753.9338,555.9866,47.41635,
1742690194545,30.93336,2540,,Right,752.8899,555.9866,47.41635,
1742690194545,30.93336,2540,,Center,753.4118,555.9866,47.41636,
1742690194573,30.96194,2542,,Left,754.0764,555.5089,47.40662,
1742690194573,30.96194,2542,,Right,753.0322,555.5089,47.40662,
1742690194573,30.96194,2542,,Center,753.5542,555.509,47.40662,
1742690194600,30.98985,2544,,Left,754.478,554.3099,47.3819,
1742690194600,30.98985,2544,,Right,753.4333,554.3099,47.38189,
1742690194600,30.98985,2544,,Center,753.9556,554.31,47.38188,
1742690194628,31.01759,2546,,Left,752.7004,554.5379,47.39132,
1742690194628,31.01759,2546,,Right,751.6559,554.5379,47.39132,
1742690194628,31.01759,2546,,Center,752.178,554.538,47.39132,
1742690194657,31.04574,2548,,Left,751.9362,554.8359,47.39922,
1742690194657,31.04574,2548,,Right,750.892,554.8359,47.39922,
1742690194657,31.04574,2548,,Center,751.4141,554.8359,47.39922,
1742690194684,31.07355,2550,,Left,751.9904,549.1623,47.2859,
1742690194684,31.07355,2550,,Right,750.9437,549.1623,47.2859,
1742690194684,31.07355,2550,,Center,751.4671,549.1624,47.2859,
1742690194712,31.10068,2552,,Left,754.4983,549.1715,47.27924,
1742690194712,31.10068,2552,,Right,753.4513,549.1715,47.27923,
1742690194712,31.10068,2552,,Center,753.9748,549.1716,47.27924,
1742690194740,31.12893,2554,,Left,754.4858,549.0062,47.27596,
1742690194740,31.12893,2554,,Right,753.4388,549.0062,47.27596,
1742690194740,31.12893,2554,,Center,753.9623,549.0063,47.27595,
1742690194767,31.15692,2556,,Left,754.3817,546.0013,47.21553,
1742690194767,31.15692,2556,,Right,753.3334,546.0013,47.21553,
1742690194767,31.15692,2556,,Center,753.8575,546.0014,47.21554,
1742690194795,31.18473,2558,,Left,754.0065,545.5041,47.20647,
1742690194795,31.18473,2558,,Right,752.9579,545.5041,47.20647,
1742690194796,31.18473,2558,,Center,753.4822,545.5042,47.20647,
1742690194824,31.21282,2560,,Left,751.7626,545.6893,47.21616,
1742690194824,31.21282,2560,,Right,750.7142,545.6893,47.21616,
1742690194824,31.21282,2560,,Center,751.2383,545.6895,47.21615,
1742690194851,31.24098,2562,,Left,751.8671,545.1785,47.20546,
1742690194851,31.24098,2562,,Right,750.8185,545.1785,47.20546,
1742690194851,31.24098,2562,,Center,751.3428,545.1786,47.20546,
1742690194879,31.26773,2564,,Left,753.2729,546.0379,47.21914,
1742690194879,31.26773,2564,,Right,752.2247,546.0379,47.21914,
1742690194879,31.26773,2564,,Center,752.7488,546.038,47.21914,
1742690194907,31.29671,2566,,Left,753.4096,546.3937,47.22592,
1742690194907,31.29671,2566,,Right,752.3615,546.3937,47.22592,
1742690194907,31.29671,2566,,Center,752.8856,546.3937,47.22592,
1742690194935,31.32388,2568,,Left,753.7444,547.0474,47.23819,
1742690194935,31.32388,2568,,Right,752.6966,547.0474,47.23818,
1742690194935,31.32388,2568,,Center,753.2205,547.0475,47.23819,
1742690194962,31.35198,2570,,Left,750.4636,547.746,47.26086,
1742690194962,31.35198,2570,,Right,749.4163,547.746,47.26086,
1742690194962,31.35198,2570,,Center,749.94,547.7462,47.26086,
1742690194990,31.37913,2572,,Left,750.1628,548.7385,47.28159,
1742690194990,31.37913,2572,,Right,749.116,548.7385,47.28159,
1742690194990,31.37913,2572,,Center,749.6394,548.7385,47.28159,
1742690195018,31.40755,2574,,Left,750.7894,549.5295,47.2959,
1742690195018,31.40755,2574,,Right,749.7428,549.5295,47.2959,
1742690195018,31.40755,2574,,Center,750.2661,549.5295,47.2959,
1742690195046,31.43469,2576,,Left,753.6064,555.4271,47.40583,
1742690195046,31.43469,2576,,Right,752.5624,555.4271,47.40583,
1742690195046,31.43469,2576,,Center,753.0845,555.4271,47.40583,
1742690195074,31.46284,2578,,Left,766.1561,557.2738,47.40087,
1742690195074,31.46284,2578,,Right,765.1118,557.2738,47.40087,
1742690195074,31.46284,2578,,Center,765.634,557.2739,47.40087,
1742690195102,31.49117,2580,,Left,765.6958,559.6519,47.44868,
1742690195102,31.49117,2580,,Right,764.6526,559.6519,47.44868,
1742690195102,31.49117,2580,,Center,765.1743,559.6519,47.44869,
1742690195129,31.5191,2582,,Left,765.5656,567.7789,47.60497,
1742690195129,31.5191,2582,,Right,764.5258,567.7789,47.60496,
1742690195129,31.5191,2582,,Center,765.0456,567.7791,47.60497,
1742690195157,31.54605,2584,,Left,760.0129,573.1788,47.72627,
1742690195157,31.54605,2584,,Right,758.9758,573.1788,47.72627,
1742690195157,31.54605,2584,,Center,759.4944,573.1789,47.72627,
1742690195185,31.57445,2586,,Left,753.3893,578.8173,47.85088,
1742690195185,31.57445,2586,,Right,752.3548,578.8173,47.85088,
1742690195185,31.57445,2586,,Center,752.8719,578.8174,47.85088,
1742690195213,31.60167,2588,,Left,752.8692,582.4446,47.91835,
1742690195213,31.60167,2588,,Right,751.8362,582.4446,47.91835,
1742690195213,31.60167,2588,,Center,752.3526,582.4446,47.91834,
1742690195241,31.62988,2590,,Left,752.3091,583.7889,47.94378,
1742690195241,31.62988,2590,,Right,751.2768,583.7889,47.94378,
1742690195241,31.62988,2590,,Center,751.793,583.789,47.94378,
1742690195269,31.65803,2592,,Left,752.77,583.0444,47.92924,
1742690195269,31.65803,2592,,Right,751.7372,583.0444,47.92924,
1742690195269,31.65803,2592,,Center,752.2535,583.0444,47.92925,
1742690195296,31.68609,2594,,Left,747.3798,585.4913,47.98705,
1742690195296,31.68609,2594,,Right,746.3484,585.4913,47.98706,
1742690195296,31.68609,2594,,Center,746.8641,585.4914,47.98706,
1742690195324,31.71305,2596,,Left,747.6927,585.7354,47.99083,
1742690195324,31.71305,2596,,Right,746.6613,585.7354,47.99083,
1742690195324,31.71305,2596,,Center,747.177,585.7355,47.99083,
1742690195352,31.74133,2598,,Left,748.0452,585.9805,47.99453,
1742690195352,31.74133,2598,,Right,747.0139,585.9805,47.99453,
1742690195352,31.74133,2598,,Center,747.5295,585.9805,47.99453,
1742690195380,31.76855,2600,,Left,749.5967,586.3397,47.99729,
1742690195380,31.76855,2600,,Right,748.5654,586.3397,47.99729,
1742690195380,31.76855,2600,,Center,749.081,586.3398,47.99729,
1742690195408,31.79671,2602,,Left,749.3934,586.6427,48.00312,
1742690195408,31.79671,2602,,Right,748.3623,586.6427,48.00311,
1742690195408,31.79671,2602,,Center,748.8779,586.6428,48.00311,
1742690195436,31.82505,2604,,Left,749.6183,586.2884,47.99643,
1742690195436,31.82505,2604,,Right,748.587,586.2884,47.99643,
1742690195436,31.82505,2604,,Center,749.1026,586.2885,47.99643,
1742690195463,31.85285,2606,,Left,749.8464,585.6546,47.98478,
1742690195463,31.85285,2606,,Right,748.8149,585.6546,47.98478,
1742690195463,31.85285,2606,,Center,749.3307,585.6546,47.98478,
1742690195491,31.88012,2608,,Left,749.975,585.1196,47.97499,
1742690195491,31.88012,2608,,Right,748.9432,585.1196,47.97499,
1742690195491,31.88012,2608,,Center,749.459,585.1196,47.97498,
1742690195519,31.90824,2610,,Left,750.2371,584.7396,47.96758,
1742690195519,31.90824,2610,,Right,749.2053,584.7396,47.96758,
1742690195519,31.90824,2610,,Center,749.7212,584.7397,47.96758,
1742690195547,31.93558,2612,,Left,750.205,584.553,47.96439,
1742690195547,31.93558,2612,,Right,749.173,584.553,47.96439,
1742690195547,31.93558,2612,,Center,749.6889,584.5531,47.96439,
1742690195575,31.96386,2614,,Left,750.3126,580.83,47.89695,
1742690195575,31.96386,2614,,Right,749.2792,580.83,47.89695,
1742690195575,31.96386,2614,,Center,749.796,580.83,47.89695,
1742690195603,31.99229,2616,,Left,750.319,580.3218,47.88783,
1742690195603,31.99229,2616,,Right,749.2854,580.3218,47.88783,
1742690195603,31.99229,2616,,Center,749.8021,580.3218,47.88783,
1742690195630,32.01994,2618,,Left,750.7326,580.2411,47.88533,
1742690195630,32.01994,2618,,Right,749.699,580.2411,47.88533,
1742690195630,32.01994,2618,,Center,750.2158,580.2413,47.88533,
1742690195658,32.04715,2620,,Left,750.7286,580.1881,47.8843,
1742690195658,32.04715,2620,,Right,749.6948,580.1881,47.8843,
1742690195658,32.04715,2620,,Center,750.2117,580.1882,47.8843,
1742690195686,32.07524,2622,,Left,750.7566,580.5646,47.89098,
1742690195686,32.07524,2622,,Right,749.723,580.5646,47.89098,
1742690195686,32.07524,2622,,Center,750.2398,580.5646,47.89098,
1742690195714,32.10261,2624,,Left,750.1912,575.4988,47.7994,
1742690195714,32.10261,2624,,Right,749.1556,575.4988,47.7994,
1742690195714,32.10261,2624,,Center,749.6734,575.499,47.79939,
1742690195742,32.1307,2626,,Left,750.475,574.0582,47.77185,
1742690195742,32.1307,2626,,Right,749.4388,574.0582,47.77185,
1742690195742,32.1307,2626,,Center,749.9569,574.0582,47.77184,
1742690195770,32.15945,2628,,Left,750.8923,574.2119,47.77362,
1742690195770,32.15945,2628,,Right,749.8563,574.2119,47.77362,
1742690195770,32.15945,2628,,Center,750.3745,574.212,47.77363,
1742690195797,32.18676,2630,,Left,749.3242,574.0721,47.77489,
1742690195797,32.18676,2630,,Right,748.2881,574.0721,47.77489,
1742690195797,32.18676,2630,,Center,748.8062,574.0722,47.77489,
1742690195826,32.21443,2632,,Left,727.2451,549.7723,47.33704,
1742690195826,32.21443,2632,,Right,726.1995,549.7723,47.33704,
1742690195826,32.21443,2632,,Center,726.7224,549.7724,47.33704,
1742690195853,32.24257,2634,,Left,663.6985,495.5761,46.0472,
1742690195853,32.24257,2634,,Right,662.6236,495.5761,46.04721,
1742690195853,32.24257,2634,,Center,663.161,495.5762,46.0472,
1742690195882,32.27017,2636,,Left,660.1409,489.429,45.89137,
1742690195882,32.27017,2636,,Right,659.0623,489.429,45.89137,
1742690195882,32.27017,2636,,Center,659.6016,489.4291,45.89137,
1742690195909,32.29895,2638,,Left,659.972,489.0618,45.88221,
1742690195909,32.29895,2638,,Right,658.8932,489.0618,45.88221,
1742690195909,32.29895,2638,,Center,659.4327,489.0619,45.88221,
1742690195936,32.32623,2640,,Left,659.1282,482.7961,45.73403,
1742690195937,32.32623,2640,,Right,658.0459,482.7961,45.73403,
1742690195937,32.32623,2640,,Center,658.5872,482.7961,45.73404,
1742690195964,32.35443,2642,,Left,657.3265,482.1407,45.71051,
1742690195964,32.35443,2642,,Right,656.2437,482.1407,45.71051,
1742690195964,32.35443,2642,,Center,656.7852,482.1408,45.71051,
1742690195992,32.38125,2644,,Left,657.1689,482.3603,45.7149,
1742690195992,32.38125,2644,,Right,656.0861,482.3603,45.7149,
1742690195992,32.38125,2644,,Center,656.6275,482.3603,45.7149,
1742690196020,32.40919,2646,,Left,654.9629,484.1551,45.74582,
1742690196020,32.40919,2646,,Right,653.8809,484.1551,45.74581,
1742690196020,32.40919,2646,,Center,654.4218,484.1552,45.74581,
1742690196048,32.43693,2648,,Left,654.1912,485.3549,45.76966,
1742690196048,32.43693,2648,,Right,653.1098,485.3549,45.76966,
1742690196048,32.43693,2648,,Center,653.6506,485.355,45.76966,
1742690196076,32.46494,2650,,Left,649.6539,485.3258,45.74559,
1742690196076,32.46494,2650,,Right,648.572,485.3258,45.74559,
1742690196076,32.46494,2650,,Center,649.1129,485.3259,45.74559,
1742690196104,32.49413,2652,,Left,649.7291,484.9173,45.73666,
1742690196104,32.49413,2652,,Right,648.6468,484.9173,45.73666,
1742690196104,32.49413,2652,,Center,649.1879,484.9174,45.73666,
1742690196132,32.5213,2654,,Left,647.624,481.0421,45.63597,
1742690196132,32.5213,2654,,Right,646.5394,481.0421,45.63597,
1742690196132,32.5213,2654,,Center,647.0818,481.0421,45.63597,
1742690196160,32.54873,2656,,Left,645.8645,480.4184,45.61188,
1742690196160,32.54873,2656,,Right,644.7793,480.4184,45.61187,
1742690196160,32.54873,2656,,Center,645.3218,480.4185,45.61187,
1742690196188,32.57688,2658,,Left,644.0267,479.7376,45.58578,
1742690196188,32.57688,2658,,Right,642.9409,479.7376,45.58578,
1742690196188,32.57688,2658,,Center,643.4838,479.7377,45.58578,
1742690196216,32.60466,2660,,Left,641.0533,476.9669,45.50433,
1742690196216,32.60466,2660,,Right,639.9655,476.9668,45.50434,
1742690196216,32.60466,2660,,Center,640.5095,476.967,45.50434,
1742690196244,32.63266,2662,,Left,620.5837,420.9287,44.02577,
1742690196244,32.63266,2662,,Right,619.4595,420.9287,44.02577,
1742690196244,32.63266,2662,,Center,620.0216,420.9289,44.02577,
1742690196272,32.66142,2664,,Left,620.9347,420.3705,44.01436,
1742690196272,32.66142,2664,,Right,619.8101,420.3705,44.01436,
1742690196272,32.66142,2664,,Center,620.3724,420.3705,44.01436,
1742690196299,32.68852,2666,,Left,619.4293,414.0844,43.8479,
1742690196299,32.68852,2666,,Right,618.3005,414.0844,43.8479,
1742690196299,32.68852,2666,,Center,618.8649,414.0844,43.8479,
1742690196327,32.7163,2668,,Left,619.4295,417.5421,43.93391,
1742690196327,32.7163,2668,,Right,618.3029,417.5421,43.93391,
1742690196327,32.7163,2668,,Center,618.8661,417.5422,43.93391,
1742690196355,32.74405,2670,,Left,626.3213,415.187,43.9198,
1742690196355,32.74405,2670,,Right,625.1943,415.187,43.9198,
1742690196355,32.74405,2670,,Center,625.7578,415.187,43.9198,
1742690196383,32.77209,2672,,Left,626.3355,415.8348,43.93606,
1742690196383,32.77209,2672,,Right,625.2089,415.8348,43.93605,
1742690196383,32.77209,2672,,Center,625.7722,415.835,43.93606,
1742690196410,32.7991,2674,,Left,626.6714,415.8627,43.93884,
1742690196410,32.7991,2674,,Right,625.5449,415.8627,43.93884,
1742690196410,32.7991,2674,,Center,626.1082,415.8628,43.93884,
1742690196438,32.82806,2676,,Left,621.8151,415.2968,43.8936,
1742690196438,32.82806,2676,,Right,620.6874,415.2968,43.8936,
1742690196438,32.82806,2676,,Center,621.2513,415.2968,43.8936,
1742690196466,32.85504,2678,,Left,619.8544,416.0508,43.89942,
1742690196466,32.85504,2678,,Right,618.7268,416.0508,43.89943,
1742690196466,32.85504,2678,,Center,619.2906,416.0509,43.89942,
1742690196494,32.88297,2680,,Left,618.7449,420.8275,44.01064,
1742690196494,32.88297,2680,,Right,617.6202,420.8275,44.01064,
1742690196494,32.88297,2680,,Center,618.1826,420.8276,44.01064,
1742690196522,32.91095,2682,,Left,618.1892,421.2242,44.01664,
1742690196522,32.91095,2682,,Right,617.0647,421.2242,44.01664,
1742690196522,32.91095,2682,,Center,617.627,421.2243,44.01664,
1742690196550,32.93893,2684,,Left,617.7325,420.9682,44.00719,
1742690196550,32.93893,2684,,Right,616.6077,420.9682,44.00719,
1742690196550,32.93893,2684,,Center,617.1702,420.9683,44.00719,
1742690196577,32.96597,2686,,Left,617.722,419.6074,43.97347,
1742690196577,32.96597,2686,,Right,616.5964,419.6074,43.97347,
1742690196577,32.96597,2686,,Center,617.1592,419.6075,43.97347,
1742690196605,32.99471,2688,,Left,617.6346,419.4791,43.96972,
1742690196605,32.99471,2688,,Right,616.509,419.4791,43.96972,
1742690196605,32.99471,2688,,Center,617.0717,419.4792,43.96972,
1742690196632,33.02198,2690,,Left,611.8943,413.0354,43.76952,
1742690196632,33.02198,2690,,Right,610.7634,413.0354,43.76952,
1742690196632,33.02198,2690,,Center,611.329,413.0355,43.76952,
1742690196661,33.04979,2692,,Left,617.1471,419.2103,43.95973,
1742690196661,33.04979,2692,,Right,616.0211,419.2103,43.95973,
1742690196661,33.04979,2692,,Center,616.5842,419.2104,43.95973,
1742690196689,33.07793,2694,,Left,616.9161,411.6642,43.77037,
1742690196689,33.07793,2694,,Right,615.7852,411.6642,43.77037,
1742690196689,33.07793,2694,,Center,616.3506,411.6643,43.77037,
1742690196717,33.10608,2696,,Left,619.1652,411.3276,43.77706,
1742690196717,33.10608,2696,,Right,618.0346,411.3276,43.77706,
1742690196717,33.10608,2696,,Center,618.6,411.3277,43.77707,
1742690196744,33.13303,2698,,Left,620.0731,409.2889,43.73202,
1742690196744,33.13303,2698,,Right,618.9413,409.2889,43.73202,
1742690196744,33.13303,2698,,Center,619.5072,409.289,43.73202,
1742690196772,33.16224,2700,,Left,620.1602,409.5168,43.73834,
1742690196772,33.16224,2700,,Right,619.0285,409.5168,43.73834,
1742690196772,33.16224,2700,,Center,619.5943,409.5169,43.73834,
1742690196800,33.18942,2702,,Left,686.7804,410.6003,44.06169,
1742690196800,33.18942,2702,,Right,685.657,410.6003,44.06169,
1742690196800,33.18942,2702,,Center,686.2187,410.6003,44.06169,
1742690196828,33.21706,2704,,Left,686.3984,409.9528,44.0442,
1742690196828,33.21706,2704,,Right,685.2746,409.9528,44.0442,
1742690196828,33.21706,2704,,Center,685.8365,409.9529,44.0442,
1742690196856,33.24511,2706,,Left,685.0762,410.4421,44.05359,
1742690196856,33.24511,2706,,Right,683.9526,410.4421,44.05359,
1742690196856,33.24511,2706,,Center,684.5144,410.4422,44.0536,
1742690196884,33.27327,2708,,Left,685.186,410.7202,44.06094,
1742690196884,33.27327,2708,,Right,684.0626,410.7202,44.06094,
1742690196884,33.27327,2708,,Center,684.6243,410.7203,44.06094,
1742690196911,33.30038,2710,,Left,685.469,414.3391,44.15385,
1742690196912,33.30038,2710,,Right,684.348,414.3391,44.15384,
1742690196912,33.30038,2710,,Center,684.9084,414.3392,44.15384,
1742690196939,33.329,2712,,Left,685.5621,414.5789,44.16011,
1742690196939,33.329,2712,,Right,684.4412,414.5789,44.16011,
1742690196939,33.329,2712,,Center,685.0017,414.5791,44.16011,
1742690196967,33.35637,2714,,Left,686.5079,412.8284,44.11774,
1742690196967,33.35637,2714,,Right,685.386,412.8284,44.11774,
1742690196967,33.35637,2714,,Center,685.947,412.8285,44.11774,
1742690196995,33.38472,2716,,Left,683.7202,412.6594,44.10683,
1742690196995,33.38472,2716,,Right,682.598,412.6594,44.10683,
1742690196995,33.38472,2716,,Center,683.1591,412.6595,44.10683,
1742690197023,33.41267,2718,,Left,679.8906,411.7083,44.07262,
1742690197024,33.41267,2718,,Right,678.7675,411.7083,44.07262,
1742690197024,33.41267,2718,,Center,679.329,411.7084,44.07262,
1742690197051,33.44062,2720,,Left,679.434,412.2766,44.08585,
1742690197051,33.44062,2720,,Right,678.3113,412.2766,44.08585,
1742690197051,33.44062,2720,,Center,678.8727,412.2767,44.08585,
1742690197079,33.46763,2722,,Left,679.8172,412.9518,44.10407,
1742690197079,33.46763,2722,,Right,678.6949,412.9518,44.10407,
1742690197079,33.46763,2722,,Center,679.2561,412.9518,44.10407,
1742690197107,33.49623,2724,,Left,679.9137,413.3011,44.11318,
1742690197107,33.49623,2724,,Right,678.7917,413.3011,44.11318,
1742690197107,33.49623,2724,,Center,679.3527,413.3012,44.11317,
1742690197135,33.52401,2726,,Left,683.2949,416.2063,44.19587,
1742690197135,33.52401,2726,,Right,682.175,416.2063,44.19586,
1742690197135,33.52401,2726,,Center,682.735,416.2064,44.19587,
1742690197163,33.55163,2728,,Left,683.1563,417.4442,44.22704,
1742690197163,33.55163,2728,,Right,682.0371,417.4442,44.22704,
1742690197163,33.55163,2728,,Center,682.5966,417.4443,44.22704,
1742690197191,33.57967,2730,,Left,683.1255,415.9533,44.18921,
1742690197191,33.57967,2730,,Right,682.0054,415.9533,44.18921,
1742690197191,33.57967,2730,,Center,682.5655,415.9535,44.18921,
1742690197218,33.60794,2732,,Left,681.5073,415.6362,44.17701,
1742690197218,33.60794,2732,,Right,680.3869,415.6362,44.17701,
1742690197218,33.60794,2732,,Center,680.9471,415.6363,44.17701,
1742690197246,33.63488,2734,,Left,686.2062,415.613,44.18808,
1742690197246,33.63488,2734,,Right,685.0861,415.613,44.18809,
1742690197246,33.63488,2734,,Center,685.6462,415.613,44.18809,
1742690197274,33.66273,2736,,Left,686.2424,415.5358,44.18625,
1742690197274,33.66273,2736,,Right,685.1223,415.5358,44.18625,
1742690197274,33.66273,2736,,Center,685.6824,415.5359,44.18625,
1742690197302,33.69117,2738,,Left,682.4549,462.2126,45.3337,
1742690197302,33.69117,2738,,Right,681.363,462.2126,45.3337,
1742690197302,33.69117,2738,,Center,681.9091,462.2127,45.33369,
1742690197329,33.71902,2740,,Left,678.9833,492.2279,46.0285,
1742690197329,33.71902,2740,,Right,677.908,492.2279,46.0285,
1742690197329,33.71902,2740,,Center,678.4457,492.228,46.0285,
1742690197357,33.74586,2742,,Left,679.0675,501.756,46.24495,
1742690197357,33.74586,2742,,Right,677.9972,501.756,46.24494,
1742690197357,33.74586,2742,,Center,678.5323,501.7561,46.24494,
1742690197385,33.77437,2744,,Left,679.6765,502.454,46.26259,
1742690197385,33.77437,2744,,Right,678.6065,502.454,46.26259,
1742690197385,33.77437,2744,,Center,679.1415,502.4541,46.26259,
1742690197413,33.80156,2746,,Left,679.7956,503.645,46.28963,
1742690197413,33.80156,2746,,Right,678.7263,503.645,46.28963,
1742690197413,33.80156,2746,,Center,679.2609,503.6451,46.28963,
1742690197441,33.82973,2748,,Left,679.1965,502.6552,46.26552,
1742690197441,33.82973,2748,,Right,678.1266,502.6552,46.26552,
1742690197441,33.82973,2748,,Center,678.6616,502.6552,46.26552,
1742690197469,33.85788,2750,,Left,679.2902,502.8065,46.26922,
1742690197469,33.85788,2750,,Right,678.2205,502.8065,46.26922,
1742690197469,33.85788,2750,,Center,678.7554,502.8066,46.26922,
1742690197496,33.88591,2752,,Left,679.1873,500.9883,46.22801,
1742690197496,33.88591,2752,,Right,678.1166,500.9883,46.22801,
1742690197496,33.88591,2752,,Center,678.652,500.9884,46.22801,
1742690197524,33.91273,2754,,Left,685.5336,500.0175,46.22477,
1742690197524,33.91273,2754,,Right,684.4628,500.0175,46.22477,
1742690197524,33.91273,2754,,Center,684.9982,500.0175,46.22477,
1742690197552,33.9412,2756,,Left,685.3958,500.101,46.22629,
1742690197552,33.9412,2756,,Right,684.325,500.101,46.22629,
1742690197552,33.9412,2756,,Center,684.8604,500.1011,46.22629,
1742690197580,33.96846,2758,,Left,676.4705,500.0928,46.19886,
1742690197580,33.96846,2758,,Right,675.399,500.0928,46.19886,
1742690197580,33.96846,2758,,Center,675.9346,500.0929,46.19885,
1742690197608,33.99654,2760,,Left,676.5866,499.7181,46.19079,
1742690197608,33.99654,2760,,Right,675.515,499.7181,46.19079,
1742690197608,33.99654,2760,,Center,676.0508,499.7182,46.19078,
1742690197636,34.02486,2762,,Left,674.0074,504.9883,46.29993,
1742690197636,34.02486,2762,,Right,672.9384,504.9883,46.29993,
1742690197636,34.02486,2762,,Center,673.4728,504.9883,46.29993,
1742690197663,34.05272,2764,,Left,673.91,500.7738,46.20517,
1742690197663,34.05272,2764,,Right,672.8387,500.7738,46.20517,
1742690197663,34.05272,2764,,Center,673.3743,500.7739,46.20517,
1742690197691,34.07999,2766,,Left,674.8794,506.0078,46.32577,
1742690197691,34.07999,2766,,Right,673.8109,506.0078,46.32577,
1742690197691,34.07999,2766,,Center,674.3451,506.0078,46.32577,
1742690197719,34.1082,2768,,Left,677.8608,506.0285,46.33639,
1742690197719,34.1082,2768,,Right,676.7926,506.0285,46.33639,
1742690197719,34.1082,2768,,Center,677.3267,506.0285,46.33639,
1742690197747,34.13568,2770,,Left,678.8269,505.7411,46.33317,
1742690197747,34.13568,2770,,Right,677.7586,505.7411,46.33317,
1742690197747,34.13568,2770,,Center,678.2927,505.7412,46.33317,
1742690197775,34.1638,2772,,Left,685.6754,498.2998,46.18628,
1742690197775,34.1638,2772,,Right,684.6037,498.2998,46.18628,
1742690197775,34.1638,2772,,Center,685.1396,498.2999,46.18628,
1742690197803,34.19233,2774,,Left,685.8494,498.4539,46.19022,
1742690197803,34.19233,2774,,Right,684.7778,498.4539,46.19022,
1742690197803,34.19233,2774,,Center,685.3135,498.454,46.19021,
1742690197830,34.21944,2776,,Left,685.8586,498.6257,46.1941,
1742690197830,34.21944,2776,,Right,684.7871,498.6257,46.1941,
1742690197830,34.21944,2776,,Center,685.3229,498.6258,46.1941,
1742690197859,34.24754,2778,,Left,679.7565,498.4507,46.17243,
1742690197859,34.24754,2778,,Right,678.6846,498.4507,46.17244,
1742690197859,34.24754,2778,,Center,679.2206,498.4507,46.17244,
1742690197886,34.27563,2780,,Left,679.426,497.3413,46.1463,
1742690197886,34.27563,2780,,Right,678.3534,497.3413,46.1463,
1742690197886,34.27563,2780,,Center,678.8896,497.3414,46.1463,
1742690197914,34.30279,2782,,Left,679.2512,497.188,46.14223,
1742690197914,34.30279,2782,,Right,678.1785,497.188,46.14223,
1742690197914,34.30279,2782,,Center,678.7148,497.1881,46.14223,
1742690197942,34.33089,2784,,Left,680.2597,497.7445,46.15802,
1742690197942,34.33089,2784,,Right,679.1873,497.7445,46.15801,
1742690197942,34.33089,2784,,Center,679.7235,497.7445,46.15801,
1742690197970,34.35951,2786,,Left,680.1785,497.8819,46.16085,
1742690197970,34.35951,2786,,Right,679.1062,497.8819,46.16086,
1742690197970,34.35951,2786,,Center,679.6423,497.882,46.16086,
1742690197997,34.3869,2788,,Left,680.5558,498.2302,46.16993,
1742690197997,34.3869,2788,,Right,679.4838,498.2302,46.16993,
1742690197998,34.3869,2788,,Center,680.0198,498.2303,46.16993,
1742690198026,34.41457,2790,,Left,680.8204,497.6108,46.15668,
1742690198026,34.41457,2790,,Right,679.748,497.6108,46.15668,
1742690198026,34.41457,2790,,Center,680.2841,497.6109,46.15668,
1742690198054,34.44281,2792,,Left,678.6257,497.2968,46.14267,
1742690198054,34.44281,2792,,Right,677.5531,497.2968,46.14267,
1742690198054,34.44281,2792,,Center,678.0894,497.2969,46.14267,
1742690198082,34.47047,2794,,Left,678.727,500.4094,46.21337,
1742690198082,34.47047,2794,,Right,677.6559,500.4094,46.21338,
1742690198082,34.47047,2794,,Center,678.1915,500.4095,46.21338,
1742690198109,34.49825,2796,,Left,678.7218,501.3329,46.23417,
1742690198109,34.49825,2796,,Right,677.6512,501.3329,46.23417,
1742690198109,34.49825,2796,,Center,678.1864,501.333,46.23416,
1742690198137,34.527,2798,,Left,678.6625,501.2138,46.23125,
1742690198137,34.527,2798,,Right,677.5919,501.2138,46.23125,
1742690198137,34.527,2798,,Center,678.1271,501.2139,46.23125,
1742690198165,34.55401,2800,,Left,705.259,529.3433,46.90689,
1742690198165,34.55401,2800,,Right,704.2038,529.3433,46.90689,
1742690198165,34.55401,2800,,Center,704.7314,529.3433,46.9069,
1742690198193,34.58192,2802,,Left,715.1027,543.06,47.2015,
1742690198193,34.58192,2802,,Right,714.0541,543.06,47.2015,
1742690198193,34.58192,2802,,Center,714.5784,543.0601,47.2015,
1742690198221,34.60995,2804,,Left,778.0179,575.4232,47.69461,
1742690198221,34.60995,2804,,Right,776.9802,575.4232,47.69461,
1742690198221,34.60995,2804,,Center,777.4989,575.4233,47.6946,
1742690198249,34.63758,2806,,Left,777.7826,575.5361,47.69785,
1742690198249,34.63758,2806,,Right,776.7449,575.5361,47.69784,
1742690198249,34.63758,2806,,Center,777.2635,575.5363,47.69784,
1742690198277,34.66557,2808,,Left,777.6848,575.567,47.69893,
1742690198277,34.66557,2808,,Right,776.6472,575.567,47.69893,
1742690198277,34.66557,2808,,Center,777.1659,575.567,47.69893,
1742690198304,34.69423,2810,,Left,773.6099,600.3939,48.15486,
1742690198304,34.69423,2810,,Right,772.5821,600.3939,48.15485,
1742690198305,34.69423,2810,,Center,773.096,600.394,48.15485,
1742690198332,34.72108,2812,,Left,757.528,570.2919,47.6813,
1742690198332,34.72108,2812,,Right,756.4899,570.2919,47.6813,
1742690198332,34.72108,2812,,Center,757.009,570.2919,47.68129,
1742690198360,34.74902,2814,,Left,652.8038,560.5535,47.36082,
1742690198360,34.74902,2814,,Right,651.7587,560.5535,47.36082,
1742690198360,34.74902,2814,,Center,652.2812,560.5535,47.36082,
1742690198388,34.77691,2816,,Left,652.9371,560.6676,47.36375,
1742690198388,34.77691,2816,,Right,651.892,560.6676,47.36375,
1742690198388,34.77691,2816,,Center,652.4146,560.6676,47.36376,
1742690198416,34.80468,2818,,Left,660.6515,632.8319,48.62566,
1742690198416,34.80468,2818,,Right,659.6336,632.8319,48.62566,
1742690198416,34.80468,2818,,Center,660.1425,632.832,48.62566,
1742690198443,34.83178,2820,,Left,697.5778,652.3666,49.03094,
1742690198443,34.83178,2820,,Right,696.5684,652.3666,49.03094,
1742690198443,34.83178,2820,,Center,697.0731,652.3666,49.03093,
1742690198471,34.86016,2822,,Left,697.6381,652.4265,49.03183,
1742690198471,34.86016,2822,,Right,696.6285,652.4265,49.03183,
1742690198471,34.86016,2822,,Center,697.1333,652.4265,49.03183,
1742690198498,34.88787,2824,,Left,765.5248,695.0953,49.4329,
1742690198498,34.88787,2824,,Right,764.5234,695.0953,49.4329,
1742690198498,34.88787,2824,,Center,765.024,695.0953,49.4329,
1742690198527,34.91546,2826,,Left,765.4659,709.804,49.55814,
1742690198527,34.91546,2826,,Right,764.4671,709.804,49.55814,
1742690198527,34.91546,2826,,Center,764.9666,709.8041,49.55814,
1742690198555,34.94369,2828,,Left,765.2584,726.0804,49.67429,
1742690198555,34.94369,2828,,Right,764.262,726.0804,49.67429,
1742690198555,34.94369,2828,,Center,764.7601,726.0804,49.67429,
1742690198583,34.97153,2830,,Left,764.8521,731.0911,49.70657,
1742690198583,34.97153,2830,,Right,763.8564,731.0911,49.70657,
1742690198583,34.97153,2830,,Center,764.3542,731.0911,49.70657,
1742690198611,34.99939,2832,,Left,764.8492,731.3741,49.70823,
1742690198611,34.99939,2832,,Right,763.8534,731.3741,49.70822,
1742690198611,34.99939,2832,,Center,764.3512,731.3741,49.70821,
1742690198639,35.02823,2834,,Left,764.7725,733.0782,49.71836,
1742690198639,35.02823,2834,,Right,763.777,733.0782,49.71836,
1742690198639,35.02823,2834,,Center,764.2748,733.0782,49.71835,
1742690198666,35.05503,2836,,Left,764.3848,735.3234,49.73249,
1742690198666,35.05503,2836,,Right,763.3896,735.3234,49.73249,
1742690198666,35.05503,2836,,Center,763.8872,735.3234,49.73249,
1742690198694,35.08305,2838,,Left,761.589,738.5352,49.76098,
1742690198694,35.08305,2838,,Right,760.5943,738.5352,49.76098,
1742690198694,35.08305,2838,,Center,761.0916,738.5353,49.76098,
1742690198722,35.11104,2840,,Left,761.6743,738.4278,49.76008,
1742690198722,35.11104,2840,,Right,760.6796,738.4278,49.76008,
1742690198722,35.11104,2840,,Center,761.1769,738.4278,49.76008,
1742690198750,35.139,2842,,Left,759.968,742.2219,49.78567,
1742690198750,35.139,2842,,Right,758.9738,742.2219,49.78567,
1742690198750,35.139,2842,,Center,759.4709,742.2219,49.78567,
1742690198777,35.16594,2844,,Left,759.8998,742.0052,49.78487,
1742690198777,35.16594,2844,,Right,758.9056,742.0052,49.78488,
1742690198777,35.16594,2844,,Center,759.4027,742.0052,49.78488,
1742690198805,35.19427,2846,,Left,761.6838,735.6686,49.74547,
1742690198805,35.19427,2846,,Right,760.6888,735.6686,49.74548,
1742690198805,35.19427,2846,,Center,761.1863,735.6686,49.74548,
1742690198832,35.22192,2848,,Left,759.8079,740.5051,49.77789,
1742690198832,35.22192,2848,,Right,758.8135,740.5051,49.77789,
1742690198832,35.22192,2848,,Center,759.3108,740.5051,49.7779,
1742690198861,35.24968,2850,,Left,757.7921,734.3593,49.75299,
1742690198861,35.24968,2850,,Right,756.7974,734.3593,49.75299,
1742690198861,35.24968,2850,,Center,757.2947,734.3593,49.75299,
1742690198889,35.27781,2852,,Left,757.915,734.7649,49.7548,
1742690198889,35.27781,2852,,Right,756.9202,734.7649,49.7548,
1742690198889,35.27781,2852,,Center,757.4176,734.7649,49.7548,
1742690198917,35.30572,2854,,Left,760.8161,732.041,49.72857,
1742690198917,35.30572,2854,,Right,759.8207,732.041,49.72857,
1742690198917,35.30572,2854,,Center,760.3185,732.041,49.72857,
1742690198944,35.33279,2856,,Left,760.864,731.9031,49.72758,
1742690198944,35.33279,2856,,Right,759.8686,731.9031,49.72758,
1742690198944,35.33279,2856,,Center,760.3665,731.9031,49.72758,
1742690198972,35.36162,2858,,Left,761.0225,731.7059,49.72581,
1742690198972,35.36162,2858,,Right,760.027,731.7059,49.72581,
1742690198972,35.36162,2858,,Center,760.5247,731.706,49.72581,
1742690199000,35.38924,2860,,Left,761.1741,731.5494,49.72433,
1742690199000,35.38924,2860,,Right,760.1787,731.5494,49.72433,
1742690199000,35.38924,2860,,Center,760.6764,731.5494,49.72433,
1742690199028,35.41698,2862,,Left,761.4537,734.0508,49.73758,
1742690199028,35.41698,2862,,Right,760.4585,734.0508,49.73758,
1742690199028,35.41698,2862,,Center,760.9561,734.0508,49.73758,
1742690199056,35.44497,2864,,Left,761.5961,735.0044,49.74227,
1742690199056,35.44497,2864,,Right,760.6009,735.0044,49.74227,
1742690199056,35.44497,2864,,Center,761.0985,735.0044,49.74227,
1742690199084,35.47289,2866,,Left,761.7522,734.1095,49.73664,
1742690199084,35.47289,2866,,Right,760.757,734.1095,49.73665,
1742690199084,35.47289,2866,,Center,761.2546,734.1095,49.73665,
1742690199111,35.50027,2868,,Left,762.1533,733.9856,49.73438,
1742690199111,35.50027,2868,,Right,761.1581,733.9856,49.73438,
1742690199111,35.50027,2868,,Center,761.6558,733.9856,49.73438,
1742690199139,35.52835,2870,,Left,767.3652,733.2076,49.70785,
1742690199139,35.52835,2870,,Right,766.3695,733.2076,49.70784,
1742690199139,35.52835,2870,,Center,766.8672,733.2077,49.70784,
1742690199167,35.55616,2872,,Left,768.5679,733.1431,49.7019,
1742690199167,35.55616,2872,,Right,767.572,733.1431,49.70191,
1742690199167,35.55616,2872,,Center,768.0699,733.1432,49.7019,
1742690199195,35.58393,2874,,Left,742.7263,731.9862,49.78262,
1742690199195,35.58393,2874,,Right,741.7321,731.9862,49.78262,
1742690199195,35.58393,2874,,Center,742.2292,731.9862,49.78262,
1742690199223,35.61194,2876,,Left,600.7484,737.494,49.15656,
1742690199223,35.61194,2876,,Right,599.7415,737.494,49.15656,
1742690199223,35.61194,2876,,Center,600.2449,737.494,49.15656,
1742690199251,35.64019,2878,,Left,512.4017,739.1564,47.87067,
1742690199251,35.64019,2878,,Right,511.3677,739.1564,47.87067,
1742690199251,35.64019,2878,,Center,511.8848,739.1564,47.87067,
1742690199278,35.66708,2880,,Left,443.7117,737.443,46.49428,
1742690199278,35.66708,2880,,Right,442.6471,737.443,46.49428,
1742690199278,35.66708,2880,,Center,443.1795,737.443,46.49428,
1742690199306,35.69598,2882,,Left,448.0787,736.4178,46.58382,
1742690199306,35.69598,2882,,Right,447.0161,736.4178,46.58382,
1742690199306,35.69598,2882,,Center,447.5475,736.4178,46.58382,
1742690199334,35.72374,2884,,Left,433.748,719.3917,46.18503,
1742690199334,35.72374,2884,,Right,432.6763,719.3917,46.18503,
1742690199334,35.72374,2884,,Center,433.2122,719.3917,46.18503,
1742690199361,35.75145,2886,,Left,433.0857,719.8016,46.17242,
1742690199361,35.75145,2886,,Right,432.0137,719.8016,46.17242,
1742690199361,35.75145,2886,,Center,432.5498,719.8016,46.17242,
1742690199390,35.77867,2888,,Left,434.2068,720.4167,46.20055,
1742690199390,35.77867,2888,,Right,433.1355,720.4167,46.20055,
1742690199390,35.77867,2888,,Center,433.6712,720.4167,46.20056,
1742690199417,35.807,2890,,Left,445.1241,710.9324,46.38242,
1742690199417,35.807,2890,,Right,444.0569,710.9324,46.38242,
1742690199417,35.807,2890,,Center,444.5904,710.9324,46.38241,
1742690199445,35.83404,2892,,Left,445.1081,708.2424,46.36486,
1742690199445,35.83404,2892,,Right,444.0405,708.2424,46.36486,
1742690199445,35.83404,2892,,Center,444.5742,708.2424,46.36485,
1742690199473,35.86253,2894,,Left,452.4823,710.314,46.53474,
1742690199473,35.86253,2894,,Right,451.4186,710.314,46.53474,
1742690199473,35.86253,2894,,Center,451.9505,710.3141,46.53474,
1742690199501,35.89065,2896,,Left,426.3265,601.632,44.88074,
1742690199501,35.89065,2896,,Right,425.2236,601.632,44.88074,
1742690199501,35.89065,2896,,Center,425.7751,601.6321,44.88074,
1742690199529,35.91837,2898,,Left,406.8723,487.5147,42.64258,
1742690199529,35.91837,2898,,Right,405.7116,487.5147,42.64258,
1742690199529,35.91837,2898,,Center,406.2921,487.5148,42.64258,
1742690199557,35.9462,2900,,Left,421.5463,435.9331,41.9012,
1742690199557,35.9462,2900,,Right,420.365,435.9331,41.9012,
1742690199557,35.9462,2900,,Center,420.9557,435.9332,41.9012,
1742690199585,35.97448,2902,,Left,421.0189,423.6481,41.63882,
1742690199585,35.97448,2902,,Right,419.8301,423.6481,41.63882,
1742690199585,35.97448,2902,,Center,420.4246,423.6482,41.63882,
1742690199613,36.0015,2904,,Left,419.6018,417.7974,41.49321,
1742690199613,36.0015,2904,,Right,418.4088,417.7974,41.49321,
1742690199613,36.0015,2904,,Center,419.0053,417.7975,41.49321,
1742690199640,36.02968,2906,,Left,425.0075,414.3808,41.51179,
1742690199640,36.02968,2906,,Right,423.8151,414.3808,41.51178,
1742690199640,36.02968,2906,,Center,424.4114,414.3809,41.51179,
1742690199668,36.05762,2908,,Left,431.0938,413.3814,41.59069,
1742690199668,36.05762,2908,,Right,429.9037,413.3814,41.59069,
1742690199668,36.05762,2908,,Center,430.4988,413.3815,41.59069,
1742690199696,36.08558,2910,,Left,443.8676,410.2818,41.72861,
1742690199696,36.08558,2910,,Right,442.6814,410.2818,41.72861,
1742690199696,36.08558,2910,,Center,443.2746,410.2819,41.72861,
1742690199724,36.11272,2912,,Left,448.7906,405.5289,41.70142,
1742690199724,36.11272,2912,,Right,447.6037,405.5289,41.70142,
1742690199724,36.11272,2912,,Center,448.1972,405.5291,41.70142,
1742690199752,36.14113,2914,,Left,468.4333,404.183,41.96635,
1742690199752,36.14113,2914,,Right,467.2538,404.183,41.96635,
1742690199752,36.14113,2914,,Center,467.8436,404.1831,41.96635,
1742690199779,36.16819,2916,,Left,471.0941,404.474,42.01156,
1742690199779,36.16819,2916,,Right,469.9159,404.474,42.01156,
1742690199779,36.16819,2916,,Center,470.505,404.4741,42.01156,
1742690199808,36.19675,2918,,Left,477.8051,406.7527,42.15945,
1742690199808,36.19675,2918,,Right,476.631,406.7527,42.15945,
1742690199808,36.19675,2918,,Center,477.2181,406.7528,42.15945,
1742690199835,36.22493,2920,,Left,479.9673,406.6785,42.1884,
1742690199835,36.22493,2920,,Right,478.794,406.6785,42.1884,
1742690199835,36.22493,2920,,Center,479.3807,406.6787,42.1884,
1742690199863,36.25228,2922,,Left,487.7002,408.1606,42.33012,
1742690199863,36.25228,2922,,Right,486.5309,408.1606,42.33012,
1742690199863,36.25228,2922,,Center,487.1156,408.1606,42.33012,
1742690199891,36.28019,2924,,Left,484.0132,406.3447,42.23735,
1742690199891,36.28019,2924,,Right,482.8413,406.3447,42.23735,
1742690199891,36.28019,2924,,Center,483.4273,406.3447,42.23735,
1742690199919,36.30838,2926,,Left,478.736,400.6952,42.0345,
1742690199919,36.30838,2926,,Right,477.5585,400.6952,42.03451,
1742690199919,36.30838,2926,,Center,478.1473,400.6952,42.03451,
1742690199947,36.33552,2928,,Left,471.6097,328.0728,40.24697,
1742690199947,36.33552,2928,,Right,470.3799,328.0728,40.24696,
1742690199947,36.33552,2928,,Center,470.9949,328.0728,40.24696,
1742690199975,36.36359,2930,,Left,496.6394,291.6855,39.66584,
1742690199975,36.36359,2930,,Right,495.3915,291.6855,39.66584,
1742690199975,36.36359,2930,,Center,496.0155,291.6857,39.66584,
1742690200003,36.39202,2932,,Left,498.0014,290.9264,39.6616,
1742690200003,36.39202,2932,,Right,496.7534,290.9264,39.6616,
1742690200003,36.39202,2932,,Center,497.3774,290.9265,39.6616,
1742690200029,36.42017,2934,,Left,497.5018,290.4398,39.64409,
1742690200029,36.42017,2934,,Right,496.2533,290.4398,39.64409,
1742690200030,36.42017,2934,,Center,496.8776,290.4399,39.64409,
1742690200058,36.44648,2936,,Left,495.3764,285.5529,39.50142,
1742690200058,36.44648,2936,,Right,494.1233,285.5529,39.50142,
1742690200058,36.44648,2936,,Center,494.7499,285.553,39.50142,
1742690200085,36.47467,2938,,Left,498.3496,287.3357,39.57743,
1742690200085,36.47467,2938,,Right,497.0989,287.3357,39.57744,
1742690200085,36.47467,2938,,Center,497.7243,287.3358,39.57744,
1742690200113,36.502,2940,,Left,498.5941,285.55,39.53664,
1742690200113,36.502,2940,,Right,497.3422,285.5501,39.53664,
1742690200113,36.502,2940,,Center,497.9681,285.5502,39.53664,
1742690200141,36.53032,2942,,Left,501.3134,283.3969,39.51252,
1742690200141,36.53032,2942,,Right,500.0607,283.3969,39.51252,
1742690200141,36.53032,2942,,Center,500.687,283.3971,39.51252,
1742690200169,36.55897,2944,,Left,502.0141,270.5456,39.20409,
1742690200169,36.55897,2944,,Right,500.7516,270.5456,39.20409,
1742690200169,36.55897,2944,,Center,501.3829,270.5457,39.20409,
1742690200196,36.58631,2946,,Left,516.4517,264.4531,39.19742,
1742690200196,36.58631,2946,,Right,515.1889,264.4531,39.19741,
1742690200196,36.58631,2946,,Center,515.8204,264.4533,39.19742,
1742690200225,36.61356,2948,,Left,516.6417,254.303,38.94688,
1742690200225,36.61356,2948,,Right,515.3707,254.303,38.94688,
1742690200225,36.61356,2948,,Center,516.0061,254.3031,38.94688,
1742690200253,36.64204,2950,,Left,523.0998,254.5331,39.01293,
1742690200253,36.64204,2950,,Right,521.831,254.5331,39.01293,
1742690200253,36.64204,2950,,Center,522.4655,254.5332,39.01293,
1742690200280,36.66914,2952,,Left,527.4859,278.0897,39.64379,
1742690200280,36.66914,2952,,Right,526.2374,278.0897,39.64379,
1742690200280,36.66914,2952,,Center,526.8617,278.0898,39.64379,
1742690200308,36.6973,2954,,Left,530.2876,278.3972,39.67792,
1742690200308,36.6973,2954,,Right,529.0401,278.3972,39.67791,
1742690200308,36.6973,2954,,Center,529.6638,278.3973,39.67792,
1742690200336,36.72603,2956,,Left,533.7244,303.0703,40.33066,
1742690200336,36.72603,2956,,Right,532.4971,303.0703,40.33065,
1742690200336,36.72603,2956,,Center,533.1108,303.0704,40.33066,
1742690200364,36.75322,2958,,Left,729.3293,553.7776,47.41719,
1742690200364,36.75322,2958,,Right,728.2854,553.7776,47.41719,
1742690200364,36.75322,2958,,Center,728.8074,553.7776,47.41718,
1742690200392,36.78092,2960,,Left,728.2248,573.0748,47.79058,
1742690200392,36.78092,2960,,Right,727.1891,573.0748,47.79058,
1742690200392,36.78092,2960,,Center,727.7069,573.0749,47.79058,
1742690200420,36.80941,2962,,Left,710.0288,573.6313,47.79871,
1742690200420,36.80941,2962,,Right,708.9932,573.6313,47.79871,
1742690200420,36.80941,2962,,Center,709.511,573.6313,47.79871,
1742690200448,36.83644,2964,,Left,586.8043,579.2491,47.15582,
1742690200448,36.83644,2964,,Right,585.7546,579.2491,47.15582,
1742690200448,36.83644,2964,,Center,586.2795,579.2491,47.15582,
1742690200476,36.86449,2966,,Left,586.434,613.5423,47.7121,
1742690200476,36.86449,2966,,Right,585.3966,613.5423,47.71209,
1742690200476,36.86449,2966,,Center,585.9153,613.5424,47.7121,
1742690200504,36.8935,2968,,Left,588.0984,614.2843,47.74242,
1742690200504,36.8935,2968,,Right,587.0616,614.2843,47.74242,
1742690200504,36.8935,2968,,Center,587.58,614.2843,47.74242,
1742690200531,36.92059,2970,,Left,628.1765,700.7996,49.17927,
1742690200531,36.92059,2970,,Right,627.17,700.7996,49.17927,
1742690200531,36.92059,2970,,Center,627.6734,700.7996,49.17927,
1742690200559,36.94814,2972,,Left,709.9538,724.9023,49.75839,
1742690200559,36.94814,2972,,Right,708.959,724.9023,49.7584,
1742690200559,36.94814,2972,,Center,709.4564,724.9023,49.75839,
1742690200587,36.97644,2974,,Left,708.9338,726.8241,49.76933,
1742690200587,36.97644,2974,,Right,707.9393,726.8241,49.76933,
1742690200587,36.97644,2974,,Center,708.4365,726.8241,49.76933,
1742690200615,37.00446,2976,,Left,707.0865,725.393,49.75781,
1742690200615,37.00446,2976,,Right,706.0918,725.393,49.75781,
1742690200615,37.00446,2976,,Center,706.5892,725.393,49.75781,
1742690200643,37.0311,2978,,Left,705.7446,726.2681,49.76154,
1742690200643,37.0311,2978,,Right,704.7499,726.2681,49.76154,
1742690200643,37.0311,2978,,Center,705.2473,726.2681,49.76154,
1742690200670,37.06109,2980,,Left,704.6545,726.9578,49.76439,
1742690200670,37.06109,2980,,Right,703.6599,726.9578,49.7644,
1742690200670,37.06109,2980,,Center,704.1572,726.9578,49.7644,
1742690200697,37.08666,2982,,Left,706.6497,726.6096,49.76508,
1742690200697,37.08666,2982,,Right,705.6551,726.6096,49.76508,
1742690200697,37.08666,2982,,Center,706.1524,726.6096,49.76508,
1742690200726,37.11487,2984,,Left,705.6482,732.524,49.79932,
1742690200726,37.11487,2984,,Right,704.6542,732.524,49.79932,
1742690200726,37.11487,2984,,Center,705.1512,732.524,49.79932,
1742690200754,37.14286,2986,,Left,702.524,732.2421,49.79273,
1742690200754,37.14286,2986,,Right,701.53,732.2421,49.79272,
1742690200754,37.14286,2986,,Center,702.027,732.2421,49.79272,
1742690200782,37.17078,2988,,Left,701.0941,733.3141,49.79633,
1742690200782,37.17078,2988,,Right,700.1001,733.3141,49.79633,
1742690200782,37.17078,2988,,Center,700.597,733.3141,49.79634,
1742690200810,37.19856,2990,,Left,694.7629,734.4694,49.78899,
1742690200810,37.19856,2990,,Right,693.7688,734.4694,49.78899,
1742690200810,37.19856,2990,,Center,694.2659,734.4694,49.78899,
1742690200838,37.22702,2992,,Left,693.0934,733.2682,49.77799,
1742690200838,37.22702,2992,,Right,692.0991,733.2682,49.77798,
1742690200838,37.22702,2992,,Center,692.5963,733.2683,49.77798,
1742690200865,37.25454,2994,,Left,694.2562,732.6198,49.77713,
1742690200865,37.25454,2994,,Right,693.2618,732.6198,49.77713,
1742690200865,37.25454,2994,,Center,693.759,732.6198,49.77713,
1742690200893,37.28247,2996,,Left,695.6772,732.8646,49.78189,
1742690200893,37.28247,2996,,Right,694.6829,732.8646,49.78189,
1742690200893,37.28247,2996,,Center,695.1801,732.8646,49.78189,
1742690200922,37.31086,2998,,Left,696.6292,731.5003,49.77618,
1742690200922,37.31086,2998,,Right,695.6348,731.5003,49.77618,
1742690200922,37.31086,2998,,Center,696.132,731.5003,49.77618,
1742690200949,37.33868,3000,,Left,689.9246,731.8231,49.76036,
1742690200949,37.33868,3000,,Right,688.9299,731.8231,49.76036,
1742690200949,37.33868,3000,,Center,689.4272,731.8231,49.76036,
1742690200976,37.3655,3002,,Left,688.9315,732.1601,49.75916,
1742690200976,37.3655,3002,,Right,687.9368,732.1601,49.75916,
1742690200976,37.3655,3002,,Center,688.4342,732.1601,49.75917,
1742690201005,37.39365,3004,,Left,688.7267,733.093,49.76373,
1742690201005,37.39365,3004,,Right,687.7321,733.093,49.76373,
1742690201005,37.39365,3004,,Center,688.2294,733.093,49.76373,
1742690201032,37.4215,3006,,Left,687.8668,734.1153,49.76678,
1742690201032,37.4215,3006,,Right,686.8723,734.1153,49.76678,
1742690201032,37.4215,3006,,Center,687.3695,734.1153,49.76678,
1742690201058,37.44743,3008,,Left,687.5754,734.5679,49.76833,
1742690201058,37.44743,3008,,Right,686.5809,734.5679,49.76833,
1742690201058,37.44743,3008,,Center,687.0782,734.5679,49.76834,
1742690201086,37.47542,3010,,Left,686.8857,734.4869,49.76564,
1742690201086,37.47542,3010,,Right,685.8911,734.4869,49.76564,
1742690201086,37.47542,3010,,Center,686.3884,734.4869,49.76564,
1742690201114,37.5034,3012,,Left,685.1989,735.5657,49.76599,
1742690201114,37.5034,3012,,Right,684.2043,735.5657,49.76599,
1742690201114,37.5034,3012,,Center,684.7016,735.5657,49.76599,
1742690201142,37.53119,3014,,Left,680.2457,736.9185,49.75532,
1742690201142,37.53119,3014,,Right,679.2509,736.9185,49.75532,
1742690201142,37.53119,3014,,Center,679.7484,736.9185,49.75532,
1742690201170,37.55964,3016,,Left,678.9256,737.6921,49.75389,
1742690201170,37.55964,3016,,Right,677.9307,737.6921,49.75389,
1742690201170,37.55964,3016,,Center,678.4282,737.6921,49.75389,
1742690201197,37.5872,3018,,Left,678.5015,737.5908,49.75166,
1742690201197,37.5872,3018,,Right,677.5067,737.5908,49.75166,
1742690201197,37.5872,3018,,Center,678.0041,737.5908,49.75167,
1742690201226,37.61467,3020,,Left,680.5748,737.3552,49.75876,
1742690201226,37.61467,3020,,Right,679.5801,737.3552,49.75876,
1742690201226,37.61467,3020,,Center,680.0775,737.3552,49.75876,
1742690201254,37.64336,3022,,Left,682.8992,738.4833,49.77344,
1742690201254,37.64336,3022,,Right,681.9048,738.4833,49.77344,
1742690201254,37.64336,3022,,Center,682.4021,738.4833,49.77344,
1742690201281,37.67049,3024,,Left,683.7291,737.6371,49.77211,
1742690201281,37.67049,3024,,Right,682.7347,737.6371,49.77211,
1742690201282,37.67049,3024,,Center,683.2319,737.6371,49.77211,
1742690201309,37.69859,3026,,Left,684.3348,737.5957,49.7742,
1742690201310,37.69859,3026,,Right,683.3404,737.5956,49.7742,
1742690201310,37.69859,3026,,Center,683.8376,737.5957,49.7742,
1742690201337,37.72713,3028,,Left,684.485,738.136,49.77757,
1742690201337,37.72713,3028,,Right,683.4906,738.136,49.77757,
1742690201337,37.72713,3028,,Center,683.9878,738.136,49.77757,
1742690201365,37.75465,3030,,Left,681.0493,737.8478,49.76369,
1742690201365,37.75465,3030,,Right,680.0546,737.8478,49.76369,
1742690201365,37.75465,3030,,Center,680.5519,737.8478,49.7637,
1742690201393,37.77389,3031,,Left,683.7786,737.4192,49.77156,
1742690201393,37.77389,3031,,Right,682.7841,737.4192,49.77156,
1742690201393,37.77389,3031,,Center,683.2814,737.4192,49.77156,
1742690201406,37.79664,3032,,Left,683.8901,737.6312,49.77312,
1742690201406,37.79664,3032,,Right,682.8956,737.6312,49.77312,
1742690201406,37.79664,3032,,Center,683.3929,737.6312,49.77312,
1742690201426,37.81873,3034,,Left,680.8344,739.8015,49.77316,
1742690201426,37.81873,3034,,Right,679.8399,739.8015,49.77316,
1742690201426,37.81873,3034,,Center,680.337,739.8015,49.77316,
1742690201457,37.84474,3036,,Left,680.8547,739.3165,49.77089,
1742690201457,37.84474,3036,,Right,679.8602,739.3165,49.77089,
1742690201457,37.84474,3036,,Center,680.3575,739.3165,49.77089,
1742690201480,37.86852,3038,,Left,680.4725,738.4152,49.76493,
1742690201480,37.86852,3038,,Right,679.4779,738.4152,49.76494,
1742690201480,37.86852,3038,,Center,679.9753,738.4152,49.76493,
1742690201494,37.88532,3039,,Left,680.3047,738.0012,49.76221,
1742690201494,37.88532,3039,,Right,679.31,738.0012,49.76222,
1742690201494,37.88532,3039,,Center,679.8073,738.0012,49.76221,
1742690201523,37.91095,3041,,Left,679.9069,737.1456,49.75637,
1742690201523,37.91095,3041,,Right,678.9121,737.1456,49.75637,
1742690201523,37.91095,3041,,Center,679.4095,737.1456,49.75638,
1742690201536,37.92917,3042,,Left,679.7413,736.6966,49.75343,
1742690201536,37.92917,3042,,Right,678.7464,736.6966,49.75343,
1742690201536,37.92917,3042,,Center,679.2438,736.6966,49.75343,
1742690201562,37.95641,3044,,Left,679.8132,735.6335,49.74809,
1742690201562,37.95641,3044,,Right,678.8183,735.6335,49.74808,
1742690201562,37.95641,3044,,Center,679.3158,735.6335,49.74809,
1742690201591,37.97997,3046,,Left,680.0159,735.1057,49.74606,
1742690201591,37.97997,3046,,Right,679.0209,735.1057,49.74606,
1742690201591,37.97997,3046,,Center,679.5184,735.1057,49.74606,
1742690201618,38.00827,3048,,Left,680.1025,735.2664,49.74734,
1742690201618,38.00827,3048,,Right,679.1075,735.2664,49.74734,
1742690201618,38.00827,3048,,Center,679.6049,735.2664,49.74734,
1742690201646,38.03631,3050,,Left,680.1187,735.2725,49.74748,
1742690201646,38.03631,3050,,Right,679.1237,735.2725,49.74748,
1742690201646,38.03631,3050,,Center,679.6212,735.2725,49.74748,
1742690201675,38.06406,3052,,Left,680.1447,735.3685,49.7481,
1742690201675,38.06406,3052,,Right,679.1497,735.3685,49.7481,
1742690201675,38.06406,3052,,Center,679.6472,735.3685,49.7481,
1742690201703,38.09253,3054,,Left,680.2572,735.6329,49.74998,
1742690201703,38.09253,3054,,Right,679.2623,735.6329,49.74998,
1742690201703,38.09253,3054,,Center,679.7598,735.6329,49.74998,
1742690201732,38.12011,3056,,Left,680.1882,735.8513,49.75102,
1742690201732,38.12011,3056,,Right,679.1934,735.8513,49.75102,
1742690201732,38.12011,3056,,Center,679.6908,735.8513,49.75102,
1742690201761,38.15046,3058,,Left,680.0367,735.6114,49.74918,
1742690201761,38.15046,3058,,Right,679.0418,735.6114,49.74918,
1742690201761,38.15046,3058,,Center,679.5393,735.6115,49.74918,
1742690201789,38.17855,3060,,Left,679.8329,735.1145,49.74572,
1742690201789,38.17855,3060,,Right,678.8379,735.1145,49.74572,
1742690201789,38.17855,3060,,Center,679.3354,735.1145,49.74572,
1742690201817,38.20714,3062,,Left,679.5573,734.7045,49.74242,
1742690201817,38.20714,3062,,Right,678.5623,734.7045,49.74242,
1742690201817,38.20714,3062,,Center,679.0597,734.7045,49.74242,
1742690201841,38.23047,3064,,Left,679.6469,734.5968,49.74216,
1742690201841,38.23047,3064,,Right,678.6519,734.5968,49.74216,
1742690201841,38.23047,3064,,Center,679.1494,734.5968,49.74216,
1742690201870,38.25835,3066,,Left,679.9441,734.7261,49.74395,
1742690201870,38.25835,3066,,Right,678.949,734.7261,49.74395,
1742690201870,38.25835,3066,,Center,679.4465,734.7261,49.74394,
1742690201898,38.28695,3068,,Left,680.3611,734.7085,49.74532,
1742690201898,38.28695,3068,,Right,679.3661,734.7085,49.74532,
1742690201898,38.28695,3068,,Center,679.8635,734.7085,49.74532,
1742690201927,38.31623,3070,,Left,681.1732,734.8317,49.74893,
1742690201927,38.31623,3070,,Right,680.1783,734.8317,49.74893,
1742690201927,38.31623,3070,,Center,680.6757,734.8317,49.74893,
1742690201953,38.34377,3072,,Left,682.3101,735.3044,49.75559,
1742690201953,38.34377,3072,,Right,681.3152,735.3044,49.75558,
1742690201953,38.34377,3072,,Center,681.8126,735.3044,49.75558,
1742690201980,38.36884,3074,,Left,683.2492,735.6125,49.76049,
1742690201980,38.36884,3074,,Right,682.2545,735.6125,49.76048,
1742690201980,38.36884,3074,,Center,682.7518,735.6125,49.76049,
1742690202009,38.3974,3076,,Left,683.9157,735.9218,49.76436,
1742690202009,38.3974,3076,,Right,682.9211,735.9218,49.76437,
1742690202009,38.3974,3076,,Center,683.4184,735.9219,49.76436,
1742690202038,38.42764,3078,,Left,684.1193,736.623,49.76867,
1742690202038,38.42764,3078,,Right,683.1248,736.623,49.76867,
1742690202038,38.42764,3078,,Center,683.622,736.623,49.76867,
1742690202064,38.45406,3080,,Left,684.1039,737.2538,49.77188,
1742690202064,38.45406,3080,,Right,683.1094,737.2538,49.77188,
1742690202064,38.45406,3080,,Center,683.6067,737.2538,49.77188,
1742690202092,38.48094,3082,,Left,683.7211,737.2872,49.77065,
1742690202092,38.48094,3082,,Right,682.7266,737.2872,49.77065,
1742690202092,38.48094,3082,,Center,683.2239,737.2872,49.77065,
1742690202119,38.50912,3084,,Left,683.1687,737.5974,49.77032,
1742690202119,38.50912,3084,,Right,682.1742,737.5974,49.77032,
1742690202119,38.50912,3084,,Center,682.6715,737.5974,49.77032,
1742690202144,38.53566,3086,,Left,682.5695,737.6153,49.7683,
1742690202144,38.53566,3086,,Right,681.575,737.6153,49.7683,
1742690202144,38.53566,3086,,Center,682.0723,737.6153,49.7683,
1742690202172,38.56129,3088,,Left,682.1377,737.1549,49.7644,
1742690202172,38.56129,3088,,Right,681.143,737.1549,49.7644,
1742690202172,38.56129,3088,,Center,681.6404,737.155,49.7644,
1742690202199,38.58643,3090,,Left,682.1516,736.819,49.76278,
1742690202199,38.58643,3090,,Right,681.1569,736.819,49.76279,
1742690202199,38.58643,3090,,Center,681.6542,736.819,49.76279,
1742690202228,38.61687,3092,,Left,682.6274,736.6672,49.76384,
1742690202228,38.61687,3092,,Right,681.6328,736.6672,49.76384,
1742690202228,38.61687,3092,,Center,682.1301,736.6672,49.76384,
1742690202257,38.64586,3094,,Left,683.0511,736.4769,49.7645,
1742690202257,38.64586,3094,,Right,682.0565,736.4769,49.7645,
1742690202257,38.64586,3094,,Center,682.5538,736.4769,49.7645,
1742690202283,38.67167,3096,,Left,683.4319,736.0536,49.76373,
1742690202283,38.67167,3096,,Right,682.4373,736.0536,49.76373,
1742690202283,38.67167,3096,,Center,682.9346,736.0536,49.76373,
1742690202312,38.70089,3098,,Left,683.9855,735.9352,49.76517,
1742690202312,38.70089,3098,,Right,682.9909,735.9352,49.76517,
1742690202312,38.70089,3098,,Center,683.4882,735.9352,49.76517,
1742690202341,38.72987,3100,,Left,684.3187,735.9684,49.76661,
1742690202341,38.72987,3100,,Right,683.3241,735.9684,49.76661,
1742690202341,38.72987,3100,,Center,683.8214,735.9684,49.76661,
1742690202370,38.75921,3102,,Left,684.3715,735.8813,49.76638,
1742690202370,38.75921,3102,,Right,683.3768,735.8813,49.76638,
1742690202370,38.75921,3102,,Center,683.8742,735.8813,49.76638,
1742690202399,38.78806,3104,,Left,684.3084,735.699,49.76521,
1742690202399,38.78806,3104,,Right,683.3138,735.699,49.76521,
1742690202399,38.78806,3104,,Center,683.811,735.6991,49.76521,
1742690202426,38.81677,3106,,Left,684.0716,735.6098,49.76386,
1742690202426,38.81677,3106,,Right,683.077,735.6098,49.76386,
1742690202426,38.81677,3106,,Center,683.5742,735.6099,49.76386,
1742690202451,38.84066,3108,,Left,683.9006,735.7693,49.76404,
1742690202451,38.84066,3108,,Right,682.906,735.7693,49.76404,
1742690202451,38.84066,3108,,Center,683.4033,735.7693,49.76403,
1742690202480,38.86832,3110,,Left,683.5487,736.3762,49.76602,
1742690202480,38.86832,3110,,Right,682.5542,736.3762,49.76602,
1742690202480,38.86832,3110,,Center,683.0515,736.3762,49.76602,
1742690202508,38.8972,3112,,Left,683.4214,736.796,49.76774,
1742690202508,38.8972,3112,,Right,682.4268,736.796,49.76773,
1742690202508,38.8972,3112,,Center,682.9241,736.7961,49.76773,
1742690202537,38.92678,3114,,Left,683.377,737.2275,49.76974,
1742690202537,38.92678,3114,,Right,682.3824,737.2275,49.7697