TimeStamp,Delta_TP9,Delta_AF7,Delta_AF8,Delta_TP10,Theta_TP9,Theta_AF7,Theta_AF8,Theta_TP10,Alpha_TP9,Alpha_AF7,Alpha_AF8,Alpha_TP10,Beta_TP9,Beta_AF7,Beta_AF8,Beta_TP10,Gamma_TP9,Gamma_AF7,Gamma_AF8,Gamma_TP10,RAW_TP9,RAW_AF7,RAW_AF8,RAW_TP10,AUX_RIGHT,AUX_LEFT,Accelerometer_X,Accelerometer_Y,Accelerometer_Z,Gyro_X,Gyro_Y,Gyro_Z,HeadBandOn,HSI_TP9,HSI_AF7,HSI_AF8,HSI_TP10,Battery,Elements
2025-03-24 14:46:21.456,,,,,,,,,,,,,,,,,,,,,,,,,,,,,,,,,,,,,,,/muse/event/connected MuseS-9CF6
2025-03-24 14:46:21.959,0.5116736468706764,-0.1330492559966608,-0.09724056091917831,0.7979810398109838,-0.09158651088822743,-0.2477023388476066,-0.494730834577881,0.01439247299580733,0.6867333925318285,0.1667018582354845,-0.229374679164042,0.7218110794254837,0.31417986310654,-0.07726666189146769,-0.3467150327378514,0.2283390134982118,-0.1465043002759294,-0.5170960210611456,-0.7743815952454723,-0.4423405146520898,817.5457875457876,805.8608058608058,811.5018315018315,815.1282051282052,840.9157509157509,656.3736263736264,-0.069580,0.079712,0.997864,1.540222,-0.037384,-2.392578,1,1,1,1,1,97.000000
2025-03-24 14:46:22.456,0.6120935196345723,-0.3643474653057327,0.1626033183357043,0.8280826065121438,-0.05493210284604479,-0.2385837475479178,-0.4039058483062414,0.01471304306802966,0.6867333925318285,0.2216451039023898,-0.06339949091847133,0.6921535332379127,0.3542045561802817,0.005856820545666306,-0.3466114960465481,0.2374042838917106,-0.2123518011349523,-0.4773257272216253,-0.6290501809262017,-0.4468209539027607,816.7399267399268,798.6080586080586,799.4139194139194,828.021978021978,781.6849816849817,550.8058608058608,-0.115356,0.092957,0.984802,-4.216919,6.968384,5.495453,1,1,1,1,1,97.000000
2025-03-24 14:46:22.956,0.8466976494324403,-0.2004817621547866,0.7444394239234243,0.9468285264560686,0.06047880685646209,-0.1996448368871678,-0.2368898147247836,-0.1199369688928533,0.6679688152592979,0.2216451039023898,-0.01101785270527095,0.6764200099617567,0.3962710976669874,0.09431501472635551,-0.3292288721388717,0.2042245638839625,-0.2134778582512422,-0.144622770332661,-0.4734949868418324,-0.4523308252171245,811.0989010989011,779.2673992673992,845.3479853479854,832.8571428571429,850.5860805860806,881.6117216117217,-0.161926,-0.042542,0.990662,-11.402130,2.684174,24.950104,1,1,1,1,1,97.000000
2025-03-24 14:46:23.458,0.8468107748775455,0.5375041593713744,0.9928073768714142,0.9468285264560686,0.09162013572328577,-0.04205431681674412,-0.07070752687276771,-0.1199369688928533,0.6630202529586326,0.1690956213091874,-0.0953406396787652,0.6764200099617567,0.3730544772615449,0.06317428106726915,-0.2536810368113027,0.2042245638839625,-0.2244588394063446,0.002497255280670523,-0.2978477799956663,-0.4523308252171245,819.1575091575091,809.4871794871796,801.4285714285714,801.8315018315019,857.032967032967,739.7802197802198,-0.182373,-0.107056,0.985779,-1.742096,-3.880463,-2.444916,1,1,1,1,1,97.000000
2025-03-24 14:46:23.957,1.016500856252492,0.6362768665276376,1.159675890335248,0.9468285264560686,0.4031387805892969,-0.059917210948121,0.003718697803649882,-0.1199369688928533,0.3540670706107074,0.08997634350004086,-0.1280130678929678,0.6764200099617567,0.3849680854087622,0.06614045783312371,-0.2829311743216347,0.2042245638839625,-0.1791239273191761,0.01514415762285405,-0.2057612145677677,-0.4523308252171245,807.8754578754579,798.6080586080586,807.4725274725275,809.4871794871796,941.6483516483516,810.2930402930403,-0.192444,-0.088074,0.967041,5.966492,0.194397,-13.204041,1,1,1,1,1,97.000000
2025-03-24 14:46:24.456,0.7867479069515078,0.6359680449756061,1.159675890335248,0.3982520567325257,0.183317634279051,-0.1084285117680742,0.003718697803649882,-0.127871364344051,0.3664380297494882,0.06506265527367602,-0.1280130678929678,0.1206483867860604,0.4098276145405122,0.06487931584347902,-0.2829311743216347,0.0977078129702299,-0.1996952424497633,-0.124212357206743,-0.2057612145677677,-0.4184418399987881,798.2051282051282,796.1904761904763,803.8461538461539,805.4578754578755,784.5054945054945,680.952380952381,-0.186157,-0.113403,0.988342,5.951538,0.635529,-13.091888,1,1,1,1,1,97.000000
2025-03-24 14:46:24.956,0.6341115716917186,0.3528923915898967,0.2451874832384068,0.5371432895260172,0.1198898233496742,-0.3558045679949626,-0.4338693729269143,-0.002362536733266807,0.3877992927699744,0.08877178807069262,-0.06780427121137975,0.3238942549219764,0.3911849536370013,0.04063318221646083,-0.149721089300348,0.08519394962308575,-0.07525219665558415,-0.3481000954960736,-0.4565030610515144,-0.2197081587028548,800.2197802197802,797.8021978021978,806.6666666666667,799.4139194139194,834.8717948717949,568.9377289377289,-0.204468,0.039978,0.971680,12.314301,-5.031891,-12.007751,1,1,1,1,1,97.000000
2025-03-24 14:46:25.456,0.06842346800539628,-0.09574214020526803,0.100985971509711,0.7430080843046546,-0.1318728065072969,-0.2675335070923881,-0.4629732676732655,0.1680446068664395,0.3254102026932996,0.1066585120979699,-0.02477038882898272,0.5501642879719523,0.391075696386325,0.04826975768319611,-0.2020101441047988,0.1471343787574085,-0.07346133268276431,-0.4801381218933116,-0.5361121619267699,-0.2547207332550847,798.6080586080586,799.0109890109891,788.1318681318681,791.3553113553114,895.3113553113553,716.007326007326,-0.170532,0.114014,0.972046,-0.351410,4.545898,-0.545807,1,1,1,1,1,97.000000
2025-03-24 14:46:25.956,0.5013830234370582,0.5715880690798381,0.6191660673406875,0.6786959922657957,0.09160396151969505,0.1708828125073291,0.07937547236657061,0.1476851510289468,0.2887281404420134,0.3521931571506351,0.2854273608764823,0.5511848471091546,0.3533133041393494,-0.0305680269739393,-0.2297151132755803,0.2888436964191051,-0.05075609203153325,-0.3758705041450959,-0.563981707465794,-0.2720799197680478,788.1318681318681,811.5018315018315,774.0293040293041,781.2820512820513,745.0183150183151,544.7619047619048,-0.228149,0.092957,0.967651,2.758942,0.934601,-9.241333,1,1,1,1,1,97.000000
2025-03-24 14:46:26.456,0.6295663931040999,0.7037185950974577,0.9476267207916379,0.6982810559442575,0.2830340260665214,0.3091232860290051,0.4253136042467659,0.2421728910679507,0.3602328570076495,0.3693769067752143,0.3659690584899468,0.5540917828748606,0.3339650347306258,-0.03688427132503723,-0.2922771163163906,0.3487695021503439,-0.1842720406526014,-0.2946852394647092,-0.7024913611959239,-0.3475124654890809,881.2087912087912,774.0293040293041,837.2893772893773,906.5934065934066,805.0549450549451,664.0293040293041,-0.174194,0.073730,0.977966,-4.157104,-4.089813,5.704803,1,1,1,1,1,97.000000
2025-03-24 14:46:26.495,,,,,,,,,,,,,,,,,,,,,,,,,,,,,,,,,,,,,,,/muse/elements/blink
2025-03-24 14:46:26.956,0.8001987672571347,1.024246769471227,1.116027322992232,0.3623936722606457,0.41894615593857,0.4248255318830306,0.5844307279318363,0.1399343942949469,0.3375956065921473,0.479114451242355,0.3659690584899468,0.4123350624079085,0.2990043819317871,-0.02913725221885028,-0.2877437740050423,0.4049646230121882,-0.19190029475495,-0.1543643124029572,-0.7013348866421912,-0.3616032810968658,800.2197802197802,798.6080586080586,796.1904761904763,801.025641025641,817.948717948718,637.4358974358975,-0.164185,0.066650,0.974426,-2.377625,-1.772003,8.351593,1,1,1,1,1,97.000000
2025-03-24 14:46:27.456,0.6997904125335349,1.056762729136279,1.219835705360556,0.5666287629010315,0.5482633508160758,0.3156810134314668,0.685903443260978,0.3064116295768965,0.2851004378651895,0.4166090996133026,0.302154142808569,0.3180340892894019,0.2374209959602218,-0.0146396807032467,-0.3428274150998609,0.3216095001029449,-0.2827108843346305,-0.1528542243629939,-0.7269817658817305,-0.2922703025637182,830.0366300366301,819.5604395604396,751.4652014652015,820.7692307692308,923.1135531135532,645.8974358974359,-0.194214,0.080261,0.933777,1.801910,2.871094,2.923431,1,1,1,1,1,97.000000
2025-03-24 14:46:27.533,,,,,,,,,,,,,,,,,,,,,,,,,,,,,,,,,,,,,,,/muse/elements/blink
2025-03-24 14:46:27.956,0.6997904125335349,1.134709618105717,1.276946563633517,0.5666287629010315,0.5482633508160758,0.3669241753398696,0.7293441931786278,0.3064116295768965,0.2851004378651895,0.4404090352567793,0.2798373023989389,0.3180340892894019,0.2374209959602218,0.03398353930141514,-0.3441111704894453,0.3216095001029449,-0.2827108843346305,0.05602406825906842,-0.7028620985267405,-0.2922703025637182,802.2344322344322,798.6080586080586,802.2344322344322,809.8901098901099,859.047619047619,611.6483516483516,-0.058777,0.056335,1.003479,4.291687,-2.459869,-6.108551,1,1,1,1,1,97.000000
2025-03-24 14:46:28.475,0.6997904125335349,1.015183677615018,1.276946563633517,0.5666287629010315,0.5482633508160758,0.2552891626212527,0.7293441931786278,0.3064116295768965,0.2851004378651895,0.3878668180392206,0.2798373023989389,0.3180340892894019,0.2374209959602218,0.08876551647528186,-0.3441111704894453,0.3216095001029449,-0.2827108843346305,0.07629205682332424,-0.7028620985267405,-0.2922703025637182,781.6849816849817,793.3699633699634,799.4139194139194,795.3846153846154,921.9047619047619,806.2637362637363,-0.000610,0.127075,0.998718,-0.650482,-1.121521,2.198181,1,1,1,1,1,97.000000
2025-03-24 14:46:28.654,,,,,,,,,,,,,,,,,,,,,,,,,,,,,,,,,,,,,,,/muse/elements/blink
2025-03-24 14:46:28.956,0.6997904125335349,0.8723975348390212,0.07874504088136747,0.5666287629010315,0.5482633508160758,0.578379758704782,-0.07175121809274178,0.3064116295768965,0.2851004378651895,0.3832181993333449,0.3368036546492885,0.3180340892894019,0.2374209959602218,0.2499311873416262,-0.2313926122363121,0.3216095001029449,-0.2827108843346305,0.0953385329682299,-0.5637928016865061,-0.2922703025637182,799.0109890109891,801.025641025641,807.8754578754579,809.0842490842491,837.2893772893773,638.2417582417582,0.005615,0.103638,1.012878,-0.732727,0.807495,1.405640,1,2,1,1,2,97.000000
2025-03-24 14:46:29.338,,,,,,,,,,,,,,,,,,,,,,,,,,,,,,,,,,,,,,,/muse/elements/blink
2025-03-24 14:46:29.469,0.6997904125335349,0.6849900556367133,0.1572428300459373,0.5666287629010315,0.5482633508160758,0.5317734041185816,0.04216432715318892,0.3064116295768965,0.2851004378651895,0.1781800335283258,0.3482196164744843,0.3180340892894019,0.2374209959602218,0.3204384899043149,-0.07190758993458196,0.3216095001029449,-0.2827108843346305,-0.123256327803836,-0.5329895144468471,-0.2922703025637182,799.4139194139194,800.6227106227107,807.8754578754579,810.6959706959707,893.2967032967033,815.5311355311355,-0.155579,0.065247,0.986267,6.385193,-4.687958,-14.482574,1,2,1,1,2,97.000000
2025-03-24 14:46:29.962,0.6997904125335349,0.6331796584743271,0.5726616601663445,0.5666287629010315,0.5482633508160758,0.4847363635240302,0.2067217093530218,0.3064116295768965,0.2851004378651895,0.1869075957934255,0.3482196164744843,0.3180340892894019,0.2374209959602218,0.3426951276786311,-0.01066938099546757,0.3216095001029449,-0.2827108843346305,-0.07589455948249785,-0.4449802890630393,-0.2922703025637182,791.3553113553114,833.2600732600733,784.1025641025641,796.5934065934066,1093.150183150183,1338.937728937729,0.019043,0.280579,1.013611,16.628418,-13.263855,-136.339569,1,2,1,1,2,97.000000
2025-03-24 14:46:30.457,0.6997904125335349,0.6904447464684027,0.8045600669441502,0.5666287629010315,0.5482633508160758,0.4480637777690923,0.2769235092303105,0.3064116295768965,0.2851004378651895,0.1996499375835006,0.3045575471605453,0.3180340892894019,0.2374209959602218,0.3759737117660299,0.02319071139913697,0.3216095001029449,-0.2827108843346305,0.02266536352169686,-0.4336667878986553,-0.2922703025637182,796.5934065934066,799.0109890109891,806.2637362637363,812.7106227106227,931.978021978022,785.7142857142858,-0.077515,0.019958,1.045410,16.052704,1.106567,-92.697449,1,2,1,1,2,97.000000
2025-03-24 14:46:30.957,1.342456478293188,0.5805946662075354,0.9653591021174051,1.32905642201024,0.9099908578944961,0.2387662355697987,0.3747773675380868,1.415956003746298,0.9137590047755456,0.08088140389814365,0.06582911684086763,1.172829079441261,0.6184069833599468,0.3919231223238388,0.02135045294089101,0.7521127061870246,0.4156827262398058,0.05267410565463877,-0.370502258659275,0.2237241786587936,800.2197802197802,805.4578754578755,799.8168498168499,783.2967032967033,447.6556776556777,12.89377289377289,-0.118469,0.011353,0.990845,14.512482,8.291779,-47.530060,1,1,1,1,1,97.000000
2025-03-24 14:46:31.457,1.162430124940094,0.7613638975650368,1.041934795144435,1.439671067132231,0.857429669752602,0.4029333664802855,0.3124170435136669,1.403232575607217,0.9430211357563579,0.009242455353459949,-0.01583758250698333,1.195622355103571,0.5661923604475924,0.3978902528740519,-0.06494839270755383,0.7544372867447018,0.5702527268472171,0.09643616964782151,-0.4726376061894013,0.2578269881271911,790.952380952381,782.4908424908425,806.6666666666667,812.3076923076924,960.5860805860806,942.8571428571429,-0.265991,0.037903,0.964050,0.530853,-1.592560,-3.446808,1,1,1,1,1,97.000000
2025-03-24 14:46:31.957,1.041217584176634,0.7613638975650368,1.041934795144435,1.439671067132231,0.7352767196433291,0.4029333664802855,0.3124170435136669,1.403232575607217,0.9430211357563579,0.009242455353459949,-0.01583758250698333,1.195622355103571,0.4870620065944976,0.3978902528740519,-0.06494839270755383,0.7544372867447018,0.4679974490156842,0.09643616964782151,-0.4726376061894013,0.2578269881271911,817.948717948718,800.2197802197802,800.2197802197802,805.4578754578755,938.4249084249085,785.7142857142858,-0.268250,0.017395,0.971802,1.203766,2.467346,1.338348,1,1,1,1,1,97.000000
2025-03-24 14:46:32.415,,,,,,,,,,,,,,,,,,,,,,,,,,,,,,,,,,,,,,,/muse/elements/blink
2025-03-24 14:46:32.456,0.7747674225947683,-0.2005318023754942,0.2253507252685891,1.497634734703578,0.614131013987245,-0.4719263985432274,-0.05495031517903205,1.290745026627014,0.8641099324288914,-0.0880091744118917,0.09025698734565184,1.193796644094799,0.4074534525978353,1.013612374960063,-0.1351212871974418,0.7059448221176078,0.3440054766017662,0.5606896810174854,-0.6097767238719234,0.2420007819636699,842.1245421245421,805.4578754578755,802.6373626373627,829.2307692307693,925.5311355311355,808.2783882783883,-0.489441,0.014038,0.809387,6.422577,10.766602,-4.508514,1,1,1,1,1,97.000000
2025-03-24 14:46:32.957,0.8640039585185559,-0.2342773145088987,0.4035799786285861,1.189611747027382,0.9566494311094563,-0.1003946183809005,0.2718656021381173,1.557459275478192,0.8865566809827375,0.04883041494495347,0.5003128055388649,1.012268777039107,0.4026689629989018,0.9054843788371171,-0.04940019275064151,0.4705588049727155,0.02535645370993266,0.7482158367404895,-0.5142414874805896,0.03588210458509096,790.1465201465202,795.3846153846154,800.2197802197802,797.3992673992674,836.8864468864469,671.2820512820513,-0.450500,0.000305,0.889465,0.448608,-2.758942,1.001892,1,1,1,1,1,97.000000
2025-03-24 14:46:33.457,0.9538235159598716,0.2002496808216329,0.5588924823149454,1.149837676459132,1.123693280361057,0.06385715518568864,0.4247537768592506,1.451494908233786,0.8865566809827375,0.1431735176450982,0.5665771049140541,1.026977645375045,0.4591976012591544,0.9045028952565731,0.0816646786933941,0.5335188818238961,-0.116879180294863,0.7889758973023044,-0.149595721855158,0.1700948570222752,796.996336996337,802.6373626373627,803.040293040293,801.4285714285714,875.1648351648352,727.2893772893773,-0.435669,0.011475,0.888245,0.426178,-2.960815,0.134583,1,1,1,1,1,97.000000
2025-03-24 14:46:33.957,1.010449195072528,0.4650691699327894,0.7495219337795729,1.033137323022199,1.172773951154995,0.2305960081387629,0.5075933188383038,1.298556637617698,0.9088040119467865,0.1645237334520045,0.5628848757900395,1.038345996462214,0.494417878727578,0.8087826985557234,0.239249887676334,0.5571898183506122,0.1965604981999479,0.7995110819620568,0.1117792104072246,0.2194413395682474,804.6520146520147,789.3406593406594,804.2490842490843,807.8754578754579,811.5018315018315,633.4065934065934,-0.401611,0.027100,0.895996,-11.678772,-10.033875,44.030914,1,1,1,1,1,97.000000
2025-03-24 14:46:34.417,,,,,,,,,,,,,,,,,,,,,,,,,,,,,,,,,,,,,,,/muse/elements/blink
2025-03-24 14:46:34.457,0.2764896068703663,0.5315215212909246,0.719389454651736,0.7053997803594603,0.1217953523528241,0.2169389685957638,0.3935076322482178,0.6290906153996263,0.4845191821816283,0.2451183541434382,0.5643978500022451,0.8857289395205959,0.4095656215189867,0.7106884896874971,0.3009286790375084,0.5930101465188286,0.2860282105224098,0.6348859268819355,0.2069142814563533,0.2522188999346969,834.0659340659341,780.8791208791209,821.5750915750916,846.5567765567765,868.7179487179487,500.0366300366301,-0.064087,-0.034180,1.020813,-20.075226,-16.964874,100.196686,1,1,1,1,1,97.000000
2025-03-24 14:46:34.957,0.2764896068703663,0.6770653309880849,0.652505377245394,0.4310705895772601,0.1217953523528241,0.1950943435221217,0.1721124268062041,0.04496127048878053,0.4845191821816283,0.2472452721688251,0.4834445576432652,0.5104408648693691,0.4095656215189867,0.5494287430977709,0.3275175105863627,0.5751675582005411,0.2860282105224098,0.4395259087358684,0.2246460093475386,0.2062580855544612,816.7399267399268,801.025641025641,812.3076923076924,834.4688644688645,739.7802197802198,517.7655677655678,-0.051270,0.099792,0.966736,-19.417267,3.147736,114.522247,1,1,1,1,1,97.000000
2025-03-24 14:46:35.464,-0.06397629514467282,0.7192402865569496,0.04007670421140812,0.2279303033946118,-0.2233159390301681,0.03107340404811209,-0.4471535028025558,-0.1205387939420317,0.1871305286644071,0.1043020093318022,-0.1933767520128898,0.3141287811990796,0.378477193957253,0.2216240966532834,0.2583127961171148,0.5370948843991546,0.2213732782277463,0.1111135193059511,0.06855506007418131,0.1114152441640001,857.032967032967,838.4981684981685,775.6410256410256,834.8717948717949,906.5934065934066,798.6080586080586,0.093933,0.135742,0.957275,13.211517,-15.447083,14.714355,1,1,1,1,1,97.000000
2025-03-24 14:46:35.957,-0.06397629514467282,1.322417500348286,0.04007670421140812,0.2279303033946118,-0.2233159390301681,0.4708315262412254,-0.4471535028025558,-0.1205387939420317,0.1871305286644071,0.2374318072532297,-0.1933767520128898,0.3141287811990796,0.378477193957253,0.08853623383305513,0.2583127961171148,0.5370948843991546,0.2213732782277463,-0.1062598648759559,0.06855506007418131,0.1114152441640001,801.025641025641,794.981684981685,799.0109890109891,811.9047619047619,767.985347985348,532.6739926739926,0.105835,0.145203,1.019287,-0.792542,-7.020721,-9.211426,1,1,1,1,1,97.000000
2025-03-24 14:46:36.457,-0.06397629514467282,1.396688121623384,0.04007670421140812,0.2279303033946118,-0.2233159390301681,0.5409623746721349,-0.4471535028025558,-0.1205387939420317,0.1871305286644071,0.1984478143639074,-0.1933767520128898,0.3141287811990796,0.378477193957253,-0.06118093623888116,0.2583127961171148,0.5370948843991546,0.2213732782277463,-0.6176981029690682,0.06855506007418131,0.1114152441640001,796.5934065934066,799.4139194139194,800.6227106227107,805.4578754578755,753.4798534798535,710.7692307692308,0.097473,0.092346,0.984009,-3.282318,-2.123413,1.061707,1,1,1,1,1,97.000000
2025-03-24 14:46:36.962,-0.01476678604124306,1.050151939893816,0.17436026139811,1.550684867475974,-0.001068032505441644,0.247842750185799,-0.2285305497989704,0.6915658921470895,0.5072658683978798,0.2184546160825915,0.1644496918073532,0.7624891137278763,0.3605294576247126,-0.1240798592491734,-0.1357848763565074,0.4672903762118044,-0.2246404604748878,-0.4054823259940055,-0.5121963248383518,-0.1368266753466655,810.2930402930403,797.3992673992674,804.6520146520147,815.1282051282052,942.0512820512821,739.7802197802198,0.126709,0.089355,0.988953,0.590668,-1.278534,-0.254211,1,1,1,1,1,97.000000
2025-03-24 14:46:37.457,0.3552348829879876,-0.08998836530652631,0.1838356102072171,0.5088925781488824,0.03850655206223064,-0.5581328964806678,-0.06912436155432347,0.3371455602350358,0.5148272219997075,0.07499028411401008,0.1711369983251421,0.3439408710464393,0.3764212771129788,-0.1350720497038856,-0.1085572100922529,0.1850858258570658,-0.1549572918419111,-0.3834303348690147,-0.548130712031027,-0.1418544921595898,811.9047619047619,808.6813186813187,805.8608058608058,805.4578754578755,835.2747252747253,651.1355311355312,0.102722,0.103210,0.998535,0.897217,2.504730,-1.742096,1,1,1,1,1,97.000000
2025-03-24 14:46:37.957,0.3755591385263714,0.007492682765054808,0.06632091849957023,0.4681949643634493,0.03029300286420023,-0.4394345624946158,-0.04609249459871164,0.2306644702500522,0.5186818775320462,0.07756738900558588,0.1408284188758074,0.3465842600111174,0.3462072770037288,-0.02691801869687354,-0.09156418344703884,0.1178236328830064,-0.1432374644726866,-0.4554421097831605,-0.6169113466990491,-0.1302354238819753,790.952380952381,798.6080586080586,795.3846153846154,794.5787545787546,799.8168498168499,626.5567765567765,0.077209,0.117981,0.988403,0.755157,0.403748,-1.786957,1,1,1,1,1,97.000000
2025-03-24 14:46:38.469,0.5218725856045873,0.1183742760144492,0.2571989345889762,0.5378411594064135,0.1094744577247171,-0.2399624512616877,0.05915329533474337,0.2208260649525851,0.3507941596718551,-0.2085137693242694,0.05162738200252694,0.3253926960726831,0.2596000329531423,-0.0564699911916283,-0.04985211796005795,0.1856229415401932,-0.04105973940358585,-0.5130954596277582,-0.7447588046524271,-0.1748834858183412,800.6227106227107,809.0842490842491,805.8608058608058,817.5457875457876,883.6263736263736,709.1575091575091,0.096069,0.121216,1.004517,0.919647,-0.456085,1.091614,1,1,1,1,1,97.000000
2025-03-24 14:46:38.957,0.5059440616563428,0.2389064884047581,0.3946679046205948,0.624022305357398,0.256097024005029,-0.1517306659208807,0.2597937744596439,0.2193198853542237,0.422819559699427,-0.2589691361921801,0.2475996969025567,0.2271198078376491,0.2014423629436144,-0.02343720970999331,-0.06781193233563983,0.2661030230641729,-0.01939126719001477,-0.6225404275267241,-0.7430702521108616,-0.2423528006425986,795.3846153846154,800.2197802197802,805.8608058608058,797.3992673992674,847.3626373626374,691.8315018315019,0.090576,0.102417,0.999146,0.276642,-2.115936,0.942078,1,1,1,1,1,97.000000
2025-03-24 14:46:39.457,0.4758331562929867,0.275964047861287,0.4184512193605404,0.6371311224748741,0.3388904688140078,-0.1074494237645144,0.2388827993033143,0.3036072073900083,0.4819792465035452,-0.07713267978933792,0.2491439939983184,0.3151956594227256,0.2250133536716145,-0.1886427900445313,-0.08916800396131072,0.3458421458991864,-0.04400703579955432,-0.5657857687265201,-0.6098564820777107,-0.2346898034852375,795.7875457875458,796.996336996337,802.6373626373627,803.8461538461539,826.8131868131868,639.047619047619,0.084717,0.119812,0.997742,1.099091,-2.534637,1.016846,1,1,1,1,1,97.000000
2025-03-24 14:46:39.956,0.3448078215293777,0.1974888369582824,0.2460699102871116,0.5181527116275922,0.3018623959366198,-0.1720857923831496,0.1922255138134973,0.2564709892022385,0.5599304845728548,0.07544923823256579,0.2433969180690192,0.2879884584496696,0.2685513035056232,-0.2105395725057757,-0.1717487280615373,0.32460444998333,-0.1057669113494345,-0.6122804531947982,-0.5348816273797147,-0.2551255805444965,797.3992673992674,800.2197802197802,806.2637362637363,808.6813186813187,788.9377289377289,562.0879120879121,0.082031,0.110352,0.996460,0.044861,-0.665436,0.471039,1,1,1,1,1,97.000000
2025-03-24 14:46:40.457,0.1120101567547438,0.04781425345520959,0.2001336661789083,0.2949085377727719,0.2380795388555149,-0.1409042643820595,0.0605660932057713,0.1478370749144602,0.5597830998709544,0.07869234489054086,0.1126303370654708,0.3114154228858713,0.3660339595524297,-0.1175374411736162,-0.2628629383928374,0.24865079863368,-0.116720108075598,-0.5374727549559314,-0.466920857483094,-0.1751964064345089,799.8168498168499,799.0109890109891,803.040293040293,804.2490842490843,774.4322344322345,552.4175824175825,0.088135,0.117554,0.982117,0.949554,0.104675,-0.912170,1,1,1,1,1,97.000000
2025-03-24 14:46:40.845,,,,,,,,,,,,,,,,,,,,,,,,,,,,,,,,,,,,,,,/muse/elements/blink
2025-03-24 14:46:40.957,-0.1273669953878882,0.1329220548229156,0.6820750157201959,0.1585909269274808,0.113112968707095,-0.1026614872864379,0.1666643839871147,0.03310496647852348,0.5039623299735005,0.1840534148912218,0.06094269170470467,0.3086143488797177,0.4014809208238253,0.03637885389961036,-0.3650163984943592,0.2145842688909274,-0.1155039264974053,-0.5282626123341403,-0.516329323621195,-0.229665043428727,811.0989010989011,801.4285714285714,801.8315018315019,802.6373626373627,925.1282051282052,719.6336996336996,0.060913,0.113953,1.002014,-0.553284,-0.209351,-2.115936,1,1,1,1,1,97.000000
2025-03-24 14:46:41.465,-0.3742180223925636,0.2851580065436741,0.8628421035522599,0.005561754890317427,0.1928316167158483,-0.03342301022322906,0.2671375355321436,0.05987882950691974,0.3360418457456215,0.09123308153074981,0.05642459363101682,0.1520387708154413,0.4863271334852031,0.1514610204324038,-0.4479730021497668,0.2398568972443161,-0.1022641541165689,-0.4610781446147826,-0.482887752872048,-0.191220295224871,801.8315018315019,807.4725274725275,796.1904761904763,788.5347985347986,857.4358974358975,727.2893772893773,0.063721,0.112976,1.002625,0.717773,-1.958923,2.295380,1,1,1,1,1,97.000000
2025-03-24 14:46:41.968,-0.8816491526146081,0.4402095629719248,1.042397072889088,-0.236300381795869,0.06600229619389375,0.01609363001780811,0.2283779310240356,-0.1325876004035995,0.2792692789149784,0.09051768997422062,-0.0167261778800214,0.1263688213142267,0.440815345028774,0.2201841565129194,-0.4256419491896674,0.2224287410017102,-0.2272759025701331,-0.4352004523251006,-0.5518971970409483,-0.2012182618869901,798.6080586080586,803.040293040293,796.996336996337,795.7875457875458,749.4505494505495,717.6190476190476,0.074768,0.109070,0.990479,0.598145,-1.300964,-0.328979,1,1,1,1,1,97.000000
2025-03-24 14:46:42.456,-0.8816491526146081,-0.03599203443253465,1.10906185503566,0.3286234039900786,0.06600229619389375,-0.6543404003629266,0.2289043024593132,0.1911633240486756,0.2792692789149784,-0.5353955612993974,-0.0341067638473249,0.7010735464246516,0.440815345028774,-0.4180148226753739,-0.3763315685842732,0.2105508051246086,-0.2272759025701331,-0.5308349620308961,-0.5988687886713439,-0.4151719251810065,801.4285714285714,801.4285714285714,805.4578754578755,801.4285714285714,838.0952380952381,663.2234432234433,0.076050,0.103455,0.984558,0.306549,-1.091614,-3.813171,1,1,1,1,1,97.000000
2025-03-24 14:46:42.957,0.2751266203018551,-0.2416833511115449,-0.3620951669390063,0.2365650815272951,0.2798221620893884,-0.2844007496433975,-0.234008728129262,0.2336863336568305,0.1277484326464531,-0.1680660178562216,-0.3775159048728586,0.7108217782501695,0.1571264054187236,-0.3765649978211418,-0.2163288909554475,0.2149263375459189,-0.1384620968309449,-0.3832252855437103,-0.6922527906707427,-0.3587808805955504,684.981684981685,786.5201465201466,787.3260073260074,672.893772893773,856.2271062271062,702.3076923076924,0.070312,0.125488,0.991211,-4.882355,3.364563,-19.088287,1,1,1,1,1,97.000000
2025-03-24 14:46:43.051,,,,,,,,,,,,,,,,,,,,,,,,,,,,,,,,,,,,,,,/muse/elements/blink
2025-03-24 14:46:43.457,0.2751266203018551,0.05462292865319907,0.9613431365119429,0.2365650815272951,0.2798221620893884,-0.2153268415560707,0.4126981799770534,0.2336863336568305,0.1277484326464531,0.1716601149061947,-0.1181282133258146,0.7108217782501695,0.1571264054187236,-0.08567366058822115,-0.1608539247044958,0.2149263375459189,-0.1384620968309449,-0.1323909595704221,-0.4765119864658854,-0.3587808805955504,844.1391941391942,819.96336996337,776.8498168498169,816.3369963369963,1451.355311355311,1622.197802197802,0.038696,0.227844,1.058411,9.286194,-1.487885,-43.612213,1,1,1,1,1,97.000000
2025-03-24 14:46:43.957,0.2751266203018551,0.6514748990786546,1.000772376261998,-0.06416074385047515,0.2798221620893884,0.2073707041308925,0.4448008133891246,0.330904439772722,0.1277484326464531,0.294526500288328,-0.1181282133258146,0.06414737207491424,0.1571264054187236,0.1218974646987646,-0.1505073811608022,0.2618091631906573,-0.1384620968309449,0.1842180244190718,-0.4630618907994007,-0.2604241208194761,809.4871794871796,830.4395604395604,801.025641025641,843.7362637362637,563.6996336996338,209.5238095238095,-0.026245,0.119141,1.001038,15.985413,-20.321960,-139.883575,1,1,1,1,1,97.000000
2025-03-24 14:46:44.457,0.2751266203018551,1.022327419506845,1.363192012310301,-0.06416074385047515,0.2798221620893884,0.4541633564269015,0.7602353694787363,0.330904439772722,0.1277484326464531,0.2716739227766367,0.05336798196234254,0.06414737207491424,0.1571264054187236,0.319934212225472,-0.06972466740016837,0.2618091631906573,-0.1384620968309449,0.3939586244656174,-0.3842662529553006,-0.2604241208194761,770.4029304029305,788.9377289377289,814.3223443223443,806.6666666666667,589.4871794871796,286.8864468864469,0.227783,-0.056702,1.042419,7.267456,1.286011,-38.019562,1,1,1,1,1,97.000000
2025-03-24 14:46:44.773,,,,,,,,,,,,,,,,,,,,,,,,,,,,,,,,,,,,,,,/muse/elements/blink
2025-03-24 14:46:44.957,0.2751266203018551,1.29088534290346,1.386574545606234,-0.06416074385047515,0.2798221620893884,0.7036676999768423,0.6987173815745915,0.330904439772722,0.1277484326464531,0.2626121941148896,0.1181751103365967,0.06414737207491424,0.1571264054187236,0.4972862482583947,-0.1069349556032614,0.2618091631906573,-0.1384620968309449,0.6097364195353041,-0.5404500231479916,-0.2604241208194761,745.4212454212454,770.4029304029305,840.1098901098901,776.8498168498169,608.8278388278388,6.446886446886447,-0.365967,0.132935,0.874634,3.544006,18.863983,4.112244,1,1,1,1,1,97.000000
2025-03-24 14:46:45.291,,,,,,,,,,,,,,,,,,,,,,,,,,,,,,,,,,,,,,,/muse/elements/blink
2025-03-24 14:46:45.456,0.2751266203018551,1.29088534290346,1.386574545606234,-0.06416074385047515,0.2798221620893884,0.7036676999768423,0.6987173815745915,0.330904439772722,0.1277484326464531,0.2626121941148896,0.1181751103365967,0.06414737207491424,0.1571264054187236,0.4972862482583947,-0.1069349556032614,0.2618091631906573,-0.1384620968309449,0.6097364195353041,-0.5404500231479916,-0.2604241208194761,809.8901098901099,813.5164835164835,795.7875457875458,832.0512820512821,1422.747252747253,1622.197802197802,-0.310181,-0.092224,0.995483,-6.796417,-4.605713,6.616974,1,1,1,1,1,97.000000
2025-03-24 14:46:45.956,0.2751266203018551,1.29088534290346,1.052429136790239,-0.06416074385047515,0.2798221620893884,0.7036676999768423,0.3857443597879851,0.330904439772722,0.1277484326464531,0.2626121941148896,0.1414372118349232,0.06414737207491424,0.1571264054187236,0.4972862482583947,0.1652775343222412,0.2618091631906573,-0.1384620968309449,0.6097364195353041,0.1577794431431044,-0.2604241208194761,801.4285714285714,792.1611721611722,801.025641025641,801.4285714285714,848.1684981684982,776.0439560439561,-0.396362,0.067444,0.888367,0.134583,-2.489777,-8.179626,1,2,1,1,2,97.000000
2025-03-24 14:46:46.456,0.2751266203018551,1.29088534290346,0.7866652676109102,-0.06416074385047515,0.2798221620893884,0.7036676999768423,0.394484000648689,0.330904439772722,0.1277484326464531,0.2626121941148896,0.1783808807503079,0.06414737207491424,0.1571264054187236,0.4972862482583947,0.3509597479874593,0.2618091631906573,-0.1384620968309449,0.6097364195353041,0.5072632122590841,-0.2604241208194761,793.3699633699634,804.2490842490843,794.1758241758242,786.9230769230769,858.6446886446887,776.0439560439561,-0.383240,0.073181,0.915100,1.345825,0.052338,-1.106567,1,2,1,1,2,97.000000
2025-03-24 14:46:46.957,0.2751266203018551,0.375598597560539,0.6342326491096713,-0.06416074385047515,0.2798221620893884,0.3248879270096427,0.2935586216250084,0.330904439772722,0.1277484326464531,0.1876510656605263,0.2013794580772663,0.06414737207491424,0.1571264054187236,0.6409352861541864,0.3557909833210328,0.2618091631906573,-0.1384620968309449,0.9450457865147278,0.3925320716668039,-0.2604241208194761,820.3663003663004,807.0695970695971,763.1501831501831,797.3992673992674,873.1501831501831,705.934065934066,-0.369873,0.050903,0.919922,-0.620575,-1.315918,-1.330872,1,2,1,1,2,97.000000
2025-03-24 14:46:47.131,,,,,,,,,,,,,,,,,,,,,,,,,,,,,,,,,,,,,,,/muse/elements/blink
2025-03-24 14:46:47.463,0.9068041062084722,0.566796665798586,0.9951042086872466,1.410983257058202,0.9934261497486605,0.22979665804407,0.4457126990502687,1.435620360796256,0.9999063748194803,0.1973673063011808,0.4520400652664129,1.190215024598818,0.173707365274921,0.6011152835866858,0.3075189033816655,0.638358614458009,0.04630880540581279,0.7821352287478074,0.290222062987224,-0.1228974754824898,797.3992673992674,805.8608058608058,804.2490842490843,791.7582417582418,882.014652014652,785.7142857142858,-0.416443,0.019348,0.904480,3.641205,-1.749573,-4.852448,1,1,1,1,1,97.000000
2025-03-24 14:46:47.957,0.9068041062084722,0.5932338333715792,1.005429851407986,1.442905130959861,0.9934261497486605,0.1474109728443283,0.4618856610197378,1.454671108324679,0.9999063748194803,0.1252199042798804,0.4579966043886371,1.134091881105773,0.173707365274921,0.5452784129165666,0.2922956917145393,0.6064403633267941,0.04630880540581279,0.6517370113915577,0.02032066359370639,-0.1486910485018813,803.040293040293,795.7875457875458,802.6373626373627,794.981684981685,867.9120879120879,742.1978021978023,-0.416931,0.057861,0.891541,0.732727,0.186920,3.618774,1,1,1,1,1,97.000000
2025-03-24 14:46:48.457,0.8576273548341172,0.5476302805494005,0.9819024637429362,1.300296357186453,0.9211553305892032,-0.01170151889909308,0.4379503953185845,1.269941716464233,0.9999063748194803,0.01192865714048091,0.4654565579812095,1.134091881105773,0.2746225174164191,0.4731000910132991,0.2199484615230508,0.5129323324624662,0.03125334780612018,0.5042476599432139,0.02866719004032419,-0.1854654276872683,792.967032967033,781.6849816849817,825.6043956043957,799.8168498168499,844.9450549450549,658.7912087912088,-0.446106,0.044922,0.887573,0.291595,-3.843079,1.218719,1,1,1,1,1,97.000000
2025-03-24 14:46:48.957,0.1854359890420011,0.4533957178621218,0.5348752210102982,0.07552442064570014,0.1489011733366784,0.03184664786979152,0.1680411735306088,-0.125529414017241,0.09973372250673204,0.2735242403553335,0.237886546223517,0.257913955658871,0.3148794649120621,0.4438683671555012,0.3025478458940977,0.3310493926791173,0.03623085836269091,0.6507617642621475,0.2377005123003536,-0.1699981792588441,801.8315018315019,810.6959706959707,789.3406593406594,792.1611721611722,831.6483516483516,642.6739926739926,-0.423462,0.069458,0.893555,0.007477,-1.637421,1.293488,1,1,1,1,1,97.000000
2025-03-24 14:46:49.470,0.1336552393983816,0.5118031233123422,0.7660578036252396,0.3113590491786912,0.1046548775171111,0.1195309519069801,0.2585565691892514,-0.005125408065760459,0.2684141317177733,0.5107590603699359,0.4046834844996176,0.3313768896257154,0.2799118045442361,0.4221489198135794,0.2519303685500195,0.319385895320927,-0.03946108067589826,0.6071814532110734,0.2175491394389232,-0.0935273390410277,792.5641025641025,801.025641025641,805.0549450549451,794.981684981685,824.3956043956044,653.1501831501831,-0.424805,0.042053,0.886963,0.949554,-1.345825,-1.308441,1,1,1,1,1,97.000000
2025-03-24 14:46:49.960,0.153925299338493,0.5628252778317688,0.8124185277392703,0.3859177170405753,0.1045514808143977,0.2065710037223821,0.3184485837844193,0.08989816268955694,0.3234965917161471,0.5107590603699359,0.4009618783660351,0.3337917565947126,0.3008019709588933,0.4473108937983115,0.2440568927509162,0.3122559701716794,-0.04141172910586888,0.5291267334044872,0.1667804080860794,-0.06077632128862385,775.6410256410256,813.1135531135532,809.0842490842491,772.8205128205128,796.996336996337,750.6593406593407,-0.391602,0.100891,0.895996,1.540222,-3.663635,-4.598236,1,1,1,1,1,97.000000
2025-03-24 14:46:50.163,,,,,,,,,,,,,,,,,,,,,,,,,,,,,,,,,,,,,,,/muse/elements/blink
2025-03-24 14:46:50.461,0.2576431071409047,0.6338769366855984,0.7349519365227613,0.5428748077340705,0.09115960521916437,0.3083122344121731,0.2701672600022191,0.1432530078572033,0.3420462075904215,0.4971358191116171,0.3814899632757519,0.3028261359317955,0.2663202085574891,0.4146840860455935,0.1072400514789129,0.29646808624201,-0.1391235723206273,0.1859963392499857,-0.08567560096770117,-0.04216452447063655,806.2637362637363,804.6520146520147,805.8608058608058,816.7399267399268,1290.18315018315,1599.6336996337,-0.417603,0.144897,0.893860,2.871094,0.889740,-2.983246,1,1,1,1,1,97.000000
2025-03-24 14:46:50.965,0.4311007373977016,0.8348404981659679,0.3320466894600154,0.589499530934679,0.1886083088790019,0.5203581906387357,-0.01863235162267673,0.1832456445415885,0.1766131752396784,0.3857218781057522,0.2377256615753062,0.1916793429613403,0.3324390634335367,0.3528086633414386,0.0008526573759217807,0.3121532203241799,-0.09218846681303547,-0.02925271071807824,-0.2752585092959539,-0.1155420436391755,805.4578754578755,803.4432234432235,805.8608058608058,830.4395604395604,1266.410256410256,1615.347985347985,-0.368164,0.018982,0.943115,0.934601,-1.293488,7.566528,1,1,1,1,1,97.000000
2025-03-24 14:46:51.456,0.4661749202181986,0.866077203741857,0.1822510193429469,0.6149592350750387,0.2180797352524617,0.5682530765905812,-0.2548805602372918,0.1234744367989036,0.1425407491674061,0.2820138586584642,0.2314549877393398,0.1541768194569129,0.3454749095427482,0.282188019678678,-0.07142918029412176,0.3227353459821086,-0.07627885225176632,0.01913451430942055,-0.2776535691261816,-0.1663357497942195,803.8461538461539,797.8021978021978,809.8901098901099,819.1575091575091,821.5750915750916,713.5897435897436,-0.362488,0.096985,0.898071,4.351501,1.667328,-3.805695,1,1,1,1,1,97.000000
2025-03-24 14:46:51.936,,,,,,,,,,,,,,,,,,,,,,,,,,,,,,,,,,,,,,,/muse/elements/blink
2025-03-24 14:46:51.957,1.090804932593131,0.8644491245562288,0.2809002615181888,0.6149592350750387,0.7119765279929362,0.5267344655002743,-0.3933297523009198,0.1234744367989036,0.640996712174405,0.3006010608134271,0.09843296029552322,0.1541768194569129,0.4489109221800345,0.2269389602339721,-0.1705458521644398,0.3227353459821086,0.06210404694876425,-0.04720450209054969,-0.3783866510948634,-0.1663357497942195,838.901098901099,799.8168498168499,798.2051282051282,839.3040293040293,889.6703296703297,805.8608058608058,-0.383728,0.111633,0.933044,-0.852356,-0.620575,0.328979,1,1,1,1,1,97.000000
2025-03-24 14:46:52.319,,,,,,,,,,,,,,,,,,,,,,,,,,,,,,,,,,,,,,,/muse/elements/blink
2025-03-24 14:46:52.457,1.090804932593131,0.755910483831479,0.1824559599318102,0.6149592350750387,0.7119765279929362,0.495388074332538,-0.2537025846803964,0.1234744367989036,0.640996712174405,0.3707075794945572,0.1626214853997099,0.1541768194569129,0.4489109221800345,0.2370695652160422,-0.1228798018037382,0.3227353459821086,0.06210404694876425,-0.004613051118630785,-0.2257101989327365,-0.1663357497942195,845.7509157509157,803.8461538461539,799.4139194139194,863.8827838827839,947.6923076923077,778.8644688644689,-0.469910,0.013062,0.884033,-1.943970,6.908569,-0.904694,1,1,1,1,1,97.000000
2025-03-24 14:46:52.957,1.1396754065504,0.8388001853773523,0.535221503571465,0.6149592350750387,0.7051260188374071,0.4903125196792879,-0.1015676829654026,0.1234744367989036,0.6163501769089084,0.2354450092353566,0.1535804793872798,0.1541768194569129,0.4663022546968534,0.2128093116978224,-0.03627344151667709,0.3227353459821086,0.08317773243508436,-0.03697746723336674,-0.02834397232566731,-0.1663357497942195,812.3076923076924,809.8901098901099,800.2197802197802,815.934065934066,838.0952380952381,694.2490842490843,-0.491882,0.020996,0.854248,2.437439,0.306549,2.586975,1,1,1,1,1,97.000000
2025-03-24 14:46:53.465,1.1396754065504,0.9685660054715317,0.5246582335218892,0.6149592350750387,0.7051260188374071,0.6529633077180588,-0.05693501602565743,0.1234744367989036,0.6163501769089084,0.2266551584724596,0.1653443441484338,0.1541768194569129,0.4663022546968534,0.2231329844961319,0.08886823920193544,0.3227353459821086,0.08317773243508436,0.005379806123940588,0.07186585937024703,-0.1663357497942195,794.981684981685,795.7875457875458,792.5641025641025,795.3846153846154,911.8315018315019,763.1501831501831,-0.470825,0.056824,0.879883,0.837402,2.601929,3.215027,1,1,1,1,1,97.000000
2025-03-24 14:46:53.971,1.1396754065504,0.9685660054715317,0.4717453905422158,0.3198426756180267,0.7051260188374071,0.6529633077180588,-0.09154793881075464,0.140157712650657,0.6163501769089084,0.2266551584724596,0.1040321241813178,-0.02213920983584,0.4663022546968534,0.2231329844961319,0.2384960205598488,0.4586029278261713,0.08317773243508436,0.005379806123940588,0.1120055939810455,0.03888609591330068,796.1904761904763,779.2673992673992,804.6520146520147,802.6373626373627,841.7216117216118,725.6776556776557,-0.474854,0.042175,0.864380,-0.493469,-0.882263,-1.091614,1,1,1,1,1,97.000000
2025-03-24 14:46:54.457,0.6082602645493668,-0.1556034073222943,-0.05325971237000863,0.2511132590851238,-0.1349905129742522,-0.5966011086622377,-0.2452522841350983,-0.1453423419295911,0.4684559680988846,-0.05141432161241366,0.1113778508140249,0.3345218532579758,0.4291383412459516,0.7803015337374535,0.2926438333075724,0.3426032418515618,-0.0004699236423861151,0.674219395178463,0.1278885826171236,-0.0445366474834155,796.5934065934066,805.8608058608058,801.025641025641,793.3699633699634,877.1794871794872,709.9633699633699,-0.469910,0.044312,0.868652,0.979462,-1.644897,0.022430,1,1,1,1,1,97.000000
2025-03-24 14:46:54.968,0.4829655093697243,-0.2776631273922207,-0.2988612014896446,0.2207239554691802,0.04065084115426023,-0.1845823543861867,-0.3246013655744613,-0.2549638890627391,0.4834881258542058,0.02446128802625669,0.08178427923298512,0.3806505414171942,0.3981837677048326,0.6807802494155893,0.3370903590092852,0.2699148323912542,-0.0399449748009494,0.6668938606677494,0.15320336000446,-0.05884431567289716,802.2344322344322,803.040293040293,808.6813186813187,799.8168498168499,774.4322344322345,572.1611721611722,-0.467163,0.047546,0.884033,-0.164490,-1.413116,-0.964508,1,1,1,1,1,97.000000
2025-03-24 14:46:55.456,0.6759645799026726,-0.2407315581805697,-0.142133554247668,0.4819508877916033,0.2403121675339366,-0.1872476497071806,-0.3504877702627573,0.2228919023379192,0.886862660932461,0.26728227431548,0.1888647013356144,0.5641219681524128,0.3395668302308764,0.73420805972186,0.3064611397396614,0.2793952062435848,0.01695309562752441,0.6327890714915486,0.1538800810682618,-0.09596694633001811,798.6080586080586,791.7582417582418,803.8461538461539,791.3553113553114,913.040293040293,830.4395604395604,-0.463684,0.045471,0.873291,1.106567,-1.338348,0.829926,1,1,1,1,1,97.000000
2025-03-24 14:46:55.956,0.8866470937239024,-0.2603458916360205,-0.007095926485797567,0.804432237798374,0.5397671627698474,-0.1486223982164497,-0.3243503315729714,0.5539722012496389,0.9469738894616315,0.2318963604046518,0.2430171031768217,0.6367658591944104,0.3834266758027638,0.7369208956444342,0.2894191603848924,0.3481712841043899,-0.03864994627911305,0.6846523721341712,0.04411409023103689,-0.1455648048795943,807.4725274725275,808.6813186813187,809.4871794871796,802.2344322344322,856.2271062271062,700.2930402930403,-0.451538,0.049194,0.877441,0.897217,-1.472931,0.433655,1,1,1,1,1,97.000000
2025-03-24 14:46:56.457,0.9134183218511684,-0.2350247959999066,0.03629246636810703,0.8276083456553818,0.5312156541603293,-0.214390190817471,-0.3429112382874314,0.606437223490998,0.9469738894616315,0.2477924469184188,0.1872108255784719,0.6716632371903994,0.4172778076822097,0.7143675851533712,0.1445498492883968,0.3853581560234365,-0.03976642827951832,0.5829936435667749,-0.05350105417809256,-0.1742402154782405,712.7838827838829,800.2197802197802,823.992673992674,717.6190476190476,877.1794871794872,708.7545787545788,-0.451782,0.056458,0.877563,-0.291595,-1.540222,1.315918,1,1,1,1,1,97.000000
2025-03-24 14:46:56.680,,,,,,,,,,,,,,,,,,,,,,,,,,,,,,,,,,,,,,,/muse/elements/blink
2025-03-24 14:46:56.957,0.8753386156891606,0.1517905782919942,0.3858274334659382,0.8144937520605966,0.5361548308259275,-0.1232586470085184,-0.01793831465758371,0.540308873048174,0.8192942326638455,0.223040216713136,0.1753185928202208,0.6716632371903994,0.4808293153742624,0.5515410739676154,0.06895632763417807,0.3387285584585277,-0.1617577757386246,0.5281744794211641,-0.0844933387232111,-0.2131268401856471,821.1721611721612,796.996336996337,796.1904761904763,805.4578754578755,884.4322344322345,762.7472527472528,-0.457886,0.043152,0.884644,0.441132,1.816864,0.411224,1,1,1,1,1,97.000000
2025-03-24 14:46:57.062,,,,,,,,,,,,,,,,,,,,,,,,,,,,,,,,,,,,,,,/muse/elements/blink
2025-03-24 14:46:57.300,,,,,,,,,,,,,,,,,,,,,,,,,,,,,,,,,,,,,,,/muse/elements/blink
2025-03-24 14:46:57.457,0.2218183215667276,0.5910067638904174,0.7420896773355928,0.08380135911405892,0.0120050072613585,0.0499619254068835,0.2682401974488826,-0.06937693904037379,0.2838700749734219,0.3848315197246893,0.1349555247322513,0.4395783208062299,0.4189801805706102,0.2871747837199689,-0.03618557137192497,0.2074590994568062,-0.1112393367033585,0.2952129126762917,-0.1382421352630064,-0.169011572226811,814.3223443223443,791.3553113553114,806.6666666666667,819.1575091575091,753.4798534798535,609.6336996336996,-0.482666,0.047729,0.872681,0.321503,1.899109,-0.553284,1,1,1,1,1,97.000000
2025-03-24 14:46:57.957,0.1920962511563444,0.8185402919043088,0.9022945763225206,0.01504095287317939,0.02331323221384709,0.1553665470445073,0.4353351497973653,-0.09013306298366723,0.1820648370791022,0.386648230163915,0.1349555247322513,0.4290018778563366,0.4078811764161823,0.2041017830067617,0.01536300405002171,0.186148569990766,-0.09739670377313436,0.2293576041029214,-0.1514471649549488,-0.1845257028848042,803.040293040293,800.6227106227107,802.2344322344322,797.3992673992674,832.8571428571429,787.3260073260074,-0.479187,0.039490,0.866577,1.353302,-1.084137,-0.418701,1,1,1,1,1,97.000000
2025-03-24 14:46:58.457,0.1920962511563444,0.9715914864113721,1.005553767511555,0.01504095287317939,0.02331323221384709,0.2498474164966108,0.5040840631879783,-0.09013306298366723,0.1820648370791022,0.386648230163915,0.09745646662977452,0.4290018778563366,0.4078811764161823,0.2858330275107038,0.02188806283444293,0.186148569990766,-0.09739670377313436,0.2687466853646824,-0.1472172594411443,-0.1845257028848042,855.4212454212454,814.3223443223443,815.1282051282052,832.8571428571429,896.5201465201466,734.5421245421246,-0.574829,0.069580,0.797546,34.654999,42.685089,-43.275757,1,1,1,1,1,97.000000
2025-03-24 14:46:58.956,0.1920962511563444,1.001633796722022,0.8967381828404697,0.01504095287317939,0.02331323221384709,0.2828438975149903,0.360134998779162,-0.09013306298366723,0.1820648370791022,0.3223296320984591,-0.1367237847479385,0.4290018778563366,0.4078811764161823,0.3337082354480794,0.0298452956261842,0.186148569990766,-0.09739670377313436,0.2867432394224195,-0.06622829408763534,-0.1845257028848042,819.5604395604396,834.0659340659341,794.981684981685,811.0989010989011,894.908424908425,711.1721611721612,-0.645020,0.051636,0.733704,25.234222,-6.265564,-30.079193,1,1,1,1,1,97.000000
2025-03-24 14:46:59.456,0.1920962511563444,1.001633796722022,0.4957420407800135,0.01504095287317939,0.02331323221384709,0.2828438975149903,1.137771211629193,-0.09013306298366723,0.1820648370791022,0.3223296320984591,0.6815093552839352,0.4290018778563366,0.4078811764161823,0.3337082354480794,0.7710165986410886,0.186148569990766,-0.09739670377313436,0.2867432394224195,0.8052496686395226,-0.1845257028848042,764.3589743589744,799.8168498168499,813.5164835164835,765.5677655677656,846.5567765567765,614.4688644688645,-0.635193,0.016479,0.747864,-11.873169,-6.198273,20.209808,1,2,1,1,2,97.000000
2025-03-24 14:46:59.648,,,,,,,,,,,,,,,,,,,,,,,,,,,,,,,,,,,,,,,/muse/elements/blink
2025-03-24 14:46:59.957,0.1920962511563444,1.001633796722022,0.4957420407800135,0.01504095287317939,0.02331323221384709,0.2828438975149903,1.137771211629193,-0.09013306298366723,0.1820648370791022,0.3223296320984591,0.6815093552839352,0.4290018778563366,0.4078811764161823,0.3337082354480794,0.7710165986410886,0.186148569990766,-0.09739670377313436,0.2867432394224195,0.8052496686395226,-0.1845257028848042,807.8754578754579,822.7838827838829,783.2967032967033,815.5311355311355,870.7326007326008,774.4322344322345,-0.560547,0.141724,0.810181,-22.452850,-9.316101,34.169006,1,2,1,1,2,97.000000
2025-03-24 14:47:00.464,0.1920962511563444,1.001633796722022,0.3438344285638926,0.01504095287317939,0.02331323221384709,0.2828438975149903,1.136808358843308,-0.09013306298366723,0.1820648370791022,0.3223296320984591,0.6710109126999325,0.4290018778563366,0.4078811764161823,0.3337082354480794,0.774068657789034,0.186148569990766,-0.09739670377313436,0.2867432394224195,0.8460536645661559,-0.1845257028848042,790.5494505494506,790.1465201465202,798.2051282051282,816.7399267399268,930.3663003663004,799.4139194139194,-0.507568,0.065796,0.833618,-45.167389,-6.826324,76.704559,1,2,1,1,2,97.000000
2025-03-24 14:47:00.957,0.1920962511563444,1.001633796722022,0.240923080963247,0.01504095287317939,0.02331323221384709,0.2828438975149903,1.094368362363843,-0.09013306298366723,0.1820648370791022,0.3223296320984591,0.6710109126999325,0.4290018778563366,0.4078811764161823,0.3337082354480794,0.7633847298160547,0.186148569990766,-0.09739670377313436,0.2867432394224195,0.8330779441169064,-0.1845257028848042,811.9047619047619,808.6813186813187,784.9084249084249,772.8205128205128,698.2783882783883,441.2087912087912,-0.447571,0.107239,0.892517,-3.207550,-1.914062,7.185211,1,2,1,1,2,97.000000
2025-03-24 14:47:01.457,1.275029115955103,1.001633796722022,0.240923080963247,0.01504095287317939,1.032634639635792,0.2828438975149903,1.094368362363843,-0.09013306298366723,0.9354638585396873,0.3223296320984591,0.6710109126999325,0.4290018778563366,0.7172521531197484,0.3337082354480794,0.7633847298160547,0.186148569990766,0.5085114655797991,0.2867432394224195,0.8330779441169064,-0.1845257028848042,815.5311355311355,809.0842490842491,817.1428571428571,831.2454212454213,1052.051282051282,1124.175824175824,-0.560425,-0.036316,0.854187,-1.958923,13.458252,-4.314117,1,1,1,1,1,97.000000
2025-03-24 14:47:01.560,,,,,,,,,,,,,,,,,,,,,,,,,,,,,,,,,,,,,,,/muse/elements/blink
2025-03-24 14:47:01.957,1.275029115955103,1.001633796722022,0.240923080963247,0.01504095287317939,1.032634639635792,0.2828438975149903,1.094368362363843,-0.09013306298366723,0.9354638585396873,0.3223296320984591,0.6710109126999325,0.4290018778563366,0.7172521531197484,0.3337082354480794,0.7633847298160547,0.186148569990766,0.5085114655797991,0.2867432394224195,0.8330779441169064,-0.1845257028848042,748.2417582417582,789.3406593406594,767.5824175824176,732.1245421245421,959.7802197802198,820.3663003663004,-0.672546,0.102539,0.736755,-0.687866,10.445099,4.725342,1,1,1,1,1,97.000000
2025-03-24 14:47:02.157,,,,,,,,,,,,,,,,,,,,,,,,,,,,,,,,,,,,,,,/muse/elements/blink
2025-03-24 14:47:02.457,1.236916055216906,1.001633796722022,0.729986330412516,0.01504095287317939,1.067269140833987,0.2828438975149903,0.4545682858673092,-0.09013306298366723,0.9104575879329043,0.3223296320984591,0.6044556414511114,0.4290018778563366,0.7110757505809742,0.3337082354480794,0.85853100869696,0.186148569990766,0.5265667318235985,0.2867432394224195,1.050655868943853,-0.1845257028848042,755.0915750915751,815.5311355311355,806.2637362637363,774.8351648351648,1518.644688644689,1622.197802197802,-0.768127,0.096558,0.562988,8.194580,-8.777771,-7.551575,1,1,1,1,1,97.000000
2025-03-24 14:47:02.774,,,,,,,,,,,,,,,,,,,,,,,,,,,,,,,,,,,,,,,/muse/elements/blink
2025-03-24 14:47:02.957,1.236916055216906,1.001633796722022,0.7425839952196226,0.01504095287317939,1.067269140833987,0.2828438975149903,0.4139145044040159,-0.09013306298366723,0.9104575879329043,0.3223296320984591,0.6101408185852787,0.4290018778563366,0.7110757505809742,0.3337082354480794,0.8272558630509697,0.186148569990766,0.5265667318235985,0.2867432394224195,1.022213909817933,-0.1845257028848042,799.0109890109891,786.5201465201466,791.7582417582418,794.981684981685,901.7582417582418,969.4505494505495,-0.387207,0.075562,0.987366,48.636627,-23.118286,-80.816803,1,1,1,1,1,97.000000
2025-03-24 14:47:03.456,1.236916055216906,1.001633796722022,0.7355588395003876,0.01504095287317939,1.067269140833987,0.2828438975149903,0.2777644565579788,-0.09013306298366723,0.9104575879329043,0.3223296320984591,0.5889276819939515,0.4290018778563366,0.7110757505809742,0.3337082354480794,0.8569585095244175,0.186148569990766,0.5265667318235985,0.2867432394224195,1.028572205104072,-0.1845257028848042,794.1758241758242,790.1465201465202,801.8315018315019,724.4688644688645,26.19047619047619,0,-0.257202,0.043213,0.914612,28.015594,-6.108551,-46.296387,1,1,1,1,1,97.000000
2025-03-24 14:47:03.957,1.236916055216906,1.001633796722022,1.116842524108065,0.01504095287317939,1.067269140833987,0.2828438975149903,0.7828747187444691,-0.09013306298366723,0.9104575879329043,0.3223296320984591,0.6457512199443245,0.4290018778563366,0.7110757505809742,0.3337082354480794,0.4920601262288747,0.186148569990766,0.5265667318235985,0.2867432394224195,0.6215160678273192,-0.1845257028848042,801.4285714285714,801.025641025641,807.8754578754579,749.047619047619,1622.600732600733,1622.197802197802,-0.413208,0.199341,0.850586,25.944519,6.392670,-51.320801,1,1,1,1,1,97.000000
2025-03-24 14:47:04.457,1.517788136994497,1.309551772427024,1.394305881237869,0.01504095287317939,1.028775159727923,1.12743192298279,1.261963714266105,-0.09013306298366723,0.7291601115923988,0.9146421731612598,1.049346671744364,0.4290018778563366,0.7350984462074248,0.7792992016378054,0.1870035617778869,0.186148569990766,0.3497881579218521,0.6283751153633155,-0.238603658157908,-0.1845257028848042,809.8901098901099,805.0549450549451,799.8168498168499,814.3223443223443,608.021978021978,396.8864468864469,-0.370239,0.031677,0.941223,-28.987579,1.345825,17.495728,1,1,1,1,1,97.000000
2025-03-24 14:47:04.957,1.377169368006392,1.194142623424412,1.345943103891434,0.01504095287317939,0.9828272957608442,1.043551440023861,1.163207682330962,-0.09013306298366723,0.8139102859463763,0.9538448060207729,1.058722389402419,0.4290018778563366,0.7315748888205695,0.8001466383084688,0.2018516605634304,0.186148569990766,0.4064415501781943,0.6983284885023098,-0.1619961801912662,-0.1845257028848042,812.7106227106227,819.1575091575091,794.1758241758242,815.1282051282052,1011.355311355311,1232.564102564103,-0.338501,0.046570,0.941589,-29.802551,0.493469,73.743744,1,1,1,1,1,97.000000
2025-03-24 14:47:05.458,1.330645012515159,1.063302067216246,1.241021279136081,0.01504095287317939,0.9860429307605288,0.9205875052069763,1.08634112321464,-0.09013306298366723,0.8011622303381456,0.9501041375995631,1.058722389402419,0.4290018778563366,0.7103409611663003,0.8257276683523262,0.207089301476309,0.186148569990766,0.4381367335156072,0.7022748587547961,-0.1428342493742525,-0.1845257028848042,799.8168498168499,824.7985347985348,790.5494505494506,812.3076923076924,581.4285714285714,204.2857142857143,-0.327148,0.088684,0.929688,-54.191895,11.611481,133.356323,1,1,1,1,1,97.000000
2025-03-24 14:47:05.957,1.007844816273702,0.7995457203373858,1.021099147641647,0.01504095287317939,0.873615746715952,0.6445018306905745,0.6878947711688892,-0.09013306298366723,0.7379411635251619,0.7606712921372312,0.8283844661234249,0.4290018778563366,0.6744021339595299,0.8438271533245982,0.1754786487273364,0.186148569990766,0.4413633737249712,0.7333785294786248,-0.1650903383619675,-0.1845257028848042,795.3846153846154,784.5054945054945,809.4871794871796,837.6923076923077,760.3296703296703,564.5054945054945,-0.450989,0.056091,0.869873,-13.734894,9.435730,37.675629,1,1,1,1,1,97.000000
2025-03-24 14:47:06.457,1.244212325973401,0.7525651842326957,0.2491157225498181,0.01504095287317939,0.9977951177977441,0.4188989012020847,0.05312374143543674,-0.09013306298366723,1.025354683290744,0.6050721768014825,-0.007635772004669265,0.4290018778563366,0.7303254948965332,0.8541751910924686,0.1004710151974027,0.186148569990766,0.3893928372216823,0.7123052840744668,-0.3694843445288251,-0.1845257028848042,796.996336996337,807.4725274725275,799.4139194139194,801.8315018315019,905.3846153846154,840.5128205128206,-0.494995,0.079529,0.859131,-5.114136,-0.635529,8.717957,1,1,1,1,1,97.000000
2025-03-24 14:47:06.957,1.297973083338111,0.7525651842326957,0.9050706389366094,0.01504095287317939,1.02402957284385,0.4188989012020847,0.5253646428422406,-0.09013306298366723,1.025354683290744,0.6050721768014825,0.2526850348229181,0.4290018778563366,0.770492361306955,0.8541751910924686,0.3083435428492067,0.186148569990766,0.3879275488620039,0.7123052840744668,0.1611545665912051,-0.1845257028848042,791.3553113553114,809.0842490842491,779.2673992673992,806.6666666666667,793.3699633699634,578.2051282051282,-0.508240,0.065063,0.856445,0.770111,6.691742,-5.226288,1,1,1,1,1,97.000000
2025-03-24 14:47:07.133,,,,,,,,,,,,,,,,,,,,,,,,,,,,,,,,,,,,,,,/muse/elements/blink
2025-03-24 14:47:07.462,1.297973083338111,0.5108875926535971,0.9050706389366094,0.01504095287317939,1.02402957284385,0.3895140867542344,0.5253646428422406,-0.09013306298366723,1.025354683290744,0.4588376271512974,0.2526850348229181,0.4290018778563366,0.770492361306955,1.042647277237308,0.3083435428492067,0.186148569990766,0.3879275488620039,0.8265991935435743,0.1611545665912051,-0.1845257028848042,823.5897435897436,802.6373626373627,803.040293040293,840.5128205128206,786.5201465201466,601.5750915750916,-0.521484,0.063904,0.840088,-0.082245,0.530853,-0.269165,1,1,1,1,1,97.000000
2025-03-24 14:47:07.957,1.297973083338111,0.3937995934350908,0.9050706389366094,0.01504095287317939,1.02402957284385,0.3714320481656014,0.5253646428422406,-0.09013306298366723,1.025354683290744,0.4840323817486605,0.2526850348229181,0.4290018778563366,0.770492361306955,0.9987601444905579,0.3083435428492067,0.186148569990766,0.3879275488620039,0.7253590555717581,0.1611545665912051,-0.1845257028848042,796.5934065934066,803.040293040293,801.025641025641,798.6080586080586,806.6666666666667,673.6996336996338,-0.514465,0.031433,0.838806,-2.542114,-2.758942,-0.575714,1,1,1,1,1,97.000000
2025-03-24 14:47:08.457,1.297973083338111,0.3125860640537479,1.0143062935557,0.01504095287317939,1.02402957284385,0.4110685265024822,0.3287398907545781,-0.09013306298366723,1.025354683290744,0.505852514957706,0.3400780296014138,0.4290018778563366,0.770492361306955,0.9385810227924918,0.2774101722665224,0.186148569990766,0.3879275488620039,0.5924282722966664,0.1841653785824972,-0.1845257028848042,797.8021978021978,806.2637362637363,809.8901098901099,795.3846153846154,855.0183150183151,718.4249084249085,-0.503235,-0.007629,0.859314,3.947754,-2.183228,-5.644989,1,2,1,1,2,97.000000
2025-03-24 14:47:08.970,1.297973083338111,0.2266403632001329,0.7341147008997756,0.01504095287317939,1.02402957284385,0.3532223656544182,0.08692697820867223,-0.09013306298366723,1.025354683290744,0.4852465002193905,0.396344902871737,0.4290018778563366,0.770492361306955,0.8003313839290949,0.1536806095010761,0.186148569990766,0.3879275488620039,0.3725429518817422,0.0004049455061678048,-0.1845257028848042,780.0732600732601,831.2454212454213,757.9120879120879,786.9230769230769,923.919413919414,918.2783882783883,-0.517029,0.023926,0.848755,19.753723,-10.975952,-35.327911,1,2,1,1,2,97.000000
2025-03-24 14:47:09.457,0.2762804259329371,0.6675572921894277,1.100050776732519,0.01504095287317939,-0.07104171358883656,0.4470701692443083,0.3993341812992899,-0.09013306298366723,0.2244544911251064,0.4582223548112027,0.4312580871752308,0.4290018778563366,0.1927830244605163,0.5759270385192921,0.1316852706128551,0.186148569990766,-0.3688518028201976,0.1315517363900836,-0.1100822798963665,-0.1845257028848042,808.2783882783883,791.3553113553114,810.6959706959707,784.9084249084249,747.8388278388279,618.4981684981685,-0.288635,0.000000,0.932861,60.823822,-4.269257,-124.997253,1,1,1,1,1,97.000000
2025-03-24 14:47:09.957,1.099575191180521,0.7637698263930262,1.096715635460924,1.308134407884165,0.2305737698778509,0.2871111017041205,0.3901600763310051,0.7015950913397815,0.333008918019388,0.241448340870476,0.2456890480612506,0.4608385752422015,0.2754185061103173,0.172691975876238,0.04563634935858071,0.4614866648205269,-0.03815025281765709,-0.1182743979048046,-0.3077945493143326,0.1751766499403679,833.2600732600733,820.3663003663004,784.1025641025641,761.5384615384615,814.3223443223443,722.8571428571429,-0.364685,0.077942,0.906311,49.645996,2.983246,-101.138763,1,1,1,1,1,97.000000
2025-03-24 14:47:10.467,1.214829737039557,1.112776783585561,1.559199737842069,1.478882179352856,0.4043128820394155,0.6152737217540363,1.105866211379027,0.9126758227743959,0.4747410746569273,0.2293527026292886,0.8473107522085183,0.9025846414131393,0.3509130137039562,0.2209563850029342,0.2282998489373389,0.7233530939578886,0.4039696886851523,-0.04721566149561451,0.2527474360764339,0.7430700210534013,807.0695970695971,800.6227106227107,805.0549450549451,797.8021978021978,845.7509157509157,693.040293040293,-0.440186,0.106689,0.884644,-1.368256,-0.104675,4.418793,1,1,1,1,1,97.000000
2025-03-24 14:47:10.957,1.382186769454301,1.112776783585561,1.640571685103499,1.478882179352856,0.5184226635513066,0.6152737217540363,1.195073649338034,0.9126758227743959,0.4747410746569273,0.2293527026292886,0.8473107522085183,0.9025846414131393,0.4115328819951269,0.2209563850029342,0.2502387168352505,0.7233530939578886,0.5675753661250579,-0.04721566149561451,0.3258390015029227,0.7430700210534013,801.025641025641,799.4139194139194,803.8461538461539,795.3846153846154,768.3882783882784,595.934065934066,-0.451050,0.080383,0.882446,-9.712372,16.172333,14.056396,1,1,1,1,1,97.000000
2025-03-24 14:47:11.077,,,,,,,,,,,,,,,,,,,,,,,,,,,,,,,,,,,,,,,/muse/elements/blink
2025-03-24 14:47:11.456,1.361648653406815,1.112776783585561,1.640571685103499,1.394472666651036,0.5866449178078758,0.6152737217540363,1.195073649338034,0.8689541673400023,0.3967208295010871,0.2293527026292886,0.8473107522085183,0.9021817693829313,0.41512901817603,0.2209563850029342,0.2502387168352505,0.7570777645780361,0.7668873937164652,-0.04721566149561451,0.3258390015029227,0.8329186483179051,809.4871794871796,798.6080586080586,799.4139194139194,811.0989010989011,803.4432234432235,806.6666666666667,-0.495117,0.075073,0.852112,-1.046753,-4.912262,2.699127,1,1,1,1,1,97.000000
2025-03-24 14:47:11.960,1.361648653406815,1.112776783585561,1.640571685103499,1.414489700366057,0.5866449178078758,0.6152737217540363,1.195073649338034,0.7717969586827013,0.3967208295010871,0.2293527026292886,0.8473107522085183,0.9020031468344066,0.41512901817603,0.2209563850029342,0.2502387168352505,0.7868016999549361,0.7668873937164652,-0.04721566149561451,0.3258390015029227,0.8436567612858308,794.981684981685,798.6080586080586,803.8461538461539,792.5641025641025,817.948717948718,666.0439560439561,-0.499634,0.042847,0.853210,-5.764618,-2.557068,15.222778,1,1,1,1,1,97.000000
2025-03-24 14:47:12.438,,,,,,,,,,,,,,,,,,,,,,,,,,,,,,,,,,,,,,,/muse/elements/blink
2025-03-24 14:47:12.457,1.361648653406815,1.112776783585561,0.918681450647318,1.414489700366057,0.5866449178078758,0.6152737217540363,0.5508699014710231,0.7717969586827013,0.3967208295010871,0.2293527026292886,0.5971024834486632,0.9020031468344066,0.41512901817603,0.2209563850029342,0.6690123004213152,0.7868016999549361,0.7668873937164652,-0.04721566149561451,0.5407942261268833,0.8436567612858308,838.4981684981685,804.6520146520147,770.8058608058608,819.96336996337,869.5238095238095,692.2344322344322,-0.383606,-0.027222,0.910339,-45.840302,-9.689941,98.529358,1,1,1,1,1,97.000000
2025-03-24 14:47:12.956,1.361648653406815,1.112776783585561,0.918681450647318,1.414489700366057,0.5866449178078758,0.6152737217540363,0.5508699014710231,0.7717969586827013,0.3967208295010871,0.2293527026292886,0.5971024834486632,0.9020031468344066,0.41512901817603,0.2209563850029342,0.6690123004213152,0.7868016999549361,0.7668873937164652,-0.04721566149561451,0.5407942261268833,0.8436567612858308,817.948717948718,799.8168498168499,817.948717948718,861.8681318681319,901.7582417582418,843.7362637362637,-0.343079,0.031250,0.948608,-45.578613,6.011353,101.243439,1,1,1,1,1,97.000000
2025-03-24 14:47:13.457,1.361648653406815,1.112776783585561,0.918681450647318,1.414489700366057,0.5866449178078758,0.6152737217540363,0.5508699014710231,0.7717969586827013,0.3967208295010871,0.2293527026292886,0.5971024834486632,0.9020031468344066,0.41512901817603,0.2209563850029342,0.6690123004213152,0.7868016999549361,0.7668873937164652,-0.04721566149561451,0.5407942261268833,0.8436567612858308,810.6959706959707,801.4285714285714,805.4578754578755,802.2344322344322,898.5347985347986,754.2857142857143,-0.397156,0.090454,0.901978,-0.859833,2.100983,7.162781,1,2,1,1,2,97.000000
2025-03-24 14:47:13.730,,,,,,,,,,,,,,,,,,,,,,,,,,,,,,,,,,,,,,,/muse/elements/blink
2025-03-24 14:47:13.956,1.361648653406815,1.112776783585561,0.918681450647318,1.414489700366057,0.5866449178078758,0.6152737217540363,0.5508699014710231,0.7717969586827013,0.3967208295010871,0.2293527026292886,0.5971024834486632,0.9020031468344066,0.41512901817603,0.2209563850029342,0.6690123004213152,0.7868016999549361,0.7668873937164652,-0.04721566149561451,0.5407942261268833,0.8436567612858308,696.6666666666667,821.978021978022,819.5604395604396,722.4542124542124,817.1428571428571,455.7142857142857,-0.515686,0.170959,0.772339,26.168823,-47.103882,-57.638702,1,2,1,1,2,97.000000
2025-03-24 14:47:14.105,,,,,,,,,,,,,,,,,,,,,,,,,,,,,,,,,,,,,,,/muse/elements/blink
2025-03-24 14:47:14.464,1.361648653406815,1.112776783585561,0.918681450647318,1.414489700366057,0.5866449178078758,0.6152737217540363,0.5508699014710231,0.7717969586827013,0.3967208295010871,0.2293527026292886,0.5971024834486632,0.9020031468344066,0.41512901817603,0.2209563850029342,0.6690123004213152,0.7868016999549361,0.7668873937164652,-0.04721566149561451,0.5407942261268833,0.8436567612858308,795.7875457875458,784.5054945054945,806.2637362637363,781.6849816849817,654.3589743589744,193.8095238095238,-0.389404,0.002014,0.982666,16.239624,1.069183,-37.234497,1,2,1,1,2,97.000000
2025-03-24 14:47:14.957,1.361648653406815,1.112776783585561,0.918681450647318,1.414489700366057,0.5866449178078758,0.6152737217540363,0.5508699014710231,0.7717969586827013,0.3967208295010871,0.2293527026292886,0.5971024834486632,0.9020031468344066,0.41512901817603,0.2209563850029342,0.6690123004213152,0.7868016999549361,0.7668873937164652,-0.04721566149561451,0.5407942261268833,0.8436567612858308,801.025641025641,818.7545787545788,782.893772893773,740.5860805860806,474.2490842490843,0,-0.343689,0.112183,0.740051,9.278717,1.024323,-32.748413,1,2,1,1,2,97.000000
2025-03-24 14:47:15.462,1.361648653406815,1.112776783585561,0.918681450647318,1.414489700366057,0.5866449178078758,0.6152737217540363,0.5508699014710231,0.7717969586827013,0.3967208295010871,0.2293527026292886,0.5971024834486632,0.9020031468344066,0.41512901817603,0.2209563850029342,0.6690123004213152,0.7868016999549361,0.7668873937164652,-0.04721566149561451,0.5407942261268833,0.8436567612858308,795.7875457875458,801.8315018315019,813.1135531135532,764.3589743589744,1162.857142857143,992.014652014652,-0.359802,-0.107971,0.897583,-9.809570,-6.392670,40.875702,1,2,1,1,2,97.000000
2025-03-24 14:47:15.957,1.022300191396791,0.4379307763953699,1.433259925237584,1.414489700366057,1.000531949963569,0.936261798173725,0.7275697208670389,0.7717969586827013,0.3760598852233002,0.5632132444683926,0.6131756178277683,0.9020031468344066,0.5228330849466032,0.744735723121409,0.3722178980989286,0.7868016999549361,0.03726772829469407,0.4608674349418527,-0.1836532974678913,0.8436567612858308,772.8205128205128,799.4139194139194,803.040293040293,747.032967032967,1619.78021978022,1622.197802197802,-0.361755,0.170166,0.966492,1.839294,-2.018738,-1.891632,1,1,1,1,1,97.000000
2025-03-24 14:47:16.471,1.117423250223295,0.7374973806591836,1.310601132389011,1.414489700366057,1.311492489821622,1.008762632491431,0.6826638896033477,0.7717969586827013,0.7690594653772428,0.5633169440546058,0.6532564488113995,0.9020031468344066,0.5766822738559925,0.6707766208652844,0.2983111905760055,0.7868016999549361,0.2436657502948307,0.4161695900509951,-0.1324514476823603,0.8436567612858308,803.040293040293,804.2490842490843,804.6520146520147,823.992673992674,1122.161172161172,1557.728937728938,-0.336548,-0.127808,1.250793,-1.465454,-10.063782,0.426178,1,1,1,1,1,97.000000
2025-03-24 14:47:16.957,1.361604570144044,0.8919003002347744,1.163855568692877,1.414489700366057,1.37705597114284,1.005340402408847,0.7115864828250037,0.7717969586827013,0.8946416672751883,0.5786094363011732,0.736161060788582,0.9020031468344066,0.6629110646355908,0.6050239969812689,0.260651265672504,0.7868016999549361,0.2507497924985236,0.4024684394928683,-0.1166014108632229,0.8436567612858308,757.1062271062272,785.3113553113553,799.4139194139194,720.4395604395604,429.9267399267399,6.446886446886447,-0.517273,0.130188,1.129028,5.136566,20.568695,-4.104767,1,1,1,1,1,97.000000
2025-03-24 14:47:17.456,1.580382874102067,1.01333483642426,0.9583712182884051,1.414489700366057,1.452508922013026,0.9615086864243321,0.7568449759577451,0.7717969586827013,1.003988575519767,0.6110874283509011,0.7412115101499523,0.9020031468344066,0.7151042882861892,0.5469819587865613,0.1463418941812581,0.7868016999549361,0.3111171482353773,0.3278592143846543,-0.1103724249591389,0.8436567612858308,793.7728937728938,801.4285714285714,813.1135531135532,825.6043956043957,1489.6336996337,1622.197802197802,-0.438660,0.143250,0.953369,-1.704712,4.732819,2.220612,1,1,1,1,1,97.000000
2025-03-24 14:47:17.957,1.646350973869889,1.047271651451448,0.9748199073457386,1.414489700366057,1.346034559761467,0.8502304643265723,0.6886532867673937,0.7717969586827013,0.9926420541080546,0.5279618928940922,0.693804506552098,0.9020031468344066,0.7166179383125022,0.5689335049775296,0.1435567788843719,0.7868016999549361,0.2358802619845083,0.2451241302713272,-0.1679112944371023,0.8436567612858308,810.2930402930403,813.1135531135532,799.0109890109891,782.893772893773,0,0,-0.405945,0.044495,0.746338,-1.151428,-4.388885,5.674896,1,1,1,1,1,97.000000
2025-03-24 14:47:18.462,1.542241597032215,0.9678052832893462,0.8862411082629397,1.414489700366057,1.23822452117597,0.8037471427482341,0.5793694193444395,0.7717969586827013,0.9728154736858744,0.6067725569641567,0.6465614766426303,0.9020031468344066,0.6345667257566406,0.608402257347768,0.1350139805950797,0.7868016999549361,0.1281999312622616,0.2279706670690269,-0.210591733806432,0.8436567612858308,802.6373626373627,790.5494505494506,811.0989010989011,763.1501831501831,232.4908424908425,0.4029304029304029,-0.344177,0.075928,0.748779,0.650482,-7.902985,-5.757141,1,1,1,1,1,97.000000
2025-03-24 14:47:18.957,1.330934801716167,0.9961185177849711,0.9236281987626686,1.414489700366057,1.214357561157474,0.9237776980290245,0.4734685010935983,0.7717969586827013,0.9586037026511559,0.6345301767062876,0.459931499274554,0.9020031468344066,0.536464363743502,0.6569399215620697,0.06537919039180592,0.7868016999549361,0.0536610274101602,0.3298156026834757,-0.2591108842860995,0.8436567612858308,808.6813186813187,804.6520146520147,804.6520146520147,782.893772893773,603.5897435897436,0,-0.336182,0.045837,0.687500,-3.843079,0.755157,13.719940,1,1,1,1,1,97.000000
2025-03-24 14:47:19.457,1.255278147275722,1.008878504587683,0.7651138974545033,1.414489700366057,1.231819146025874,0.9544740766016822,0.5501556248944448,0.7717969586827013,0.8315096769384736,0.6486223361982127,0.5363957650806377,0.9020031468344066,0.4442040660768514,0.6179481024252242,0.02529131230461132,0.7868016999549361,0.005294781677801261,0.3822563584306441,-0.3701661857463917,0.8436567612858308,788.5347985347986,799.0109890109891,809.0842490842491,747.032967032967,1422.747252747253,1624.615384615385,-0.335510,0.158936,0.736877,5.129089,-2.003784,-12.815247,1,1,1,1,1,97.000000
2025-03-24 14:47:19.957,1.25899732739149,1.029371368207121,0.8276279460767562,1.414489700366057,1.312128949245322,1.078410287161592,0.6272687627606451,0.7717969586827013,0.8262051031703179,0.6500224162778153,0.3439565763591751,0.9020031468344066,0.4943354092195199,0.5851784717048955,-0.02227379113102502,0.7868016999549361,0.1137477110226548,0.3432794044359971,-0.4751951941762896,0.8436567612858308,784.5054945054945,807.0695970695971,810.6959706959707,788.1318681318681,1330.476190476191,1620.989010989011,-0.429199,-0.044739,0.978699,7.364655,2.893524,-5.286102,1,1,1,1,1,97.000000
2025-03-24 14:47:20.462,1.368466259141784,1.007222108789298,0.8638780062673276,1.414489700366057,1.367781797347356,1.066402769894899,0.6775211699995225,0.7717969586827013,1.005129095154824,0.551549867423912,0.3266837108955692,0.9020031468344066,0.5602947029795533,0.5055823489444677,-0.01107702183790885,0.7868016999549361,0.05887677328503888,0.2318279852345497,-0.4572970197176084,0.8436567612858308,832.8571428571429,832.4542124542124,768.3882783882784,847.3626373626374,1332.087912087912,1622.197802197802,-0.279846,0.175110,0.993225,49.182434,-4.710388,-108.645477,1,1,1,1,1,97.000000
2025-03-24 14:47:20.545,,,,,,,,,,,,,,,,,,,,,,,,,,,,,,,,,,,,,,,/muse/elements/blink
2025-03-24 14:47:20.956,1.597497992158767,1.005886877814922,1.249030261412374,1.414489700366057,1.435597745874333,1.098687705356715,0.8063610453975848,0.7717969586827013,0.989920121444069,0.5060084326358574,0.3891439101885223,0.9020031468344066,0.6047961989135506,0.5171865908235297,-0.07936374327983368,0.7868016999549361,0.009562848835697935,0.1977250236969582,-0.4148749364428888,0.8436567612858308,790.1465201465202,799.8168498168499,786.5201465201466,759.5238095238095,370.6959706959707,1.611721611721612,-0.129028,0.134949,1.019531,47.485199,-19.065857,-151.046448,1,1,1,1,1,97.000000
2025-03-24 14:47:21.457,1.745148955024005,1.01704569825975,1.425558625769696,1.414489700366057,1.486255330018472,1.05182211394451,0.868772098957567,0.7717969586827013,0.9728519981963866,0.2383070226386175,0.3522988859665223,0.9020031468344066,0.5910503542353824,0.5445760425580108,-0.07442303207279433,0.7868016999549361,-0.1427187984154921,0.1788184761382457,-0.3316258264389287,0.8436567612858308,802.6373626373627,801.8315018315019,832.4542124542124,833.2600732600733,716.007326007326,347.3260073260074,-0.344482,-0.042053,0.934937,28.860474,12.000275,-77.452240,1,1,1,1,1,97.000000
2025-03-24 14:47:21.957,1.746011674373277,1.016517397589647,1.647867977997058,1.414489700366057,1.238417115278656,1.09728574493337,0.9979903382103145,0.7717969586827013,0.885605828025209,0.05662310564382075,0.314127202353475,0.9020031468344066,0.509056252873583,0.5984110567132224,-0.06128377197573529,0.7868016999549361,0.1667888183358754,0.1988769008541843,-0.4159403673337176,0.8436567612858308,825.2014652014652,823.5897435897436,801.025641025641,787.7289377289378,695.8608058608058,221.6117216117216,-0.339905,-0.099976,0.924500,32.531586,3.050537,-73.317566,1,1,1,1,1,97.000000
2025-03-24 14:47:22.457,1.621332682643485,1.016517397589647,1.647867977997058,1.414489700366057,1.055511594517688,1.09728574493337,0.9979903382103145,0.7717969586827013,0.5856901611130413,0.05662310564382075,0.314127202353475,0.9020031468344066,0.4657109343338707,0.5984110567132224,-0.06128377197573529,0.7868016999549361,0.269095077021615,0.1988769008541843,-0.4159403673337176,0.8436567612858308,803.8461538461539,789.7435897435897,809.8901098901099,805.0549450549451,336.4468864468865,4.835164835164836,-0.516357,-0.001648,0.852783,-1.121521,13.323669,15.207825,1,1,1,1,1,97.000000
2025-03-24 14:47:22.818,,,,,,,,,,,,,,,,,,,,,,,,,,,,,,,,,,,,,,,/muse/elements/blink
2025-03-24 14:47:22.957,1.034166960260714,1.016517397589647,1.647867977997058,1.414489700366057,0.07120995921199762,1.09728574493337,0.9979903382103145,0.7717969586827013,1.074876691319709,0.05662310564382075,0.314127202353475,0.9020031468344066,0.8491537554571653,0.5984110567132224,-0.06128377197573529,0.7868016999549361,0.7535697071385633,0.1988769008541843,-0.4159403673337176,0.8436567612858308,812.3076923076924,805.0549450549451,807.8754578754579,896.5201465201466,1623.809523809524,1622.197802197802,-0.618347,0.159058,0.798035,-5.809479,0.897217,15.574188,1,1,1,1,1,97.000000
2025-03-24 14:47:23.457,1.033335191644476,1.016517397589647,1.647867977997058,1.414489700366057,0.03117471194303954,1.09728574493337,0.9979903382103145,0.7717969586827013,1.072359177918273,0.05662310564382075,0.314127202353475,0.9020031468344066,0.9048999314923603,0.5984110567132224,-0.06128377197573529,0.7868016999549361,0.8179407943379047,0.1988769008541843,-0.4159403673337176,0.8436567612858308,795.7875457875458,771.6117216117216,848.1684981684982,827.2161172161173,262.7106227106227,0,-0.670959,0.109619,0.727295,-15.506897,-0.112152,19.858398,1,1,1,1,1,97.000000
2025-03-24 14:47:23.957,1.033335191644476,1.016517397589647,1.647867977997058,1.414489700366057,0.03117471194303954,1.09728574493337,0.9979903382103145,0.7717969586827013,1.072359177918273,0.05662310564382075,0.314127202353475,0.9020031468344066,0.9048999314923603,0.5984110567132224,-0.06128377197573529,0.7868016999549361,0.8179407943379047,0.1988769008541843,-0.4159403673337176,0.8436567612858308,787.7289377289378,810.2930402930403,787.7289377289378,779.2673992673992,1360.29304029304,1619.377289377289,-0.473206,0.000671,0.813416,-39.170990,-6.766510,54.139557,1,1,1,1,1,97.000000
2025-03-24 14:47:24.457,0.9504358469430314,1.016517397589647,1.647867977997058,1.414489700366057,0.5929924036431405,1.09728574493337,0.9979903382103145,0.7717969586827013,0.7564694455049367,0.05662310564382075,0.314127202353475,0.9020031468344066,0.8231310095281172,0.5984110567132224,-0.06128377197573529,0.7868016999549361,0.6800632887735354,0.1988769008541843,-0.4159403673337176,0.8436567612858308,806.6666666666667,812.7106227106227,805.8608058608058,817.1428571428571,987.1794871794872,1008.534798534799,-0.498413,0.136536,0.855225,-48.038483,-1.472931,58.834991,1,1,1,1,1,97.000000
2025-03-24 14:47:24.959,1.19385191323109,1.016517397589647,1.647867977997058,1.414489700366057,0.6311623741589412,1.09728574493337,0.9979903382103145,0.7717969586827013,0.7702487138653267,0.05662310564382075,0.314127202353475,0.9020031468344066,0.825027760735132,0.5984110567132224,-0.06128377197573529,0.7868016999549361,0.5412844561057346,0.1988769008541843,-0.4159403673337176,0.8436567612858308,771.2087912087912,798.2051282051282,799.4139194139194,788.5347985347986,848.5714285714286,807.8754578754579,-0.509399,0.074768,0.869141,-10.699310,0.687866,9.996490,1,1,1,1,1,97.000000
2025-03-24 14:47:25.233,,,,,,,,,,,,,,,,,,,,,,,,,,,,,,,,,,,,,,,/muse/elements/blink
2025-03-24 14:47:25.458,1.19385191323109,1.016517397589647,1.647867977997058,1.414489700366057,0.6311623741589412,1.09728574493337,0.9979903382103145,0.7717969586827013,0.7702487138653267,0.05662310564382075,0.314127202353475,0.9020031468344066,0.825027760735132,0.5984110567132224,-0.06128377197573529,0.7868016999549361,0.5412844561057346,0.1988769008541843,-0.4159403673337176,0.8436567612858308,812.3076923076924,810.2930402930403,805.8608058608058,821.978021978022,809.0842490842491,648.7179487179487,-0.694946,0.013977,0.691833,-15.035858,6.116028,15.118103,1,1,1,1,1,97.000000
2025-03-24 14:47:25.956,1.322010338624871,0.9965605672513844,1.647867977997058,1.414489700366057,0.6594531227066582,0.8105146909276714,0.9979903382103145,0.7717969586827013,0.50946782041193,0.999392713983447,0.314127202353475,0.9020031468344066,0.8265392197560564,0.8460043203683343,-0.06128377197573529,0.7868016999549361,0.3856332284970692,1.022279256577315,-0.4159403673337176,0.8436567612858308,784.1025641025641,804.2490842490843,811.0989010989011,764.3589743589744,839.7069597069598,601.978021978022,-0.711182,0.061646,0.677368,5.188904,-11.746063,-9.084320,1,1,1,1,1,97.000000
2025-03-24 14:47:26.305,,,,,,,,,,,,,,,,,,,,,,,,,,,,,,,,,,,,,,,/muse/elements/blink
2025-03-24 14:47:26.457,1.35123509415782,0.8215641980853918,0.1453208226626894,1.414489700366057,0.683428953736837,0.6632278884058398,0.01255268955704343,0.7717969586827013,0.447081384459453,0.999392713983447,0.1930829141929549,0.9020031468344066,0.8183881336307397,0.8524454720895498,0.5134079081261499,0.7868016999549361,0.3322596803449232,0.9447897020625704,0.08307554455568762,0.8436567612858308,809.8901098901099,804.2490842490843,793.3699633699634,802.2344322344322,827.6190476190476,788.9377289377289,-0.597595,0.034607,0.781372,0.553284,-10.504913,-1.271057,1,1,1,1,1,97.000000
2025-03-24 14:47:26.957,1.35123509415782,0.5261944790750642,0.1453208226626894,1.414489700366057,0.683428953736837,0.5316349019414413,0.01255268955704343,0.7717969586827013,0.447081384459453,0.9879242782387425,0.1930829141929549,0.9020031468344066,0.8183881336307397,0.7750314461766206,0.5134079081261499,0.7868016999549361,0.3322596803449232,0.8590060198542813,0.08307554455568762,0.8436567612858308,801.8315018315019,800.6227106227107,805.4578754578755,802.6373626373627,868.3150183150184,653.956043956044,-0.511230,0.061584,0.821289,-3.865509,-13.420868,-3.686066,1,1,1,1,1,97.000000
2025-03-24 14:47:27.456,1.35123509415782,0.2751398330401442,0.1453208226626894,1.414489700366057,0.683428953736837,0.3959891089006634,0.01255268955704343,0.7717969586827013,0.447081384459453,0.4084885035412404,0.1930829141929549,0.9020031468344066,0.8183881336307397,0.6489652853056932,0.5134079081261499,0.7868016999549361,0.3322596803449232,0.6316539375293656,0.08307554455568762,0.8436567612858308,813.919413919414,795.7875457875458,778.4615384615385,770.8058608058608,769.1941391941392,569.3406593406594,-0.268677,0.163574,0.956848,86.282349,-23.791199,-148.093109,1,1,1,1,1,97.000000
2025-03-24 14:47:27.957,1.35123509415782,0.2568276806735235,0.1453208226626894,1.414489700366057,0.683428953736837,0.4407821503710122,0.01255268955704343,0.7717969586827013,0.447081384459453,0.3567622681162536,0.1930829141929549,0.9020031468344066,0.8183881336307397,0.461665875872692,0.5134079081261499,0.7868016999549361,0.3322596803449232,0.4922794136487111,0.08307554455568762,0.8436567612858308,802.2344322344322,780.4761904761905,807.8754578754579,799.8168498168499,907.8021978021978,821.5750915750916,-0.237854,0.185059,0.953186,19.387360,-9.286194,-82.147675,1,2,1,1,2,97.000000
2025-03-24 14:47:28.470,1.35123509415782,0.1587325790435715,1.129790241565243,1.414489700366057,0.683428953736837,-0.3636721261126192,0.8106571099446277,0.7717969586827013,0.447081384459453,0.1971380367431648,0.4859599284222556,0.9020031468344066,0.8183881336307397,0.1881059322384278,0.1125630733478301,0.7868016999549361,0.3322596803449232,0.03275021213676873,-0.07659967672980487,0.8436567612858308,809.8901098901099,785.7142857142858,816.7399267399268,804.6520146520147,852.6007326007326,633.8095238095239,-0.411316,0.053223,0.896667,8.224487,-1.203766,-17.809753,1,2,1,1,2,97.000000
2025-03-24 14:47:28.956,0.9122235889885844,0.1587325790435715,1.367437213557754,1.195067966255872,0.7818922996453622,-0.3636721261126192,1.096745764549008,0.5518390234411974,0.8555919401005185,0.1971380367431648,0.6807756306406085,0.8982324811171245,0.7557877399365804,0.1881059322384278,0.1270994308219275,0.5637244183480661,0.4435565024655853,0.03275021213676873,0.04150248649432169,0.4014683985957362,783.6996336996338,813.5164835164835,770.4029304029305,765.1648351648352,823.1868131868132,628.974358974359,-0.437134,0.101685,0.896790,-0.740204,7.723541,2.811279,1,1,1,1,1,97.000000
2025-03-24 14:47:29.457,0.8394035480045489,0.1587325790435715,1.304735706463742,1.268852882534502,0.6535739015989344,-0.3636721261126192,1.04304233124452,0.4203422054060239,0.8700732075853663,0.1971380367431648,0.6807756306406085,0.8982324811171245,0.7136196031573422,0.1881059322384278,0.1634982167125281,0.539558233247038,0.3651758727601216,0.03275021213676873,0.04570159164434377,0.2825203682033758,805.4578754578755,794.981684981685,800.2197802197802,790.1465201465202,801.025641025641,622.1245421245421,-0.477783,0.055054,0.870911,4.351501,-4.388885,-1.001892,1,1,1,1,1,97.000000
2025-03-24 14:47:29.970,0.8173897897827351,0.1587325790435715,1.162450354218546,1.176820206374216,0.5054197903008136,-0.3636721261126192,0.8262156956498533,0.3979999072079923,0.7816663299943105,0.1971380367431648,0.6897526905632114,0.9048884162773194,0.6514692055036448,0.1881059322384278,0.1516673292284472,0.491582761739243,0.3936793141482871,0.03275021213676873,-0.01548558024524093,0.2913015728559929,787.7289377289378,789.7435897435897,805.8608058608058,765.5677655677656,860.2564102564103,645.8974358974359,-0.397400,0.036011,0.893921,-32.778320,-3.917847,60.532227,1,1,1,1,1,97.000000
2025-03-24 14:47:30.458,0.6836637619131863,0.1587325790435715,0.8215642149339814,1.157771973597681,0.08679781558773586,-0.3636721261126192,0.1971784588362205,0.1576076435533062,0.4895685375077711,0.1971380367431648,0.2575792424336495,0.6937935203168073,0.5258916111526526,0.1881059322384278,0.1796304218796971,0.4050226998094072,0.3384006048108071,0.03275021213676873,-0.082842094683239,0.1433272089717417,855.0183150183151,793.3699633699634,788.5347985347986,856.6300366300367,823.1868131868132,730.1098901098901,-0.318054,0.031738,0.934998,-58.520966,0.672913,110.529633,1,1,1,1,1,97.000000
2025-03-24 14:47:30.966,0.6836637619131863,0.5065491578469665,0.9019880841543638,1.157771973597681,0.08679781558773586,0.08766357379554265,0.1330629850386687,0.1576076435533062,0.4895685375077711,0.4319511619825184,0.2327231516484106,0.6937935203168073,0.5258916111526526,1.012646483946009,0.1275406888185399,0.4050226998094072,0.3384006048108071,1.025271974004528,-0.1275068218494737,0.1433272089717417,819.1575091575091,809.8901098901099,780.8791208791209,814.3223443223443,988.7912087912089,842.5274725274726,-0.412476,0.046936,0.899292,-25.854797,1.330872,57.548981,1,1,1,1,1,97.000000
2025-03-24 14:47:31.466,0.6836637619131863,0.9632807130496356,1.158309297466808,1.157771973597681,0.08679781558773586,0.1295597309934008,0.3873196307344864,0.1576076435533062,0.4895685375077711,0.3429789197633621,0.3127957219305958,0.6937935203168073,0.5258916111526526,0.1069364327327013,0.07230383483051615,0.4050226998094072,0.3384006048108071,-0.01384136664567453,-0.4094592618253934,0.1433272089717417,790.952380952381,817.1428571428571,802.6373626373627,845.3479853479854,859.8534798534798,696.2637362637363,-0.431030,0.049927,0.903137,-1.158905,-2.250519,5.278625,1,1,1,1,1,97.000000
2025-03-24 14:47:31.958,0.6836637619131863,0.8739620463446347,1.066073755509323,1.157771973597681,0.08679781558773586,0.3647477716014701,0.5377531487130076,0.1576076435533062,0.4895685375077711,0.4918461005545556,0.4553728252398682,0.6937935203168073,0.5258916111526526,0.4802767697315052,0.08434143742436258,0.4050226998094072,0.3384006048108071,0.2038492112108101,-0.2486359567274311,0.1433272089717417,790.5494505494506,821.5750915750916,785.7142857142858,793.7728937728938,727.6923076923077,530.6593406593407,-0.408203,0.122253,0.893311,9.562836,-8.785248,-29.570770,1,1,1,1,1,97.000000
2025-03-24 14:47:32.457,0.4062956124106197,0.9250864270081122,1.065399536234881,1.157771973597681,-0.0225611465773946,0.3801061538412246,0.4622199114931584,0.1576076435533062,0.3935233333637209,0.4918461005545556,0.4553728252398682,0.6937935203168073,0.2932783063972826,0.6002327950072941,0.04258755154746933,0.4050226998094072,0.2214063745126075,0.4125301543457713,-0.1904814636317801,0.1433272089717417,789.7435897435897,804.2490842490843,786.5201465201466,800.2197802197802,794.5787545787546,568.9377289377289,-0.242554,0.051392,0.973999,47.731934,-11.028290,-125.176697,1,1,1,1,1,97.000000
2025-03-24 14:47:32.957,0.3493413637339044,0.7704085351556724,1.038790273485892,1.157771973597681,-0.1836137592058215,0.320908684562849,0.3945664680651442,0.1576076435533062,0.5222735449527868,0.4611639854265793,0.4233905785907607,0.6937935203168073,0.6159464385299275,0.7383782568649258,0.07267440937665347,0.4050226998094072,0.2630671756474829,0.5078556341764342,-0.1267097585510732,0.1433272089717417,807.0695970695971,828.021978021978,808.2783882783883,809.4871794871796,848.1684981684982,709.1575091575091,-0.321716,0.064392,0.929443,43.739319,-0.284119,-98.080750,1,1,1,1,1,97.000000
2025-03-24 14:47:33.457,0.4319507226835358,0.7455383406999847,1.036397862188498,1.157771973597681,0.1767949143610142,0.02855406688569827,0.02261177607217206,0.1576076435533062,0.5582660977134927,0.4869265223962165,0.1331289549399023,0.6937935203168073,0.6737123192938083,0.817230350373537,0.1409607742996221,0.4050226998094072,0.3289504963219323,0.752664333420771,-0.137821961807899,0.1433272089717417,796.996336996337,813.5164835164835,797.3992673992674,791.7582417582418,880.4029304029305,735.7509157509157,-0.381104,0.076050,0.919189,1.637421,1.824341,-0.299072,1,1,1,1,1,97.000000
2025-03-24 14:47:33.960,0.4459577679898286,0.5614296778862488,1.072727734023129,0.975170450950882,0.296500363182321,0.03545313697575012,0.1260679085292911,0.3531572316417311,0.4986087669911041,0.4388557110546188,0.524260960350451,0.7642579749099941,0.7265560926291581,0.9424836945287695,0.3216164363995348,0.7418695100804787,0.3837459644770455,0.882819489417184,-0.1208196636290765,0.2035074966094101,803.8461538461539,809.8901098901099,801.4285714285714,794.981684981685,880.4029304029305,698.2783882783883,-0.388672,0.112427,0.917114,-1.614990,-3.259888,1.712189,1,1,1,1,1,97.000000
2025-03-24 14:47:34.457,0.4641655844157496,0.3713750955652608,0.90567364120067,0.8187419040312287,0.3365578157819296,-0.1162347270161335,0.004948346102851927,0.3126467181331648,0.4484332752894364,0.4388557110546188,0.524260960350451,0.7706344676100991,0.657223855170484,0.991617841702065,0.3122547607016649,0.6535308695239919,0.3867626588799437,0.8938003764853562,-0.01647908868728123,0.2188056343045744,811.9047619047619,806.6666666666667,804.2490842490843,801.4285714285714,814.3223443223443,638.2417582417582,-0.383728,0.093506,0.914429,1.031799,-0.590668,-1.570129,1,1,1,1,1,97.000000
2025-03-24 14:47:34.957,0.4693740572827383,0.1430494051649877,0.8403315032450982,0.7415161808472718,0.289100527078456,-0.3931018052236896,0.07665633034183891,0.2708107681953855,0.5282240574520205,0.1398032357791825,0.5314148408933421,0.7782117216551013,0.5758225452505209,0.9647835970287026,0.2629312864077841,0.5836460186964546,0.3385391995878339,0.8331222692617007,0.06550917664770428,0.227390883999567,802.6373626373627,805.4578754578755,806.6666666666667,793.7728937728938,790.952380952381,566.9230769230769,-0.403992,0.077881,0.891846,-3.715973,-1.966400,14.123688,1,1,1,1,1,97.000000
2025-03-24 14:47:35.459,0.5422943484172973,0.5449888944309378,0.3928040507803088,0.5712825715333658,0.3264341200343897,0.281015801852553,0.09804972827021426,0.4206699906632304,0.7585848154999134,0.3481088375830744,0.4810274278637475,0.7758772175464335,0.5463345143208939,0.8598322928953047,0.1464636964498987,0.3094426715200066,0.2904424183908312,0.7545826615426537,0.1367435561375106,0.2006843122671039,792.967032967033,793.3699633699634,807.8754578754579,802.6373626373627,891.2820512820513,753.8827838827839,-0.265076,0.061157,0.925903,-53.160095,-1.921539,122.814026,1,1,1,1,1,97.000000
2025-03-24 14:47:35.961,0.7935242261119444,0.8655976907805003,0.9180365337362321,0.7950416288374649,0.5126950277287671,0.6542303680436501,0.5616815205797083,0.5843980194372754,0.7621826411945489,0.3443578507258411,0.5169029082103679,0.9770018744535688,0.5365478497908875,0.6841936656425099,0.1372579021002448,0.3718095980112702,0.2642072955690857,0.5621585078324211,0.06731080166924953,0.1910327954828245,813.5164835164835,792.967032967033,792.5641025641025,906.1904761904763,881.6117216117217,670.8791208791209,-0.408142,0.036438,0.898743,-16.718140,1.749573,57.451782,1,1,1,1,1,97.000000
2025-03-24 14:47:36.457,0.8581642974642506,0.9492017159122552,1.131087277282224,0.8626023111421023,0.5946486386285262,0.6999499667294132,0.6783072437796142,0.6651908031359125,0.7598149218131928,0.3482540696810331,0.5377510041371927,0.9770018744535688,0.5155706552305911,0.5755823920486782,0.1657842673425522,0.386486529115959,0.2148771688135575,0.4056920425577391,-0.009511220179574176,0.1579182611247897,823.1868131868132,800.6227106227107,806.6666666666667,811.9047619047619,684.1758241758242,31.83150183150183,-0.282898,0.009338,0.818726,-7.312317,-3.147736,-12.867584,1,1,1,1,1,97.000000
2025-03-24 14:47:36.957,1.015665202273011,0.9284819478771756,1.150215218188485,1.004237943235424,0.7516364804291612,0.6613138141018858,0.5855135897221803,0.6810639413069629,0.765130964446248,0.2264628304819468,0.381550066462405,0.9524239802304163,0.695594875608068,0.6776437234854343,0.0005646482401110275,0.4877271807907184,0.2364862075140693,0.3822312717479487,-0.1296878809500557,0.1340293816878491,801.4285714285714,805.4578754578755,809.8901098901099,815.5311355311355,899.3406593406594,602.3809523809524,-0.461975,-0.043152,0.907349,-8.770294,-3.020630,-3.177643,1,1,1,1,1,97.000000
2025-03-24 14:47:37.457,0.9048308804418774,0.6200054400619723,0.9328297924618355,1.076790298217133,1.033510194863251,0.3236660494820988,0.3267967290967622,0.7402910709869133,0.7827416726598441,0.3087197040760949,0.3026634456076244,0.9289624515238408,0.7868864297960053,0.6858329616752105,0.0303420984458145,0.522443629005353,0.2439455122416758,0.4573436779004623,-0.2144887498165543,0.1790708769720426,822.3809523809524,840.9157509157509,770.4029304029305,789.3406593406594,1621.391941391941,1622.197802197802,-0.215149,0.154846,1.035034,20.837860,-3.409424,-83.164520,1,1,1,1,1,97.000000
2025-03-24 14:47:37.605,,,,,,,,,,,,,,,,,,,,,,,,,,,,,,,,,,,,,,,/muse/elements/blink
2025-03-24 14:47:37.957,1.119962026966813,0.4836861812358947,0.8565864403007931,1.076790298217133,1.097962432392953,0.3548027157108186,0.3220238940190266,0.7402910709869133,0.7868371754325297,0.2544592210893805,0.1141580046227591,0.9289624515238408,0.7175762896840524,0.6887911845192243,0.01667139579957777,0.522443629005353,0.2725112131528528,0.4857192311703814,-0.2714000351309238,0.1790708769720426,848.1684981684982,791.3553113553114,793.3699633699634,767.985347985348,440.8058608058608,0,-0.177551,0.085571,1.210632,61.407013,0.366364,-96.331177,1,1,1,1,1,97.000000
2025-03-24 14:47:38.298,,,,,,,,,,,,,,,,,,,,,,,,,,,,,,,,,,,,,,,/muse/elements/blink
2025-03-24 14:47:38.457,1.202640805044652,0.4663722856340141,0.5594128264877919,1.076790298217133,1.199622392275909,0.4912543850263538,0.3098115320952743,0.7402910709869133,0.6755710103762038,0.1781198608874175,0.01430749767597665,0.9289624515238408,0.6758028434445368,0.4490659981571046,0.05126453015083434,0.522443629005353,0.2524898433389127,0.3066216925586509,-0.335189147704421,0.1790708769720426,781.2820512820513,800.6227106227107,794.5787545787546,785.7142857142858,283.6630036630037,0,-0.370239,0.204468,1.141541,3.297272,0.448608,-20.979919,1,1,1,1,1,97.000000
2025-03-24 14:47:38.651,,,,,,,,,,,,,,,,,,,,,,,,,,,,,,,,,,,,,,,/muse/elements/blink
2025-03-24 14:47:38.956,1.362458627402746,0.4796641944708511,0.8265007373707329,1.076790298217133,1.198571991537756,0.5272275874961279,0.7820903029799001,0.7402910709869133,0.5040065069250331,0.08308486613172704,0.1635075276759554,0.9289624515238408,0.4194961336515013,0.3635369680280554,0.4104102614448364,0.522443629005353,0.3156621002207551,0.233823195603137,-0.007196946843181959,0.1790708769720426,796.996336996337,802.2344322344322,824.7985347985348,880,786.9230769230769,972.2710622710623,-0.345093,0.159851,0.982788,-30.310974,-13.039551,46.670227,1,1,1,1,1,97.000000
2025-03-24 14:47:39.456,1.362458627402746,0.4796641944708511,0.9028198060538347,1.076790298217133,1.198571991537756,0.5272275874961279,0.898136061970449,0.7402910709869133,0.5040065069250331,0.08308486613172704,0.2646544245328174,0.9289624515238408,0.4194961336515013,0.3635369680280554,0.453591036988849,0.522443629005353,0.3156621002207551,0.233823195603137,0.04416860481685744,0.1790708769720426,762.3443223443223,808.6813186813187,776.0439560439561,755.0915750915751,43.51648351648352,0,-0.209839,0.094666,0.821899,-25.473480,14.908752,64.502411,1,1,1,1,1,97.000000
2025-03-24 14:47:39.843,,,,,,,,,,,,,,,,,,,,,,,,,,,,,,,,,,,,,,,/muse/elements/blink
2025-03-24 14:47:39.957,1.362458627402746,0.4796641944708511,0.9028198060538347,1.076790298217133,1.198571991537756,0.5272275874961279,0.898136061970449,0.7402910709869133,0.5040065069250331,0.08308486613172704,0.2646544245328174,0.9289624515238408,0.4194961336515013,0.3635369680280554,0.453591036988849,0.522443629005353,0.3156621002207551,0.233823195603137,0.04416860481685744,0.1790708769720426,809.0842490842491,804.6520146520147,805.4578754578755,817.5457875457876,612.0512820512821,189.3772893772894,-0.302856,0.135803,0.758179,-7.910461,-2.886047,-5.428162,1,1,1,1,1,97.000000
2025-03-24 14:47:40.457,1.362458627402746,0.4796641944708511,0.9028198060538347,1.076790298217133,1.198571991537756,0.5272275874961279,0.898136061970449,0.7402910709869133,0.5040065069250331,0.08308486613172704,0.2646544245328174,0.9289624515238408,0.4194961336515013,0.3635369680280554,0.453591036988849,0.522443629005353,0.3156621002207551,0.233823195603137,0.04416860481685744,0.1790708769720426,815.1282051282052,813.1135531135532,809.4871794871796,814.3223443223443,1523.076923076923,1622.197802197802,-0.409180,0.052429,0.864197,-2.512207,10.721741,12.934875,1,1,1,1,1,97.000000
2025-03-24 14:47:40.559,,,,,,,,,,,,,,,,,,,,,,,,,,,,,,,,,,,,,,,/muse/elements/blink
2025-03-24 14:47:40.957,1.362458627402746,0.8712045531911543,0.70460885955866,1.076790298217133,1.198571991537756,0.6924527122972045,0.3894707357132902,0.7402910709869133,0.5040065069250331,0.1542806198426659,0.1131630674402337,0.9289624515238408,0.4194961336515013,-0.03723015119175994,-0.1483892080247223,0.522443629005353,0.3156621002207551,0.1413771740512276,-0.294596366329159,0.1790708769720426,825.2014652014652,824.3956043956044,813.1135531135532,893.2967032967033,1267.619047619048,1619.377289377289,-0.347473,0.369080,1.014771,-15.043335,-14.123688,16.740570,1,2,1,1,2,97.000000
2025-03-24 14:47:41.465,0.9345984815372635,0.9335490881967261,0.8231523382887496,1.076790298217133,1.069583830665293,0.6048807549074122,0.5683364386849875,0.7402910709869133,0.8627364341366213,0.2351218658883062,0.32098377061632,0.9289624515238408,0.6312882890418139,0.112127023942775,-0.02775734723078014,0.522443629005353,-0.1123795936646603,0.2379475281223584,-0.2577903815046301,0.1790708769720426,778.0586080586081,806.2637362637363,781.2820512820513,757.5091575091575,545.9706959706959,0,-0.470093,0.013855,1.030945,-19.693909,7.813263,58.304138,1,1,1,1,1,97.000000
2025-03-24 14:47:41.961,0.9057836488446708,0.999338575056267,1.04348008895577,1.076790298217133,1.092120607731734,0.692561247284854,0.8397771376457913,0.7402910709869133,0.8779492211591017,0.235772760974671,0.604873556161323,0.9289624515238408,0.6096097400029518,0.1526112524581107,-0.02300193568829195,0.522443629005353,-0.05023133840747779,0.2090465571571795,-0.188297016727558,0.1790708769720426,798.6080586080586,802.6373626373627,795.3846153846154,813.1135531135532,1013.369963369963,990,-0.457153,-0.022766,0.980591,-10.071259,6.243134,44.030914,1,1,1,1,1,97.000000
2025-03-24 14:47:42.459,0.9057836488446708,1.364723809061411,1.229456621307153,1.076790298217133,1.092120607731734,0.8221120752300072,1.04948161878962,0.7402910709869133,0.8779492211591017,0.7154129021834371,0.6063833262761675,0.9289624515238408,0.6096097400029518,0.317333334075847,0.05560195407270204,0.522443629005353,-0.05023133840747779,0.2475730523063928,-0.1390925100597563,0.1790708769720426,900.1465201465202,806.6666666666667,785.3113553113553,782.0879120879121,607.2161172161173,0,-0.386719,0.127930,0.785767,-25.466003,11.364746,56.569519,1,1,1,1,1,97.000000
2025-03-24 14:47:42.957,0.9283473511736244,1.495001823466552,1.33146220707159,1.076790298217133,1.147500615883762,0.9428033905848116,1.164765882386263,0.7402910709869133,0.7326649524663972,0.7197824592137555,0.5861259237675575,0.9289624515238408,0.5920294143249735,0.4801023735762571,0.0620742412104351,0.522443629005353,0.02254362362890563,0.1684431775276744,-0.09976472525565769,0.1790708769720426,859.8534798534798,832.4542124542124,791.3553113553114,778.0586080586081,724.8717948717949,127.3260073260073,-0.316101,-0.016052,0.937927,-14.033966,-7.073059,28.262329,1,1,1,1,1,97.000000
2025-03-24 14:47:43.465,0.9283473511736244,1.532857281724722,1.260623118114384,1.076790298217133,1.147500615883762,0.9709935172365143,1.081113981369929,0.7402910709869133,0.7326649524663972,0.7197824592137555,0.5448244324879139,0.9289624515238408,0.5920294143249735,0.7267607093767877,0.06924268368100717,0.522443629005353,0.02254362362890563,0.4218806178403401,-0.2425839403091307,0.1790708769720426,790.1465201465202,843.7362637362637,804.2490842490843,839.3040293040293,884.0293040293041,1122.564102564103,-0.408142,0.151978,0.854797,-4.403839,3.215027,10.385284,1,1,1,1,1,97.000000
2025-03-24 14:47:43.957,0.9283473511736244,1.191843230845487,0.8589588917958498,1.076790298217133,1.147500615883762,0.8527732834039204,0.4272034314329561,0.7402910709869133,0.7326649524663972,0.5798766016056147,0.5029988065694631,0.9289624515238408,0.5920294143249735,0.9302367236193519,-0.1430550136612721,0.522443629005353,0.02254362362890563,0.672514069998432,-0.3514509021493193,0.1790708769720426,881.6117216117217,807.0695970695971,798.6080586080586,792.1611721611722,306.2271062271062,0,-0.407715,0.139404,0.869568,9.390869,-12.598419,-10.684357,1,1,1,1,1,97.000000
2025-03-24 14:47:44.457,0.9283473511736244,1.066264064563889,0.7930504436561183,1.076790298217133,1.147500615883762,0.8442198310913874,0.3284863009120746,0.7402910709869133,0.7326649524663972,0.458509307381044,0.6524614328189967,0.9289624515238408,0.5920294143249735,0.9754294010192602,-0.1032153728401244,0.522443629005353,0.02254362362890563,0.748424706025572,-0.1823307997869941,0.1790708769720426,713.992673992674,773.2234432234433,814.7252747252747,711.5750915750916,951.3186813186813,981.941391941392,-0.380371,0.134216,0.888123,-3.177643,31.484833,32.673645,1,2,1,1,2,97.000000
2025-03-24 14:47:44.568,,,,,,,,,,,,,,,,,,,,,,,,,,,,,,,,,,,,,,,/muse/elements/blink
2025-03-24 14:47:44.958,0.9283473511736244,1.066264064563889,0.7505544774880701,1.076790298217133,1.147500615883762,0.8442198310913874,0.2538724146842962,0.7402910709869133,0.7326649524663972,0.458509307381044,0.5256814843937546,0.9289624515238408,0.5920294143249735,0.9754294010192602,-0.1189833309323117,0.522443629005353,0.02254362362890563,0.748424706025572,-0.1386216475172628,0.1790708769720426,778.0586080586081,788.1318681318681,813.1135531135532,790.952380952381,910.2197802197802,903.7728937728938,-0.500793,0.073547,0.831604,-14.826508,-17.278900,13.592834,1,2,1,1,2,97.000000
2025-03-24 14:47:45.457,0.9283473511736244,1.066264064563889,0.8790126606815392,1.076790298217133,1.147500615883762,0.8442198310913874,0.2649120697901912,0.7402910709869133,0.7326649524663972,0.458509307381044,0.5341949222846618,0.9289624515238408,0.5920294143249735,0.9754294010192602,-0.04631584009455902,0.522443629005353,0.02254362362890563,0.748424706025572,-0.1195747165472284,0.1790708769720426,776.4468864468864,801.025641025641,798.6080586080586,816.3369963369963,955.7509157509157,815.5311355311355,-0.430725,0.154053,0.910156,-2.915955,-1.465454,-1.293488,1,2,1,1,2,97.000000
2025-03-24 14:47:45.467,,,,,,,,,,,,,,,,,,,,,,,,,,,,,,,,,,,,,,,/muse/elements/blink
2025-03-24 14:47:45.960,0.9283473511736244,1.066264064563889,0.8424388188923141,1.076790298217133,1.147500615883762,0.8442198310913874,0.4997765447684399,0.7402910709869133,0.7326649524663972,0.458509307381044,0.5359202944252639,0.9289624515238408,0.5920294143249735,0.9754294010192602,-0.07201447012713443,0.522443629005353,0.02254362362890563,0.748424706025572,-0.2430047480344618,0.1790708769720426,802.2344322344322,800.6227106227107,807.8754578754579,790.5494505494506,1085.897435897436,1029.487179487179,-0.479736,0.124878,0.872437,6.489868,-3.970184,-19.447174,1,2,1,1,2,97.000000
2025-03-24 14:47:46.457,0.9283473511736244,0.5547810725514357,0.8319154943907513,1.076790298217133,1.147500615883762,-0.09623218023886622,0.4443709279010786,0.7402910709869133,0.7326649524663972,0.2339922355355089,0.4400172457271766,0.9289624515238408,0.5920294143249735,0.5754574344485849,-0.1198196684037311,0.522443629005353,0.02254362362890563,0.3620893608319218,-0.2998498556308078,0.1790708769720426,933.992673992674,796.5934065934066,807.8754578754579,790.1465201465202,696.2637362637363,603.992673992674,-0.414551,0.073059,0.901123,35.283051,-15.663910,-57.563934,1,2,1,1,2,97.000000
2025-03-24 14:47:46.963,0.9283473511736244,0.6442577050429714,0.8020737548640388,1.076790298217133,1.147500615883762,-0.04413680856478851,0.4478759254959084,0.7402910709869133,0.7326649524663972,0.2489014807406539,0.437962044994523,0.9289624515238408,0.5920294143249735,0.5682090823472151,-0.1803189004974386,0.522443629005353,0.02254362362890563,0.3492270345751423,-0.3562701916587449,0.1790708769720426,707.948717948718,858.2417582417582,807.0695970695971,660.8058608058608,909.4139194139194,770.8058608058608,-0.439331,0.105042,0.886230,-3.925323,-2.751465,9.966583,1,2,1,1,2,97.000000
2025-03-24 14:47:47.162,,,,,,,,,,,,,,,,,,,,,,,,,,,,,,,,,,,,,,,/muse/elements/blink
2025-03-24 14:47:47.457,0.9283473511736244,0.6442577050429714,0.8997373188081365,1.076790298217133,1.147500615883762,-0.04413680856478851,0.2467510352897248,0.7402910709869133,0.7326649524663972,0.2489014807406539,0.6180000581097941,0.9289624515238408,0.5920294143249735,0.5682090823472151,0.04663834231225446,0.522443629005353,0.02254362362890563,0.3492270345751423,-0.2379631295732675,0.1790708769720426,544.3589743589744,774.8351648351648,843.3333333333334,836.0805860805862,805.8608058608058,706.7399267399268,-0.380127,0.078369,0.914307,-42.273865,0.672913,83.104706,1,2,1,1,2,97.000000
2025-03-24 14:47:47.957,0.9283473511736244,0.6442577050429714,0.8997373188081365,1.076790298217133,1.147500615883762,-0.04413680856478851,0.2467510352897248,0.7402910709869133,0.7326649524663972,0.2489014807406539,0.6180000581097941,0.9289624515238408,0.5920294143249735,0.5682090823472151,0.04663834231225446,0.522443629005353,0.02254362362890563,0.3492270345751423,-0.2379631295732675,0.1790708769720426,544.3589743589744,774.8351648351648,843.3333333333334,836.0805860805862,805.8608058608058,706.7399267399268,-0.380127,0.078369,0.914307,-42.273865,0.672913,83.104706,1,2,1,1,2,97.000000
2025-03-24 14:47:48.457,0.9283473511736244,0.6442577050429714,0.8997373188081365,1.076790298217133,1.147500615883762,-0.04413680856478851,0.2467510352897248,0.7402910709869133,0.7326649524663972,0.2489014807406539,0.6180000581097941,0.9289624515238408,0.5920294143249735,0.5682090823472151,0.04663834231225446,0.522443629005353,0.02254362362890563,0.3492270345751423,-0.2379631295732675,0.1790708769720426,544.3589743589744,774.8351648351648,843.3333333333334,836.0805860805862,805.8608058608058,706.7399267399268,-0.380127,0.078369,0.914307,-42.273865,0.672913,83.104706,1,2,1,1,2,97.000000
2025-03-24 14:47:48.956,0.9283473511736244,0.6442577050429714,0.8997373188081365,1.076790298217133,1.147500615883762,-0.04413680856478851,0.2467510352897248,0.7402910709869133,0.7326649524663972,0.2489014807406539,0.6180000581097941,0.9289624515238408,0.5920294143249735,0.5682090823472151,0.04663834231225446,0.522443629005353,0.02254362362890563,0.3492270345751423,-0.2379631295732675,0.1790708769720426,544.3589743589744,774.8351648351648,843.3333333333334,836.0805860805862,805.8608058608058,706.7399267399268,-0.380127,0.078369,0.914307,-42.273865,0.672913,83.104706,1,2,1,1,2,97.000000
2025-03-24 14:47:49.363,,,,,,,,,,,,,,,,,,,,,,,,,,,,,,,,,,,,,,,/muse/event/disconnected MuseS-9CF6
2025-03-24 14:47:58.873,,,,,,,,,,,,,,,,,,,,,,,,,,,,,,,,,,,,,,,/muse/event/connected MuseS-9CF6
2025-03-24 14:47:58.957,0.9283473511736244,0.6442577050429714,0.8997373188081365,1.076790298217133,1.147500615883762,-0.04413680856478851,0.2467510352897248,0.7402910709869133,0.7326649524663972,0.2489014807406539,0.6180000581097941,0.9289624515238408,0.5920294143249735,0.5682090823472151,0.04663834231225446,0.522443629005353,0.02254362362890563,0.3492270345751423,-0.2379631295732675,0.1790708769720426,544.3589743589744,774.8351648351648,843.3333333333334,836.0805860805862,805.8608058608058,706.7399267399268,-0.380127,0.078369,0.914307,-42.273865,0.672913,83.104706,1,2,1,1,2,97.000000
2025-03-24 14:47:59.457,0.9283473511736244,0.6442577050429714,0.8997373188081365,1.076790298217133,1.147500615883762,-0.04413680856478851,0.2467510352897248,0.7402910709869133,0.7326649524663972,0.2489014807406539,0.6180000581097941,0.9289624515238408,0.5920294143249735,0.5682090823472151,0.04663834231225446,0.522443629005353,0.02254362362890563,0.3492270345751423,-0.2379631295732675,0.1790708769720426,801.025641025641,807.4725274725275,801.8315018315019,804.2490842490843,886.8498168498169,795.3846153846154,-0.515259,0.027832,0.862427,7.559052,1.398163,-8.620758,1,2,1,1,2,97.000000
2025-03-24 14:47:59.969,0,0,0,0,0,0,0,0,0,0,0,0,0,0,0,0,0,0,0,0,793.3699633699634,796.5934065934066,800.2197802197802,801.8315018315019,858.6446886446887,746.2271062271062,-0.474243,0.090637,0.872620,5.585175,-2.153320,-5.772095,0,4,4,4,4,97.000000
2025-03-24 14:48:00.467,0,0,0,0,0,0,0,0,0,0,0,0,0,0,0,0,0,0,0,0,789.3406593406594,819.1575091575091,790.1465201465202,771.2087912087912,904.5787545787546,733.7362637362637,-0.385620,0.177002,0.920776,64.808960,-25.047302,-104.727631,0,4,4,4,4,97.000000
2025-03-24 14:48:00.956,0,0,0,0,0,0,0,0,0,0,0,0,0,0,0,0,0,0,0,0,767.5824175824176,785.7142857142858,817.5457875457876,767.985347985348,851.7948717948718,670.4761904761905,-0.305237,0.064392,0.971069,19.873352,-12.284393,-56.270447,0,4,4,4,4,97.000000
2025-03-24 14:48:01.457,0,0,0,0,0,0,0,0,0,0,0,0,0,0,0,0,0,0,0,0,813.5164835164835,813.1135531135532,796.1904761904763,743.4065934065934,914.2490842490843,744.2124542124542,-0.348572,0.100098,0.906128,53.646088,-0.687866,-88.884277,0,4,4,4,4,97.000000
2025-03-24 14:48:01.971,0,0,0,0,0,0,0,0,0,0,0,0,0,0,0,0,0,0,0,0,807.0695970695971,786.1172161172161,801.4285714285714,798.6080586080586,767.5824175824176,585.4578754578755,-0.418884,0.142212,0.897095,0.814972,1.981354,1.592560,1,2,1,1,2,97.000000
2025-03-24 14:48:02.457,0,0,0,0,0,0,0,0,0,0,0,0,0,0,0,0,0,0,0,0,859.8534798534798,801.025641025641,809.8901098901099,860.6593406593407,878.3882783882784,695.0549450549451,-0.409607,0.158691,0.888428,-1.450500,-2.108459,2.639313,1,2,1,1,2,97.000000
2025-03-24 14:48:02.481,,,,,,,,,,,,,,,,,,,,,,,,,,,,,,,,,,,,,,,/muse/elements/blink
2025-03-24 14:48:02.957,0,0,0.9449052369497198,0,0,0,0.7621195459139283,0,0,0,0.5763062383114145,0,0,0,0.2569732139693656,0,0,0,0.2367076940753178,0,801.8315018315019,792.1611721611722,795.3846153846154,787.3260073260074,801.025641025641,651.1355311355312,-0.405151,0.153748,0.892578,1.772003,-0.889740,-2.639313,1,2,1,1,2,97.000000
2025-03-24 14:48:03.457,0,0,0.6853772444790778,0,0,0,0.4985717458964583,0,0,0,0.5763062383114145,0,0,0,0.1482418811154284,0,0,0,0.1202345690003203,0,826.4102564102565,828.8278388278388,784.5054945054945,815.1282051282052,829.2307692307693,704.3223443223443,-0.391418,0.165466,0.915649,9.562836,-4.538422,-7.768402,1,2,1,1,2,97.000000
2025-03-24 14:48:03.957,0,0,0.9974133177404093,0,0,0,0.5012241878027585,0,0,0,0.6150463204075576,0,0,0,0.1020571215252791,0,0,0,0.07376867519106566,0,809.4871794871796,788.1318681318681,800.6227106227107,796.1904761904763,800.6227106227107,600.3663003663004,-0.422729,0.181335,0.890442,-4.067383,1.226196,-1.570129,1,2,1,1,2,97.000000
2025-03-24 14:48:04.327,,,,,,,,,,,,,,,,,,,,,,,,,,,,,,,,,,,,,,,/muse/elements/blink
2025-03-24 14:48:04.457,0,0,0.9490687650151499,0.9226542811250308,0,0,0.2217292893615752,0.1271229284357573,0,0,0.5262051387020428,0.6269921114800959,0,0,-0.04268453599481718,0.4301784126862091,0,0,-0.146570638730968,0.2941765908535771,835.2747252747253,807.8754578754579,808.6813186813187,832.0512820512821,837.2893772893773,854.2124542124542,-0.413940,0.133362,0.899658,-1.472931,-2.048645,-1.951447,1,1,1,1,1,97.000000
2025-03-24 14:48:04.957,0,0,1.063027869159497,0.9226542811250308,0,0,0.4151186830931275,0.1271229284357573,0,0,0.5587582907651707,0.6269921114800959,0,0,0.08192728477415412,0.4301784126862091,0,0,-0.165053622948702,0.2941765908535771,792.1611721611722,786.1172161172161,799.8168498168499,785.3113553113553,805.4578754578755,666.4468864468864,-0.391907,0.118958,0.908569,-1.001892,-3.327179,-3.566437,1,1,1,1,1,97.000000
2025-03-24 14:48:05.466,0,0,0.9122432320338528,0.9226542811250308,0,0,0.4347124031391205,0.1271229284357573,0,0,0.3551771634274423,0.6269921114800959,0,0,0.09728958972333034,0.4301784126862091,0,0,-0.2990930159749455,0.2941765908535771,803.8461538461539,806.2637362637363,808.6813186813187,803.040293040293,769.5970695970697,574.5787545787546,-0.359741,0.065491,0.927734,-1.854248,0.530853,1.428070,1,1,1,1,1,97.000000
2025-03-24 14:48:05.826,,,,,,,,,,,,,,,,,,,,,,,,,,,,,,,,,,,,,,,/muse/elements/blink
2025-03-24 14:48:05.958,0,0,0.8124460616361054,0.9226542811250308,0,0,0.3833563258731925,0.1271229284357573,0,0,0.354337150009489,0.6269921114800959,0,0,0.1456732369118075,0.4301784126862091,0,0,-0.2594400689136855,0.2941765908535771,810.6959706959707,809.8901098901099,804.6520146520147,805.4578754578755,780.0732600732601,634.2124542124542,-0.398193,0.070312,0.900940,-0.314026,-0.194397,2.736511,1,1,1,1,1,97.000000
2025-03-24 14:48:06.464,0,0,0.6194829313883481,0.9226542811250308,0,0,0.2045732061199016,0.1271229284357573,0,0,0.110214256341898,0.6269921114800959,0,0,0.1505904631199778,0.4301784126862091,0,0,-0.1595009155979606,0.2941765908535771,794.981684981685,798.6080586080586,811.5018315018315,797.8021978021978,814.7252747252747,728.0952380952381,-0.395813,0.069580,0.918762,-4.650574,2.624359,4.351501,1,1,1,1,1,97.000000
2025-03-24 14:48:06.956,0,0,0.02451536230296185,0.9226542811250308,0,0,-0.1606922522266993,0.1271229284357573,0,0,0.06425392880819657,0.6269921114800959,0,0,0.2659228473780194,0.4301784126862091,0,0,-0.06137959252030271,0.2941765908535771,791.7582417582418,793.3699633699634,805.4578754578755,799.0109890109891,859.4505494505495,914.2490842490843,-0.389282,0.044922,0.912109,0.463562,-0.927124,0.598145,1,2,1,1,2,97.000000
2025-03-24 14:48:07.460,0.3578839297626843,0.1825165557512024,0.154955960089772,-0.03036448647478156,0.09531175402252616,-0.4062314811747017,-0.05333786021335226,0.1936752359300016,1.008989570064853,-0.01525376552294166,0.1849000464055518,0.1488584929124181,0.6572088460846338,0.5695412333949968,0.3023812233633783,0.5183470470669911,0.5496628990188517,0.4029674484750305,0.01790283976103082,0.3055718729316185,796.5934065934066,801.8315018315019,803.040293040293,791.7582417582418,855.0183150183151,679.7435897435897,-0.402954,0.055420,0.897339,-1.226196,-0.336456,-1.562653,1,1,1,1,1,97.000000
2025-03-24 14:48:07.957,0.2131521107935412,0.07126120893871274,-0.02280014328599806,0.1169551393599546,-0.0430423310345739,-0.4679894208954263,-0.1378211562388841,0.1555992750545505,1.031718837088804,0.1257813850616242,0.1840559977986154,0.2310978258927427,0.6827613462131348,0.5013726203958899,0.2413690216999591,0.5146096803795456,0.5627607934915101,0.4628797093313698,-0.08859088153587737,0.1498883761562679,799.4139194139194,802.2344322344322,800.2197802197802,801.4285714285714,803.8461538461539,619.3040293040293,-0.410217,0.031189,0.899475,-1.689758,-2.945862,9.734802,1,1,1,1,1,97.000000
2025-03-24 14:48:08.457,0.1171253990427178,-0.06562153341575777,-0.006220575458423945,0.3432900983591078,-0.04282287660075212,-0.4964911882214095,-0.1593382583866606,0.1716163379040992,1.048317256308065,0.1477876136301465,0.1786193063095587,0.3657159453009752,0.6738017307219658,0.4323670891752232,0.08551078202855787,0.4404977815987327,0.5198910963490325,0.4014010527887722,-0.1845368230403848,0.07363554218919403,858.6446886446887,802.2344322344322,808.2783882783883,846.1538461538462,875.5677655677656,652.3443223443223,-0.438171,0.077087,0.861877,-5.704803,39.604645,8.261871,1,1,1,1,1,97.000000
2025-03-24 14:48:08.582,,,,,,,,,,,,,,,,,,,,,,,,,,,,,,,,,,,,,,,/muse/elements/blink
2025-03-24 14:48:08.970,-0.1288319413992489,-0.2462143114897533,0.3075367411082115,0.4765490345507737,-0.1444390996734394,-0.5499593346974784,0.008565799971116851,0.1588964140371667,1.032490927238699,0.08993719851582341,0.5900954342947174,0.3574847422075337,0.6828862284971183,0.3457622794088955,0.06432652967002206,0.4000717580702972,0.492162277622696,0.407342245828539,0.3383688113093581,-0.2283216207879885,732.5274725274726,802.2344322344322,840.5128205128206,745.4212454212454,859.4505494505495,671.6849816849817,-0.494263,-0.014160,0.766846,-7.259979,-34.894257,56.502228,1,1,1,1,1,97.000000
2025-03-24 14:48:09.463,-0.301551528613083,-0.3979664146832648,0.4858562314023482,0.6476545985391949,-0.04227472518361992,-0.5610881158851789,0.1501480850415506,0.2092508122844212,0.6247942800595079,-0.07312024045583387,0.5868544431278796,0.2702016300694299,0.6505590397936583,0.3217107309138435,0.1100060704901068,0.1687007347332608,0.3894932621966418,0.2759964002395034,0.5160357349998005,-0.2102269156799642,767.1794871794872,796.1904761904763,814.3223443223443,810.6959706959707,813.919413919414,909.4139194139194,-0.168884,0.139709,1.038452,-46.146851,11.932983,114.761505,1,1,1,1,1,97.000000
2025-03-24 14:48:09.957,-0.301551528613083,-0.3316652829134805,0.6949260212202822,0.6476545985391949,-0.04227472518361992,-0.5815663568256785,0.3015572734192352,0.2092508122844212,0.6247942800595079,-0.1247693794602572,0.5868544431278796,0.2702016300694299,0.6505590397936583,0.3408889636311925,0.2482352959521993,0.1687007347332608,0.3894932621966418,0.2783328280618022,0.7516932894240442,-0.2102269156799642,801.025641025641,817.1428571428571,783.2967032967033,830.4395604395604,792.967032967033,573.7728937728938,-0.361328,0.103271,0.907654,-15.065765,6.415100,35.836334,1,1,1,1,1,97.000000
2025-03-24 14:48:10.459,-0.301551528613083,-0.3316652829134805,0.7650310710871862,0.6476545985391949,-0.04227472518361992,-0.5815663568256785,0.3548873490297461,0.2092508122844212,0.6247942800595079,-0.1247693794602572,0.5868544431278796,0.2702016300694299,0.6505590397936583,0.3408889636311925,0.2946263370917824,0.1687007347332608,0.3894932621966418,0.2783328280618022,0.8401064166581125,-0.2102269156799642,875.1648351648352,824.3956043956044,786.9230769230769,877.5824175824176,1623.003663003663,1622.197802197802,-0.196472,0.207764,0.990845,71.014709,-35.701752,-181.918182,1,1,1,1,1,97.000000
2025-03-24 14:48:10.495,,,,,,,,,,,,,,,,,,,,,,,,,,,,,,,,,,,,,,,/muse/elements/blink
2025-03-24 14:48:10.957,-0.301551528613083,-0.3316652829134805,0.7650310710871862,0.6476545985391949,-0.04227472518361992,-0.5815663568256785,0.3548873490297461,0.2092508122844212,0.6247942800595079,-0.1247693794602572,0.5868544431278796,0.2702016300694299,0.6505590397936583,0.3408889636311925,0.2946263370917824,0.1687007347332608,0.3894932621966418,0.2783328280618022,0.8401064166581125,-0.2102269156799642,901.7582417582418,829.2307692307693,810.6959706959707,769.1941391941392,708.7545787545788,300.1831501831502,-0.298828,0.005554,1.248047,7.065582,-2.669220,-70.969849,1,1,1,1,1,97.000000
2025-03-24 14:48:11.207,,,,,,,,,,,,,,,,,,,,,,,,,,,,,,,,,,,,,,,/muse/elements/jaw_clench
2025-03-24 14:48:11.457,-0.301551528613083,-0.3316652829134805,0.7650310710871862,0.6476545985391949,-0.04227472518361992,-0.5815663568256785,0.3548873490297461,0.2092508122844212,0.6247942800595079,-0.1247693794602572,0.5868544431278796,0.2702016300694299,0.6505590397936583,0.3408889636311925,0.2946263370917824,0.1687007347332608,0.3894932621966418,0.2783328280618022,0.8401064166581125,-0.2102269156799642,827.2161172161173,826.4102564102565,805.4578754578755,871.941391941392,1447.326007326007,1622.197802197802,-0.457458,0.180725,0.854370,-1.308441,0.568237,7.499237,1,2,1,1,2,97.000000
2025-03-24 14:48:11.957,-0.301551528613083,-0.3316652829134805,0.7650310710871862,0.6476545985391949,-0.04227472518361992,-0.5815663568256785,0.3548873490297461,0.2092508122844212,0.6247942800595079,-0.1247693794602572,0.5868544431278796,0.2702016300694299,0.6505590397936583,0.3408889636311925,0.2946263370917824,0.1687007347332608,0.3894932621966418,0.2783328280618022,0.8401064166581125,-0.2102269156799642,835.2747252747253,812.7106227106227,806.6666666666667,818.3516483516484,0,0,-0.334717,0.020996,0.786438,1.734619,11.192780,-5.981445,1,2,1,1,2,97.000000
2025-03-24 14:48:12.353,,,,,,,,,,,,,,,,,,,,,,,,,,,,,,,,,,,,,,,/muse/elements/blink
2025-03-24 14:48:12.459,-0.301551528613083,0.7362880286848615,0.6684548157953384,0.6476545985391949,-0.04227472518361992,0.8506678670072587,0.5125545260200653,0.2092508122844212,0.6247942800595079,0.478569009158731,0.4393653313919961,0.2702016300694299,0.6505590397936583,1.162787725861152,0.53428691113995,0.1687007347332608,0.3894932621966418,0.8162225452360511,0.3663155584820187,-0.2102269156799642,790.952380952381,790.952380952381,847.7655677655678,873.956043956044,1622.600732600733,1622.197802197802,-0.456848,0.193298,1.008240,-19.118195,-6.863708,13.809662,1,2,1,1,2,97.000000
2025-03-24 14:48:12.956,1.435426395144893,0.7362880286848615,0.8260794872080705,0.6476545985391949,1.537414149063947,0.8506678670072587,0.7264532712854248,0.2092508122844212,1.199180300490005,0.478569009158731,0.5891864078431825,0.2702016300694299,1.09573334151185,1.162787725861152,0.4706305412600754,0.1687007347332608,0.9325842889534883,0.8162225452360511,0.3843621718204134,-0.2102269156799642,834.8717948717949,803.8461538461539,811.9047619047619,897.7289377289378,1622.197802197802,1622.197802197802,-0.214600,0.087036,0.725830,-4.157104,-7.304840,5.076752,1,1,1,1,1,97.000000
2025-03-24 14:48:13.269,,,,,,,,,,,,,,,,,,,,,,,,,,,,,,,,,,,,,,,/muse/elements/blink
2025-03-24 14:48:13.475,1.399836022657489,0.7362880286848615,0.8260794872080705,0.6476545985391949,1.497445085099487,0.8506678670072587,0.7264532712854248,0.2092508122844212,1.199194873675548,0.478569009158731,0.5891864078431825,0.2702016300694299,1.123333513722422,1.162787725861152,0.4706305412600754,0.1687007347332608,0.9196234547168793,0.8162225452360511,0.3843621718204134,-0.2102269156799642,713.992673992674,789.7435897435897,754.2857142857143,637.8388278388279,0,0,-0.519104,0.028442,1.461121,-55.874176,7.962799,62.289276,1,1,1,1,1,97.000000
2025-03-24 14:48:13.654,,,,,,,,,,,,,,,,,,,,,,,,,,,,,,,,,,,,,,,/muse/elements/blink
2025-03-24 14:48:13.957,1.378322498636646,0.7362880286848615,0.8218398618393458,0.6476545985391949,1.514903389011117,0.8506678670072587,0.7964321994426468,0.2092508122844212,1.193452083336381,0.478569009158731,0.5453042225029621,0.2702016300694299,1.12681522315528,1.162787725861152,0.3641219026054312,0.1687007347332608,0.9411100905897017,0.8162225452360511,0.3950694778739789,-0.2102269156799642,782.0879120879121,811.5018315018315,758.7179487179487,749.4505494505495,0,0,-0.210266,0.060303,1.200012,-62.139740,16.142426,160.586853,1,1,1,1,1,97.000000
2025-03-24 14:48:14.456,1.13340844399569,0.7362880286848615,0.8218398618393458,0.6476545985391949,1.386147933452699,0.8506678670072587,0.7964321994426468,0.2092508122844212,1.077426489445685,0.478569009158731,0.5453042225029621,0.2702016300694299,1.14029182308427,1.162787725861152,0.3641219026054312,0.1687007347332608,0.9458673557714007,0.8162225452360511,0.3950694778739789,-0.2102269156799642,837.6923076923077,873.1501831501831,729.3040293040293,803.4432234432235,1254.322344322344,1621.794871794872,-0.218079,0.038391,0.987976,52.517090,-4.261780,-71.067047,1,1,1,1,1,97.000000
2025-03-24 14:48:14.578,,,,,,,,,,,,,,,,,,,,,,,,,,,,,,,,,,,,,,,/muse/elements/blink
2025-03-24 14:48:14.971,1.13340844399569,0.7362880286848615,0.8218398618393458,0.6476545985391949,1.386147933452699,0.8506678670072587,0.7964321994426468,0.2092508122844212,1.077426489445685,0.478569009158731,0.5453042225029621,0.2702016300694299,1.14029182308427,1.162787725861152,0.3641219026054312,0.1687007347332608,0.9458673557714007,0.8162225452360511,0.3950694778739789,-0.2102269156799642,828.021978021978,772.4175824175825,832.4542124542124,797.3992673992674,62.05128205128205,1.611721611721612,-0.204834,0.043823,0.749878,25.899658,-4.157104,-70.880127,1,1,1,1,1,97.000000
2025-03-24 14:48:15.464,1.13340844399569,0.7362880286848615,0.8218398618393458,0.6476545985391949,1.386147933452699,0.8506678670072587,0.7964321994426468,0.2092508122844212,1.077426489445685,0.478569009158731,0.5453042225029621,0.2702016300694299,1.14029182308427,1.162787725861152,0.3641219026054312,0.1687007347332608,0.9458673557714007,0.8162225452360511,0.3950694778739789,-0.2102269156799642,809.0842490842491,807.0695970695971,780.4761904761905,773.6263736263736,1006.117216117216,844.5421245421246,-0.152893,0.237610,0.931946,46.827240,-1.510315,-119.195251,1,1,1,1,1,97.000000
2025-03-24 14:48:15.957,1.13340844399569,0.7362880286848615,0.8218398618393458,0.6476545985391949,1.386147933452699,0.8506678670072587,0.7964321994426468,0.2092508122844212,1.077426489445685,0.478569009158731,0.5453042225029621,0.2702016300694299,1.14029182308427,1.162787725861152,0.3641219026054312,0.1687007347332608,0.9458673557714007,0.8162225452360511,0.3950694778739789,-0.2102269156799642,751.4652014652015,872.3443223443223,779.2673992673992,788.1318681318681,1622.197802197802,1622.197802197802,-0.506897,0.136658,0.923584,46.834717,-9.196472,-73.624115,1,2,1,1,2,97.000000
2025-03-24 14:48:16.414,,,,,,,,,,,,,,,,,,,,,,,,,,,,,,,,,,,,,,,/muse/elements/blink
2025-03-24 14:48:16.457,1.13340844399569,0.7362880286848615,0.8218398618393458,0.6476545985391949,1.386147933452699,0.8506678670072587,0.7964321994426468,0.2092508122844212,1.077426489445685,0.478569009158731,0.5453042225029621,0.2702016300694299,1.14029182308427,1.162787725861152,0.3641219026054312,0.1687007347332608,0.9458673557714007,0.8162225452360511,0.3950694778739789,-0.2102269156799642,802.6373626373627,783.2967032967033,826.4102564102565,799.0109890109891,986.3736263736264,1142.710622710623,-0.441223,0.209595,0.783447,78.835449,-30.737152,-118.604584,1,2,1,1,2,97.000000
2025-03-24 14:48:16.792,,,,,,,,,,,,,,,,,,,,,,,,,,,,,,,,,,,,,,,/muse/elements/blink
2025-03-24 14:48:16.957,1.13340844399569,0.7362880286848615,0.8218398618393458,0.6476545985391949,1.386147933452699,0.8506678670072587,0.7964321994426468,0.2092508122844212,1.077426489445685,0.478569009158731,0.5453042225029621,0.2702016300694299,1.14029182308427,1.162787725861152,0.3641219026054312,0.1687007347332608,0.9458673557714007,0.8162225452360511,0.3950694778739789,-0.2102269156799642,857.8388278388279,790.1465201465202,796.996336996337,849.7802197802198,863.4798534798535,722.8571428571429,-0.336731,0.115601,0.929993,27.746429,-7.342224,-85.744019,1,2,1,1,2,97.000000
2025-03-24 14:48:17.457,1.13340844399569,0.7362880286848615,0.8218398618393458,0.6476545985391949,1.386147933452699,0.8506678670072587,0.7964321994426468,0.2092508122844212,1.077426489445685,0.478569009158731,0.5453042225029621,0.2702016300694299,1.14029182308427,1.162787725861152,0.3641219026054312,0.1687007347332608,0.9458673557714007,0.8162225452360511,0.3950694778739789,-0.2102269156799642,805.8608058608058,803.040293040293,794.981684981685,794.5787545787546,774.4322344322345,633.0036630036631,-0.481201,0.157104,0.876465,-6.572113,7.454376,6.243134,1,2,1,1,2,97.000000
2025-03-24 14:48:17.701,,,,,,,,,,,,,,,,,,,,,,,,,,,,,,,,,,,,,,,/muse/elements/blink
2025-03-24 14:48:17.957,1.13340844399569,0.7362880286848615,0.8218398618393458,0.6476545985391949,1.386147933452699,0.8506678670072587,0.7964321994426468,0.2092508122844212,1.077426489445685,0.478569009158731,0.5453042225029621,0.2702016300694299,1.14029182308427,1.162787725861152,0.3641219026054312,0.1687007347332608,0.9458673557714007,0.8162225452360511,0.3950694778739789,-0.2102269156799642,800.6227106227107,842.5274725274726,805.0549450549451,785.7142857142858,956.1538461538462,1178.974358974359,-0.490234,0.100647,0.904785,-12.882538,16.119995,23.290253,1,2,1,1,2,97.000000
2025-03-24 14:48:18.456,1.13340844399569,0.7362880286848615,0.8218398618393458,0.6476545985391949,1.386147933452699,0.8506678670072587,0.7964321994426468,0.2092508122844212,1.077426489445685,0.478569009158731,0.5453042225029621,0.2702016300694299,1.14029182308427,1.162787725861152,0.3641219026054312,0.1687007347332608,0.9458673557714007,0.8162225452360511,0.3950694778739789,-0.2102269156799642,813.1135531135532,825.6043956043957,792.1611721611722,799.0109890109891,1598.424908424908,1622.197802197802,-0.505554,0.205383,0.812012,0.725250,-22.056580,5.061798,1,2,1,1,2,97.000000
2025-03-24 14:48:18.966,1.13340844399569,0.7362880286848615,0.8218398618393458,0.6476545985391949,1.386147933452699,0.8506678670072587,0.7964321994426468,0.2092508122844212,1.077426489445685,0.478569009158731,0.5453042225029621,0.2702016300694299,1.14029182308427,1.162787725861152,0.3641219026054312,0.1687007347332608,0.9458673557714007,0.8162225452360511,0.3950694778739789,-0.2102269156799642,713.5897435897436,722.0512820512821,842.5274725274726,748.6446886446887,351.3553113553114,0,-0.398743,0.128540,0.988525,-27.140808,32.681122,11.035767,1,2,1,1,2,97.000000
2025-03-24 14:48:19.144,,,,,,,,,,,,,,,,,,,,,,,,,,,,,,,,,,,,,,,/muse/elements/blink
2025-03-24 14:48:19.463,1.13340844399569,0.7362880286848615,0.6897559290168247,0.6476545985391949,1.386147933452699,0.8506678670072587,0.1821959665438779,0.2092508122844212,1.077426489445685,0.478569009158731,0.1809982085163178,0.2702016300694299,1.14029182308427,1.162787725861152,0.7064581441331808,0.1687007347332608,0.9458673557714007,0.8162225452360511,0.5638965164197355,-0.2102269156799642,814.3223443223443,815.934065934066,800.2197802197802,810.2930402930403,1132.637362637363,1324.029304029304,-0.663757,0.154663,0.733582,-36.733551,6.953430,33.204498,1,2,1,1,2,97.000000
2025-03-24 14:48:19.972,1.13340844399569,0.7362880286848615,0.6897559290168247,0.6476545985391949,1.386147933452699,0.8506678670072587,0.1821959665438779,0.2092508122844212,1.077426489445685,0.478569009158731,0.1809982085163178,0.2702016300694299,1.14029182308427,1.162787725861152,0.7064581441331808,0.1687007347332608,0.9458673557714007,0.8162225452360511,0.5638965164197355,-0.2102269156799642,791.7582417582418,778.8644688644689,810.2930402930403,834.8717948717949,330.4029304029304,0,-0.511597,0.150757,0.794373,-88.061829,-25.428619,120.481262,1,2,1,1,2,97.000000
2025-03-24 14:48:20.056,,,,,,,,,,,,,,,,,,,,,,,,,,,,,,,,,,,,,,,/muse/elements/blink
2025-03-24 14:48:20.457,1.13340844399569,0.7362880286848615,0.6897559290168247,0.6476545985391949,1.386147933452699,0.8506678670072587,0.1821959665438779,0.2092508122844212,1.077426489445685,0.478569009158731,0.1809982085163178,0.2702016300694299,1.14029182308427,1.162787725861152,0.7064581441331808,0.1687007347332608,0.9458673557714007,0.8162225452360511,0.5638965164197355,-0.2102269156799642,810.6959706959707,810.6959706959707,790.1465201465202,872.3443223443223,913.4432234432235,1187.838827838828,-0.458740,-0.007446,0.851562,-4.695435,4.321594,17.555542,1,2,1,1,2,97.000000
2025-03-24 14:48:20.957,1.13340844399569,0.7362880286848615,0.6897559290168247,0.6476545985391949,1.386147933452699,0.8506678670072587,0.1821959665438779,0.2092508122844212,1.077426489445685,0.478569009158731,0.1809982085163178,0.2702016300694299,1.14029182308427,1.162787725861152,0.7064581441331808,0.1687007347332608,0.9458673557714007,0.8162225452360511,0.5638965164197355,-0.2102269156799642,822.3809523809524,802.2344322344322,811.0989010989011,952.5274725274726,1099.59706959707,1220.879120879121,-0.560425,-0.041687,0.783447,5.226288,13.047028,-9.136658,1,2,1,1,2,97.000000
2025-03-24 14:48:20.978,,,,,,,,,,,,,,,,,,,,,,,,,,,,,,,,,,,,,,,/muse/elements/blink
2025-03-24 14:48:21.457,1.13340844399569,0.7362880286848615,0.6897559290168247,0.6476545985391949,1.386147933452699,0.8506678670072587,0.1821959665438779,0.2092508122844212,1.077426489445685,0.478569009158731,0.1809982085163178,0.2702016300694299,1.14029182308427,1.162787725861152,0.7064581441331808,0.1687007347332608,0.9458673557714007,0.8162225452360511,0.5638965164197355,-0.2102269156799642,790.1465201465202,803.040293040293,811.0989010989011,807.8754578754579,977.1062271062272,884.4322344322345,-0.545593,-0.003601,0.776550,25.839844,-16.127472,-33.974609,1,2,1,1,2,97.000000
2025-03-24 14:48:21.805,,,,,,,,,,,,,,,,,,,,,,,,,,,,,,,,,,,,,,,/muse/elements/blink
2025-03-24 14:48:21.957,1.13340844399569,0.7362880286848615,0.8317082423635219,0.6476545985391949,1.386147933452699,0.8506678670072587,0.019947160547115,0.2092508122844212,1.077426489445685,0.478569009158731,0.4036984789277251,0.2702016300694299,1.14029182308427,1.162787725861152,0.4721691208602778,0.1687007347332608,0.9458673557714007,0.8162225452360511,0.08856402629927726,-0.2102269156799642,851.7948717948718,792.1611721611722,809.4871794871796,760.7326007326008,815.5311355311355,527.032967032967,-0.178772,0.222168,0.996704,54.027405,-28.411865,-134.268494,1,2,1,1,2,97.000000
2025-03-24 14:48:22.464,1.13340844399569,0.7362880286848615,0.8317082423635219,0.6476545985391949,1.386147933452699,0.8506678670072587,0.019947160547115,0.2092508122844212,1.077426489445685,0.478569009158731,0.4036984789277251,0.2702016300694299,1.14029182308427,1.162787725861152,0.4721691208602778,0.1687007347332608,0.9458673557714007,0.8162225452360511,0.08856402629927726,-0.2102269156799642,788.9377289377289,794.5787545787546,809.4871794871796,787.3260073260074,867.5091575091575,736.959706959707,-0.332581,0.103088,0.942871,1.951447,-4.874878,-33.825073,1,2,1,1,2,97.000000
2025-03-24 14:48:22.959,1.13340844399569,0.7362880286848615,0.8317082423635219,0.6476545985391949,1.386147933452699,0.8506678670072587,0.019947160547115,0.2092508122844212,1.077426489445685,0.478569009158731,0.4036984789277251,0.2702016300694299,1.14029182308427,1.162787725861152,0.4721691208602778,0.1687007347332608,0.9458673557714007,0.8162225452360511,0.08856402629927726,-0.2102269156799642,757.9120879120879,805.8608058608058,803.040293040293,793.3699633699634,875.1648351648352,973.4798534798535,-0.344971,0.086426,0.930908,0.388794,-0.478516,6.430054,1,2,1,1,2,97.000000
2025-03-24 14:48:23.459,1.13340844399569,0.7362880286848615,0.4042367122370668,0.6476545985391949,1.386147933452699,0.8506678670072587,-0.5709834036477359,0.2092508122844212,1.077426489445685,0.478569009158731,-0.004869107125598875,0.2702016300694299,1.14029182308427,1.162787725861152,0.161181977100411,0.1687007347332608,0.9458673557714007,0.8162225452360511,-0.2737066092841339,-0.2102269156799642,819.1575091575091,799.8168498168499,801.4285714285714,782.893772893773,923.919413919414,779.6703296703297,-0.368103,0.114380,0.911011,-1.779480,-1.383209,4.239349,1,2,1,1,2,97.000000
2025-03-24 14:48:23.963,1.176951688840456,-0.3212430420197744,0.2003981833389786,0.7803748580679195,1.231147257137604,-0.08248820464508957,-0.6288725798516596,0.2544591601590459,1.194031843955564,0.06100723228880908,-0.004869107125598875,0.6060743383366941,0.8697695890789228,0.5910409080805389,0.02752113822297026,0.2146862213073694,0.3252443104796402,0.4504786501066513,-0.329799520795009,0.04470983269174575,800.6227106227107,807.8754578754579,809.0842490842491,792.967032967033,888.8644688644689,747.032967032967,-0.365234,0.075378,0.912964,-3.484192,1.031799,1.443024,1,1,1,1,1,97.000000
2025-03-24 14:48:24.457,1.027806546003216,-0.102095473985415,0.05986230920697211,0.7550436334557149,1.148438250388798,-0.09096012891045201,-0.4953651382827205,0.2347298457439077,1.225402754579017,0.06100723228880908,0.01615837925198495,0.6435979290417232,0.8377603440923161,0.5007216146997868,0.0385571803086411,0.2322001347962362,0.389048190823913,0.4071712053117502,-0.3510389483529999,0.01025937171875268,764.7619047619048,795.3846153846154,805.0549450549451,789.3406593406594,850.989010989011,698.2783882783883,-0.390198,0.054443,0.917847,-4.598236,1.226196,9.458160,1,1,1,1,1,97.000000
2025-03-24 14:48:24.957,0.8701566917001763,-0.1180890574001673,-0.3226129322892173,0.6533719850541451,1.01100389717138,-0.1234499607560966,-0.362970375974974,0.1872783856541929,1.218853051453895,0.08823070303971299,-0.02981188585967935,0.637176719276627,0.8507049513399004,0.4474606758024245,-0.00869182849009904,0.221206336014629,0.4647098882665408,0.3246105675207627,-0.4008752662908819,0.09320693451651385,758.7179487179487,765.5677655677656,844.1391941391942,801.025641025641,791.7582417582418,587.8754578754579,-0.288818,0.006897,0.923340,-50.124512,-13.278809,130.761871,1,1,1,1,1,97.000000
2025-03-24 14:48:25.120,,,,,,,,,,,,,,,,,,,,,,,,,,,,,,,,,,,,,,,/muse/elements/blink
2025-03-24 14:48:25.468,0.7037819688975693,0.6611468283292325,-0.07077444231468455,0.515366694085414,0.8177082701248789,-0.03530763352130872,-0.1777528329856753,0.198137151907028,1.024711213555331,0.2082930165509114,0.04234132566964135,0.621290046269129,0.8418964119748497,0.3814178166811943,0.04870311110501632,0.2413105905446436,0.5292575167721733,0.2564892834734405,-0.4121562320010742,0.1333389558117116,826.8131868131868,832.4542124542124,763.5531135531136,796.1904761904763,889.2673992673992,799.0109890109891,-0.196228,-0.040222,1.053284,-53.907776,6.773987,104.936981,1,1,1,1,1,97.000000
2025-03-24 14:48:25.957,0.7388662154650839,0.8247225082335253,0.1245293636488554,-0.06652144098542448,0.5757502828860026,0.002252135475479286,-0.09139503752006251,0.1887408014587407,0.9102526943326527,0.2082930165509114,-0.06138733407988724,0.5398925749471717,0.8818214813043993,0.4102472212653069,0.03921486347303214,0.2227740483643953,0.5763397525590552,0.1963003913665211,-0.4252804335414256,0.2848001251651154,797.3992673992674,799.0109890109891,801.025641025641,793.3699633699634,816.3369963369963,955.7509157509157,-0.384521,0.084473,0.971130,3.588867,10.355377,-4.134674,1,1,1,1,1,97.000000
2025-03-24 14:48:26.247,,,,,,,,,,,,,,,,,,,,,,,,,,,,,,,,,,,,,,,/muse/elements/blink
2025-03-24 14:48:26.457,0.7445057648104084,1.059734245298605,1.082827802467011,-0.06652144098542448,0.6687742898199861,0.5224640624571451,0.7894383174846753,0.1887408014587407,0.909083609604838,0.7201575317093117,0.4960375488995075,0.5398925749471717,0.888294057448526,0.6053670663296161,0.4034031961621514,0.2227740483643953,0.5586175653803376,0.4914366361253572,0.09805513949517615,0.2848001251651154,734.1391941391942,838.4981684981685,777.6556776556777,770.4029304029305,910.6227106227107,828.4249084249085,-0.487427,0.154175,0.789246,27.918396,-23.664093,-48.023529,1,1,1,1,1,97.000000
2025-03-24 14:48:26.680,,,,,,,,,,,,,,,,,,,,,,,,,,,,,,,,,,,,,,,/muse/elements/blink
2025-03-24 14:48:26.957,0.7445057648104084,1.208680103004928,1.196224169822764,-0.06652144098542448,0.6687742898199861,0.6762116985099886,0.863301522839706,0.1887408014587407,0.909083609604838,0.7201575317093117,0.626016747822134,0.5398925749471717,0.888294057448526,0.6602327648849197,0.6790238397814795,0.2227740483643953,0.5586175653803376,0.5868329388490043,0.504962683501332,0.2848001251651154,906.1904761904763,790.952380952381,797.8021978021978,763.956043956044,478.6813186813187,0,-0.188416,0.034180,1.004578,40.800934,-26.527710,-116.825104,1,1,1,1,1,97.000000
2025-03-24 14:48:27.457,0.7445057648104084,1.208680103004928,1.196224169822764,-0.06652144098542448,0.6687742898199861,0.6762116985099886,0.863301522839706,0.1887408014587407,0.909083609604838,0.7201575317093117,0.626016747822134,0.5398925749471717,0.888294057448526,0.6602327648849197,0.6790238397814795,0.2227740483643953,0.5586175653803376,0.5868329388490043,0.504962683501332,0.2848001251651154,828.021978021978,805.4578754578755,800.2197802197802,722.8571428571429,926.3369963369963,823.1868131868132,-0.325317,0.251953,0.936096,-13.585358,1.405640,29.376373,1,1,1,1,1,97.000000
2025-03-24 14:48:27.751,,,,,,,,,,,,,,,,,,,,,,,,,,,,,,,,,,,,,,,/muse/elements/blink
2025-03-24 14:48:27.957,0.7445057648104084,1.208680103004928,1.196224169822764,-0.06652144098542448,0.6687742898199861,0.6762116985099886,0.863301522839706,0.1887408014587407,0.909083609604838,0.7201575317093117,0.626016747822134,0.5398925749471717,0.888294057448526,0.6602327648849197,0.6790238397814795,0.2227740483643953,0.5586175653803376,0.5868329388490043,0.504962683501332,0.2848001251651154,823.1868131868132,828.4249084249085,747.4358974358975,798.2051282051282,851.7948717948718,748.2417582417582,-0.196228,0.153503,0.991455,-59.672394,16.755524,131.098328,1,2,1,1,2,97.000000
2025-03-24 14:48:28.470,0.7445057648104084,1.208680103004928,1.196224169822764,-0.06652144098542448,0.6687742898199861,0.6762116985099886,0.863301522839706,0.1887408014587407,0.909083609604838,0.7201575317093117,0.626016747822134,0.5398925749471717,0.888294057448526,0.6602327648849197,0.6790238397814795,0.2227740483643953,0.5586175653803376,0.5868329388490043,0.504962683501332,0.2848001251651154,808.2783882783883,807.8754578754579,811.0989010989011,811.9047619047619,902.967032967033,1075.421245421245,-0.395569,0.071899,0.867615,-0.254211,-0.545807,12.142334,1,2,1,1,2,97.000000
2025-03-24 14:48:28.880,,,,,,,,,,,,,,,,,,,,,,,,,,,,,,,,,,,,,,,/muse/elements/blink
2025-03-24 14:48:28.957,0.7445057648104084,1.208680103004928,1.196224169822764,-0.06652144098542448,0.6687742898199861,0.6762116985099886,0.863301522839706,0.1887408014587407,0.909083609604838,0.7201575317093117,0.626016747822134,0.5398925749471717,0.888294057448526,0.6602327648849197,0.6790238397814795,0.2227740483643953,0.5586175653803376,0.5868329388490043,0.504962683501332,0.2848001251651154,871.941391941392,813.1135531135532,781.6849816849817,771.2087912087912,211.9413919413919,0,-0.203979,0.202637,0.929810,63.687439,-25.645447,-173.327332,1,2,1,1,2,97.000000
2025-03-24 14:48:29.459,0.7445057648104084,1.208680103004928,1.196224169822764,-0.06652144098542448,0.6687742898199861,0.6762116985099886,0.863301522839706,0.1887408014587407,0.909083609604838,0.7201575317093117,0.626016747822134,0.5398925749471717,0.888294057448526,0.6602327648849197,0.6790238397814795,0.2227740483643953,0.5586175653803376,0.5868329388490043,0.504962683501332,0.2848001251651154,833.6630036630037,794.1758241758242,802.2344322344322,808.6813186813187,911.8315018315019,523.4065934065934,-0.188721,0.131165,0.829712,41.062622,8.217010,-84.211273,1,2,1,1,2,97.000000
2025-03-24 14:48:29.957,0.7445057648104084,1.208680103004928,1.196224169822764,-0.06652144098542448,0.6687742898199861,0.6762116985099886,0.863301522839706,0.1887408014587407,0.909083609604838,0.7201575317093117,0.626016747822134,0.5398925749471717,0.888294057448526,0.6602327648849197,0.6790238397814795,0.2227740483643953,0.5586175653803376,0.5868329388490043,0.504962683501332,0.2848001251651154,810.2930402930403,799.8168498168499,804.6520146520147,802.6373626373627,1442.893772893773,1622.197802197802,-0.456116,0.344971,0.797668,-8.000183,2.938385,23.335114,1,2,1,1,2,97.000000
2025-03-24 14:48:30.457,0.7445057648104084,1.208680103004928,1.196224169822764,-0.06652144098542448,0.6687742898199861,0.6762116985099886,0.863301522839706,0.1887408014587407,0.909083609604838,0.7201575317093117,0.626016747822134,0.5398925749471717,0.888294057448526,0.6602327648849197,0.6790238397814795,0.2227740483643953,0.5586175653803376,0.5868329388490043,0.504962683501332,0.2848001251651154,814.3223443223443,823.5897435897436,788.1318681318681,840.9157509157509,899.7435897435897,1015.384615384615,-0.283203,-0.107910,1.134583,-55.948944,-17.518158,110.948334,1,2,1,1,2,97.000000
2025-03-24 14:48:30.963,1.399202303459337,1.208680103004928,1.196224169822764,-0.06652144098542448,1.491493918835324,0.6762116985099886,0.863301522839706,0.1887408014587407,1.043000155911363,0.7201575317093117,0.626016747822134,0.5398925749471717,0.7506796586976109,0.6602327648849197,0.6790238397814795,0.2227740483643953,0.7631415160716916,0.5868329388490043,0.504962683501332,0.2848001251651154,806.2637362637363,816.7399267399268,784.1025641025641,730.5128205128206,355.3846153846154,0,-0.545349,0.213074,1.204041,17.585449,9.757233,-43.320618,1,2,1,1,2,97.000000
2025-03-24 14:48:31.457,1.38609786878055,1.208680103004928,1.196224169822764,-0.06652144098542448,1.456423638850177,0.6762116985099886,0.863301522839706,0.1887408014587407,1.09251040007282,0.7201575317093117,0.626016747822134,0.5398925749471717,0.9218098123955865,0.6602327648849197,0.6790238397814795,0.2227740483643953,0.8228569642901191,0.5868329388490043,0.504962683501332,0.2848001251651154,815.1282051282052,811.0989010989011,803.040293040293,846.1538461538462,1025.457875457875,1552.087912087912,-0.514954,0.134033,0.961975,-9.218903,0.351410,4.538422,1,1,1,1,1,97.000000
2025-03-24 14:48:31.941,,,,,,,,,,,,,,,,,,,,,,,,,,,,,,,,,,,,,,,/muse/elements/blink
2025-03-24 14:48:31.957,1.38609786878055,1.208680103004928,1.196224169822764,-0.06652144098542448,1.456423638850177,0.6762116985099886,0.863301522839706,0.1887408014587407,1.09251040007282,0.7201575317093117,0.626016747822134,0.5398925749471717,0.9218098123955865,0.6602327648849197,0.6790238397814795,0.2227740483643953,0.8228569642901191,0.5868329388490043,0.504962683501332,0.2848001251651154,889.6703296703297,815.934065934066,763.956043956044,910.6227106227107,0,0,-0.305969,0.160095,0.803223,-29.802551,-3.843079,78.132629,1,1,1,1,1,97.000000
2025-03-24 14:48:32.457,1.372585684529749,1.208680103004928,1.196224169822764,-0.06652144098542448,1.418270590490663,0.6762116985099886,0.863301522839706,0.1887408014587407,0.8778485041002926,0.7201575317093117,0.626016747822134,0.5398925749471717,1.044246580997364,0.6602327648849197,0.6790238397814795,0.2227740483643953,0.875345274929333,0.5868329388490043,0.504962683501332,0.2848001251651154,838.901098901099,799.0109890109891,818.7545787545788,817.948717948718,359.4139194139194,0,-0.295837,0.042175,0.792542,16.082611,-22.280884,-50.528259,1,1,1,1,1,97.000000
2025-03-24 14:48:32.958,1.372585684529749,1.208680103004928,1.196224169822764,-0.06652144098542448,1.418270590490663,0.6762116985099886,0.863301522839706,0.1887408014587407,0.8778485041002926,0.7201575317093117,0.626016747822134,0.5398925749471717,1.044246580997364,0.6602327648849197,0.6790238397814795,0.2227740483643953,0.875345274929333,0.5868329388490043,0.504962683501332,0.2848001251651154,815.934065934066,801.025641025641,801.4285714285714,753.0769230769231,1037.545787545788,636.6300366300367,-0.240723,0.044250,0.693359,6.527252,-9.084320,15.888214,1,1,1,1,1,97.000000
2025-03-24 14:48:33.463,1.372585684529749,1.208680103004928,1.196224169822764,-0.06652144098542448,1.418270590490663,0.6762116985099886,0.863301522839706,0.1887408014587407,0.8778485041002926,0.7201575317093117,0.626016747822134,0.5398925749471717,1.044246580997364,0.6602327648849197,0.6790238397814795,0.2227740483643953,0.875345274929333,0.5868329388490043,0.504962683501332,0.2848001251651154,800.6227106227107,807.0695970695971,808.6813186813187,765.9706959706959,1276.886446886447,1308.315018315018,-0.340393,0.222534,0.820312,-1.794434,5.525360,-0.986938,1,1,1,1,1,97.000000
2025-03-24 14:48:33.957,1.372585684529749,1.244402406102652,1.25607705021676,-0.06652144098542448,1.418270590490663,0.9849170541736858,0.7196141471388003,0.1887408014587407,0.8778485041002926,0.5097850841242926,0.5658074433255218,0.5398925749471717,1.044246580997364,0.6635623502267788,0.128405872932099,0.2227740483643953,0.875345274929333,0.4267027962397136,-0.3335094627023807,0.2848001251651154,804.2490842490843,812.3076923076924,799.4139194139194,837.6923076923077,1622.197802197802,1622.197802197802,-0.316528,-0.066040,1.143555,2.138367,-6.400146,2.691650,1,1,1,1,1,97.000000
2025-03-24 14:48:34.457,1.372585684529749,1.116641131769489,1.120925259648019,-0.06652144098542448,1.418270590490663,0.9334958212154345,0.7238116914788365,0.1887408014587407,0.8778485041002926,0.616245514710866,0.6514629912862665,0.5398925749471717,1.044246580997364,0.5949322168315742,0.02753271644204307,0.2227740483643953,0.875345274929333,0.4045472851293466,-0.3791700259540747,0.2848001251651154,764.7619047619048,792.1611721611722,805.0549450549451,815.934065934066,0,0,-0.341919,0.240845,1.183228,15.835876,3.058014,-49.399261,1,2,1,1,2,97.000000
2025-03-24 14:48:34.778,,,,,,,,,,,,,,,,,,,,,,,,,,,,,,,,,,,,,,,/muse/elements/blink
2025-03-24 14:48:34.957,1.372585684529749,1.166701150259152,1.027193781532035,-0.06652144098542448,1.418270590490663,0.9871747875553701,0.831388758363657,0.1887408014587407,0.8778485041002926,0.6420500220113415,0.7178231925028383,0.5398925749471717,1.044246580997364,0.5817256002260613,-0.001441898965333536,0.2227740483643953,0.875345274929333,0.3994691393607346,-0.3279128362974428,0.2848001251651154,819.5604395604396,826.4102564102565,793.3699633699634,822.3809523809524,944.4688644688645,1214.029304029304,-0.312317,0.090637,1.049133,29.398804,-1.667328,-100.204163,1,2,1,1,2,97.000000
2025-03-24 14:48:35.457,1.372585684529749,1.121927525287324,0.7774999960461653,-0.06652144098542448,1.418270590490663,0.9882992680316445,0.9021048998120571,0.1887408014587407,0.8778485041002926,0.6129662925655842,0.6690104390117581,0.5398925749471717,1.044246580997364,0.5341887099456951,-0.09275946430428607,0.2227740483643953,0.875345274929333,0.385183917780862,-0.3359053288563681,0.2848001251651154,797.3992673992674,772.014652014652,819.1575091575091,831.2454212454213,0,0,-0.319519,0.091309,1.039001,56.524658,-14.976044,-136.137695,1,2,1,1,2,97.000000
2025-03-24 14:48:35.961,1.372585684529749,1.22932549303024,0.8117022741446779,-0.06652144098542448,1.418270590490663,1.09694849617153,0.9797064026483251,0.1887408014587407,0.8778485041002926,0.5964044672508789,0.6690104390117581,0.5398925749471717,1.044246580997364,0.5237079129530716,-0.03077358227780643,0.2227740483643953,0.875345274929333,0.3778638953279645,-0.2724808592533435,0.2848001251651154,788.1318681318681,818.7545787545788,795.3846153846154,769.5970695970697,759.92673992674,582.2344322344322,-0.396973,0.120911,0.939636,25.054779,0.904694,-50.610504,1,2,1,1,2,97.000000
2025-03-24 14:48:36.457,1.372585684529749,1.22932549303024,0.8600356601798851,-0.06652144098542448,1.418270590490663,1.09694849617153,1.025733643547318,0.1887408014587407,0.8778485041002926,0.5964044672508789,0.6690104390117581,0.5398925749471717,1.044246580997364,0.5237079129530716,-0.004596986056790868,0.2227740483643953,0.875345274929333,0.3778638953279645,-0.2300713406512244,0.2848001251651154,801.8315018315019,808.6813186813187,828.8278388278388,867.1062271062272,1622.197802197802,1622.197802197802,-0.391418,0.023315,0.957153,11.790924,2.616882,-28.972626,1,2,1,1,2,97.000000
2025-03-24 14:48:36.957,1.122778305888695,1.22932549303024,0.8600356601798851,-0.06652144098542448,0.9169476634296513,1.09694849617153,1.025733643547318,0.1887408014587407,0.7969927912225985,0.5964044672508789,0.6690104390117581,0.5398925749471717,0.6055160750045024,0.5237079129530716,-0.004596986056790868,0.2227740483643953,0.5410918212870891,0.3778638953279645,-0.2300713406512244,0.2848001251651154,813.1135531135532,807.0695970695971,784.5054945054945,806.6666666666667,762.7472527472528,707.5457875457876,-0.428101,0.023193,0.911438,29.376373,-11.454468,-45.272064,1,2,1,1,2,97.000000
2025-03-24 14:48:37.457,1.122778305888695,1.128624049143647,0.8600356601798851,-0.06652144098542448,0.9169476634296513,1.050553754081272,1.025733643547318,0.1887408014587407,0.7969927912225985,0.6358247695167665,0.6690104390117581,0.5398925749471717,0.6055160750045024,0.8324829018620693,-0.004596986056790868,0.2227740483643953,0.5410918212870891,0.7479938280556746,-0.2300713406512244,0.2848001251651154,816.7399267399268,803.8461538461539,817.948717948718,810.6959706959707,835.2747252747253,811.9047619047619,-0.475647,0.101990,0.868286,2.878571,-1.263580,1.749573,1,1,1,1,1,97.000000
2025-03-24 14:48:37.830,,,,,,,,,,,,,,,,,,,,,,,,,,,,,,,,,,,,,,,/muse/elements/blink
2025-03-24 14:48:37.965,1.122778305888695,1.1047842333469,0.8600356601798851,-0.06652144098542448,0.9169476634296513,0.9913389824030078,1.025733643547318,0.1887408014587407,0.7969927912225985,0.6358247695167665,0.6690104390117581,0.5398925749471717,0.6055160750045024,0.7735968234255512,-0.004596986056790868,0.2227740483643953,0.5410918212870891,0.7565422519925409,-0.2300713406512244,0.2848001251651154,807.4725274725275,781.6849816849817,797.8021978021978,809.4871794871796,920.2930402930403,776.0439560439561,-0.580444,0.108093,0.791931,-2.856140,5.682373,4.710388,1,1,1,1,1,97.000000
2025-03-24 14:48:38.457,1.122778305888695,1.134892306630494,0.8600356601798851,-0.06652144098542448,0.9169476634296513,1.005481339384707,1.025733643547318,0.1887408014587407,0.7969927912225985,0.6358247695167665,0.6690104390117581,0.5398925749471717,0.6055160750045024,0.7683490270887406,-0.004596986056790868,0.2227740483643953,0.5410918212870891,0.7758441931450646,-0.2300713406512244,0.2848001251651154,799.4139194139194,805.0549450549451,810.6959706959707,796.1904761904763,866.7032967032967,779.6703296703297,-0.610107,0.063721,0.783630,-9.338531,1.001892,11.955414,1,1,1,1,1,97.000000
2025-03-24 14:48:38.957,1.122778305888695,1.152763208994718,0.7941581782602074,-0.06652144098542448,0.9169476634296513,0.8737949117923099,0.3011676020180797,0.1887408014587407,0.7969927912225985,0.5880979968181,0.1927750144267883,0.5398925749471717,0.6055160750045024,0.5118366713881682,0.2557125852379995,0.2227740483643953,0.5410918212870891,0.7502194081646935,0.0451804096661995,0.2848001251651154,813.919413919414,803.4432234432235,778.8644688644689,867.9120879120879,817.5457875457876,645.0915750915751,-0.525574,0.087036,0.782471,-41.406555,5.173950,63.448181,1,1,1,1,1,97.000000
2025-03-24 14:48:39.460,1.122778305888695,1.152763208994718,0.7941581782602074,-0.06652144098542448,0.9169476634296513,0.8737949117923099,0.3011676020180797,0.1887408014587407,0.7969927912225985,0.5880979968181,0.1927750144267883,0.5398925749471717,0.6055160750045024,0.5118366713881682,0.2557125852379995,0.2227740483643953,0.5410918212870891,0.7502194081646935,0.0451804096661995,0.2848001251651154,797.3992673992674,785.7142857142858,827.2161172161173,799.4139194139194,831.6483516483516,996.0439560439561,-0.410095,-0.005432,0.941528,-51.634827,-16.516266,70.618439,1,1,1,1,1,97.000000
2025-03-24 14:48:39.960,1.419598476911674,1.152763208994718,0.7941581782602074,-0.06652144098542448,1.179066868199681,0.8737949117923099,0.3011676020180797,0.1887408014587407,0.7462100806812419,0.5880979968181,0.1927750144267883,0.5398925749471717,0.7297913404629628,0.5118366713881682,0.2557125852379995,0.2227740483643953,0.5066578697502565,0.7502194081646935,0.0451804096661995,0.2848001251651154,798.6080586080586,800.6227106227107,791.7582417582418,773.2234432234433,868.3150183150184,504.0659340659341,-0.480286,0.013367,0.864990,2.444916,0.351410,9.435730,1,1,1,1,1,97.000000
2025-03-24 14:48:40.466,1.251450201087401,1.152763208994718,1.3454481808601,-0.06652144098542448,1.015294348985105,0.8737949117923099,1.243844319866477,0.1887408014587407,0.7462100806812419,0.5880979968181,0.7681615741172588,0.5398925749471717,0.6767076111645463,0.5118366713881682,0.2916270211568837,0.2227740483643953,0.4566823818609584,0.7502194081646935,0.2593693372483191,0.2848001251651154,725.2747252747253,799.0109890109891,824.7985347985348,735.3479853479854,1158.021978021978,1193.882783882784,-0.473816,-0.069031,0.872131,6.549683,-8.927307,-16.351776,1,1,1,1,1,97.000000
2025-03-24 14:48:40.669,,,,,,,,,,,,,,,,,,,,,,,,,,,,,,,,,,,,,,,/muse/elements/blink
2025-03-24 14:48:40.957,0.9927351828850168,0.4862854510547203,1.238716733696593,-0.06652144098542448,0.8024067405024086,0.4819187402028296,1.115624530599134,0.1887408014587407,0.5149970522080082,0.3038469129561789,0.7854578793459519,0.5398925749471717,0.6139919342407502,0.933194471903109,0.3032063288105974,0.2227740483643953,0.4144662493484037,0.9124755770012585,0.2638524370659354,0.2848001251651154,797.8021978021978,824.3956043956044,784.9084249084249,809.4871794871796,1031.501831501831,1243.846153846154,-0.433655,0.234375,0.931213,36.382141,-18.340607,-36.232605,1,1,1,1,1,97.000000
2025-03-24 14:48:41.457,0.9170784424849073,0.4862854510547203,1.238716733696593,-0.06652144098542448,0.7499002437956039,0.4819187402028296,1.115624530599134,0.1887408014587407,0.4616603904613745,0.3038469129561789,0.7854578793459519,0.5398925749471717,0.5978547386532076,0.933194471903109,0.3032063288105974,0.2227740483643953,0.3898050719303424,0.9124755770012585,0.2638524370659354,0.2848001251651154,807.8754578754579,800.6227106227107,799.0109890109891,771.6117216117216,0,0,-0.275513,0.204651,0.931213,64.225769,-9.585266,-118.365326,1,1,1,1,1,97.000000
2025-03-24 14:48:41.957,0.8406851513759872,0.2967260230665026,0.9347817194222926,-0.06652144098542448,0.5641212351174832,0.08429159428533575,0.3901374987700724,0.1887408014587407,0.3211937632327533,-0.0109384602148826,0.2623887244584454,0.5398925749471717,0.6189419450027067,0.7574147277351317,0.2744473076640747,0.2227740483643953,0.4015791270944598,0.7569353548073874,0.3313540429038004,0.2848001251651154,791.3553113553114,814.3223443223443,807.8754578754579,762.7472527472528,1622.197802197802,1622.197802197802,-0.358826,0.268066,0.867981,1.091614,8.037567,-0.089722,1,1,1,1,1,97.000000
2025-03-24 14:48:42.457,0.8406851513759872,0.2953588702979627,1.045824706445265,-0.06652144098542448,0.5641212351174832,-0.01088510598245241,0.3685747884655818,0.1887408014587407,0.3211937632327533,-0.2584765142049333,0.3341616289830877,0.5398925749471717,0.6189419450027067,0.6391392969686209,0.1461864013066455,0.2227740483643953,0.4015791270944598,0.6832723002809393,0.2920145174606955,0.2848001251651154,799.0109890109891,815.5311355311355,807.4725274725275,867.9120879120879,389.6336996336996,0,-0.463074,0.193970,1.024170,-14.198456,-1.398163,-7.102966,1,1,1,1,1,97.000000
2025-03-24 14:48:42.881,,,,,,,,,,,,,,,,,,,,,,,,,,,,,,,,,,,,,,,/muse/elements/blink
2025-03-24 14:48:42.958,0.8406851513759872,0.2953588702979627,0.9826749809971803,-0.06652144098542448,0.5641212351174832,-0.01088510598245241,0.4767022675672062,0.1887408014587407,0.3211937632327533,-0.2584765142049333,0.5666235800332704,0.5398925749471717,0.6189419450027067,0.6391392969686209,0.2168866251490248,0.2227740483643953,0.4015791270944598,0.6832723002809393,0.3296263153023598,0.2848001251651154,816.7399267399268,787.3260073260074,790.5494505494506,823.992673992674,828.4249084249085,749.047619047619,-0.192627,0.425537,0.759155,11.088104,4.515991,-4.643097,1,1,1,1,1,97.000000
2025-03-24 14:48:43.460,0.8406851513759872,0.2953588702979627,0.9820859970482992,-0.06652144098542448,0.5641212351174832,-0.01088510598245241,0.5620821464886248,0.1887408014587407,0.3211937632327533,-0.2584765142049333,0.5952101867427434,0.5398925749471717,0.6189419450027067,0.6391392969686209,0.254677444025993,0.2227740483643953,0.4015791270944598,0.6832723002809393,0.3269058985355313,0.2848001251651154,754.2857142857143,790.1465201465202,803.8461538461539,745.8241758241759,0,0,-0.363220,0.364502,0.869934,17.884521,-2.377625,-8.792725,1,2,1,1,2,97.000000
2025-03-24 14:48:43.957,0.8406851513759872,0.2953588702979627,0.9289067594868197,-0.06652144098542448,0.5641212351174832,-0.01088510598245241,0.7007504204512275,0.1887408014587407,0.3211937632327533,-0.2584765142049333,0.563777029629963,0.5398925749471717,0.6189419450027067,0.6391392969686209,0.3505805830508462,0.2227740483643953,0.4015791270944598,0.6832723002809393,0.4002089476735821,0.2848001251651154,799.8168498168499,823.1868131868132,807.0695970695971,836.0805860805862,1622.197802197802,1622.197802197802,-0.329163,0.264465,0.721558,-14.587250,0.201874,2.796326,1,2,1,1,2,97.000000
2025-03-24 14:48:44.457,0.8406851513759872,0.2953588702979627,1.131315166063676,-0.06652144098542448,0.5641212351174832,-0.01088510598245241,0.5604252422014756,0.1887408014587407,0.3211937632327533,-0.2584765142049333,0.7340775629940608,0.5398925749471717,0.6189419450027067,0.6391392969686209,0.1128085707168605,0.2227740483643953,0.4015791270944598,0.6832723002809393,-0.05574872685602307,0.2848001251651154,722.0512820512821,764.7619047619048,780.0732600732601,611.2454212454213,4.432234432234432,0,-0.381348,0.098572,0.863098,-0.007477,-2.302856,6.273041,1,2,1,1,2,97.000000
2025-03-24 14:48:44.960,0.8406851513759872,0.2953588702979627,1.107733099933166,-0.06652144098542448,0.5641212351174832,-0.01088510598245241,0.4101158449769004,0.1887408014587407,0.3211937632327533,-0.2584765142049333,0.5686917441027991,0.5398925749471717,0.6189419450027067,0.6391392969686209,0.2506089145705367,0.2227740483643953,0.4015791270944598,0.6832723002809393,0.003963138707688475,0.2848001251651154,826.4102564102565,789.3406593406594,801.8315018315019,790.952380952381,996.4468864468864,1380.43956043956,-0.394897,0.158752,0.906372,-6.347809,4.800110,7.349701,1,2,1,1,2,97.000000
2025-03-24 14:48:45.457,0.8406851513759872,0.2953588702979627,0.9576485757320583,-0.06652144098542448,0.5641212351174832,-0.01088510598245241,0.2700145325536361,0.1887408014587407,0.3211937632327533,-0.2584765142049333,0.5686917441027991,0.5398925749471717,0.6189419450027067,0.6391392969686209,0.2858678641569619,0.2227740483643953,0.4015791270944598,0.6832723002809393,0.05212573590200591,0.2848001251651154,808.2783882783883,818.3516483516484,805.4578754578755,796.1904761904763,1072.197802197802,1197.509157509158,-0.438782,0.111877,0.906189,-4.673004,-2.056122,11.850739,1,2,1,1,2,97.000000
2025-03-24 14:48:45.970,1.322481210007436,0.3770794792134737,0.6118162720896319,-0.06652144098542448,0.6045360864242429,0.1110566781427156,0.09590150603253639,0.1887408014587407,0.9142139691335539,0.1454004271102508,0.2772653492790297,0.5398925749471717,0.7857958695610112,0.9894806472488797,0.3018763916777215,0.2227740483643953,0.6225379417627647,0.9052990215513465,0.1124758514884669,0.2848001251651154,763.5531135531136,774.0293040293041,824.7985347985348,817.5457875457876,979.92673992674,902.5641025641025,-0.258118,0.108459,0.945984,-86.469269,7.678680,157.910156,1,2,1,1,2,97.000000
2025-03-24 14:48:46.457,1.322481210007436,0.6931208281377618,0.748380727666163,-0.06652144098542448,0.6045360864242429,0.4413410354447256,0.182681513604109,0.1887408014587407,0.9142139691335539,0.3343304119049155,0.328417375151735,0.5398925749471717,0.7857958695610112,0.9287939600155943,0.1879424920311239,0.2227740483643953,0.6225379417627647,0.8450787875695026,0.008577814562709403,0.2848001251651154,793.7728937728938,773.6263736263736,846.5567765567765,906.5934065934066,1010.14652014652,1118.534798534798,-0.379150,-0.055054,0.912903,-12.703094,1.562653,30.587616,1,1,1,1,1,97.000000
2025-03-24 14:48:46.957,1.322481210007436,0.6931208281377618,0.7869940907226484,-0.06652144098542448,0.6045360864242429,0.4413410354447256,0.2503579587119609,0.1887408014587407,0.9142139691335539,0.3343304119049155,0.3227162081288361,0.5398925749471717,0.7857958695610112,0.9287939600155943,0.05165704260841211,0.2227740483643953,0.6225379417627647,0.8450787875695026,-0.07283320567338024,0.2848001251651154,709.5604395604396,848.1684981684982,781.6849816849817,715.2014652014652,1070.18315018315,1116.520146520146,-0.398865,0.114502,0.872681,31.634369,-9.428253,-59.821930,1,1,1,1,1,97.000000
2025-03-24 14:48:47.154,,,,,,,,,,,,,,,,,,,,,,,,,,,,,,,,,,,,,,,/muse/elements/blink
2025-03-24 14:48:47.457,1.322481210007436,0.8662710445360048,1.066399184345436,-0.06652144098542448,0.6045360864242429,0.6445717230775239,0.4932543445539734,0.1887408014587407,0.9142139691335539,0.3119313935553818,0.3219709325084145,0.5398925749471717,0.7857958695610112,0.8073721386195702,0.04378757587218839,0.2227740483643953,0.6225379417627647,0.7705720527193105,-0.142111573154042,0.2848001251651154,955.3479853479854,753.0769230769231,821.978021978022,935.2014652014652,1622.197802197802,1622.197802197802,-0.424561,0.000061,0.879822,21.264038,-20.351868,-66.237030,1,1,1,1,1,97.000000
2025-03-24 14:48:47.957,1.322481210007436,0.8662710445360048,1.066399184345436,-0.06652144098542448,0.6045360864242429,0.6445717230775239,0.4932543445539734,0.1887408014587407,0.9142139691335539,0.3119313935553818,0.3219709325084145,0.5398925749471717,0.7857958695610112,0.8073721386195702,0.04378757587218839,0.2227740483643953,0.6225379417627647,0.7705720527193105,-0.142111573154042,0.2848001251651154,817.5457875457876,794.1758241758242,842.1245421245421,860.2564102564103,762.3443223443223,761.5384615384615,-0.424316,-0.022522,1.114990,-42.587891,5.390778,109.438019,1,1,1,1,1,97.000000
2025-03-24 14:48:48.457,1.322481210007436,0.8662710445360048,1.066399184345436,-0.06652144098542448,0.6045360864242429,0.6445717230775239,0.4932543445539734,0.1887408014587407,0.9142139691335539,0.3119313935553818,0.3219709325084145,0.5398925749471717,0.7857958695610112,0.8073721386195702,0.04378757587218839,0.2227740483643953,0.6225379417627647,0.7705720527193105,-0.142111573154042,0.2848001251651154,718.021978021978,799.0109890109891,781.2820512820513,888.8644688644689,1079.85347985348,1519.450549450549,-0.429565,0.086731,1.007568,-61.668701,7.925415,107.351990,1,2,1,1,2,97.000000
2025-03-24 14:48:48.722,,,,,,,,,,,,,,,,,,,,,,,,,,,,,,,,,,,,,,,/muse/elements/blink
2025-03-24 14:48:48.957,1.322481210007436,0.8662710445360048,1.066399184345436,-0.06652144098542448,0.6045360864242429,0.6445717230775239,0.4932543445539734,0.1887408014587407,0.9142139691335539,0.3119313935553818,0.3219709325084145,0.5398925749471717,0.7857958695610112,0.8073721386195702,0.04378757587218839,0.2227740483643953,0.6225379417627647,0.7705720527193105,-0.142111573154042,0.2848001251651154,836.0805860805862,821.978021978022,811.5018315018315,874.7619047619048,234.1025641025641,0,-0.339417,0.051758,0.785278,-10.534821,2.168274,17.062073,1,2,1,1,2,97.000000
2025-03-24 14:48:49.385,,,,,,,,,,,,,,,,,,,,,,,,,,,,,,,,,,,,,,,/muse/elements/blink
2025-03-24 14:48:49.457,1.322481210007436,0.8662710445360048,1.066399184345436,-0.06652144098542448,0.6045360864242429,0.6445717230775239,0.4932543445539734,0.1887408014587407,0.9142139691335539,0.3119313935553818,0.3219709325084145,0.5398925749471717,0.7857958695610112,0.8073721386195702,0.04378757587218839,0.2227740483643953,0.6225379417627647,0.7705720527193105,-0.142111573154042,0.2848001251651154,835.6776556776557,746.6300366300367,813.1135531135532,781.6849816849817,1142.307692307692,867.5091575091575,-0.398987,-0.052063,0.812866,3.327179,-4.433746,0.919647,1,2,1,1,2,97.000000
2025-03-24 14:48:49.963,1.322481210007436,0.8662710445360048,1.066399184345436,-0.06652144098542448,0.6045360864242429,0.6445717230775239,0.4932543445539734,0.1887408014587407,0.9142139691335539,0.3119313935553818,0.3219709325084145,0.5398925749471717,0.7857958695610112,0.8073721386195702,0.04378757587218839,0.2227740483643953,0.6225379417627647,0.7705720527193105,-0.142111573154042,0.2848001251651154,814.3223443223443,868.3150183150184,744.2124542124542,698.2783882783883,1623.406593406593,1622.197802197802,-0.008850,0.303528,1.098267,99.336853,-26.273499,-228.304291,1,2,1,1,2,97.000000
2025-03-24 14:48:50.003,,,,,,,,,,,,,,,,,,,,,,,,,,,,,,,,,,,,,,,/muse/elements/blink
2025-03-24 14:48:50.316,,,,,,,,,,,,,,,,,,,,,,,,,,,,,,,,,,,,,,,/muse/elements/blink
2025-03-24 14:48:50.457,1.322481210007436,0.8662710445360048,1.066399184345436,-0.06652144098542448,0.6045360864242429,0.6445717230775239,0.4932543445539734,0.1887408014587407,0.9142139691335539,0.3119313935553818,0.3219709325084145,0.5398925749471717,0.7857958695610112,0.8073721386195702,0.04378757587218839,0.2227740483643953,0.6225379417627647,0.7705720527193105,-0.142111573154042,0.2848001251651154,822.3809523809524,818.7545787545788,791.3553113553114,826.4102564102565,823.1868131868132,1023.846153846154,-0.365356,-0.151978,1.291626,-13.271332,-4.515991,16.112518,1,2,1,1,2,97.000000
2025-03-24 14:48:50.957,1.322481210007436,0.8662710445360048,1.066399184345436,-0.06652144098542448,0.6045360864242429,0.6445717230775239,0.4932543445539734,0.1887408014587407,0.9142139691335539,0.3119313935553818,0.3219709325084145,0.5398925749471717,0.7857958695610112,0.8073721386195702,0.04378757587218839,0.2227740483643953,0.6225379417627647,0.7705720527193105,-0.142111573154042,0.2848001251651154,790.952380952381,786.9230769230769,765.1648351648352,1110.879120879121,1124.981684981685,1331.684981684982,-0.445984,0.235657,0.873535,-20.979919,-17.533112,62.543488,1,2,1,1,2,97.000000
2025-03-24 14:48:51.054,,,,,,,,,,,,,,,,,,,,,,,,,,,,,,,,,,,,,,,/muse/elements/blink
2025-03-24 14:48:51.467,1.322481210007436,0.8662710445360048,1.066399184345436,-0.06652144098542448,0.6045360864242429,0.6445717230775239,0.4932543445539734,0.1887408014587407,0.9142139691335539,0.3119313935553818,0.3219709325084145,0.5398925749471717,0.7857958695610112,0.8073721386195702,0.04378757587218839,0.2227740483643953,0.6225379417627647,0.7705720527193105,-0.142111573154042,0.2848001251651154,899.7435897435897,807.4725274725275,840.1098901098901,897.7289377289378,1622.197802197802,1622.197802197802,0.016296,-0.095215,0.268066,28.890381,22.512665,-25.675354,1,2,1,1,2,97.000000
2025-03-24 14:48:51.644,,,,,,,,,,,,,,,,,,,,,,,,,,,,,,,,,,,,,,,/muse/elements/blink
2025-03-24 14:48:51.957,1.322481210007436,0.8662710445360048,1.066399184345436,-0.06652144098542448,0.6045360864242429,0.6445717230775239,0.4932543445539734,0.1887408014587407,0.9142139691335539,0.3119313935553818,0.3219709325084145,0.5398925749471717,0.7857958695610112,0.8073721386195702,0.04378757587218839,0.2227740483643953,0.6225379417627647,0.7705720527193105,-0.142111573154042,0.2848001251651154,677.3260073260074,651.941391941392,745.4212454212454,381.5750915750916,30.62271062271062,4.835164835164836,-0.420593,0.092957,1.161743,42.625275,-13.047028,-69.474487,1,2,1,1,2,97.000000
2025-03-24 14:48:52.122,,,,,,,,,,,,,,,,,,,,,,,,,,,,,,,,,,,,,,,/muse/elements/blink
2025-03-24 14:48:52.464,1.322481210007436,0.8662710445360048,1.066399184345436,-0.06652144098542448,0.6045360864242429,0.6445717230775239,0.4932543445539734,0.1887408014587407,0.9142139691335539,0.3119313935553818,0.3219709325084145,0.5398925749471717,0.7857958695610112,0.8073721386195702,0.04378757587218839,0.2227740483643953,0.6225379417627647,0.7705720527193105,-0.142111573154042,0.2848001251651154,777.6556776556777,800.2197802197802,808.2783882783883,826.8131868131868,1150.3663003663,1507.362637362637,-0.350891,-0.001709,1.115051,4.755249,-17.951813,-27.335205,1,2,4,1,4,97.000000
2025-03-24 14:48:52.957,1.322481210007436,0.8662710445360048,1.066399184345436,-0.06652144098542448,0.6045360864242429,0.6445717230775239,0.4932543445539734,0.1887408014587407,0.9142139691335539,0.3119313935553818,0.3219709325084145,0.5398925749471717,0.7857958695610112,0.8073721386195702,0.04378757587218839,0.2227740483643953,0.6225379417627647,0.7705720527193105,-0.142111573154042,0.2848001251651154,810.2930402930403,841.3186813186813,749.047619047619,794.1758241758242,817.5457875457876,1151.575091575092,-0.247986,0.195435,1.048157,22.722015,-11.357269,-52.995605,1,2,1,1,2,97.000000
2025-03-24 14:48:53.061,,,,,,,,,,,,,,,,,,,,,,,,,,,,,,,,,,,,,,,/muse/elements/blink
2025-03-24 14:48:53.458,1.322481210007436,0.8662710445360048,1.066399184345436,-0.06652144098542448,0.6045360864242429,0.6445717230775239,0.4932543445539734,0.1887408014587407,0.9142139691335539,0.3119313935553818,0.3219709325084145,0.5398925749471717,0.7857958695610112,0.8073721386195702,0.04378757587218839,0.2227740483643953,0.6225379417627647,0.7705720527193105,-0.142111573154042,0.2848001251651154,845.3479853479854,802.2344322344322,798.2051282051282,896.9230769230769,1612.930402930403,1622.197802197802,-0.260254,0.186890,0.940369,50.812378,1.600037,-105.886536,1,2,1,1,2,97.000000
2025-03-24 14:48:53.496,,,,,,,,,,,,,,,,,,,,,,,,,,,,,,,,,,,,,,,/muse/elements/blink
2025-03-24 14:48:53.962,1.322481210007436,0.8662710445360048,1.066399184345436,-0.06652144098542448,0.6045360864242429,0.6445717230775239,0.4932543445539734,0.1887408014587407,0.9142139691335539,0.3119313935553818,0.3219709325084145,0.5398925749471717,0.7857958695610112,0.8073721386195702,0.04378757587218839,0.2227740483643953,0.6225379417627647,0.7705720527193105,-0.142111573154042,0.2848001251651154,816.3369963369963,821.978021978022,782.4908424908425,821.1721611721612,586.6666666666666,253.8461538461538,-0.307678,0.281311,0.816040,36.703644,-18.467712,-103.516388,1,2,1,1,2,97.000000
2025-03-24 14:48:54.365,,,,,,,,,,,,,,,,,,,,,,,,,,,,,,,,,,,,,,,/muse/elements/blink
2025-03-24 14:48:54.457,1.322481210007436,0.8662710445360048,1.066399184345436,-0.06652144098542448,0.6045360864242429,0.6445717230775239,0.4932543445539734,0.1887408014587407,0.9142139691335539,0.3119313935553818,0.3219709325084145,0.5398925749471717,0.7857958695610112,0.8073721386195702,0.04378757587218839,0.2227740483643953,0.6225379417627647,0.7705720527193105,-0.142111573154042,0.2848001251651154,818.3516483516484,796.1904761904763,813.5164835164835,795.7875457875458,633.4065934065934,134.1758241758242,-0.309265,0.204468,0.864685,10.504913,-1.562653,-52.419891,1,2,1,1,2,97.000000
2025-03-24 14:48:54.957,1.322481210007436,0.8662710445360048,1.066399184345436,-0.06652144098542448,0.6045360864242429,0.6445717230775239,0.4932543445539734,0.1887408014587407,0.9142139691335539,0.3119313935553818,0.3219709325084145,0.5398925749471717,0.7857958695610112,0.8073721386195702,0.04378757587218839,0.2227740483643953,0.6225379417627647,0.7705720527193105,-0.142111573154042,0.2848001251651154,817.948717948718,818.7545787545788,764.7619047619048,744.6153846153846,633.4065934065934,0,-0.330994,0.106812,0.971313,18.168640,13.869476,-52.599335,1,2,1,1,2,97.000000
2025-03-24 14:48:55.466,1.322481210007436,0.8662710445360048,1.672334561378215,-0.06652144098542448,0.6045360864242429,0.6445717230775239,1.334011088719752,0.1887408014587407,0.9142139691335539,0.3119313935553818,0.7952171204094248,0.5398925749471717,0.7857958695610112,0.8073721386195702,0.223646016146065,0.2227740483643953,0.6225379417627647,0.7705720527193105,-0.3233074147437369,0.2848001251651154,815.5311355311355,783.2967032967033,817.5457875457876,833.2600732600733,327.1794871794872,184.1391941391941,-0.478149,0.026489,0.994629,13.884430,6.347809,-22.176208,1,2,1,1,2,97.000000
2025-03-24 14:48:55.965,1.322481210007436,0.8662710445360048,1.672334561378215,-0.06652144098542448,0.6045360864242429,0.6445717230775239,1.334011088719752,0.1887408014587407,0.9142139691335539,0.3119313935553818,0.7952171204094248,0.5398925749471717,0.7857958695610112,0.8073721386195702,0.223646016146065,0.2227740483643953,0.6225379417627647,0.7705720527193105,-0.3233074147437369,0.2848001251651154,814.3223443223443,804.2490842490843,792.967032967033,768.7912087912088,33.44322344322345,0,-0.487061,0.132080,0.796570,-14.198456,2.654266,30.460510,1,2,1,1,2,97.000000
2025-03-24 14:48:56.293,,,,,,,,,,,,,,,,,,,,,,,,,,,,,,,,,,,,,,,/muse/elements/blink
2025-03-24 14:48:56.461,1.322481210007436,0.8662710445360048,1.672334561378215,-0.06652144098542448,0.6045360864242429,0.6445717230775239,1.334011088719752,0.1887408014587407,0.9142139691335539,0.3119313935553818,0.7952171204094248,0.5398925749471717,0.7857958695610112,0.8073721386195702,0.223646016146065,0.2227740483643953,0.6225379417627647,0.7705720527193105,-0.3233074147437369,0.2848001251651154,915.0549450549451,799.4139194139194,788.9377289377289,902.5641025641025,1166.483516483516,1611.721611721612,-0.241150,-0.044739,0.864868,-64.853821,6.370239,126.178589,1,2,1,1,2,97.000000
2025-03-24 14:48:56.507,,,,,,,,,,,,,,,,,,,,,,,,,,,,,,,,,,,,,,,/muse/elements/blink
2025-03-24 14:48:56.957,1.322481210007436,0.8662710445360048,1.672334561378215,-0.06652144098542448,0.6045360864242429,0.6445717230775239,1.334011088719752,0.1887408014587407,0.9142139691335539,0.3119313935553818,0.7952171204094248,0.5398925749471717,0.7857958695610112,0.8073721386195702,0.223646016146065,0.2227740483643953,0.6225379417627647,0.7705720527193105,-0.3233074147437369,0.2848001251651154,815.5311355311355,809.0842490842491,796.1904761904763,826.007326007326,630.989010989011,345.3113553113553,-0.402832,-0.021484,0.908142,-22.527618,3.237457,41.780396,1,2,1,1,2,97.000000
2025-03-24 14:48:57.457,1.322481210007436,0.8662710445360048,1.672334561378215,-0.06652144098542448,0.6045360864242429,0.6445717230775239,1.334011088719752,0.1887408014587407,0.9142139691335539,0.3119313935553818,0.7952171204094248,0.5398925749471717,0.7857958695610112,0.8073721386195702,0.223646016146065,0.2227740483643953,0.6225379417627647,0.7705720527193105,-0.3233074147437369,0.2848001251651154,792.967032967033,798.6080586080586,794.981684981685,842.1245421245421,969.8534798534798,985.1648351648352,-0.502747,0.134155,0.843445,-5.001984,3.491669,9.981537,1,2,1,1,2,97.000000
2025-03-24 14:48:57.836,,,,,,,,,,,,,,,,,,,,,,,,,,,,,,,,,,,,,,,/muse/elements/blink
2025-03-24 14:48:57.967,1.322481210007436,0.8662710445360048,1.672334561378215,-0.06652144098542448,0.6045360864242429,0.6445717230775239,1.334011088719752,0.1887408014587407,0.9142139691335539,0.3119313935553818,0.7952171204094248,0.5398925749471717,0.7857958695610112,0.8073721386195702,0.223646016146065,0.2227740483643953,0.6225379417627647,0.7705720527193105,-0.3233074147437369,0.2848001251651154,800.6227106227107,783.2967032967033,797.3992673992674,872.7472527472528,960.989010989011,963.8095238095239,-0.646667,0.074097,0.733826,5.659943,-5.884247,-6.041260,1,2,1,1,2,97.000000
2025-03-24 14:48:58.458,1.322481210007436,0.8662710445360048,1.672334561378215,-0.06652144098542448,0.6045360864242429,0.6445717230775239,1.334011088719752,0.1887408014587407,0.9142139691335539,0.3119313935553818,0.7952171204094248,0.5398925749471717,0.7857958695610112,0.8073721386195702,0.223646016146065,0.2227740483643953,0.6225379417627647,0.7705720527193105,-0.3233074147437369,0.2848001251651154,806.6666666666667,792.967032967033,798.2051282051282,766.3736263736264,798.6080586080586,652.3443223443223,-0.534485,0.061401,0.862122,0.201874,-8.688049,0.007477,1,2,1,1,2,97.000000
2025-03-24 14:48:58.969,1.322481210007436,0.1811682781414502,1.672334561378215,-0.06652144098542448,0.6045360864242429,-0.07897930997639568,1.334011088719752,0.1887408014587407,0.9142139691335539,0.5598692163095104,0.7952171204094248,0.5398925749471717,0.7857958695610112,0.8454444287401423,0.223646016146065,0.2227740483643953,0.6225379417627647,0.8597763145129902,-0.3233074147437369,0.2848001251651154,720.0366300366301,847.7655677655678,757.5091575091575,693.040293040293,865.4945054945056,771.6117216117216,-0.471069,0.221130,0.832092,42.625275,-23.940735,-78.633575,1,2,1,1,2,97.000000
2025-03-24 14:48:59.146,,,,,,,,,,,,,,,,,,,,,,,,,,,,,,,,,,,,,,,/muse/elements/blink
2025-03-24 14:48:59.458,1.322481210007436,0.2733243536213589,1.672334561378215,-0.06652144098542448,0.6045360864242429,-0.05772650474800838,1.334011088719752,0.1887408014587407,0.9142139691335539,0.5610703351362544,0.7952171204094248,0.5398925749471717,0.7857958695610112,0.8256090477057797,0.223646016146065,0.2227740483643953,0.6225379417627647,0.8252533345017556,-0.3233074147437369,0.2848001251651154,796.996336996337,757.1062271062272,803.8461538461539,735.7509157509157,948.901098901099,731.7216117216118,-0.245789,0.262390,0.967712,43.163605,-14.086304,-118.836365,1,2,1,1,2,97.000000
2025-03-24 14:48:59.958,1.322481210007436,0.3274212831919717,1.672334561378215,-0.06652144098542448,0.6045360864242429,-0.140058105042395,1.334011088719752,0.1887408014587407,0.9142139691335539,0.2964450618019938,0.7952171204094248,0.5398925749471717,0.7857958695610112,0.7402815580119735,0.223646016146065,0.2227740483643953,0.6225379417627647,0.7341833125340668,-0.3233074147437369,0.2848001251651154,779.6703296703297,809.8901098901099,803.4432234432235,821.1721611721612,1608.498168498169,1622.197802197802,-0.342407,0.008850,0.940613,-0.927124,-0.800018,-0.979462,1,2,1,1,2,97.000000
2025-03-24 14:49:00.461,1.322481210007436,0.4290086410409586,1.672334561378215,-0.06652144098542448,0.6045360864242429,-0.1016168426352858,1.334011088719752,0.1887408014587407,0.9142139691335539,-0.08508946266489766,0.7952171204094248,0.5398925749471717,0.7857958695610112,0.6436684326381955,0.223646016146065,0.2227740483643953,0.6225379417627647,0.5048774997672644,-0.3233074147437369,0.2848001251651154,811.9047619047619,824.3956043956044,805.4578754578755,814.7252747252747,589.8901098901099,296.1538461538462,-0.445557,0.031982,0.883362,-1.353302,5.136566,30.034332,1,2,1,1,2,97.000000
2025-03-24 14:49:00.957,1.322481210007436,0.4290086410409586,1.672334561378215,-0.06652144098542448,0.6045360864242429,-0.1016168426352858,1.334011088719752,0.1887408014587407,0.9142139691335539,-0.08508946266489766,0.7952171204094248,0.5398925749471717,0.7857958695610112,0.6436684326381955,0.223646016146065,0.2227740483643953,0.6225379417627647,0.5048774997672644,-0.3233074147437369,0.2848001251651154,821.5750915750916,833.6630036630037,788.5347985347986,765.1648351648352,1566.190476190476,1622.197802197802,-0.467163,0.154175,0.877319,-36.277466,-5.069275,68.068848,1,2,1,1,2,97.000000
2025-03-24 14:49:01.171,,,,,,,,,,,,,,,,,,,,,,,,,,,,,,,,,,,,,,,/muse/elements/blink
2025-03-24 14:49:01.465,1.322481210007436,0.4290086410409586,1.672334561378215,-0.06652144098542448,0.6045360864242429,-0.1016168426352858,1.334011088719752,0.1887408014587407,0.9142139691335539,-0.08508946266489766,0.7952171204094248,0.5398925749471717,0.7857958695610112,0.6436684326381955,0.223646016146065,0.2227740483643953,0.6225379417627647,0.5048774997672644,-0.3233074147437369,0.2848001251651154,857.032967032967,820.7692307692308,780.0732600732601,882.4175824175825,635.4212454212454,493.1868131868132,-0.350891,0.113831,0.892029,-49.047852,26.295929,88.966522,1,2,1,1,2,97.000000
2025-03-24 14:49:01.959,1.322481210007436,0.4290086410409586,1.672334561378215,-0.06652144098542448,0.6045360864242429,-0.1016168426352858,1.334011088719752,0.1887408014587407,0.9142139691335539,-0.08508946266489766,0.7952171204094248,0.5398925749471717,0.7857958695610112,0.6436684326381955,0.223646016146065,0.2227740483643953,0.6225379417627647,0.5048774997672644,-0.3233074147437369,0.2848001251651154,809.0842490842491,794.1758241758242,797.3992673992674,812.7106227106227,841.7216117216118,747.8388278388279,-0.484070,0.061523,0.891663,1.884155,0.859833,-2.826233,1,2,1,1,2,97.000000
2025-03-24 14:49:02.458,1.322481210007436,0.4290086410409586,1.672334561378215,-0.06652144098542448,0.6045360864242429,-0.1016168426352858,1.334011088719752,0.1887408014587407,0.9142139691335539,-0.08508946266489766,0.7952171204094248,0.5398925749471717,0.7857958695610112,0.6436684326381955,0.223646016146065,0.2227740483643953,0.6225379417627647,0.5048774997672644,-0.3233074147437369,0.2848001251651154,814.7252747252747,804.6520146520147,796.5934065934066,785.7142857142858,811.0989010989011,649.5238095238095,-0.463013,0.039917,0.880249,4.403839,-4.157104,-10.175934,1,2,1,1,2,97.000000
2025-03-24 14:49:02.968,1.322481210007436,0.3150504987849679,0.3738948589594225,-0.06652144098542448,0.6045360864242429,0.0613730574080045,0.294936951753717,0.1887408014587407,0.9142139691335539,0.3171373413996418,0.1727250094006212,0.5398925749471717,0.7857958695610112,0.4961410743596648,0.3223531298585962,0.2227740483643953,0.6225379417627647,0.1866634367528318,0.1830159834053364,0.2848001251651154,753.0769230769231,857.8388278388279,761.5384615384615,734.5421245421246,928.3516483516484,712.7838827838829,-0.359558,0.200928,0.887939,30.034332,-33.241882,-82.671051,1,2,1,1,2,97.000000
2025-03-24 14:49:03.457,1.322481210007436,0.4570371305847888,0.4019354126372792,-0.06652144098542448,0.6045360864242429,0.05577092337083801,0.2676570673001578,0.1887408014587407,0.9142139691335539,0.4291083727891681,0.1727250094006212,0.5398925749471717,0.7857958695610112,0.4828307244410922,0.3025822650415764,0.2227740483643953,0.6225379417627647,0.1805496702477982,0.1753442126795348,0.2848001251651154,794.981684981685,762.3443223443223,833.6630036630037,803.8461538461539,893.2967032967033,731.3186813186813,-0.311157,0.141602,0.942627,45.750580,-1.786957,-103.067780,1,2,1,1,2,97.000000
2025-03-24 14:49:03.958,1.322481210007436,0.4570371305847888,0.4019354126372792,-0.06652144098542448,0.6045360864242429,0.05577092337083801,0.2676570673001578,0.1887408014587407,0.9142139691335539,0.4291083727891681,0.1727250094006212,0.5398925749471717,0.7857958695610112,0.4828307244410922,0.3025822650415764,0.2227740483643953,0.6225379417627647,0.1805496702477982,0.1753442126795348,0.2848001251651154,877.985347985348,826.007326007326,781.2820512820513,748.6446886446887,800.2197802197802,899.3406593406594,-0.404663,-0.031433,0.890381,6.549683,2.100983,-23.222961,1,2,1,1,2,97.000000
2025-03-24 14:49:04.462,1.322481210007436,0.3551831175963072,0.06000773397385793,-0.06652144098542448,0.6045360864242429,-0.177721377377391,0.02566024977756096,0.1887408014587407,0.9142139691335539,0.3660690434059452,-0.1624922329822094,0.5398925749471717,0.7857958695610112,0.493397134363501,0.27198904372084,0.2227740483643953,0.6225379417627647,0.1247061436645528,0.1881558990369081,0.2848001251651154,844.9450549450549,828.021978021978,799.4139194139194,800.2197802197802,736.1538461538462,581.025641025641,-0.473694,0.055603,0.862122,-14.086304,10.759125,36.980286,1,2,1,1,2,97.000000
2025-03-24 14:49:04.964,1.322481210007436,0.3551831175963072,0.06000773397385793,-0.06652144098542448,0.6045360864242429,-0.177721377377391,0.02566024977756096,0.1887408014587407,0.9142139691335539,0.3660690434059452,-0.1624922329822094,0.5398925749471717,0.7857958695610112,0.493397134363501,0.27198904372084,0.2227740483643953,0.6225379417627647,0.1247061436645528,0.1881558990369081,0.2848001251651154,805.4578754578755,806.6666666666667,796.1904761904763,786.9230769230769,868.3150183150184,703.919413919414,-0.510803,0.074646,0.848938,-11.013336,-1.166382,17.959290,1,2,1,1,2,97.000000
2025-03-24 14:49:05.457,1.322481210007436,0.3551831175963072,0.06000773397385793,-0.06652144098542448,0.6045360864242429,-0.177721377377391,0.02566024977756096,0.1887408014587407,0.9142139691335539,0.3660690434059452,-0.1624922329822094,0.5398925749471717,0.7857958695610112,0.493397134363501,0.27198904372084,0.2227740483643953,0.6225379417627647,0.1247061436645528,0.1881558990369081,0.2848001251651154,809.0842490842491,807.8754578754579,800.6227106227107,795.7875457875458,779.6703296703297,597.5457875457876,-0.476990,0.038635,0.863647,-7.387085,1.869202,6.385193,1,2,1,1,2,97.000000
2025-03-24 14:49:05.959,1.194356560224024,-0.2852774006435036,-0.2345249561889458,-0.06652144098542448,1.097822509758609,-0.148521152344299,-0.3029267868128603,0.1887408014587407,1.277585896630349,0.2119355347980021,0.08934015061270538,0.5398925749471717,0.7866089609817567,0.7810045255532836,0.1528169723842537,0.2227740483643953,0.5665264505468383,0.165747627323106,-0.1451023438025059,0.2848001251651154,795.7875457875458,754.6886446886447,824.3956043956044,831.2454212454213,850.989010989011,752.6739926739926,-0.347290,0.036072,0.936523,-63.298645,-8.575897,144.436951,1,1,1,1,1,97.000000
2025-03-24 14:49:06.042,,,,,,,,,,,,,,,,,,,,,,,,,,,,,,,,,,,,,,,/muse/elements/blink
2025-03-24 14:49:06.458,1.194356560224024,-0.2852774006435036,-0.2345249561889458,-0.06652144098542448,1.097822509758609,-0.148521152344299,-0.3029267868128603,0.1887408014587407,1.277585896630349,0.2119355347980021,0.08934015061270538,0.5398925749471717,0.7866089609817567,0.7810045255532836,0.1528169723842537,0.2227740483643953,0.5665264505468383,0.165747627323106,-0.1451023438025059,0.2848001251651154,819.1575091575091,797.3992673992674,805.8608058608058,852.1978021978023,865.8974358974359,884.8351648351648,-0.421265,0.096497,0.883545,-22.796783,5.301056,40.546722,1,1,1,1,1,97.000000
2025-03-24 14:49:06.957,1.194356560224024,-0.2783361782499976,-0.2345249561889458,-0.06652144098542448,1.097822509758609,-0.1862454825509131,-0.3029267868128603,0.1887408014587407,1.277585896630349,0.1543735689169367,0.08934015061270538,0.5398925749471717,0.7866089609817567,0.7979234591553546,0.1528169723842537,0.2227740483643953,0.5665264505468383,0.16226842751328,-0.1451023438025059,0.2848001251651154,803.040293040293,803.8461538461539,804.6520146520147,830.0366300366301,783.2967032967033,635.8241758241759,-0.452515,0.028259,0.880310,-0.209351,7.626343,1.540222,1,1,1,1,1,97.000000
2025-03-24 14:49:07.458,1.194356560224024,-0.2343419307578466,-0.200051926927637,-0.06652144098542448,1.097822509758609,-0.2304477361855242,-0.323052189509539,0.1887408014587407,1.277585896630349,0.05482525262966638,0.0867698440189502,0.5398925749471717,0.7866089609817567,0.8192924517280376,0.1179634729494096,0.2227740483643953,0.5665264505468383,0.1722903683662197,-0.1831093743575276,0.2848001251651154,805.0549450549451,790.5494505494506,801.4285714285714,896.1172161172161,828.021978021978,652.3443223443223,-0.592041,0.040039,0.772278,-2.886047,9.689941,14.804077,1,1,1,1,1,97.000000
2025-03-24 14:49:07.493,,,,,,,,,,,,,,,,,,,,,,,,,,,,,,,,,,,,,,,/muse/elements/blink
2025-03-24 14:49:07.965,1.194356560224024,0.554846301627808,0.9684916356329276,-0.06652144098542448,1.097822509758609,0.5444731338624088,0.7866673848653867,0.1887408014587407,1.277585896630349,0.8863916924422162,0.7826990104806089,0.5398925749471717,0.7866089609817567,0.6437624148946367,0.5556698139268663,0.2227740483643953,0.5665264505468383,0.4061173249879534,0.3533575452285113,0.2848001251651154,844.5421245421246,814.3223443223443,819.96336996337,895.3113553113553,909.8168498168499,769.5970695970697,-0.599548,0.080139,0.785217,4.127197,-2.407532,-3.708496,1,2,1,1,2,97.000000
2025-03-24 14:49:08.458,1.194356560224024,0.4367128321306978,0.9185501991923121,-0.06652144098542448,1.097822509758609,0.4223448350545343,0.673242814134954,0.1887408014587407,1.277585896630349,0.8863916924422162,0.7826990104806089,0.5398925749471717,0.7866089609817567,0.6574102039988229,0.5163654455274331,0.2227740483643953,0.5665264505468383,0.3842862773131285,0.3017528695567747,0.2848001251651154,790.1465201465202,806.6666666666667,802.6373626373627,795.7875457875458,805.8608058608058,660,-0.558777,0.052185,0.814880,1.069183,-4.059906,-2.250519,1,2,1,1,2,97.000000
2025-03-24 14:49:08.957,1.194356560224024,-0.0241534412879978,0.8363989018979254,-0.06652144098542448,1.097822509758609,-0.2726338870932473,0.5175017164725231,0.1887408014587407,1.277585896630349,0.3318944824040077,0.6922008373005046,0.5398925749471717,0.7866089609817567,0.6380256300910236,0.4442169000455526,0.2227740483643953,0.5665264505468383,0.368475523433221,0.2429496162587266,0.2848001251651154,802.6373626373627,808.6813186813187,805.8608058608058,797.8021978021978,857.032967032967,920.6959706959707,-0.547791,0.042542,0.822449,0.433655,-2.302856,0.650482,1,2,1,1,2,97.000000
2025-03-24 14:49:09.458,0.8341248199070794,0.01221117113578491,0.5844672242490517,-0.06652144098542448,0.698086241677824,-0.3404858583589203,0.09133784133842764,0.1887408014587407,0.6911602145331204,0.3192281333771425,0.3888517276341466,0.5398925749471717,0.6788720411017005,0.5080655329649575,0.3311148937025479,0.2227740483643953,0.1918948538111588,0.2725895448775698,0.05021910052165449,0.2848001251651154,698.2783882783883,848.5714285714286,781.6849816849817,678.1318681318681,793.3699633699634,565.3113553113553,-0.548462,0.101868,0.805725,12.875061,-8.149719,-20.665894,1,2,1,1,2,97.000000
2025-03-24 14:49:09.617,,,,,,,,,,,,,,,,,,,,,,,,,,,,,,,,,,,,,,,/muse/elements/blink
2025-03-24 14:49:09.958,0.8341248199070794,0.1175160511022586,0.423272257554632,-0.06652144098542448,0.698086241677824,-0.4320424841977459,-0.1678363824403051,0.1887408014587407,0.6911602145331204,0.07027857525636726,0.08170613497439767,0.5398925749471717,0.6788720411017005,0.3663425841626327,0.2931515422066931,0.2227740483643953,0.1918948538111588,0.2332364416614218,-0.07767260030675308,0.2848001251651154,857.8388278388279,782.0879120879121,837.2893772893773,788.9377289377289,757.5091575091575,689.0109890109891,-0.224915,-0.019531,1.002747,65.459442,-4.000092,-144.212646,1,1,1,1,1,97.000000
2025-03-24 14:49:10.458,0.8341248199070794,0.01835409482046015,0.07286872456662334,-0.06652144098542448,0.698086241677824,-0.3250282064488799,-0.3864145232450089,0.1887408014587407,0.6911602145331204,-0.001741441281012494,-0.1476375485878579,0.5398925749471717,0.6788720411017005,0.1306438813621469,0.3198254562895819,0.2227740483643953,0.1918948538111588,0.1585458091041457,-0.07683641940215408,0.2848001251651154,775.6410256410256,798.2051282051282,815.1282051282052,782.0879120879121,871.1355311355312,695.4578754578755,-0.371338,0.017700,0.930847,13.742371,2.033691,-36.008301,1,1,1,1,1,97.000000
2025-03-24 14:49:10.958,0.8341248199070794,0.0698368857203694,0.2671936695958937,-0.06652144098542448,0.698086241677824,-0.2325175520803468,-0.3232396627308783,0.1887408014587407,0.6911602145331204,-0.03107897302078761,-0.2559813813061928,0.5398925749471717,0.6788720411017005,0.0489673246273514,0.3300163562999046,0.2227740483643953,0.1918948538111588,0.1934757289015908,-0.1973482290291069,0.2848001251651154,785.7142857142858,820.3663003663004,820.3663003663004,773.6263736263736,894.908424908425,774.0293040293041,-0.443359,0.058472,0.873901,5.570221,0.620575,-12.777863,1,1,1,1,1,97.000000
2025-03-24 14:49:11.457,1.142340518333353,0.0698368857203694,0.2671936695958937,-0.06652144098542448,1.072425604343615,-0.2325175520803468,-0.3232396627308783,0.1887408014587407,0.729669383209258,-0.03107897302078761,-0.2559813813061928,0.5398925749471717,1.022950189384208,0.0489673246273514,0.3300163562999046,0.2227740483643953,0.8527777830968037,0.1934757289015908,-0.1973482290291069,0.2848001251651154,786.9230769230769,815.934065934066,803.040293040293,789.7435897435897,806.2637362637363,645.8974358974359,-0.437256,0.057190,0.886292,-0.426178,-2.788849,5.644989,1,1,1,1,1,97.000000
2025-03-24 14:49:11.958,1.156121504658338,0.0698368857203694,0.2671936695958937,0.9827640596026233,0.9786997187556603,-0.2325175520803468,-0.3232396627308783,0.5000897246781135,0.8080734551907044,-0.03107897302078761,-0.2559813813061928,0.8840222872385489,0.9844328203486593,0.0489673246273514,0.3300163562999046,0.7537275971826725,0.8069809742268443,0.1934757289015908,-0.1973482290291069,0.7279801626306889,801.4285714285714,785.3113553113553,802.6373626373627,806.2637362637363,777.6556776556777,623.7362637362637,-0.405212,-0.023743,0.893982,-25.892181,-8.022614,70.812836,1,1,1,1,1,97.000000
2025-03-24 14:49:12.460,1.056511416653571,1.177657863479012,0.2671936695958937,0.9400871274682154,0.9441964674235906,0.7254409984917874,-0.3232396627308783,0.6420109748006976,0.9438718331606386,0.1151869556736035,-0.2559813813061928,0.8351249552015528,0.9272492481338159,0.5822763929419208,0.3300163562999046,0.6792217456222441,0.746152654294078,0.4904178844654173,-0.1973482290291069,0.3918638944165647,827.2161172161173,802.6373626373627,799.0109890109891,830.0366300366301,780.4761904761905,670.4761904761905,-0.362549,0.168457,0.908936,-4.216919,3.566437,16.344299,1,1,1,1,1,97.000000
2025-03-24 14:49:12.958,0.9651814313237135,1.177657863479012,1.33146363778085,0.9437795254442116,0.8608464227293342,0.7254409984917874,0.8767787447135732,0.6853939588583119,0.9494092732828583,0.1151869556736035,0.3996335659547101,0.8197157886763627,0.7943618814398897,0.5822763929419208,0.09437778924599188,0.7306407491304756,0.597432959853489,0.4904178844654173,-0.1848760711501631,0.5108756836819097,790.5494505494506,807.8754578754579,792.5641025641025,785.7142857142858,788.9377289377289,620.1098901098901,-0.360291,0.093872,0.935486,-17.368622,3.588867,28.127747,1,1,1,1,1,97.000000
2025-03-24 14:49:13.279,,,,,,,,,,,,,,,,,,,,,,,,,,,,,,,,,,,,,,,/muse/elements/blink
2025-03-24 14:49:13.458,0.8401222157466135,1.177657863479012,1.423238135659414,1.008481923467671,0.8456577292177869,0.7254409984917874,0.967003320868475,0.7350337575006078,0.9481718774547073,0.1151869556736035,0.392570470948463,0.7956794067900559,0.7195036509639361,0.5822763929419208,0.1126781140727517,0.7571987251082027,0.4830205046950497,0.4904178844654173,-0.2680121145137834,0.5618955985071921,775.6410256410256,777.6556776556777,794.1758241758242,1288.571428571429,830.0366300366301,756.3003663003664,-0.431824,0.124084,0.892395,-24.591217,-4.179535,43.971100,1,1,1,1,1,97.000000
2025-03-24 14:49:13.962,0.9180761402591063,1.177657863479012,1.423238135659414,1.033923658349386,0.802223421359217,0.7254409984917874,0.967003320868475,0.7479539824420077,0.7175309466162753,0.1151869556736035,0.392570470948463,0.7727510056937401,0.6659474765279705,0.5822763929419208,0.1126781140727517,0.832624924651327,0.3980029578388141,0.4904178844654173,-0.2680121145137834,0.6993749466370407,806.2637362637363,805.8608058608058,810.2930402930403,872.7472527472528,888.0586080586081,777.6556776556777,-0.448486,0.069153,0.907593,-4.291687,9.435730,6.445007,1,1,1,1,1,97.000000
2025-03-24 14:49:14.290,,,,,,,,,,,,,,,,,,,,,,,,,,,,,,,,,,,,,,,/muse/elements/blink
2025-03-24 14:49:14.465,0.8954351580089281,1.177657863479012,1.423238135659414,1.033923658349386,0.7403715852183315,0.7254409984917874,0.967003320868475,0.7479539824420077,0.6331240885830394,0.1151869556736035,0.392570470948463,0.7727510056937401,0.6266279358890425,0.5822763929419208,0.1126781140727517,0.832624924651327,0.36639579154201,0.4904178844654173,-0.2680121145137834,0.6993749466370407,794.1758241758242,804.6520146520147,794.5787545787546,754.6886446886447,850.1831501831502,880.4029304029305,-0.585571,0.055237,0.782837,-11.835785,-0.680389,15.110626,1,1,1,1,1,97.000000
2025-03-24 14:49:14.960,0.8954351580089281,0.8903805162492681,0.1740186818678427,1.033923658349386,0.7403715852183315,0.7822091643394542,-0.04183102163812825,0.7479539824420077,0.6331240885830394,0.6877825287881683,0.4235248196332834,0.7727510056937401,0.6266279358890425,0.7997484216271438,0.7667597184812623,0.832624924651327,0.36639579154201,0.826109384812144,0.8077112055748381,0.6993749466370407,800.2197802197802,813.1135531135532,800.2197802197802,852.1978021978023,766.3736263736264,622.1245421245421,-0.548340,0.046082,0.817322,-0.755157,-5.465546,-1.674805,1,1,1,1,1,97.000000
2025-03-24 14:49:15.259,,,,,,,,,,,,,,,,,,,,,,,,,,,,,,,,,,,,,,,/muse/elements/blink
2025-03-24 14:49:15.458,0.8954351580089281,0.8403125157587421,0.5629858496667364,1.033923658349386,0.7403715852183315,0.6123197846734558,0.0251946118246266,0.7479539824420077,0.6331240885830394,0.6877825287881683,0.4235248196332834,0.7727510056937401,0.6266279358890425,0.7531498660793655,0.6429234275917628,0.832624924651327,0.36639579154201,0.7374949828823744,0.6097796816073127,0.6993749466370407,830.4395604395604,801.8315018315019,805.8608058608058,886.0439560439561,720.4395604395604,581.4285714285714,-0.493835,0.041199,0.860046,-0.822449,-1.099091,3.058014,1,1,1,1,1,97.000000
2025-03-24 14:49:15.958,0.8954351580089281,0.9057516049555804,0.9132789394495142,1.033923658349386,0.7403715852183315,0.5092847224016289,0.3185187765155509,0.7479539824420077,0.6331240885830394,0.6660688165552076,0.4558060191312737,0.7727510056937401,0.6266279358890425,0.7073186845167555,0.5787362329536442,0.832624924651327,0.36639579154201,0.6477562948492084,0.4476007861249692,0.6993749466370407,797.3992673992674,789.7435897435897,784.9084249084249,803.8461538461539,981.1355311355312,956.1538461538462,-0.536621,0.028076,0.850098,-2.220612,5.069275,10.003967,1,2,1,1,2,97.000000
2025-03-24 14:49:16.009,,,,,,,,,,,,,,,,,,,,,,,,,,,,,,,,,,,,,,,/muse/elements/blink
2025-03-24 14:49:16.457,0.8954351580089281,0.9606278451836583,0.9794318098092971,1.033923658349386,0.7403715852183315,0.4538734026381017,0.4246186227118046,0.7479539824420077,0.6331240885830394,0.7612670596124934,0.6494881919558633,0.7727510056937401,0.6266279358890425,0.7821206640393086,0.7144648135480919,0.832624924651327,0.36639579154201,0.5430749100044897,0.2736870062789093,0.6993749466370407,854.6153846153846,802.2344322344322,818.7545787545788,836.4835164835165,867.5091575091575,726.0805860805862,-0.599060,-0.007812,0.784912,7.536621,-0.471039,-14.878845,1,2,1,1,2,97.000000
2025-03-24 14:49:16.958,0.8954351580089281,0.9135471931847224,0.957775586795754,1.033923658349386,0.7403715852183315,0.4593423767290326,0.4098151028562639,0.7479539824420077,0.6331240885830394,0.7692869550363092,0.6493481801829352,0.7727510056937401,0.6266279358890425,0.8000556284311187,0.7735629969555289,0.832624924651327,0.36639579154201,0.5267072688831937,0.2991562796739489,0.6993749466370407,803.4432234432235,786.9230769230769,799.8168498168499,779.6703296703297,917.0695970695971,841.3186813186813,-0.546570,-0.003723,0.828247,7.962799,-13.645172,-3.394470,1,2,1,1,2,97.000000
2025-03-24 14:49:17.457,0.8954351580089281,0.6732491584661836,0.6370926618211074,1.033923658349386,0.7403715852183315,0.4107670288914302,0.1427152987403652,0.7479539824420077,0.6331240885830394,0.7894389616785144,0.6364646248727918,0.7727510056937401,0.6266279358890425,0.7918704225984468,0.7703365866870651,0.832624924651327,0.36639579154201,0.4631448933009107,0.2701329597964223,0.6993749466370407,814.7252747252747,799.0109890109891,799.4139194139194,760.3296703296703,825.6043956043957,769.5970695970697,-0.489624,0.080444,0.841736,10.392761,-1.009369,-4.643097,1,2,1,1,2,97.000000
2025-03-24 14:49:17.950,,,,,,,,,,,,,,,,,,,,,,,,,,,,,,,,,,,,,,,/muse/elements/blink
2025-03-24 14:49:17.965,0.8954351580089281,0.469094221000547,0.4760249206749089,1.033923658349386,0.7403715852183315,0.1455387847626859,-0.1298183061958841,0.7479539824420077,0.6331240885830394,0.5896437427705253,0.3343884670477839,0.7727510056937401,0.6266279358890425,0.6062143112834976,0.4983465198864927,0.832624924651327,0.36639579154201,0.3707439560416672,0.1046735301277287,0.6993749466370407,827.2161172161173,763.5531135531136,813.5164835164835,726.4835164835165,918.2783882783883,771.6117216117216,-0.261963,0.121826,0.971069,67.852020,-16.045227,-140.160217,1,2,1,1,2,97.000000
2025-03-24 14:49:18.458,0.8954351580089281,0.4445384747213217,0.3342295563046241,1.033923658349386,0.7403715852183315,0.1492955213918729,-0.2308095892524769,0.7479539824420077,0.6331240885830394,0.4908717926884579,-0.1310128012605347,0.7727510056937401,0.6266279358890425,0.5317227039141892,0.3343210060668544,0.832624924651327,0.36639579154201,0.3172073644503771,0.03122964387862148,0.6993749466370407,775.6410256410256,801.4285714285714,792.967032967033,738.1684981684982,855.8241758241759,558.4615384615385,-0.312378,0.094849,0.929260,68.696899,-5.054321,-123.157959,1,2,1,1,2,97.000000
2025-03-24 14:49:18.960,0.8954351580089281,0.4501406754442658,-0.1241076461309166,1.033923658349386,0.7403715852183315,0.105785209873042,-0.2271733805304126,0.7479539824420077,0.6331240885830394,0.2299682006290649,-0.1917706616045242,0.7727510056937401,0.6266279358890425,0.369934948236963,-0.06449750384882184,0.832624924651327,0.36639579154201,-0.0490858263424049,0.02898762939095326,0.6993749466370407,786.1172161172161,782.4908424908425,821.1721611721612,790.1465201465202,813.1135531135532,728.0952380952381,-0.354980,0.098572,0.914978,-0.246735,-1.943970,-10.497437,1,2,1,1,2,97.000000
2025-03-24 14:49:19.461,0.8954351580089281,0.4501406754442658,-0.1241076461309166,1.033923658349386,0.7403715852183315,0.105785209873042,-0.2271733805304126,0.7479539824420077,0.6331240885830394,0.2299682006290649,-0.1917706616045242,0.7727510056937401,0.6266279358890425,0.369934948236963,-0.06449750384882184,0.832624924651327,0.36639579154201,-0.0490858263424049,0.02898762939095326,0.6993749466370407,783.2967032967033,789.7435897435897,803.040293040293,755.8974358974359,878.7912087912089,761.941391941392,-0.301270,0.114380,0.938904,-8.897400,-0.904694,11.088104,1,2,1,1,2,97.000000
2025-03-24 14:49:19.958,0.8954351580089281,0.4501406754442658,-0.1241076461309166,1.033923658349386,0.7403715852183315,0.105785209873042,-0.2271733805304126,0.7479539824420077,0.6331240885830394,0.2299682006290649,-0.1917706616045242,0.7727510056937401,0.6266279358890425,0.369934948236963,-0.06449750384882184,0.832624924651327,0.36639579154201,-0.0490858263424049,0.02898762939095326,0.6993749466370407,799.4139194139194,794.1758241758242,798.2051282051282,777.2527472527473,844.9450549450549,914.2490842490843,-0.304443,0.075623,0.951294,-3.603821,2.310333,1.570129,1,2,1,1,2,97.000000
2025-03-24 14:49:20.457,0.8954351580089281,0.08440033024066075,-0.1402956009543381,0.7034572004295092,0.7403715852183315,-0.2506573124272717,-0.1903678283347137,0.05113453474015441,0.6331240885830394,0.1278168090997773,0.02450235415556986,0.3589631757866447,0.6266279358890425,0.4693306463455728,-0.06888608693318225,0.2091246074315775,0.36639579154201,0.2129175853391081,-0.2337234743145485,0.0005072273075406586,816.3369963369963,778.4615384615385,840.9157509157509,820.7692307692308,794.1758241758242,653.956043956044,-0.327881,0.068298,0.929932,-40.307465,3.170166,99.650879,1,1,1,1,1,97.000000
2025-03-24 14:49:20.478,,,,,,,,,,,,,,,,,,,,,,,,,,,,,,,,,,,,,,,/muse/elements/blink
2025-03-24 14:49:20.959,0.8954351580089281,0.2170704048194385,-0.1402956009543381,0.7034572004295092,0.7403715852183315,-0.1634562633993701,-0.1903678283347137,0.05113453474015441,0.6331240885830394,0.1594564950589874,0.02450235415556986,0.3589631757866447,0.6266279358890425,0.4616911157928385,-0.06888608693318225,0.2091246074315775,0.36639579154201,0.2138199560242472,-0.2337234743145485,0.0005072273075406586,795.3846153846154,772.4175824175825,838.0952380952381,808.6813186813187,808.6813186813187,654.3589743589744,-0.388550,0.066467,0.896057,-42.356110,19.020996,85.968323,1,1,1,1,1,97.000000
2025-03-24 14:49:21.457,0.8954351580089281,0.2198538936237355,-0.1479826089731086,0.7499413086658484,0.7403715852183315,-0.1747967575934093,-0.3261466725365002,-0.04035740387380059,0.6331240885830394,-0.06933387023328932,-0.1021531511532043,0.3424270247791729,0.6266279358890425,0.4568400199139623,-0.1864440919662746,0.166096644676219,0.36639579154201,0.1191162090316411,-0.3428096884032188,-0.04550271107657625,784.1025641025641,799.4139194139194,779.6703296703297,840.5128205128206,736.959706959707,531.4652014652015,-0.414368,0.036743,0.917664,-7.955322,-0.590668,25.645447,1,1,1,1,1,97.000000
2025-03-24 14:49:21.958,0.8954351580089281,1.433599904259933,-0.1456468284546394,0.7499413086658484,0.7403715852183315,1.004299509824277,-0.3460162367974207,-0.04035740387380059,0.6331240885830394,0.6311207717222516,-0.1236308966858668,0.3424270247791729,0.6266279358890425,0.4398488889438766,-0.1945545827160425,0.166096644676219,0.36639579154201,0.5978726605910596,-0.3797657941635935,-0.04550271107657625,792.5641025641025,796.1904761904763,807.0695970695971,792.5641025641025,799.0109890109891,622.5274725274726,-0.412292,-0.002014,0.903625,13.450775,-4.209442,-21.323853,1,1,1,1,1,97.000000
2025-03-24 14:49:22.465,1.148662704642044,1.433599904259933,-0.1456468284546394,0.7499413086658484,0.5976016795984644,1.004299509824277,-0.3460162367974207,-0.04035740387380059,0.8537412477384934,0.6311207717222516,-0.1236308966858668,0.3424270247791729,0.7369318755513232,0.4398488889438766,-0.1945545827160425,0.166096644676219,0.2157402919658861,0.5978726605910596,-0.3797657941635935,-0.04550271107657625,713.5897435897436,758.7179487179487,805.8608058608058,716.007326007326,859.4505494505495,955.7509157509157,-0.440674,0.023315,0.931152,-1.158905,14.789124,3.327179,1,1,1,1,1,97.000000
2025-03-24 14:49:22.738,,,,,,,,,,,,,,,,,,,,,,,,,,,,,,,,,,,,,,,/muse/elements/blink
2025-03-24 14:49:22.966,1.148662704642044,1.423708265765411,0.5223938243084925,0.7499413086658484,0.5976016795984644,1.000173105398872,-0.2070242402170432,-0.04035740387380059,0.8537412477384934,0.6309346871633437,0.4164834132726004,0.3424270247791729,0.7369318755513232,0.6707768794182596,0.3313780390564354,0.166096644676219,0.2157402919658861,0.6305751559510904,0.2100928985130074,-0.04550271107657625,798.2051282051282,809.4871794871796,792.967032967033,817.1428571428571,812.3076923076924,652.3443223443223,-0.641418,0.040161,0.757690,-5.338440,-3.050537,3.058014,1,1,1,1,1,97.000000
2025-03-24 14:49:23.461,0.8642124531903939,1.423708265765411,0.5166568546236183,0.7499413086658484,0.5195498936931484,1.000173105398872,-0.2076081842914166,-0.04035740387380059,0.7852134544094461,0.6309346871633437,0.4588678893442981,0.3424270247791729,0.8214819654584279,0.6707768794182596,0.4035363877687154,0.166096644676219,0.1402005506073769,0.6305751559510904,0.3592952674178791,-0.04550271107657625,788.1318681318681,815.5311355311355,800.6227106227107,828.021978021978,790.952380952381,662.014652014652,-0.635498,0.038879,0.771362,3.357086,0.014954,-1.293488,1,1,1,1,1,97.000000
2025-03-24 14:49:23.962,0.8642124531903939,-0.04786100766274482,0.3179939193705917,0.7499413086658484,0.5195498936931484,-0.2764455384644825,-0.2836164337910936,-0.04035740387380059,0.7852134544094461,0.2339577255232211,0.2653881409663759,0.3424270247791729,0.8214819654584279,0.7198212597037615,0.4755064439193453,0.166096644676219,0.1402005506073769,0.4576324758105302,0.3730269283462352,-0.04550271107657625,804.6520146520147,799.4139194139194,794.1758241758242,855.4212454212454,896.1172161172161,697.0695970695971,-0.754883,0.040039,0.643066,-8.045044,3.013153,6.654358,1,1,1,1,1,97.000000
2025-03-24 14:49:24.458,0.8642124531903939,0.1581848376479942,0.2223705182198157,0.7499413086658484,0.5195498936931484,-0.3676989715968279,-0.1070023058217905,-0.04035740387380059,0.7852134544094461,0.01722032562437866,0.2746939905401261,0.3424270247791729,0.8214819654584279,0.5387700876298143,0.4976081732989606,0.166096644676219,0.1402005506073769,0.4485553584084707,0.3340154524630872,-0.04550271107657625,794.5787545787546,837.2893772893773,769.1941391941392,646.7032967032967,796.996336996337,654.3589743589744,-0.414856,0.127747,0.859375,69.766083,-58.857422,-123.143005,1,1,1,1,1,97.000000
2025-03-24 14:49:24.958,0.8642124531903939,0.1581848376479942,-0.09464495157652772,0.7499413086658484,0.5195498936931484,-0.3676989715968279,-0.05945199155744978,-0.04035740387380059,0.7852134544094461,0.01722032562437866,-0.003461844031533465,0.3424270247791729,0.8214819654584279,0.5387700876298143,0.5029267798266032,0.166096644676219,0.1402005506073769,0.4485553584084707,0.1955539481356989,-0.04550271107657625,843.7362637362637,785.3113553113553,822.7838827838829,794.981684981685,848.5714285714286,694.2490842490843,-0.322266,0.199829,0.918091,13.929291,-14.490051,-66.334229,1,1,1,1,1,97.000000
2025-03-24 14:49:25.458,0.8642124531903939,0.3147857284269966,-0.08265623104182065,0.7499413086658484,0.5195498936931484,-0.2732373541189257,0.04585493974642008,-0.04035740387380059,0.7852134544094461,-0.1425846829821656,-0.05149885075149001,0.3424270247791729,0.8214819654584279,0.4509403372894569,0.3454383209999451,0.166096644676219,0.1402005506073769,0.3889388389381969,0.06387514506384688,-0.04550271107657625,790.5494505494506,790.1465201465202,797.3992673992674,758.3150183150184,796.996336996337,624.9450549450549,-0.342957,0.116455,0.917908,-13.555450,0.620575,20.202332,1,2,1,1,2,97.000000
2025-03-24 14:49:25.953,,,,,,,,,,,,,,,,,,,,,,,,,,,,,,,,,,,,,,,/muse/elements/blink
2025-03-24 14:49:25.967,0.8642124531903939,0.3672121091877595,-0.08265623104182065,0.7499413086658484,0.5195498936931484,-0.2492491884669757,0.04585493974642008,-0.04035740387380059,0.7852134544094461,-0.1884889147733939,-0.05149885075149001,0.3424270247791729,0.8214819654584279,0.4095090802956815,0.3454383209999451,0.166096644676219,0.1402005506073769,0.3269860079028598,0.06387514506384688,-0.04550271107657625,818.7545787545788,808.6813186813187,816.3369963369963,873.5531135531136,860.6593406593407,739.3772893772893,-0.319641,0.017822,0.973450,-89.489899,18.714447,139.577026,1,2,1,1,2,97.000000
2025-03-24 14:49:26.458,0.8642124531903939,0.3672121091877595,-0.08265623104182065,0.7499413086658484,0.5195498936931484,-0.2492491884669757,0.04585493974642008,-0.04035740387380059,0.7852134544094461,-0.1884889147733939,-0.05149885075149001,0.3424270247791729,0.8214819654584279,0.4095090802956815,0.3454383209999451,0.166096644676219,0.1402005506073769,0.3269860079028598,0.06387514506384688,-0.04550271107657625,832.8571428571429,817.1428571428571,794.1758241758242,825.6043956043957,846.959706959707,627.3626373626374,-0.606140,-0.028687,0.777161,-43.126221,7.140350,70.782928,1,2,1,1,2,97.000000
2025-03-24 14:49:26.974,0.8642124531903939,0.3672121091877595,-0.08265623104182065,0.7499413086658484,0.5195498936931484,-0.2492491884669757,0.04585493974642008,-0.04035740387380059,0.7852134544094461,-0.1884889147733939,-0.05149885075149001,0.3424270247791729,0.8214819654584279,0.4095090802956815,0.3454383209999451,0.166096644676219,0.1402005506073769,0.3269860079028598,0.06387514506384688,-0.04550271107657625,798.6080586080586,804.2490842490843,810.2930402930403,763.1501831501831,664.4322344322344,387.2161172161173,-0.600403,0.035767,0.780396,15.155487,-9.749756,-28.770752,1,2,1,1,2,97.000000
2025-03-24 14:49:27.468,0.8642124531903939,0.3672121091877595,-0.08265623104182065,0.7499413086658484,0.5195498936931484,-0.2492491884669757,0.04585493974642008,-0.04035740387380059,0.7852134544094461,-0.1884889147733939,-0.05149885075149001,0.3424270247791729,0.8214819654584279,0.4095090802956815,0.3454383209999451,0.166096644676219,0.1402005506073769,0.3269860079028598,0.06387514506384688,-0.04550271107657625,828.4249084249085,775.2380952380953,769.5970695970697,813.5164835164835,718.4249084249085,334.4322344322345,-0.175964,0.006775,1.003906,93.093719,-46.146851,-175.891876,1,2,1,1,2,97.000000
2025-03-24 14:49:27.957,0.8642124531903939,0.3672121091877595,-0.08265623104182065,0.7499413086658484,0.5195498936931484,-0.2492491884669757,0.04585493974642008,-0.04035740387380059,0.7852134544094461,-0.1884889147733939,-0.05149885075149001,0.3424270247791729,0.8214819654584279,0.4095090802956815,0.3454383209999451,0.166096644676219,0.1402005506073769,0.3269860079028598,0.06387514506384688,-0.04550271107657625,829.2307692307693,806.6666666666667,815.5311355311355,806.6666666666667,1235.384615384615,1609.70695970696,-0.331360,0.291870,0.852905,13.166656,-0.284119,-28.852997,1,2,1,1,2,97.000000
2025-03-24 14:49:28.457,0.8642124531903939,0.3672121091877595,-0.08265623104182065,0.7499413086658484,0.5195498936931484,-0.2492491884669757,0.04585493974642008,-0.04035740387380059,0.7852134544094461,-0.1884889147733939,-0.05149885075149001,0.3424270247791729,0.8214819654584279,0.4095090802956815,0.3454383209999451,0.166096644676219,0.1402005506073769,0.3269860079028598,0.06387514506384688,-0.04550271107657625,796.1904761904763,815.5311355311355,803.8461538461539,780.8791208791209,975.4945054945056,1047.619047619048,-0.448669,0.160034,0.915344,-9.607697,-0.680389,13.076935,1,2,1,1,2,97.000000
2025-03-24 14:49:28.957,0.8642124531903939,0.3672121091877595,-0.08265623104182065,0.7499413086658484,0.5195498936931484,-0.2492491884669757,0.04585493974642008,-0.04035740387380059,0.7852134544094461,-0.1884889147733939,-0.05149885075149001,0.3424270247791729,0.8214819654584279,0.4095090802956815,0.3454383209999451,0.166096644676219,0.1402005506073769,0.3269860079028598,0.06387514506384688,-0.04550271107657625,796.5934065934066,803.8461538461539,801.4285714285714,704.7252747252747,686.996336996337,0,-0.253235,0.128479,0.896790,-2.056122,-3.910370,13.981628,1,2,1,1,2,97.000000
2025-03-24 14:49:29.457,0.8642124531903939,0.8542509131934879,0.03931862663905073,0.7499413086658484,0.5195498936931484,0.6277413775904023,0.07244456666294646,-0.04035740387380059,0.7852134544094461,0.1523293503461342,0.3346634275386993,0.3424270247791729,0.8214819654584279,0.4929813886012422,0.3675985415433806,0.166096644676219,0.1402005506073769,0.6165376155975688,-0.04568177718572907,-0.04550271107657625,810.6959706959707,799.4139194139194,809.0842490842491,811.0989010989011,840.5128205128206,904.5787545787546,-0.398865,0.146301,0.934326,-5.944061,-0.403748,0.904694,1,2,1,1,2,97.000000
2025-03-24 14:49:29.958,0.7266294348334528,0.8542509131934879,0.2428486525344092,0.7499413086658484,0.6894636359997833,0.6277413775904023,0.05152761353569212,-0.04035740387380059,0.7975020782508094,0.1523293503461342,0.4496368560306664,0.3424270247791729,0.8925183072555144,0.4929813886012422,0.3468099170138448,0.166096644676219,0.7324845226703656,0.6165376155975688,-0.0199850272355417,-0.04550271107657625,803.8461538461539,812.3076923076924,811.5018315018315,826.007326007326,1066.959706959707,1378.827838827839,-0.396240,0.148132,0.879089,1.495361,-2.415009,0.074768,1,1,1,1,1,97.000000
2025-03-24 14:49:30.458,0.7894427491368544,0.8542509131934879,0.2505416756005155,0.7499413086658484,0.5771790092919175,0.6277413775904023,-0.04229568279698274,-0.04035740387380059,0.8095334831151768,0.1523293503461342,0.4484692094871707,0.3424270247791729,0.9067022525399653,0.4929813886012422,0.2414189038785379,0.166096644676219,0.6658331768527834,0.6165376155975688,0.04158096779212021,-0.04550271107657625,757.1062271062272,780.8791208791209,828.8278388278388,699.8901098901099,736.959706959707,170.4395604395604,-0.233826,-0.001404,0.863708,-26.572571,7.574005,72.704468,1,1,1,1,1,97.000000
2025-03-24 14:49:30.958,0.8027002593858914,0.8542509131934879,0.3646480896237894,0.7499413086658484,0.5278865984201923,0.6277413775904023,-0.1004301725280533,-0.04035740387380059,0.8095334831151768,0.1523293503461342,0.4484692094871707,0.3424270247791729,0.915841207286343,0.4929813886012422,0.1387616908871358,0.166096644676219,0.634882224690474,0.6165376155975688,0.04467761927445427,-0.04550271107657625,821.1721611721612,827.2161172161173,772.8205128205128,972.2710622710623,1377.619047619048,1621.794871794872,-0.314270,0.406006,1.010864,-40.815887,14.362946,93.235779,1,1,1,1,1,97.000000
2025-03-24 14:49:31.463,0.9014421033425721,0.8542509131934879,0.2821191466749194,0.7499413086658484,0.2595974036992806,0.6277413775904023,-0.2287115378163474,-0.04035740387380059,0.5010777240957114,0.1523293503461342,-0.003172349720606105,0.3424270247791729,0.9315692958000035,0.4929813886012422,-0.08786399324974901,0.166096644676219,0.5028682861879485,0.6165376155975688,0.06556684144938223,-0.04550271107657625,791.7582417582418,786.9230769230769,801.8315018315019,763.5531135531136,851.7948717948718,786.5201465201466,-0.526489,0.190430,1.268921,16.620941,5.271149,-32.980194,1,1,1,1,1,97.000000
2025-03-24 14:49:31.963,0.9014421033425721,0.8542509131934879,0.2170052435944576,0.7499413086658484,0.2595974036992806,0.6277413775904023,-0.2573194015999558,-0.04035740387380059,0.5010777240957114,0.1523293503461342,-0.1840976938965569,0.3424270247791729,0.9315692958000035,0.4929813886012422,-0.1422358226146177,0.166096644676219,0.5028682861879485,0.6165376155975688,0.04139202574088758,-0.04550271107657625,790.5494505494506,805.8608058608058,798.2051282051282,777.2527472527473,1413.882783882784,1620.18315018315,-0.450012,0.017700,0.967529,0.328979,-6.901093,-7.476807,1,1,1,1,1,97.000000
2025-03-24 14:49:32.457,0.8461349246914248,0.8733340853708237,0.458373660210067,0.7499413086658484,0.9926810642020704,0.9448567253028406,0.23774562610412,-0.04035740387380059,0.9059559652416949,0.425300819883381,0.1229206601049318,0.3424270247791729,0.6988335878507108,0.7596793294794961,0.009754922533387517,0.166096644676219,0.1762406761835606,0.3485969317216774,-0.2181935255776716,-0.04550271107657625,802.6373626373627,799.4139194139194,809.8901098901099,764.7619047619048,155.9340659340659,0,-0.349915,0.140869,0.768250,4.927216,-4.747772,-10.549774,1,1,1,1,1,97.000000
2025-03-24 14:49:32.958,1.041636742676414,0.7675982507303734,1.028245542426174,0.7499413086658484,1.0786922939086,0.8312321375232636,0.6044961917277508,-0.04035740387380059,1.044515054546732,0.4403005433650242,0.2716498451648813,0.3424270247791729,0.7915314713507616,0.6492974665388351,0.1031445189952126,0.166096644676219,0.1893117942457153,0.2779184410126291,-0.309796215702126,-0.04550271107657625,790.952380952381,786.9230769230769,800.6227106227107,694.2490842490843,55.60439560439561,0,-0.259644,0.077087,0.739441,-5.435638,-4.463654,15.133057,1,1,1,1,1,97.000000
2025-03-24 14:49:33.368,,,,,,,,,,,,,,,,,,,,,,,,,,,,,,,,,,,,,,,/muse/elements/blink
2025-03-24 14:49:33.458,1.101789613965481,0.8935063023964754,1.049051922710103,0.7499413086658484,1.132307119464611,0.8288981296002796,0.6255908022999324,-0.04035740387380059,0.9493613532052783,0.4436932934791541,0.262866503525846,0.3424270247791729,0.8342965153441696,0.5796378096324871,0.09313357650980437,0.166096644676219,0.1496254407064817,0.2044801709007227,-0.3443828720548359,-0.04550271107657625,809.4871794871796,794.1758241758242,817.5457875457876,766.7765567765568,968.6446886446887,940.0366300366301,-0.234558,0.140625,0.649719,-3.693542,-10.041351,-13.862000,1,1,1,1,1,97.000000
2025-03-24 14:49:33.958,1.194098567719116,1.012299852390254,1.238275635717677,0.7499413086658484,1.148719101959337,0.8106593981302775,0.7789079468899495,-0.04035740387380059,0.9362339485001627,0.2754621847108107,0.2501273858767452,0.3424270247791729,0.8764900061740876,0.4308374319106605,0.146844984082508,0.166096644676219,0.1672763577579519,0.1203077907100677,-0.4310471417846913,-0.04550271107657625,800.2197802197802,808.6813186813187,807.0695970695971,743.8095238095239,1624.212454212454,1620.18315018315,-0.332458,0.031921,0.867798,-1.487885,-7.701111,18.684540,1,1,1,1,1,97.000000
2025-03-24 14:49:34.461,1.194098567719116,1.092382101238115,1.214955842965459,0.7499413086658484,1.148719101959337,0.9165046648524173,0.7737291092931189,-0.04035740387380059,0.9362339485001627,0.37297824103692,0.1021734734288078,0.3424270247791729,0.8764900061740876,0.30349472494649,-0.002639187307955283,0.166096644676219,0.1672763577579519,-0.03824986384203369,-0.4997772281243496,-0.04550271107657625,817.5457875457876,811.9047619047619,821.1721611721612,888.4615384615385,1622.197802197802,1622.197802197802,-0.389526,0.294800,0.856812,12.822723,2.175751,-29.630585,1,1,1,1,1,97.000000
2025-03-24 14:49:34.761,,,,,,,,,,,,,,,,,,,,,,,,,,,,,,,,,,,,,,,/muse/elements/blink
2025-03-24 14:49:34.961,1.626949849138052,1.159078004169099,1.141425414953455,0.7499413086658484,1.513981584949362,0.9530573336410263,0.5712197946188329,-0.04035740387380059,1.080561022475606,0.7403176942473959,0.5869355595006474,0.3424270247791729,0.6926315701172793,0.3854684409523206,0.2467519124938241,0.166096644676219,0.2592664904803047,0.165319895695468,-0.4714791686954382,-0.04550271107657625,830.0366300366301,821.1721611721612,788.1318681318681,993.2234432234433,1621.794871794872,1622.197802197802,-0.220825,0.003296,1.202148,41.675720,-12.314301,-130.963745,1,1,1,1,1,97.000000
2025-03-24 14:49:35.117,,,,,,,,,,,,,,,,,,,,,,,,,,,,,,,,,,,,,,,/muse/elements/blink
2025-03-24 14:49:35.458,1.626949849138052,1.070089771180682,1.489177982195201,0.7499413086658484,1.513981584949362,0.9167656392320506,0.6765726891547874,-0.04035740387380059,1.080561022475606,0.7262895636702162,0.6639143084806537,0.3424270247791729,0.6926315701172793,0.4101723515986239,0.2819961462570641,0.166096644676219,0.2592664904803047,0.1573852640805969,-0.2372978040164317,-0.04550271107657625,796.1904761904763,816.7399267399268,777.6556776556777,830.8424908424909,169.2307692307692,0,-0.341431,0.194702,0.933289,37.832642,-18.714447,-93.138580,1,1,1,1,1,97.000000
2025-03-24 14:49:35.957,1.557556217293692,1.171453706205392,1.512246097015665,0.7499413086658484,1.425800676277204,0.8338276793222578,1.053880824442786,-0.04035740387380059,1.054005684560831,0.7260185374917417,0.857474900965596,0.3424270247791729,0.8568483350649788,0.4956277432806175,0.3336946119611948,0.166096644676219,0.4644290660990735,0.2829744197541119,-0.06225380411024489,-0.04550271107657625,806.6666666666667,803.040293040293,818.7545787545788,792.967032967033,754.6886446886447,515.7509157509157,-0.351196,0.156128,0.880981,23.514557,-6.639404,-81.684113,1,1,1,1,1,97.000000
2025-03-24 14:49:36.458,1.208307280712073,1.171453706205392,1.592135863346394,0.7499413086658484,0.9883416847424512,0.8338276793222578,1.180516727790969,-0.04035740387380059,0.5971434767621726,0.7260185374917417,0.8523334629788821,0.3424270247791729,0.8375286379765069,0.4956277432806175,0.3001455862035655,0.166096644676219,0.4929559760919272,0.2829744197541119,-0.03104620755924887,-0.04550271107657625,796.5934065934066,787.3260073260074,811.5018315018315,826.007326007326,1622.197802197802,1622.197802197802,-0.294128,0.090454,0.947205,8.560944,2.310333,-42.498169,1,1,1,1,1,97.000000
2025-03-24 14:49:36.957,1.208307280712073,1.171453706205392,1.432247655178375,0.7499413086658484,0.9883416847424512,0.8338276793222578,1.142406687904241,-0.04035740387380059,0.5971434767621726,0.7260185374917417,0.8386445535269174,0.3424270247791729,0.8375286379765069,0.4956277432806175,0.2422866842869761,0.166096644676219,0.4929559760919272,0.2829744197541119,-0.07463566279533372,-0.04550271107657625,811.9047619047619,778.4615384615385,814.7252747252747,811.9047619047619,480.2930402930403,333.2234432234432,-0.356079,0.014099,0.956604,35.821381,3.925323,-81.153259,1,1,1,1,1,97.000000
2025-03-24 14:49:37.467,1.002258990746246,1.171453706205392,1.410987571786867,0.7499413086658484,0.4809521645073362,0.8338276793222578,1.076243980774296,-0.04035740387380059,0.4593165249098443,0.7260185374917417,0.9356605547754917,0.3424270247791729,0.6818831344742018,0.4956277432806175,0.2459593315221512,0.166096644676219,0.38181909874106,0.2829744197541119,-0.07860348539482954,-0.04550271107657625,817.5457875457876,798.2051282051282,817.948717948718,823.1868131868132,917.8754578754579,969.047619047619,-0.424866,0.131470,0.879883,2.915955,-2.938385,5.510406,1,1,1,1,1,97.000000
2025-03-24 14:49:37.957,0.8991525204479943,1.171453706205392,1.238972944796828,0.7499413086658484,0.3874138759460515,0.8338276793222578,1.013930277577962,-0.04035740387380059,0.4095982880764195,0.7260185374917417,0.9284584526847447,0.3424270247791729,0.6485006279587541,0.4956277432806175,0.3220342979956297,0.166096644676219,0.3550723228601288,0.2829744197541119,0.05895528670194566,-0.04550271107657625,819.5604395604396,795.7875457875458,813.5164835164835,802.6373626373627,591.5018315018315,4.432234432234432,-0.500061,0.133972,0.878052,-2.280426,0.231781,5.570221,1,1,1,1,1,97.000000
2025-03-24 14:49:38.457,0.8991525204479943,1.171453706205392,1.160344013071315,0.7499413086658484,0.3874138759460515,0.8338276793222578,0.9967854556432482,-0.04035740387380059,0.4095982880764195,0.7260185374917417,0.9315651853125534,0.3424270247791729,0.6485006279587541,0.4956277432806175,0.3410927729565364,0.166096644676219,0.3550723228601288,0.2829744197541119,0.1010807292922718,-0.04550271107657625,788.9377289377289,750.6593406593407,871.941391941392,811.9047619047619,860.6593406593407,720.0366300366301,-0.299866,-0.055908,0.924011,-80.368195,-10.452576,136.593781,1,1,1,1,1,97.000000
2025-03-24 14:49:38.560,,,,,,,,,,,,,,,,,,,,,,,,,,,,,,,,,,,,,,,/muse/elements/blink
2025-03-24 14:49:38.957,0.8991525204479943,1.171453706205392,1.093099616229933,0.7499413086658484,0.3874138759460515,0.8338276793222578,0.9673832155585373,-0.04035740387380059,0.4095982880764195,0.7260185374917417,0.9302473757813972,0.3424270247791729,0.6485006279587541,0.4956277432806175,0.3254287173500728,0.166096644676219,0.3550723228601288,0.2829744197541119,0.1027852122583519,-0.04550271107657625,850.1831501831502,784.1025641025641,797.3992673992674,814.7252747252747,492.7838827838828,4.029304029304029,-0.341431,0.133606,0.901978,-61.638794,10.497437,118.312988,1,1,1,1,1,97.000000
2025-03-24 14:49:39.469,0.8991525204479943,1.171453706205392,1.071330178886154,0.7499413086658484,0.3874138759460515,0.8338276793222578,0.5865475505160385,-0.04035740387380059,0.4095982880764195,0.7260185374917417,0.6271269773083482,0.3424270247791729,0.6485006279587541,0.4956277432806175,0.04145588221699568,0.166096644676219,0.3550723228601288,0.2829744197541119,-0.1165845489020927,-0.04550271107657625,713.5897435897436,809.0842490842491,809.8901098901099,695.0549450549451,860.6593406593407,44.72527472527473,-0.081177,0.193604,0.929443,44.987946,-17.787323,-136.272278,1,2,1,1,2,97.000000
2025-03-24 14:49:39.647,,,,,,,,,,,,,,,,,,,,,,,,,,,,,,,,,,,,,,,/muse/elements/blink
2025-03-24 14:49:39.968,0.8991525204479943,1.171453706205392,1.071330178886154,0.7499413086658484,0.3874138759460515,0.8338276793222578,0.5865475505160385,-0.04035740387380059,0.4095982880764195,0.7260185374917417,0.6271269773083482,0.3424270247791729,0.6485006279587541,0.4956277432806175,0.04145588221699568,0.166096644676219,0.3550723228601288,0.2829744197541119,-0.1165845489020927,-0.04550271107657625,870.3296703296703,774.4322344322345,830.0366300366301,909.0109890109891,464.981684981685,0,-0.304260,0.217529,1.004517,-0.022430,-8.732910,-58.072357,1,2,1,1,2,97.000000
2025-03-24 14:49:40.072,,,,,,,,,,,,,,,,,,,,,,,,,,,,,,,,,,,,,,,/muse/elements/jaw_clench
2025-03-24 14:49:40.168,,,,,,,,,,,,,,,,,,,,,,,,,,,,,,,,,,,,,,,/muse/elements/blink
2025-03-24 14:49:40.458,0.8991525204479943,1.171453706205392,1.071330178886154,0.7499413086658484,0.3874138759460515,0.8338276793222578,0.5865475505160385,-0.04035740387380059,0.4095982880764195,0.7260185374917417,0.6271269773083482,0.3424270247791729,0.6485006279587541,0.4956277432806175,0.04145588221699568,0.166096644676219,0.3550723228601288,0.2829744197541119,-0.1165845489020927,-0.04550271107657625,832.4542124542124,812.7106227106227,803.4432234432235,894.5054945054945,0,0,-0.259277,0.071594,0.877014,1.562653,-6.340332,-21.151886,1,2,1,1,2,97.000000
2025-03-24 14:49:40.958,0.8991525204479943,1.171453706205392,1.071330178886154,0.7499413086658484,0.3874138759460515,0.8338276793222578,0.5865475505160385,-0.04035740387380059,0.4095982880764195,0.7260185374917417,0.6271269773083482,0.3424270247791729,0.6485006279587541,0.4956277432806175,0.04145588221699568,0.166096644676219,0.3550723228601288,0.2829744197541119,-0.1165845489020927,-0.04550271107657625,792.1611721611722,781.2820512820513,799.8168498168499,727.6923076923077,1376.410256410256,1479.96336996337,-0.373596,0.461853,1.031677,-8.097382,-8.486176,8.972168,1,2,1,1,2,97.000000
2025-03-24 14:49:41.458,0.8991525204479943,1.171453706205392,1.071330178886154,0.7499413086658484,0.3874138759460515,0.8338276793222578,0.5865475505160385,-0.04035740387380059,0.4095982880764195,0.7260185374917417,0.6271269773083482,0.3424270247791729,0.6485006279587541,0.4956277432806175,0.04145588221699568,0.166096644676219,0.3550723228601288,0.2829744197541119,-0.1165845489020927,-0.04550271107657625,847.7655677655678,804.2490842490843,824.7985347985348,965.4212454212454,1605.677655677656,1622.197802197802,-0.209045,-0.025879,0.805481,6.198273,5.525360,11.394653,1,2,1,1,2,97.000000
2025-03-24 14:49:41.957,0.8991525204479943,1.171453706205392,1.071330178886154,0.7499413086658484,0.3874138759460515,0.8338276793222578,0.5865475505160385,-0.04035740387380059,0.4095982880764195,0.7260185374917417,0.6271269773083482,0.3424270247791729,0.6485006279587541,0.4956277432806175,0.04145588221699568,0.166096644676219,0.3550723228601288,0.2829744197541119,-0.1165845489020927,-0.04550271107657625,815.934065934066,821.1721611721612,799.4139194139194,864.6886446886447,793.7728937728938,1192.271062271062,-0.444214,-0.042419,0.939941,3.581390,5.173950,19.671478,1,2,1,1,2,97.000000
2025-03-24 14:49:42.339,,,,,,,,,,,,,,,,,,,,,,,,,,,,,,,,,,,,,,,/muse/elements/blink
2025-03-24 14:49:42.457,1.766377576568341,1.171453706205392,0.9164166023518798,0.7499413086658484,1.352964187482314,0.8338276793222578,0.4940322405663269,-0.04035740387380059,1.336797114767353,0.7260185374917417,0.6244809299828068,0.3424270247791729,0.94878141038639,0.4956277432806175,0.5881830901790225,0.166096644676219,0.5996507324614949,0.2829744197541119,-0.1295763998754081,-0.04550271107657625,784.1025641025641,791.7582417582418,793.7728937728938,730.1098901098901,1021.025641025641,560.8791208791209,-0.328735,0.153503,0.843689,2.243042,-0.127106,-10.093689,1,1,1,1,1,97.000000
2025-03-24 14:49:42.958,1.726922645873382,1.171453706205392,0.9360400226200526,0.7499413086658484,1.285908043439694,0.8338276793222578,0.5789319802321904,-0.04035740387380059,1.336797114767353,0.7260185374917417,0.6613938099524648,0.3424270247791729,0.9324872531010143,0.4956277432806175,0.5320168882785956,0.166096644676219,0.5763911424281305,0.2829744197541119,-0.2464769967802466,-0.04550271107657625,678.1318681318681,789.7435897435897,858.6446886446887,690.2197802197802,1130.21978021978,1609.70695970696,-0.341736,-0.124207,0.862610,-17.630310,-2.347717,64.674377,1,1,1,1,1,97.000000
2025-03-24 14:49:43.134,,,,,,,,,,,,,,,,,,,,,,,,,,,,,,,,,,,,,,,/muse/elements/blink
2025-03-24 14:49:43.460,1.726922645873382,1.171453706205392,0.9091941306953272,0.7499413086658484,1.285908043439694,0.8338276793222578,0.5869360056992685,-0.04035740387380059,1.336797114767353,0.7260185374917417,0.6576078494667943,0.3424270247791729,0.9324872531010143,0.4956277432806175,0.5223863462784827,0.166096644676219,0.5763911424281305,0.2829744197541119,-0.3231573670901075,-0.04550271107657625,769.5970695970697,829.6336996336996,753.4798534798535,919.0842490842491,800.2197802197802,589.0842490842491,-0.402649,0.197205,0.981262,-30.752106,-1.831818,80.076599,1,1,1,1,1,97.000000
2025-03-24 14:49:43.958,1.726922645873382,1.171453706205392,1.054816616527768,0.7499413086658484,1.285908043439694,0.8338276793222578,0.7051290920593203,-0.04035740387380059,1.336797114767353,0.7260185374917417,0.5866858576793403,0.3424270247791729,0.9324872531010143,0.4956277432806175,0.3615439009097062,0.166096644676219,0.5763911424281305,0.2829744197541119,-0.4295144758946418,-0.04550271107657625,794.981684981685,796.1904761904763,805.0549450549451,772.014652014652,319.9267399267399,4.432234432234432,-0.329407,0.093323,1.103577,-7.813263,3.715973,-19.776154,1,1,1,1,1,97.000000
2025-03-24 14:49:44.458,1.726922645873382,1.171453706205392,1.107331376868868,0.7499413086658484,1.285908043439694,0.8338276793222578,0.7037752104732189,-0.04035740387380059,1.336797114767353,0.7260185374917417,0.5823823056399637,0.3424270247791729,0.9324872531010143,0.4956277432806175,0.3550506599592053,0.166096644676219,0.5763911424281305,0.2829744197541119,-0.4180575751190679,-0.04550271107657625,768.7912087912088,767.1794871794872,790.952380952381,744.2124542124542,615.2747252747253,40.29304029304029,-0.493469,-0.062012,1.098633,-7.828217,-13.645172,17.936859,1,2,1,1,2,97.000000
2025-03-24 14:49:44.981,1.726922645873382,1.171453706205392,1.107331376868868,0.7499413086658484,1.285908043439694,0.8338276793222578,0.7037752104732189,-0.04035740387380059,1.336797114767353,0.7260185374917417,0.5823823056399637,0.3424270247791729,0.9324872531010143,0.4956277432806175,0.3550506599592053,0.166096644676219,0.5763911424281305,0.2829744197541119,-0.4180575751190679,-0.04550271107657625,899.3406593406594,803.4432234432235,790.952380952381,913.4432234432235,1623.003663003663,1622.197802197802,0.096436,-0.057922,0.880432,80.846710,5.712280,-194.546509,1,2,1,1,2,97.000000
2025-03-24 14:49:45.459,1.726922645873382,1.171453706205392,1.107331376868868,0.7499413086658484,1.285908043439694,0.8338276793222578,0.7037752104732189,-0.04035740387380059,1.336797114767353,0.7260185374917417,0.5823823056399637,0.3424270247791729,0.9324872531010143,0.4956277432806175,0.3550506599592053,0.166096644676219,0.5763911424281305,0.2829744197541119,-0.4180575751190679,-0.04550271107657625,776.4468864468864,782.893772893773,797.3992673992674,778.8644688644689,0,0,-0.730652,0.079407,1.117859,-12.329254,-13.667603,5.158997,1,2,1,1,2,97.000000
2025-03-24 14:49:45.640,,,,,,,,,,,,,,,,,,,,,,,,,,,,,,,,,,,,,,,/muse/elements/blink
2025-03-24 14:49:45.958,1.726922645873382,1.171453706205392,1.107331376868868,0.7499413086658484,1.285908043439694,0.8338276793222578,0.7037752104732189,-0.04035740387380059,1.336797114767353,0.7260185374917417,0.5823823056399637,0.3424270247791729,0.9324872531010143,0.4956277432806175,0.3550506599592053,0.166096644676219,0.5763911424281305,0.2829744197541119,-0.4180575751190679,-0.04550271107657625,800.2197802197802,815.934065934066,780.4761904761905,794.1758241758242,1202.747252747253,1602.857142857143,-0.432129,0.108826,0.948425,-15.977936,11.484375,69.855804,1,2,1,1,2,97.000000
2025-03-24 14:49:46.350,,,,,,,,,,,,,,,,,,,,,,,,,,,,,,,,,,,,,,,/muse/elements/blink
2025-03-24 14:49:46.458,1.726922645873382,1.171453706205392,1.107331376868868,0.7499413086658484,1.285908043439694,0.8338276793222578,0.7037752104732189,-0.04035740387380059,1.336797114767353,0.7260185374917417,0.5823823056399637,0.3424270247791729,0.9324872531010143,0.4956277432806175,0.3550506599592053,0.166096644676219,0.5763911424281305,0.2829744197541119,-0.4180575751190679,-0.04550271107657625,820.3663003663004,793.7728937728938,790.5494505494506,894.5054945054945,1373.992673992674,1622.197802197802,-0.294800,0.071106,0.807129,-10.056305,6.489868,28.299713,1,2,1,1,2,97.000000
2025-03-24 14:49:46.958,1.726922645873382,1.171453706205392,1.107331376868868,0.7499413086658484,1.285908043439694,0.8338276793222578,0.7037752104732189,-0.04035740387380059,1.336797114767353,0.7260185374917417,0.5823823056399637,0.3424270247791729,0.9324872531010143,0.4956277432806175,0.3550506599592053,0.166096644676219,0.5763911424281305,0.2829744197541119,-0.4180575751190679,-0.04550271107657625,796.5934065934066,778.0586080586081,817.1428571428571,815.5311355311355,0.8058608058608059,0,-0.309448,0.171692,0.837708,11.596527,2.975769,-21.383667,1,2,1,1,2,97.000000
2025-03-24 14:49:47.458,1.726922645873382,1.171453706205392,1.326632039648411,0.7499413086658484,1.285908043439694,0.8338276793222578,0.8567841805579829,-0.04035740387380059,1.336797114767353,0.7260185374917417,0.2795402598130124,0.3424270247791729,0.9324872531010143,0.4956277432806175,0.222134614739958,0.166096644676219,0.5763911424281305,0.2829744197541119,-0.4060340055041229,-0.04550271107657625,793.3699633699634,801.8315018315019,805.0549450549451,732.1245421245421,0,0,-0.243958,0.059265,0.647583,-2.930908,2.497253,1.749573,1,2,1,1,2,97.000000
2025-03-24 14:49:47.958,1.726922645873382,1.171453706205392,1.216269714421692,0.7499413086658484,1.285908043439694,0.8338276793222578,0.7065850807326111,-0.04035740387380059,1.336797114767353,0.7260185374917417,0.3692109360417243,0.3424270247791729,0.9324872531010143,0.4956277432806175,0.1306877468047563,0.166096644676219,0.5763911424281305,0.2829744197541119,-0.4778254122058591,-0.04550271107657625,701.5018315018315,839.3040293040293,788.9377289377289,652.7472527472528,432.3443223443223,0,-0.178833,0.275818,0.728088,-0.889740,-21.256561,-47.978668,1,2,1,1,2,97.000000
2025-03-24 14:49:48.196,,,,,,,,,,,,,,,,,,,,,,,,,,,,,,,,,,,,,,,/muse/elements/blink
2025-03-24 14:49:48.458,1.726922645873382,1.171453706205392,1.185307673143429,0.7499413086658484,1.285908043439694,0.8338276793222578,0.6747658379620768,-0.04035740387380059,1.336797114767353,0.7260185374917417,0.3692109360417243,0.3424270247791729,0.9324872531010143,0.4956277432806175,0.1347037808632702,0.166096644676219,0.5763911424281305,0.2829744197541119,-0.4477185048777182,-0.04550271107657625,803.8461538461539,784.1025641025641,817.948717948718,769.1941391941392,747.8388278388279,6.446886446886447,-0.124939,0.214905,0.986694,44.285126,-6.265564,-101.535034,1,2,1,1,2,97.000000
2025-03-24 14:49:48.957,1.726922645873382,1.171453706205392,1.045816743040316,0.7499413086658484,1.285908043439694,0.8338276793222578,0.4728184597645316,-0.04035740387380059,1.336797114767353,0.7260185374917417,0.1832464953989868,0.3424270247791729,0.9324872531010143,0.4956277432806175,0.05934766008385046,0.166096644676219,0.5763911424281305,0.2829744197541119,-0.4801502612118058,-0.04550271107657625,831.6483516483516,801.025641025641,801.4285714285714,894.5054945054945,1615.750915750916,1622.197802197802,-0.320435,0.399170,0.987488,68.397827,-31.731567,-88.443146,1,2,1,1,2,97.000000
2025-03-24 14:49:49.027,,,,,,,,,,,,,,,,,,,,,,,,,,,,,,,,,,,,,,,/muse/elements/blink
2025-03-24 14:49:49.463,1.726922645873382,1.171453706205392,0.9082967876182706,0.7499413086658484,1.285908043439694,0.8338276793222578,0.393760646156599,-0.04035740387380059,1.336797114767353,0.7260185374917417,-0.03114394753641982,0.3424270247791729,0.9324872531010143,0.4956277432806175,0.09440921036599265,0.166096644676219,0.5763911424281305,0.2829744197541119,-0.4519241002064461,-0.04550271107657625,793.3699633699634,793.3699633699634,795.3846153846154,736.959706959707,197.4358974358974,0,-0.380981,0.329590,0.895691,27.522125,-6.833801,-86.102905,1,2,1,1,2,97.000000
2025-03-24 14:49:49.958,1.726922645873382,1.171453706205392,0.9082967876182706,0.7499413086658484,1.285908043439694,0.8338276793222578,0.393760646156599,-0.04035740387380059,1.336797114767353,0.7260185374917417,-0.03114394753641982,0.3424270247791729,0.9324872531010143,0.4956277432806175,0.09440921036599265,0.166096644676219,0.5763911424281305,0.2829744197541119,-0.4519241002064461,-0.04550271107657625,801.4285714285714,829.2307692307693,776.8498168498169,829.6336996336996,983.5531135531136,954.9450549450549,-0.277649,0.144714,0.935120,18.243408,0.971985,-38.483124,1,2,1,1,2,97.000000
2025-03-24 14:49:50.458,1.225926824463154,1.171453706205392,1.681025884608992,0.7499413086658484,0.7459884638581716,0.8338276793222578,1.408569905232049,-0.04035740387380059,0.6925836767335589,0.7260185374917417,0.7429030489116006,0.3424270247791729,0.6419248462220305,0.4956277432806175,0.004111231136479436,0.166096644676219,0.5634506832712963,0.2829744197541119,-0.1352608769907329,-0.04550271107657625,763.5531135531136,793.3699633699634,805.4578754578755,773.2234432234433,826.8131868131868,317.9120879120879,-0.399353,0.008667,0.884094,-10.789032,-13.906860,-1.525269,1,2,1,1,2,97.000000
2025-03-24 14:49:50.958,1.14243584586733,0.8337064417147081,1.48132683991874,0.7499413086658484,0.7705643357180431,0.6887858105666608,1.225448241284569,-0.04035740387380059,0.9478002326351342,0.418964062828362,0.7651434279047402,0.3424270247791729,0.631951601598562,0.4648935771796328,0.04821847139791765,0.166096644676219,0.5742314581108462,0.7800249721390955,-0.1814298133109399,-0.04550271107657625,791.3553113553114,825.2014652014652,788.5347985347986,794.1758241758242,782.893772893773,425.8974358974359,-0.318848,-0.016907,0.919312,-3.461761,-1.689758,6.916046,1,1,1,1,1,97.000000
2025-03-24 14:49:51.458,1.112527970316754,0.62656290041976,1.364452465918583,0.7499413086658484,0.7288581035571953,0.5013221589616645,1.09479934266473,-0.04035740387380059,0.9727488240353983,0.4282819013904297,0.7726431727217568,0.3424270247791729,0.647610304958094,0.4044511221238976,0.1565964240111885,0.166096644676219,0.5731453385332986,0.7617674992967971,-0.1401988860862305,-0.04550271107657625,794.5787545787546,800.2197802197802,795.3846153846154,794.981684981685,295.7509157509157,0,-0.334534,-0.038025,0.911804,2.153320,-1.981354,4.807587,1,1,1,1,1,97.000000
2025-03-24 14:49:51.958,0.8271321900363657,0.5157391234566882,0.82436533835538,1.043644381672302,0.6455186726380728,0.4040230912948328,0.5950597031850555,0.9953524425703274,0.9935391031086523,0.4343517727776565,0.6931185958432187,0.9613035868895583,0.71858336792374,0.4293540682534631,0.1921530167975762,0.5713130667758192,0.5514996386439923,0.7495170770680805,-0.1490539641756128,0.1432167990684357,809.0842490842491,797.3992673992674,801.8315018315019,750.6593406593407,1622.197802197802,1622.197802197802,-0.404053,0.303467,0.743164,4.426270,-1.360779,-0.934601,1,1,1,1,1,97.000000
2025-03-24 14:49:52.360,,,,,,,,,,,,,,,,,,,,,,,,,,,,,,,,,,,,,,,/muse/elements/blink
2025-03-24 14:49:52.457,0.6651167073649806,0.6036074560632041,0.5678989177492139,1.043644381672302,0.5024626018416931,0.388521851547395,-0.07856814622535294,0.9953524425703274,0.7050518885953349,0.3274170961449279,0.436822323930118,0.9613035868895583,0.7355444409782674,0.5132287220261288,0.1643949467381084,0.5713130667758192,0.5380829830961781,0.6299127702005893,-0.1685128893428589,0.1432167990684357,805.0549450549451,799.0109890109891,809.4871794871796,861.8681318681319,1255.128205128205,1611.721611721612,-0.301331,0.158569,0.984253,-3.805695,-2.452393,-9.966583,1,1,1,1,1,97.000000
2025-03-24 14:49:52.967,0.6821216853876495,1.015379620743499,0.6451305078386467,1.043644381672302,0.5851304301533944,0.6414810360424471,0.0909601667210652,0.9953524425703274,0.6233234584230303,0.3824764694092584,0.4088093254701614,0.9613035868895583,0.7128425512407514,0.6180817529630882,0.08072126687813586,0.5713130667758192,0.5241172352298555,0.5881669519261407,-0.230270010448395,0.1432167990684357,809.0842490842491,807.0695970695971,802.6373626373627,819.1575091575091,1220.07326007326,1620.18315018315,-0.265930,0.064636,0.968933,3.925323,-1.300964,-7.618866,1,1,1,1,1,97.000000
2025-03-24 14:49:53.469,0.8038738909706445,1.081095965917689,0.6986185416084961,1.043644381672302,0.6346291330216185,0.6625207484789067,0.2064883951899225,0.9953524425703274,0.4345496780706076,0.3638017956674084,0.4026942550350621,0.9613035868895583,0.6068421492368897,0.6442201374221564,0.06124867260952464,0.5713130667758192,0.4959090918014498,0.5254237605541494,-0.2987836651081194,0.1432167990684357,813.1135531135532,807.4725274725275,812.3076923076924,826.007326007326,1581.098901098901,1622.197802197802,-0.288757,0.371948,0.879761,14.759216,-13.630219,5.016937,1,1,1,1,1,97.000000
2025-03-24 14:49:53.958,0.8038738909706445,1.09247506079604,0.6325178410753561,1.043644381672302,0.6346291330216185,0.5759020867401282,0.1523195987229463,0.9953524425703274,0.4345496780706076,0.3522406095473641,0.4043980629474127,0.9613035868895583,0.6068421492368897,0.5459981205489669,0.05941144837863981,0.5713130667758192,0.4959090918014498,0.466777990476161,-0.3650024218831788,0.1432167990684357,801.8315018315019,799.8168498168499,793.3699633699634,782.0879120879121,0,0,-0.346802,0.145447,0.981323,-6.198273,-5.480499,3.401947,1,1,1,1,1,97.000000
2025-03-24 14:49:54.459,0.9083558261058345,0.6957433400416138,0.5987541676162365,1.043644381672302,0.4152032397865317,0.08193466812930739,0.105889037466547,0.9953524425703274,0.7862363230468232,0.322709942401863,0.2200750499316087,0.9613035868895583,0.6989948598604326,0.4155785229502294,-0.04005208889722705,0.5713130667758192,0.1992674586534614,0.2002861646378584,-0.5523898903844418,0.1432167990684357,802.6373626373627,799.8168498168499,807.0695970695971,806.6666666666667,523.4065934065934,180.1098901098901,-0.314331,-0.019165,0.861816,-11.813354,-4.934692,1.585083,1,1,1,1,1,97.000000
2025-03-24 14:49:54.958,0.9137198914344166,0.6090035669297649,0.6129267651737008,1.043644381672302,0.6368819350962239,0.09492813550100233,-0.007127544799067482,0.9953524425703274,0.868484244454286,0.4781790529846373,0.0941992683974725,0.9613035868895583,0.7225457842182293,0.4493911615093386,-0.06843208502117951,0.5713130667758192,0.2798887499307525,0.04107036170726808,-0.5696620111079755,0.1432167990684357,784.5054945054945,798.6080586080586,813.919413919414,804.2490842490843,882.4175824175825,1146.336996336996,-0.256775,0.151733,0.949951,4.284210,-6.056213,7.566528,1,1,1,1,1,97.000000
2025-03-24 14:49:55.462,0.9402234326834766,0.4367043862772421,0.6413473391149679,1.043644381672302,0.7027869934211888,0.09950008191079539,0.06424575169379912,0.9953524425703274,0.9358985556308446,0.4836950965776264,0.04889748436855513,0.9613035868895583,0.7060663672055522,0.4687653283651107,-0.1056265045010818,0.5713130667758192,0.313785158132524,0.08375624289836343,-0.4799820687045983,0.1432167990684357,779.6703296703297,809.8901098901099,796.996336996337,849.3772893772895,278.8278388278388,0,-0.182373,0.203064,0.958923,-34.139099,33.092346,155.689545,1,1,1,1,1,97.000000
2025-03-24 14:49:55.961,1.194971345539437,0.7114007670586896,0.7126182724173863,1.043644381672302,0.8633719355131281,0.1172911555170443,0.2017273250674156,0.9953524425703274,0.9841476912685441,0.5071814663767764,0.1770037336548394,0.9613035868895583,0.6695839330183022,0.4786369682043334,-0.1081148977477567,0.5713130667758192,0.354984967746207,0.1220751450728248,-0.3922092535265317,0.1432167990684357,825.2014652014652,804.6520146520147,800.6227106227107,880.8058608058608,316.7032967032967,0,-0.232056,0.129944,0.795471,-14.362946,21.921997,38.632660,1,1,1,1,1,97.000000
2025-03-24 14:49:56.458,1.320152657761556,0.7726580112596444,0.7175990284152982,1.043644381672302,0.8857840870183489,-0.001711472783032606,0.4706023496852758,0.9953524425703274,0.9520263886005902,0.4244600123794222,0.4468703901382274,0.9613035868895583,0.5978413477502611,0.2962226673211712,-0.09173575766591686,0.5713130667758192,0.3421595997020454,0.1160564420299195,-0.1621624633510617,0.1432167990684357,729.7069597069598,865.8974358974359,746.2271062271062,708.3516483516484,821.978021978022,345.3113553113553,-0.064575,0.144897,0.957642,63.665009,-27.888489,-170.329132,1,1,1,1,1,97.000000
2025-03-24 14:49:56.614,,,,,,,,,,,,,,,,,,,,,,,,,,,,,,,,,,,,,,,/muse/elements/blink
2025-03-24 14:49:56.946,,,,,,,,,,,,,,,,,,,,,,,,,,,,,,,,,,,,,,,/muse/elements/blink
2025-03-24 14:49:56.959,1.511020431323185,0.9409382110295017,0.8750492583410635,1.043644381672302,0.9444931309105442,-0.04885660068446331,0.6933169515575336,0.9953524425703274,0.9435174196788081,0.2707114658434213,0.4490244431046479,0.9613035868895583,0.4453294331587522,0.1064900168832961,0.08573321481148552,0.5713130667758192,0.294277720217306,-0.03257619460872216,0.1148846911718418,0.1432167990684357,817.1428571428571,789.3406593406594,835.6776556776557,898.1318681318681,1369.56043956044,1619.78021978022,-0.273193,0.183594,0.822632,20.434113,-6.063690,-77.938232,1,1,1,1,1,97.000000
2025-03-24 14:49:57.458,1.511020431323185,0.9409382110295017,0.8750492583410635,1.043644381672302,0.9444931309105442,-0.04885660068446331,0.6933169515575336,0.9953524425703274,0.9435174196788081,0.2707114658434213,0.4490244431046479,0.9613035868895583,0.4453294331587522,0.1064900168832961,0.08573321481148552,0.5713130667758192,0.294277720217306,-0.03257619460872216,0.1148846911718418,0.1432167990684357,797.8021978021978,831.2454212454213,796.5934065934066,794.5787545787546,921.9047619047619,1121.355311355311,-0.218140,0.475647,0.829529,-12.030182,2.325287,24.808044,1,1,1,1,1,97.000000
2025-03-24 14:49:57.957,1.511020431323185,0.9409382110295017,0.8750492583410635,1.043644381672302,0.9444931309105442,-0.04885660068446331,0.6933169515575336,0.9953524425703274,0.9435174196788081,0.2707114658434213,0.4490244431046479,0.9613035868895583,0.4453294331587522,0.1064900168832961,0.08573321481148552,0.5713130667758192,0.294277720217306,-0.03257619460872216,0.1148846911718418,0.1432167990684357,770,775.2380952380953,862.2710622710623,850.989010989011,1165.677655677656,1517.032967032967,-0.330200,-0.167664,1.003479,-73.960571,-16.591034,155.106354,1,1,1,1,1,97.000000
2025-03-24 14:49:58.082,,,,,,,,,,,,,,,,,,,,,,,,,,,,,,,,,,,,,,,/muse/elements/blink
2025-03-24 14:49:58.460,1.511020431323185,0.9409382110295017,0.8750492583410635,1.043644381672302,0.9444931309105442,-0.04885660068446331,0.6933169515575336,0.9953524425703274,0.9435174196788081,0.2707114658434213,0.4490244431046479,0.9613035868895583,0.4453294331587522,0.1064900168832961,0.08573321481148552,0.5713130667758192,0.294277720217306,-0.03257619460872216,0.1148846911718418,0.1432167990684357,836.0805860805862,822.3809523809524,772.014652014652,1033.516483516484,809.4871794871796,1067.765567765568,-0.013306,0.190491,1.392700,-18.512573,-4.538422,57.900391,1,2,1,1,2,97.000000
2025-03-24 14:49:58.958,1.511020431323185,0.9409382110295017,0.8750492583410635,1.043644381672302,0.9444931309105442,-0.04885660068446331,0.6933169515575336,0.9953524425703274,0.9435174196788081,0.2707114658434213,0.4490244431046479,0.9613035868895583,0.4453294331587522,0.1064900168832961,0.08573321481148552,0.5713130667758192,0.294277720217306,-0.03257619460872216,0.1148846911718418,0.1432167990684357,789.7435897435897,806.2637362637363,799.8168498168499,805.4578754578755,723.2600732600732,431.1355311355312,-0.190613,0.062744,1.069153,-6.916046,-1.136475,37.376556,1,2,1,1,2,97.000000
2025-03-24 14:49:59.457,1.511020431323185,0.9409382110295017,0.8750492583410635,1.043644381672302,0.9444931309105442,-0.04885660068446331,0.6933169515575336,0.9953524425703274,0.9435174196788081,0.2707114658434213,0.4490244431046479,0.9613035868895583,0.4453294331587522,0.1064900168832961,0.08573321481148552,0.5713130667758192,0.294277720217306,-0.03257619460872216,0.1148846911718418,0.1432167990684357,820.7692307692308,824.7985347985348,801.8315018315019,827.6190476190476,139.4139194139194,0,-0.387817,-0.032410,0.789673,1.629944,3.917847,-4.755249,1,2,1,1,2,97.000000
2025-03-24 14:49:59.765,,,,,,,,,,,,,,,,,,,,,,,,,,,,,,,,,,,,,,,/muse/elements/blink
2025-03-24 14:49:59.958,1.511020431323185,0.9409382110295017,0.8750492583410635,1.043644381672302,0.9444931309105442,-0.04885660068446331,0.6933169515575336,0.9953524425703274,0.9435174196788081,0.2707114658434213,0.4490244431046479,0.9613035868895583,0.4453294331587522,0.1064900168832961,0.08573321481148552,0.5713130667758192,0.294277720217306,-0.03257619460872216,0.1148846911718418,0.1432167990684357,793.3699633699634,793.7728937728938,803.8461538461539,743.8095238095239,874.3589743589744,411.7948717948718,-0.342712,0.224121,0.727051,-12.396545,-0.328979,-4.246826,1,2,1,1,2,97.000000
2025-03-24 14:50:00.464,1.511020431323185,0.9409382110295017,0.8750492583410635,1.043644381672302,0.9444931309105442,-0.04885660068446331,0.6933169515575336,0.9953524425703274,0.9435174196788081,0.2707114658434213,0.4490244431046479,0.9613035868895583,0.4453294331587522,0.1064900168832961,0.08573321481148552,0.5713130667758192,0.294277720217306,-0.03257619460872216,0.1148846911718418,0.1432167990684357,803.4432234432235,794.5787545787546,806.6666666666667,755.4945054945055,1622.197802197802,1622.197802197802,-0.426208,-0.113647,0.821411,-4.097290,4.029999,11.723633,1,2,1,1,2,97.000000
2025-03-24 14:50:00.884,,,,,,,,,,,,,,,,,,,,,,,,,,,,,,,,,,,,,,,/muse/elements/blink
2025-03-24 14:50:00.884,,,,,,,,,,,,,,,,,,,,,,,,,,,,,,,,,,,,,,,/muse/elements/jaw_clench
2025-03-24 14:50:00.957,1.511020431323185,0.9409382110295017,0.8750492583410635,1.043644381672302,0.9444931309105442,-0.04885660068446331,0.6933169515575336,0.9953524425703274,0.9435174196788081,0.2707114658434213,0.4490244431046479,0.9613035868895583,0.4453294331587522,0.1064900168832961,0.08573321481148552,0.5713130667758192,0.294277720217306,-0.03257619460872216,0.1148846911718418,0.1432167990684357,826.4102564102565,686.1904761904763,811.5018315018315,893.2967032967033,529.047619047619,346.1172161172161,-0.411194,0.227234,1.132385,11.237640,6.138458,38.027039,1,2,1,1,2,97.000000
2025-03-24 14:50:01.458,1.511020431323185,0.9409382110295017,0.8750492583410635,1.043644381672302,0.9444931309105442,-0.04885660068446331,0.6933169515575336,0.9953524425703274,0.9435174196788081,0.2707114658434213,0.4490244431046479,0.9613035868895583,0.4453294331587522,0.1064900168832961,0.08573321481148552,0.5713130667758192,0.294277720217306,-0.03257619460872216,0.1148846911718418,0.1432167990684357,738.1684981684982,830.0366300366301,815.934065934066,746.2271062271062,192.6007326007326,0,-0.455994,0.167603,1.007446,-16.381683,-11.394653,-0.493469,1,2,1,1,2,97.000000
2025-03-24 14:50:01.580,,,,,,,,,,,,,,,,,,,,,,,,,,,,,,,,,,,,,,,/muse/elements/blink
2025-03-24 14:50:01.918,,,,,,,,,,,,,,,,,,,,,,,,,,,,,,,,,,,,,,,/muse/elements/jaw_clench
2025-03-24 14:50:01.958,1.511020431323185,0.9409382110295017,0.8750492583410635,1.043644381672302,0.9444931309105442,-0.04885660068446331,0.6933169515575336,0.9953524425703274,0.9435174196788081,0.2707114658434213,0.4490244431046479,0.9613035868895583,0.4453294331587522,0.1064900168832961,0.08573321481148552,0.5713130667758192,0.294277720217306,-0.03257619460872216,0.1148846911718418,0.1432167990684357,829.2307692307693,811.9047619047619,819.96336996337,909.0109890109891,955.7509157509157,1020.21978021978,-0.365356,-0.448303,0.888062,-18.220978,-3.259888,-26.744537,1,2,1,1,2,97.000000
2025-03-24 14:50:02.458,1.511020431323185,0.9409382110295017,0.8750492583410635,1.043644381672302,0.9444931309105442,-0.04885660068446331,0.6933169515575336,0.9953524425703274,0.9435174196788081,0.2707114658434213,0.4490244431046479,0.9613035868895583,0.4453294331587522,0.1064900168832961,0.08573321481148552,0.5713130667758192,0.294277720217306,-0.03257619460872216,0.1148846911718418,0.1432167990684357,807.4725274725275,809.4871794871796,823.1868131868132,896.9230769230769,1209.194139194139,1313.956043956044,-0.216553,-0.215088,0.985046,25.892181,-5.973969,8.732910,1,2,1,1,2,97.000000
2025-03-24 14:50:02.958,1.511020431323185,0.9409382110295017,0.8750492583410635,1.043644381672302,0.9444931309105442,-0.04885660068446331,0.6933169515575336,0.9953524425703274,0.9435174196788081,0.2707114658434213,0.4490244431046479,0.9613035868895583,0.4453294331587522,0.1064900168832961,0.08573321481148552,0.5713130667758192,0.294277720217306,-0.03257619460872216,0.1148846911718418,0.1432167990684357,801.4285714285714,806.2637362637363,809.4871794871796,728.901098901099,600.3663003663004,141.4285714285714,-0.398376,0.081665,0.782532,-0.014954,11.185303,16.232147,1,2,1,1,2,97.000000
2025-03-24 14:50:03.414,,,,,,,,,,,,,,,,,,,,,,,,,,,,,,,,,,,,,,,/muse/elements/blink
2025-03-24 14:50:03.458,1.511020431323185,0.9409382110295017,0.8750492583410635,1.043644381672302,0.9444931309105442,-0.04885660068446331,0.6933169515575336,0.9953524425703274,0.9435174196788081,0.2707114658434213,0.4490244431046479,0.9613035868895583,0.4453294331587522,0.1064900168832961,0.08573321481148552,0.5713130667758192,0.294277720217306,-0.03257619460872216,0.1148846911718418,0.1432167990684357,854.6153846153846,775.2380952380953,842.9304029304029,836.0805860805862,14.50549450549451,0,0.247375,-0.146240,0.588318,17.069550,-29.981995,-0.171967,1,2,1,1,2,97.000000
2025-03-24 14:50:03.649,,,,,,,,,,,,,,,,,,,,,,,,,,,,,,,,,,,,,,,/muse/elements/blink
2025-03-24 14:50:03.958,1.511020431323185,0.9409382110295017,0.8750492583410635,1.043644381672302,0.9444931309105442,-0.04885660068446331,0.6933169515575336,0.9953524425703274,0.9435174196788081,0.2707114658434213,0.4490244431046479,0.9613035868895583,0.4453294331587522,0.1064900168832961,0.08573321481148552,0.5713130667758192,0.294277720217306,-0.03257619460872216,0.1148846911718418,0.1432167990684357,800.2197802197802,785.3113553113553,770,793.3699633699634,0,0,-0.026062,0.345703,0.895203,1.039276,8.987122,50.102081,1,2,1,1,2,97.000000
2025-03-24 14:50:04.458,1.511020431323185,0.9409382110295017,0.8750492583410635,1.043644381672302,0.9444931309105442,-0.04885660068446331,0.6933169515575336,0.9953524425703274,0.9435174196788081,0.2707114658434213,0.4490244431046479,0.9613035868895583,0.4453294331587522,0.1064900168832961,0.08573321481148552,0.5713130667758192,0.294277720217306,-0.03257619460872216,0.1148846911718418,0.1432167990684357,802.2344322344322,790.5494505494506,784.5054945054945,806.6666666666667,1018.608058608059,1105.641025641026,0.070190,-0.105042,1.036194,-14.340515,30.258636,19.768677,1,2,1,1,2,97.000000
2025-03-24 14:50:04.966,1.511020431323185,0.9409382110295017,0.8750492583410635,1.043644381672302,0.9444931309105442,-0.04885660068446331,0.6933169515575336,0.9953524425703274,0.9435174196788081,0.2707114658434213,0.4490244431046479,0.9613035868895583,0.4453294331587522,0.1064900168832961,0.08573321481148552,0.5713130667758192,0.294277720217306,-0.03257619460872216,0.1148846911718418,0.1432167990684357,743.4065934065934,786.5201465201466,788.1318681318681,736.5567765567765,1129.81684981685,1361.501831501831,0.067871,0.312622,1.060242,-6.355286,11.858215,66.416473,1,2,1,1,2,97.000000
2025-03-24 14:50:05.243,,,,,,,,,,,,,,,,,,,,,,,,,,,,,,,,,,,,,,,/muse/elements/blink
2025-03-24 14:50:05.458,1.511020431323185,0.9409382110295017,0.8750492583410635,1.043644381672302,0.9444931309105442,-0.04885660068446331,0.6933169515575336,0.9953524425703274,0.9435174196788081,0.2707114658434213,0.4490244431046479,0.9613035868895583,0.4453294331587522,0.1064900168832961,0.08573321481148552,0.5713130667758192,0.294277720217306,-0.03257619460872216,0.1148846911718418,0.1432167990684357,796.996336996337,809.8901098901099,795.7875457875458,811.5018315018315,183.7362637362637,0,-0.337219,0.106506,1.028442,-23.566895,3.252411,28.718414,1,2,1,1,2,97.000000
2025-03-24 14:50:05.958,1.511020431323185,0.9409382110295017,0.8750492583410635,1.043644381672302,0.9444931309105442,-0.04885660068446331,0.6933169515575336,0.9953524425703274,0.9435174196788081,0.2707114658434213,0.4490244431046479,0.9613035868895583,0.4453294331587522,0.1064900168832961,0.08573321481148552,0.5713130667758192,0.294277720217306,-0.03257619460872216,0.1148846911718418,0.1432167990684357,769.5970695970697,755.4945054945055,833.6630036630037,763.1501831501831,1134.652014652015,1206.776556776557,-0.343384,-0.011963,0.914124,-41.533661,25.451050,103.157501,1,2,1,1,2,97.000000
2025-03-24 14:50:06.130,,,,,,,,,,,,,,,,,,,,,,,,,,,,,,,,,,,,,,,/muse/elements/blink
2025-03-24 14:50:06.457,1.511020431323185,0.9409382110295017,0.8750492583410635,1.043644381672302,0.9444931309105442,-0.04885660068446331,0.6933169515575336,0.9953524425703274,0.9435174196788081,0.2707114658434213,0.4490244431046479,0.9613035868895583,0.4453294331587522,0.1064900168832961,0.08573321481148552,0.5713130667758192,0.294277720217306,-0.03257619460872216,0.1148846911718418,0.1432167990684357,844.9450549450549,813.5164835164835,821.1721611721612,856.2271062271062,1573.443223443224,1622.197802197802,-0.408386,0.170776,0.844482,4.658051,-2.773895,-3.573914,1,2,1,1,2,97.000000
2025-03-24 14:50:06.795,,,,,,,,,,,,,,,,,,,,,,,,,,,,,,,,,,,,,,,/muse/elements/blink
2025-03-24 14:50:06.958,1.511020431323185,0.9409382110295017,0.8750492583410635,1.043644381672302,0.9444931309105442,-0.04885660068446331,0.6933169515575336,0.9953524425703274,0.9435174196788081,0.2707114658434213,0.4490244431046479,0.9613035868895583,0.4453294331587522,0.1064900168832961,0.08573321481148552,0.5713130667758192,0.294277720217306,-0.03257619460872216,0.1148846911718418,0.1432167990684357,828.021978021978,803.8461538461539,800.6227106227107,793.3699633699634,1135.054945054945,1230.549450549451,-0.181824,0.326965,0.967041,78.080292,-23.103333,-156.698914,1,2,1,1,2,97.000000
2025-03-24 14:50:07.457,1.511020431323185,0.9409382110295017,0.8750492583410635,1.043644381672302,0.9444931309105442,-0.04885660068446331,0.6933169515575336,0.9953524425703274,0.9435174196788081,0.2707114658434213,0.4490244431046479,0.9613035868895583,0.4453294331587522,0.1064900168832961,0.08573321481148552,0.5713130667758192,0.294277720217306,-0.03257619460872216,0.1148846911718418,0.1432167990684357,894.908424908425,778.4615384615385,816.3369963369963,911.0256410256411,688.2051282051282,752.6739926739926,-0.314514,0.092529,0.886963,18.774261,-9.331055,-79.665375,1,2,1,1,2,97.000000
2025-03-24 14:50:07.958,1.511020431323185,0.9409382110295017,0.8750492583410635,1.043644381672302,0.9444931309105442,-0.04885660068446331,0.6933169515575336,0.9953524425703274,0.9435174196788081,0.2707114658434213,0.4490244431046479,0.9613035868895583,0.4453294331587522,0.1064900168832961,0.08573321481148552,0.5713130667758192,0.294277720217306,-0.03257619460872216,0.1148846911718418,0.1432167990684357,819.5604395604396,825.2014652014652,807.0695970695971,894.5054945054945,1623.809523809524,1622.197802197802,-0.313477,0.041260,0.957764,4.448700,-0.755157,-17.899475,1,2,1,1,2,97.000000
2025-03-24 14:50:08.458,1.511020431323185,0.9409382110295017,0.8750492583410635,1.043644381672302,0.9444931309105442,-0.04885660068446331,0.6933169515575336,0.9953524425703274,0.9435174196788081,0.2707114658434213,0.4490244431046479,0.9613035868895583,0.4453294331587522,0.1064900168832961,0.08573321481148552,0.5713130667758192,0.294277720217306,-0.03257619460872216,0.1148846911718418,0.1432167990684357,796.996336996337,796.996336996337,802.6373626373627,814.7252747252747,1004.505494505495,1166.483516483516,-0.420837,0.244751,0.968506,0.530853,-3.536530,13.727417,1,2,1,1,2,97.000000
2025-03-24 14:50:08.967,1.511020431323185,0.9409382110295017,0.7196120291684966,1.043644381672302,0.9444931309105442,-0.04885660068446331,0.5325476492498455,0.9953524425703274,0.9435174196788081,0.2707114658434213,0.3528581585824586,0.9613035868895583,0.4453294331587522,0.1064900168832961,0.510102651157286,0.5713130667758192,0.294277720217306,-0.03257619460872216,0.3176005313597589,0.1432167990684357,803.4432234432235,799.0109890109891,794.5787545787546,797.3992673992674,1165.677655677656,1509.377289377289,-0.490601,0.112854,0.920105,1.472931,-1.996307,-1.562653,1,2,1,1,2,97.000000
2025-03-24 14:50:09.457,1.511020431323185,0.2521680563018708,0.5684992549138571,1.043644381672302,0.9444931309105442,0.03176145603396977,0.3527312641076678,0.9953524425703274,0.9435174196788081,-0.05017798016335302,0.3528581585824586,0.9613035868895583,0.4453294331587522,0.683087865804993,0.3238244104805573,0.5713130667758192,0.294277720217306,0.2876535598840045,0.1307855650228158,0.1432167990684357,813.919413919414,821.978021978022,793.7728937728938,822.7838827838829,954.9450549450549,1172.124542124542,-0.339050,0.143066,0.988403,-0.134583,-8.284302,-6.302948,1,2,1,1,2,97.000000
2025-03-24 14:50:09.958,1.100937491607066,0.5019140303922517,0.7058639974070356,1.043644381672302,0.5314202586356005,0.190748927561053,0.3565136517930562,0.9953524425703274,0.8686323855993255,0.3054412652814786,0.415738925429484,0.9613035868895583,0.5107922336297627,0.7742395505622065,0.2605776099745054,0.5713130667758192,0.6364811135034217,0.4020404055448178,0.04576304231215698,0.1432167990684357,831.2454212454213,814.7252747252747,810.2930402930403,864.6886446886447,475.8608058608059,245.3846153846154,-0.181885,0.113403,0.977478,5.622559,-8.074951,-0.665436,1,1,1,1,1,97.000000
2025-03-24 14:50:10.458,1.23990688779987,0.5019140303922517,0.6486601490566962,1.043644381672302,0.6012544325954049,0.190748927561053,0.3267230645919493,0.9953524425703274,0.9175655544127325,0.3054412652814786,0.3600777156605661,0.9613035868895583,0.6697891053873791,0.7742395505622065,0.07741201551488003,0.5713130667758192,0.6516528183737278,0.4020404055448178,-0.1768091216561128,0.1432167990684357,811.0989010989011,824.3956043956044,808.2783882783883,836.8864468864469,1620.989010989011,1622.197802197802,-0.432678,0.287048,0.887695,4.717865,-1.577606,-1.869202,1,1,1,1,1,97.000000
2025-03-24 14:50:10.958,1.347419131609558,0.5747928634456559,0.8676111860763576,1.043644381672302,0.9059018101935864,0.2527001601929009,0.5061111418184946,0.9953524425703274,1.063499840516869,0.2933243787023999,0.4363747910163966,0.9613035868895583,0.7330929091558354,0.8113991483012039,0.03398879924101683,0.5713130667758192,0.6411011765403671,0.4492851730549154,-0.1443069163864955,0.1432167990684357,692.2344322344322,816.3369963369963,820.7692307692308,697.0695970695971,583.4432234432235,666.8498168498169,-0.414734,0.074646,0.868713,-38.864441,5.383301,63.605194,1,1,1,1,1,97.000000
2025-03-24 14:50:11.163,,,,,,,,,,,,,,,,,,,,,,,,,,,,,,,,,,,,,,,/muse/elements/blink
2025-03-24 14:50:11.379,,,,,,,,,,,,,,,,,,,,,,,,,,,,,,,,,,,,,,,/muse/elements/jaw_clench
2025-03-24 14:50:11.468,1.43789933917944,0.6958788508143734,0.9096615404728537,1.043644381672302,1.021690427775533,0.3035260533877065,0.5875020615338028,0.9953524425703274,1.020932622388878,0.2925025788144227,0.4485311927097583,0.9613035868895583,0.8196080838218036,0.8780648646981841,0.02735077285265678,0.5713130667758192,0.6618458365207459,0.4994563273218698,-0.1257314418643496,0.1432167990684357,831.2454212454213,772.4175824175825,811.9047619047619,819.5604395604396,942.4542124542124,1161.245421245421,-0.555725,-0.028015,0.822632,-32.157745,-9.398346,38.744812,1,1,1,1,1,97.000000
2025-03-24 14:50:11.958,1.505355305394783,0.6958788508143734,1.041406344114012,1.043644381672302,1.208729260321421,0.3035260533877065,0.6475329971751366,0.9953524425703274,0.9510475266380417,0.2925025788144227,0.373999832710713,0.9613035868895583,0.8373320359071724,0.8780648646981841,-0.001515191497452854,0.5713130667758192,0.6191961896016102,0.4994563273218698,-0.07240849849377771,0.1432167990684357,768.3882783882784,747.8388278388279,809.4871794871796,863.8827838827839,1013.369963369963,1251.904761904762,-0.171509,0.155090,1.139404,-68.405304,-40.524292,163.091583,1,1,1,1,1,97.000000
2025-03-24 14:50:11.967,,,,,,,,,,,,,,,,,,,,,,,,,,,,,,,,,,,,,,,/muse/elements/blink
2025-03-24 14:50:12.458,1.5191484186784,0.6958788508143734,1.149887779580675,1.043644381672302,1.221026344629257,0.3035260533877065,0.7219832275768504,0.9953524425703274,0.9433258529399153,0.2925025788144227,0.3726057955063987,0.9613035868895583,0.8119343697622685,0.8780648646981841,0.03453913176094452,0.5713130667758192,0.5813050220156855,0.4994563273218698,-0.1214122217746206,0.1432167990684357,801.025641025641,779.6703296703297,798.2051282051282,780.4761904761905,1498.095238095238,1618.974358974359,-0.302856,0.239807,0.955566,5.757141,-6.826324,-18.639679,1,1,1,1,1,97.000000
2025-03-24 14:50:12.801,,,,,,,,,,,,,,,,,,,,,,,,,,,,,,,,,,,,,,,/muse/elements/blink
2025-03-24 14:50:12.957,1.5191484186784,0.6958788508143734,1.149887779580675,1.043644381672302,1.221026344629257,0.3035260533877065,0.7219832275768504,0.9953524425703274,0.9433258529399153,0.2925025788144227,0.3726057955063987,0.9613035868895583,0.8119343697622685,0.8780648646981841,0.03453913176094452,0.5713130667758192,0.5813050220156855,0.4994563273218698,-0.1214122217746206,0.1432167990684357,873.5531135531136,795.7875457875458,812.3076923076924,780.0732600732601,49.96336996336996,0,-0.088684,0.270569,1.075195,53.758240,-12.426453,-182.964935,1,1,1,1,1,97.000000
2025-03-24 14:50:13.466,1.5191484186784,0.6958788508143734,1.149887779580675,1.043644381672302,1.221026344629257,0.3035260533877065,0.7219832275768504,0.9953524425703274,0.9433258529399153,0.2925025788144227,0.3726057955063987,0.9613035868895583,0.8119343697622685,0.8780648646981841,0.03453913176094452,0.5713130667758192,0.5813050220156855,0.4994563273218698,-0.1214122217746206,0.1432167990684357,848.5714285714286,797.3992673992674,808.2783882783883,882.8205128205128,176.4835164835165,0,-0.170654,0.144714,0.936218,11.013336,-0.560760,-30.101624,1,1,1,1,1,97.000000
2025-03-24 14:50:13.959,1.5191484186784,0.6958788508143734,1.149887779580675,1.043644381672302,1.221026344629257,0.3035260533877065,0.7219832275768504,0.9953524425703274,0.9433258529399153,0.2925025788144227,0.3726057955063987,0.9613035868895583,0.8119343697622685,0.8780648646981841,0.03453913176094452,0.5713130667758192,0.5813050220156855,0.4994563273218698,-0.1214122217746206,0.1432167990684357,788.1318681318681,774.4322344322345,795.7875457875458,734.1391941391942,1618.168498168498,1622.197802197802,-0.464111,0.270935,0.838013,3.798218,-6.347809,-8.194580,1,2,1,1,2,97.000000
2025-03-24 14:50:14.460,1.5191484186784,0.6958788508143734,1.149887779580675,1.043644381672302,1.221026344629257,0.3035260533877065,0.7219832275768504,0.9953524425703274,0.9433258529399153,0.2925025788144227,0.3726057955063987,0.9613035868895583,0.8119343697622685,0.8780648646981841,0.03453913176094452,0.5713130667758192,0.5813050220156855,0.4994563273218698,-0.1214122217746206,0.1432167990684357,688.6080586080586,909.0109890109891,813.1135531135532,751.8681318681319,1622.197802197802,1622.197802197802,-0.183350,0.178345,1.039001,-12.628326,-7.775879,-6.078644,1,2,1,1,2,97.000000
2025-03-24 14:50:14.638,,,,,,,,,,,,,,,,,,,,,,,,,,,,,,,,,,,,,,,/muse/elements/blink
2025-03-24 14:50:14.968,1.5191484186784,0.6958788508143734,0.7889412847856113,1.043644381672302,1.221026344629257,0.3035260533877065,0.366113434317986,0.9953524425703274,0.9433258529399153,0.2925025788144227,0.4498899204251374,0.9613035868895583,0.8119343697622685,0.8780648646981841,0.7649238327775771,0.5713130667758192,0.5813050220156855,0.4994563273218698,0.6044896130782728,0.1432167990684357,828.021978021978,809.8901098901099,809.8901098901099,893.6996336996338,942.8571428571429,1407.032967032967,-0.356567,0.378174,0.974182,10.310516,0.568237,-5.854340,1,2,1,1,2,97.000000
2025-03-24 14:50:15.463,1.5191484186784,0.6958788508143734,0.7312184997814909,1.043644381672302,1.221026344629257,0.3035260533877065,0.5167042581732086,0.9953524425703274,0.9433258529399153,0.2925025788144227,0.5166599228106541,0.9613035868895583,0.8119343697622685,0.8780648646981841,0.6862657808026492,0.5713130667758192,0.5813050220156855,0.4994563273218698,0.4119219061465967,0.1432167990684357,809.0842490842491,801.8315018315019,809.0842490842491,768.3882783882784,850.989010989011,427.1062271062271,-0.310364,0.453918,0.824463,-3.035583,3.132782,13.420868,1,2,1,1,2,97.000000
2025-03-24 14:50:15.958,1.5191484186784,0.6958788508143734,0.6893649229833589,1.043644381672302,1.221026344629257,0.3035260533877065,0.4756217904852785,0.9953524425703274,0.9433258529399153,0.2925025788144227,0.3039265674298191,0.9613035868895583,0.8119343697622685,0.8780648646981841,0.6194865691857429,0.5713130667758192,0.5813050220156855,0.4994563273218698,0.269754497303185,0.1432167990684357,798.6080586080586,823.992673992674,792.967032967033,806.2637362637363,761.1355311355312,941.6483516483516,-0.211182,0.203125,0.970215,-12.306824,-9.488068,1.203766,1,2,1,1,2,97.000000
2025-03-24 14:50:16.458,0.6515802716772101,0.2068864794395773,0.5892745207993344,1.043644381672302,0.8677654771799665,0.2121197004010205,0.4291091712596849,0.9953524425703274,1.120056904203988,0.2706953994682913,0.3071781543055109,0.9613035868895583,0.8696908520598335,0.4678950241380601,0.5685848202648451,0.5713130667758192,0.5507039406587668,0.3393081204136886,0.2144460121495641,0.1432167990684357,785.7142857142858,818.7545787545788,799.4139194139194,768.3882783882784,1213.223443223443,1329.67032967033,-0.353699,0.073730,0.925171,-12.127380,4.904785,11.461945,1,1,1,1,1,97.000000
2025-03-24 14:50:16.958,0.9480849424702081,0.3422912922521719,0.5258110590911144,1.043644381672302,0.8776193875791648,0.0450961782560244,0.23771688801596,0.9953524425703274,1.120056904203988,0.3356112229822698,0.2564146642633452,0.9613035868895583,0.8193380772038903,0.5524939993960017,0.4646832834665521,0.5713130667758192,0.5001210970893115,0.5299384396089514,0.1906505895161335,0.1432167990684357,802.2344322344322,799.4139194139194,802.6373626373627,781.2820512820513,772.014652014652,574.1758241758242,-0.314026,0.025940,0.946045,-4.598236,0.112152,33.025055,1,1,1,1,1,97.000000
2025-03-24 14:50:17.469,1.003094830955569,0.3390359570565099,0.553998790829438,1.043644381672302,0.8701316618003514,0.08067017569050897,0.127675838411157,0.9953524425703274,1.121656168347543,0.3492572091073751,0.1668387978879524,0.9613035868895583,0.8579860826696398,0.7472744978792643,0.404167532611753,0.5713130667758192,0.5514241946902199,0.7158380673189194,0.1413456507528201,0.1432167990684357,788.1318681318681,793.3699633699634,826.007326007326,862.2710622710623,1624.615384615385,1622.197802197802,-0.237732,0.210693,0.922852,-64.270630,16.344299,150.881958,1,1,1,1,1,97.000000
2025-03-24 14:50:17.967,1.431164849368285,0.2967326191824469,0.8964274561671337,1.043644381672302,1.009312021167143,-0.1045673338125017,0.3056115070813455,0.9953524425703274,0.8071368373476892,0.2598935334707554,0.05178994507881794,0.9613035868895583,0.8098853934894182,0.846593965301311,0.3482894116622905,0.5713130667758192,0.5519546560547122,0.8426367721645618,0.1655897108736789,0.1432167990684357,831.2454212454213,824.3956043956044,823.5897435897436,952.5274725274726,1243.040293040293,1622.197802197802,-0.231384,0.066101,0.971130,-6.788940,4.889832,43.006592,1,1,1,1,1,97.000000
2025-03-24 14:50:18.469,1.576010976559305,0.1286279600528808,1.073333109502968,1.043644381672302,1.104711407623204,0.08524684400521475,0.5238068821204012,0.9953524425703274,0.7947795921687375,0.1861129624156321,0.04716436233543692,0.9613035868895583,0.8673341435910332,0.9828631429650837,0.3993235012116686,0.5713130667758192,0.6425570287396375,0.9329945266842757,0.1754988849608009,0.1432167990684357,734.5421245421246,806.2637362637363,821.978021978022,666.0439560439561,725.2747252747253,10.07326007326007,-0.364807,0.032349,0.766052,14.781647,-4.441223,-23.043518,1,1,1,1,1,97.000000
2025-03-24 14:50:18.796,,,,,,,,,,,,,,,,,,,,,,,,,,,,,,,,,,,,,,,/muse/elements/blink
2025-03-24 14:50:18.958,1.576010976559305,0.1286279600528808,1.221813425819322,1.043644381672302,1.104711407623204,0.08524684400521475,0.660451042957434,0.9953524425703274,0.7947795921687375,0.1861129624156321,0.04692450098136199,0.9613035868895583,0.8673341435910332,0.9828631429650837,0.4079906542226618,0.5713130667758192,0.6425570287396375,0.9329945266842757,0.1550381497968544,0.1432167990684357,850.989010989011,801.4285714285714,800.6227106227107,904.5787545787546,897.7289377289378,1162.857142857143,-0.160767,0.226746,1.393372,63.709869,0.269165,-172.265625,1,1,1,1,1,97.000000
2025-03-24 14:50:19.458,1.576010976559305,0.1286279600528808,1.221813425819322,1.043644381672302,1.104711407623204,0.08524684400521475,0.660451042957434,0.9953524425703274,0.7947795921687375,0.1861129624156321,0.04692450098136199,0.9613035868895583,0.8673341435910332,0.9828631429650837,0.4079906542226618,0.5713130667758192,0.6425570287396375,0.9329945266842757,0.1550381497968544,0.1432167990684357,749.8534798534798,786.5201465201466,846.959706959707,844.9450549450549,1464.652014652015,1622.197802197802,-0.069458,0.129272,1.073242,-72.128754,5.577698,177.245178,1,1,1,1,1,97.000000
2025-03-24 14:50:19.958,1.576010976559305,0.1286279600528808,1.221813425819322,1.043644381672302,1.104711407623204,0.08524684400521475,0.660451042957434,0.9953524425703274,0.7947795921687375,0.1861129624156321,0.04692450098136199,0.9613035868895583,0.8673341435910332,0.9828631429650837,0.4079906542226618,0.5713130667758192,0.6425570287396375,0.9329945266842757,0.1550381497968544,0.1432167990684357,815.5311355311355,805.0549450549451,816.7399267399268,888.8644688644689,0,0.4029304029304029,-0.312195,-0.075134,0.731628,-1.891632,2.347717,32.030640,1,2,1,1,2,97.000000
2025-03-24 14:50:20.458,1.576010976559305,0.1286279600528808,1.221813425819322,1.043644381672302,1.104711407623204,0.08524684400521475,0.660451042957434,0.9953524425703274,0.7947795921687375,0.1861129624156321,0.04692450098136199,0.9613035868895583,0.8673341435910332,0.9828631429650837,0.4079906542226618,0.5713130667758192,0.6425570287396375,0.9329945266842757,0.1550381497968544,0.1432167990684357,795.3846153846154,792.1611721611722,808.2783882783883,740.989010989011,372.3076923076923,0,-0.368958,-0.068970,0.738098,3.020630,12.605896,-11.738586,1,2,1,1,2,97.000000
2025-03-24 14:50:20.958,1.576010976559305,0.1286279600528808,1.221813425819322,1.043644381672302,1.104711407623204,0.08524684400521475,0.660451042957434,0.9953524425703274,0.7947795921687375,0.1861129624156321,0.04692450098136199,0.9613035868895583,0.8673341435910332,0.9828631429650837,0.4079906542226618,0.5713130667758192,0.6425570287396375,0.9329945266842757,0.1550381497968544,0.1432167990684357,800.2197802197802,805.0549450549451,819.96336996337,780.0732600732601,1622.197802197802,1622.197802197802,-0.319092,-0.090332,0.802490,-4.613190,-8.516083,-3.476715,1,2,1,1,2,97.000000
2025-03-24 14:50:21.466,1.576010976559305,0.8778270114691157,0.5870735934888761,1.043644381672302,1.104711407623204,0.7038765002911301,0.06329205189747379,0.9953524425703274,0.7947795921687375,0.1131882069604375,-0.04574292098091199,0.9613035868895583,0.8673341435910332,0.7261547102195468,0.3202784586483725,0.5713130667758192,0.6425570287396375,0.5335719095170198,0.5717140698922455,0.1432167990684357,802.2344322344322,796.1904761904763,800.6227106227107,797.3992673992674,1025.457875457875,1168.095238095238,-0.204529,0.058533,1.380127,15.850830,-16.770477,-0.448608,1,2,1,1,2,97.000000
2025-03-24 14:50:21.961,1.228587350278409,0.9396257209200298,0.5473903768535396,1.043644381672302,1.065450577773031,0.722842812994682,0.4159563156983854,0.9953524425703274,0.6986804732731415,0.5596599197340041,0.08558119937298092,0.9613035868895583,0.9290328361396704,0.6160443016284475,0.3374534709810734,0.5713130667758192,0.3269669147853992,0.470439566827241,0.5014720135493345,0.1432167990684357,807.0695970695971,812.3076923076924,786.5201465201466,804.2490842490843,1304.688644688645,1620.18315018315,-0.464600,-0.346924,1.053162,-1.114044,-13.996582,1.293488,1,1,1,1,1,97.000000
2025-03-24 14:50:22.326,,,,,,,,,,,,,,,,,,,,,,,,,,,,,,,,,,,,,,,/muse/elements/blink
2025-03-24 14:50:22.458,1.211735335602502,0.9094448383486945,0.855826458085405,1.043644381672302,1.073481762787541,0.8362251985328699,0.6186371252404956,0.9953524425703274,0.6986804732731415,0.5359750933728787,0.367129283436954,0.9613035868895583,0.9479400887413238,0.4891748003779451,0.2687316415817042,0.5713130667758192,0.3526591644750095,0.444602020195164,0.3687569397334846,0.1432167990684357,809.8901098901099,768.3882783882784,830.8424908424909,846.5567765567765,188.1684981684982,0,-0.165527,0.110107,1.007446,54.797516,1.600037,-163.338318,1,1,1,1,1,97.000000
2025-03-24 14:50:22.958,1.181089788896275,0.9014165586038149,1.067232977708722,1.043644381672302,1.064724010761502,0.8049650888508568,0.7918269615322329,0.9953524425703274,0.6986804732731415,0.5122893840703219,0.3471899019035588,0.9613035868895583,0.9781685156307345,0.4428810015123612,0.2323767426183006,0.5713130667758192,0.3956342607009637,0.3509947126395587,0.2249939932880548,0.1432167990684357,796.1904761904763,765.1648351648352,807.0695970695971,765.5677655677656,875.5677655677656,753.4798534798535,-0.063538,0.242615,1.051880,55.186310,-15.110626,-168.213196,1,1,1,1,1,97.000000
2025-03-24 14:50:23.466,1.12364360278759,0.5400352887276302,1.271583468754417,1.043644381672302,1.100419999439584,0.9167578113509518,0.9145715461192346,0.9953524425703274,0.6718098566609906,0.4932030643826648,0.2975652851956292,0.9613035868895583,1.058007675524145,0.5137529904368457,0.1010019348366953,0.5713130667758192,0.4962532516281202,0.3453922603577025,-0.09423639350473248,0.1432167990684357,807.4725274725275,796.5934065934066,819.5604395604396,753.8827838827839,1097.582417582418,831.2454212454213,-0.079041,0.047058,0.966675,15.918121,-19.992981,-80.607452,1,1,1,1,1,97.000000
2025-03-24 14:50:23.962,1.12364360278759,0.5400352887276302,1.383285685162747,1.043644381672302,1.100419999439584,0.9167578113509518,0.9683620647028859,0.9953524425703274,0.6718098566609906,0.4932030643826648,0.2975652851956292,0.9613035868895583,1.058007675524145,0.5137529904368457,0.0961570365216842,0.5713130667758192,0.4962532516281202,0.3453922603577025,-0.16933946022443,0.1432167990684357,837.2893772893773,789.3406593406594,807.8754578754579,824.3956043956044,957.3626373626374,1175.347985347985,-0.327087,0.034790,0.853394,3.581390,24.396820,-19.095764,1,1,1,1,1,97.000000
2025-03-24 14:50:24.043,,,,,,,,,,,,,,,,,,,,,,,,,,,,,,,,,,,,,,,/muse/elements/blink
2025-03-24 14:50:24.458,1.12364360278759,0.5400352887276302,1.383285685162747,1.043644381672302,1.100419999439584,0.9167578113509518,0.9683620647028859,0.9953524425703274,0.6718098566609906,0.4932030643826648,0.2975652851956292,0.9613035868895583,1.058007675524145,0.5137529904368457,0.0961570365216842,0.5713130667758192,0.4962532516281202,0.3453922603577025,-0.16933946022443,0.1432167990684357,772.014652014652,823.1868131868132,813.1135531135532,783.2967032967033,1029.487179487179,1056.483516483516,-0.344788,0.289062,0.919922,32.120361,-11.985321,-62.207031,1,1,1,1,1,97.000000
2025-03-24 14:50:24.969,1.12364360278759,0.5400352887276302,1.383285685162747,1.043644381672302,1.100419999439584,0.9167578113509518,0.9683620647028859,0.9953524425703274,0.6718098566609906,0.4932030643826648,0.2975652851956292,0.9613035868895583,1.058007675524145,0.5137529904368457,0.0961570365216842,0.5713130667758192,0.4962532516281202,0.3453922603577025,-0.16933946022443,0.1432167990684357,801.8315018315019,792.967032967033,811.0989010989011,777.2527472527473,863.0769230769231,747.032967032967,-0.445129,0.184937,0.891907,11.245117,-0.119629,-28.471680,1,2,1,1,2,97.000000
2025-03-24 14:50:25.458,1.12364360278759,1.008500061084515,1.383285685162747,1.043644381672302,1.100419999439584,0.9428007531169825,0.9683620647028859,0.9953524425703274,0.6718098566609906,0.8066991554660126,0.2975652851956292,0.9613035868895583,1.058007675524145,1.092689801575637,0.0961570365216842,0.5713130667758192,0.4962532516281202,1.002017069075674,-0.16933946022443,0.1432167990684357,774.4322344322345,763.5531135531136,840.5128205128206,833.6630036630037,1022.234432234432,1096.373626373626,-0.331604,0.070801,0.883240,-33.548431,-0.620575,87.172089,1,2,1,1,2,97.000000
2025-03-24 14:50:25.510,,,,,,,,,,,,,,,,,,,,,,,,,,,,,,,,,,,,,,,/muse/elements/blink
2025-03-24 14:50:25.958,1.12364360278759,1.008500061084515,1.383285685162747,1.043644381672302,1.100419999439584,0.9428007531169825,0.9683620647028859,0.9953524425703274,0.6718098566609906,0.8066991554660126,0.2975652851956292,0.9613035868895583,1.058007675524145,1.092689801575637,0.0961570365216842,0.5713130667758192,0.4962532516281202,1.002017069075674,-0.16933946022443,0.1432167990684357,813.5164835164835,819.1575091575091,772.4175824175825,801.4285714285714,423.4798534798535,0,-0.315674,0.075073,0.900024,-23.432312,3.110352,54.610596,1,2,1,1,2,97.000000
2025-03-24 14:50:26.458,1.12364360278759,1.008500061084515,1.383285685162747,1.043644381672302,1.100419999439584,0.9428007531169825,0.9683620647028859,0.9953524425703274,0.6718098566609906,0.8066991554660126,0.2975652851956292,0.9613035868895583,1.058007675524145,1.092689801575637,0.0961570365216842,0.5713130667758192,0.4962532516281202,1.002017069075674,-0.16933946022443,0.1432167990684357,808.6813186813187,819.1575091575091,792.967032967033,813.1135531135532,1622.197802197802,1622.197802197802,-0.252319,0.203064,0.863220,2.228088,-4.306641,-12.366638,1,2,1,1,2,97.000000
2025-03-24 14:50:26.965,1.12364360278759,1.160146592286149,1.383285685162747,1.043644381672302,1.100419999439584,0.6960963235139661,0.9683620647028859,0.9953524425703274,0.6718098566609906,0.4379380362544786,0.2975652851956292,0.9613035868895583,1.058007675524145,0.07343456116379084,0.0961570365216842,0.5713130667758192,0.4962532516281202,-0.449773181099533,-0.16933946022443,0.1432167990684357,805.4578754578755,811.0989010989011,797.3992673992674,805.8608058608058,355.7875457875458,0,-0.242981,0.199951,0.952148,1.211243,4.448700,1.413116,1,2,1,1,2,97.000000
2025-03-24 14:50:27.458,0.7951803721570775,1.020844472358706,0.9320217892455895,1.043644381672302,0.4666151035379221,0.4503439444118497,-0.002818589634217046,0.9953524425703274,0.5464200031886673,0.4418471515269953,0.2701775088281532,0.9613035868895583,0.4428348157739755,-0.01159338338334123,0.059999224325165,0.5713130667758192,0.2296136990011815,-0.4792342811001297,-0.4257464074714081,0.1432167990684357,797.8021978021978,803.4432234432235,801.025641025641,786.5201465201466,847.3626373626374,878.3882783882784,-0.323059,0.157532,0.912170,-2.205658,-6.788940,-2.527161,1,1,1,1,1,97.000000
2025-03-24 14:50:27.960,0.8089747017416113,0.8672708554649308,0.8082312695775943,1.043644381672302,0.4836075621111423,0.3249780537523362,0.1029546955623846,0.9953524425703274,0.7216899553520081,0.4418471515269953,0.3693740718953866,0.9613035868895583,0.4668327015152218,-0.1216552746147154,0.0685151532588229,0.5713130667758192,0.2325257491348274,-0.4093734515774946,-0.3335295264349413,0.1432167990684357,801.4285714285714,797.8021978021978,806.6666666666667,804.6520146520147,886.0439560439561,791.7582417582418,-0.344482,0.103210,0.905518,-0.276642,6.923523,0.403748,1,1,1,1,1,97.000000
2025-03-24 14:50:28.464,0.6548345887803653,0.5467510599013821,0.4689068544466932,1.043644381672302,0.4801722538606375,0.07218239150777193,0.06620041188683665,0.9953524425703274,0.7327792663393984,0.09605198238697746,0.3513324649377239,0.9613035868895583,0.4747116427829989,-0.144544125961666,0.08659848722467822,0.5713130667758192,0.2521285141183012,-0.3188058277826805,-0.2899944806612384,0.1432167990684357,795.3846153846154,801.8315018315019,809.0842490842491,775.6410256410256,899.3406593406594,782.4908424908425,-0.348083,0.134094,0.919495,2.631836,-1.891632,2.160797,1,1,1,1,1,97.000000
2025-03-24 14:50:28.748,,,,,,,,,,,,,,,,,,,,,,,,,,,,,,,,,,,,,,,/muse/elements/blink
2025-03-24 14:50:28.958,0.6592930219939284,0.517907372567819,0.4225895793021761,0.9190989733796278,0.5438199179370903,0.3988287621254341,0.0830162708360685,0.5259413947378265,0.7313428600411153,0.3773213012624642,0.2946983603638712,0.1899235878616992,0.4723104392637949,-0.105140409466093,0.08504631830248981,0.539736825894877,0.2205288692690785,-0.2461337331154168,-0.2876794796557413,0.2765933305631451,804.2490842490843,796.996336996337,792.5641025641025,778.8644688644689,877.5824175824176,737.7655677655678,-0.347656,0.091125,0.945374,-6.519775,2.586975,11.484375,1,1,1,1,1,97.000000
2025-03-24 14:50:29.458,0.4361707845571192,0.95497261424252,0.6272997651335672,0.9190989733796278,0.5704950286490119,0.7577682653301734,0.199268607403481,0.5259413947378265,0.6073434808691583,0.4376366400361427,0.2311083857336217,0.1899235878616992,0.445283737889466,0.01189923419750567,0.1796941309019796,0.539736825894877,0.20617950666354,-0.1504512841209896,-0.218853379766163,0.2765933305631451,807.4725274725275,802.2344322344322,794.1758241758242,868.3150183150184,935.2014652014652,865.0915750915751,-0.406311,0.110474,0.890015,-36.195221,8.837585,56.988220,1,1,1,1,1,97.000000
2025-03-24 14:50:29.958,0.506810896637186,1.073038789287044,0.8440811204996762,0.9190989733796278,0.5989902812551754,0.8631091633610914,0.3240232454315238,0.5259413947378265,0.4093699628028242,0.4376366400361427,0.2783715671152182,0.1899235878616992,0.369508376515617,0.02277273795040254,0.2722401396199174,0.539736825894877,0.1576054070427367,-0.1432479980558548,-0.1123396634582033,0.2765933305631451,671.6849816849817,839.7069597069598,794.981684981685,616.080586080586,338.8644688644688,0,-0.315857,0.299438,0.910278,26.004333,-19.521942,-56.509705,1,1,1,1,1,97.000000
2025-03-24 14:50:30.135,,,,,,,,,,,,,,,,,,,,,,,,,,,,,,,,,,,,,,,/muse/elements/blink
2025-03-24 14:50:30.458,0.506810896637186,1.269507786595093,0.9949389038035071,0.9190989733796278,0.5989902812551754,1.029247586986958,0.4893835798479287,0.5259413947378265,0.4093699628028242,0.4088181350821317,0.2783715671152182,0.1899235878616992,0.369508376515617,0.03631170115085162,0.3768648199652935,0.539736825894877,0.1576054070427367,-0.06025776887921936,-0.001630047421106445,0.2765933305631451,807.4725274725275,798.6080586080586,800.6227106227107,794.1758241758242,1622.197802197802,1622.197802197802,-0.162048,-0.042908,0.944336,19.020996,-5.188904,-71.044617,1,1,1,1,1,97.000000
2025-03-24 14:50:30.966,0.506810896637186,1.237805079502383,1.184986444542478,0.9190989733796278,0.5989902812551754,0.9664308546320171,0.6195066073509879,0.5259413947378265,0.4093699628028242,0.2875125271961084,0.2734122136476827,0.1899235878616992,0.369508376515617,0.04730288529120506,0.5101754952806385,0.539736825894877,0.1576054070427367,-0.01715511969879276,0.1865742459711697,0.2765933305631451,845.7509157509157,827.6190476190476,780.0732600732601,850.1831501831502,296.5567765567766,0,-0.259033,-0.012146,0.900208,63.522949,10.789032,-111.957703,1,1,1,1,1,97.000000
2025-03-24 14:50:31.458,0.506810896637186,1.237805079502383,1.184986444542478,0.9190989733796278,0.5989902812551754,0.9664308546320171,0.6195066073509879,0.5259413947378265,0.4093699628028242,0.2875125271961084,0.2734122136476827,0.1899235878616992,0.369508376515617,0.04730288529120506,0.5101754952806385,0.539736825894877,0.1576054070427367,-0.01715511969879276,0.1865742459711697,0.2765933305631451,763.5531135531136,807.4725274725275,833.2600732600733,749.8534798534798,936.4102564102565,981.941391941392,-0.266846,0.201660,1.017151,-0.702820,-22.871552,8.037567,1,2,1,1,2,97.000000
2025-03-24 14:50:31.585,,,,,,,,,,,,,,,,,,,,,,,,,,,,,,,,,,,,,,,/muse/elements/blink
2025-03-24 14:50:31.964,0.506810896637186,1.237805079502383,1.184986444542478,0.9190989733796278,0.5989902812551754,0.9664308546320171,0.6195066073509879,0.5259413947378265,0.4093699628028242,0.2875125271961084,0.2734122136476827,0.1899235878616992,0.369508376515617,0.04730288529120506,0.5101754952806385,0.539736825894877,0.1576054070427367,-0.01715511969879276,0.1865742459711697,0.2765933305631451,776.0439560439561,815.5311355311355,791.7582417582418,809.8901098901099,1159.6336996337,1381.648351648352,-0.184631,0.092285,0.978394,-25.331421,14.632111,101.437836,1,2,1,1,2,97.000000
2025-03-24 14:50:32.458,0.506810896637186,1.237805079502383,1.184986444542478,0.9190989733796278,0.5989902812551754,0.9664308546320171,0.6195066073509879,0.5259413947378265,0.4093699628028242,0.2875125271961084,0.2734122136476827,0.1899235878616992,0.369508376515617,0.04730288529120506,0.5101754952806385,0.539736825894877,0.1576054070427367,-0.01715511969879276,0.1865742459711697,0.2765933305631451,779.6703296703297,807.4725274725275,798.6080586080586,746.6300366300367,1622.197802197802,1622.197802197802,-0.278320,0.231689,1.020996,-50.206757,22.991180,102.641602,1,2,1,1,2,97.000000
2025-03-24 14:50:32.958,0.506810896637186,1.237805079502383,1.147154404167687,0.9190989733796278,0.5989902812551754,0.9664308546320171,1.491175155264918,0.5259413947378265,0.4093699628028242,0.2875125271961084,0.4822196832897293,0.1899235878616992,0.369508376515617,0.04730288529120506,0.2979306826860642,0.539736825894877,0.1576054070427367,-0.01715511969879276,-0.1128510308724878,0.2765933305631451,797.8021978021978,807.4725274725275,812.3076923076924,866.7032967032967,654.7619047619048,331.2087912087912,-0.508362,0.030457,1.022827,-0.904694,-6.744080,-9.906769,1,2,1,1,2,97.000000
2025-03-24 14:50:33.458,0.506810896637186,1.237805079502383,1.147154404167687,0.9190989733796278,0.5989902812551754,0.9664308546320171,1.491175155264918,0.5259413947378265,0.4093699628028242,0.2875125271961084,0.4822196832897293,0.1899235878616992,0.369508376515617,0.04730288529120506,0.2979306826860642,0.539736825894877,0.1576054070427367,-0.01715511969879276,-0.1128510308724878,0.2765933305631451,829.6336996336996,844.5421245421246,774.0293040293041,832.8571428571429,1197.509157509158,1622.197802197802,-0.148438,-0.053162,0.967224,61.085510,-26.542664,-152.010956,1,2,1,1,2,97.000000
2025-03-24 14:50:33.537,,,,,,,,,,,,,,,,,,,,,,,,,,,,,,,,,,,,,,,/muse/elements/blink
2025-03-24 14:50:33.958,0.506810896637186,1.237805079502383,1.147154404167687,0.9190989733796278,0.5989902812551754,0.9664308546320171,1.491175155264918,0.5259413947378265,0.4093699628028242,0.2875125271961084,0.4822196832897293,0.1899235878616992,0.369508376515617,0.04730288529120506,0.2979306826860642,0.539736825894877,0.1576054070427367,-0.01715511969879276,-0.1128510308724878,0.2765933305631451,832.0512820512821,774.0293040293041,818.7545787545788,796.1904761904763,155.9340659340659,0,-0.293030,0.054932,0.737305,22.736969,11.192780,-62.782745,1,2,1,1,2,97.000000
2025-03-24 14:50:34.458,0.506810896637186,1.237805079502383,1.147154404167687,0.9190989733796278,0.5989902812551754,0.9664308546320171,1.491175155264918,0.5259413947378265,0.4093699628028242,0.2875125271961084,0.4822196832897293,0.1899235878616992,0.369508376515617,0.04730288529120506,0.2979306826860642,0.539736825894877,0.1576054070427367,-0.01715511969879276,-0.1128510308724878,0.2765933305631451,732.1245421245421,766.7765567765568,851.7948717948718,783.2967032967033,860.6593406593407,667.6556776556777,0.054810,-0.099609,1.010925,-76.667175,1.757050,239.579315,1,2,1,1,2,97.000000
2025-03-24 14:50:34.491,,,,,,,,,,,,,,,,,,,,,,,,,,,,,,,,,,,,,,,/muse/elements/blink
2025-03-24 14:50:34.959,0.506810896637186,1.237805079502383,1.147154404167687,0.9190989733796278,0.5989902812551754,0.9664308546320171,1.491175155264918,0.5259413947378265,0.4093699628028242,0.2875125271961084,0.4822196832897293,0.1899235878616992,0.369508376515617,0.04730288529120506,0.2979306826860642,0.539736825894877,0.1576054070427367,-0.01715511969879276,-0.1128510308724878,0.2765933305631451,796.1904761904763,808.2783882783883,790.5494505494506,909.8168498168499,1622.197802197802,1622.197802197802,-0.213867,-0.039612,0.912476,1.054230,17.824707,30.423126,1,2,1,1,2,97.000000
2025-03-24 14:50:35.468,0.506810896637186,1.237805079502383,1.147154404167687,0.9190989733796278,0.5989902812551754,0.9664308546320171,1.491175155264918,0.5259413947378265,0.4093699628028242,0.2875125271961084,0.4822196832897293,0.1899235878616992,0.369508376515617,0.04730288529120506,0.2979306826860642,0.539736825894877,0.1576054070427367,-0.01715511969879276,-0.1128510308724878,0.2765933305631451,831.2454212454213,795.7875457875458,804.2490842490843,832.0512820512821,131.7582417582418,0,-0.590698,-0.107422,1.090210,7.790833,1.697235,-9.443207,1,2,1,1,2,97.000000
2025-03-24 14:50:35.968,0.506810896637186,1.237805079502383,1.147154404167687,0.9190989733796278,0.5989902812551754,0.9664308546320171,1.491175155264918,0.5259413947378265,0.4093699628028242,0.2875125271961084,0.4822196832897293,0.1899235878616992,0.369508376515617,0.04730288529120506,0.2979306826860642,0.539736825894877,0.1576054070427367,-0.01715511969879276,-0.1128510308724878,0.2765933305631451,805.0549450549451,807.4725274725275,802.2344322344322,828.4249084249085,1214.029304029304,1619.377289377289,-0.572388,-0.028809,0.868835,3.185120,-8.919830,-15.514374,1,2,1,1,2,97.000000
2025-03-24 14:50:36.473,0.506810896637186,1.237805079502383,0.484231417213802,0.9190989733796278,0.5989902812551754,0.9664308546320171,0.401211932692012,0.5259413947378265,0.4093699628028242,0.2875125271961084,0.1056841949517346,0.1899235878616992,0.369508376515617,0.04730288529120506,0.3459680725447012,0.539736825894877,0.1576054070427367,-0.01715511969879276,0.3271587114611947,0.2765933305631451,815.5311355311355,804.2490842490843,814.3223443223443,794.1758241758242,0,0,-0.296021,-0.096558,0.779663,-7.895508,2.086029,28.695984,1,2,1,1,2,97.000000
2025-03-24 14:50:36.958,0.506810896637186,1.007092556514217,0.5429787469969876,0.9190989733796278,0.5989902812551754,0.8739797655711707,0.431366535750567,0.5259413947378265,0.4093699628028242,0.4484460251208757,0.1347367169095895,0.1899235878616992,0.369508376515617,0.7538600414186136,0.3649513912098816,0.539736825894877,0.1576054070427367,0.874289767070763,0.358332226593822,0.2765933305631451,799.0109890109891,816.3369963369963,792.5641025641025,767.5824175824176,0,0,-0.322571,-0.119446,0.813171,-19.701385,10.848846,49.302063,1,2,1,1,2,97.000000
2025-03-24 14:50:37.275,,,,,,,,,,,,,,,,,,,,,,,,,,,,,,,,,,,,,,,/muse/elements/blink
2025-03-24 14:50:37.458,0.506810896637186,1.007092556514217,0.5445942855540142,0.9190989733796278,0.5989902812551754,0.8739797655711707,0.4241017141889128,0.5259413947378265,0.4093699628028242,0.4484460251208757,0.09978212104912397,0.1899235878616992,0.369508376515617,0.7538600414186136,0.3445543631392745,0.539736825894877,0.1576054070427367,0.874289767070763,0.3308085173535971,0.2765933305631451,800.2197802197802,828.8278388278388,813.5164835164835,838.901098901099,1100.805860805861,1395.750915750916,-0.428528,0.293762,0.804810,-3.955231,8.187103,23.305206,1,2,1,1,2,97.000000
2025-03-24 14:50:37.958,0.506810896637186,1.007092556514217,0.6627536787019275,0.9190989733796278,0.5989902812551754,0.8739797655711707,0.4990309445047799,0.5259413947378265,0.4093699628028242,0.4484460251208757,0.7341148317138677,0.1899235878616992,0.369508376515617,0.7538600414186136,0.6704243664583315,0.539736825894877,0.1576054070427367,0.874289767070763,0.5756420187210037,0.2765933305631451,770.4029304029305,779.2673992673992,801.4285714285714,770.4029304029305,1102.014652014652,1083.076923076923,-0.332214,0.262573,0.924377,-5.959015,-13.832092,-8.815155,1,2,1,1,2,97.000000
2025-03-24 14:50:38.458,0.506810896637186,1.007092556514217,0.8275598492547469,0.9190989733796278,0.5989902812551754,0.8739797655711707,0.5907572082530125,0.5259413947378265,0.4093699628028242,0.4484460251208757,0.7262728659176307,0.1899235878616992,0.369508376515617,0.7538600414186136,0.833200505906409,0.539736825894877,0.1576054070427367,0.874289767070763,0.7716249230863981,0.2765933305631451,830.0366300366301,840.5128205128206,813.5164835164835,933.992673992674,1368.351648351648,1623.406593406593,-0.513000,0.178345,0.911987,-9.375916,-0.657959,-3.095398,1,2,1,1,2,97.000000
2025-03-24 14:50:38.958,0.506810896637186,1.007092556514217,0.5313321498692907,0.9190989733796278,0.5989902812551754,0.8739797655711707,-0.03558650270621071,0.5259413947378265,0.4093699628028242,0.4484460251208757,0.7262728659176307,0.1899235878616992,0.369508376515617,0.7538600414186136,0.9030226095965644,0.539736825894877,0.1576054070427367,0.874289767070763,0.7517449410406447,0.2765933305631451,783.2967032967033,765.9706959706959,796.1904761904763,838.4981684981685,302.1978021978022,0,-0.593628,0.227539,1.086304,8.605804,-16.994781,14.774170,1,2,1,1,2,97.000000
2025-03-24 14:50:39.389,,,,,,,,,,,,,,,,,,,,,,,,,,,,,,,,,,,,,,,/muse/elements/blink
2025-03-24 14:50:39.458,0.506810896637186,1.007092556514217,0.6917902239879135,0.9190989733796278,0.5989902812551754,0.8739797655711707,0.3138193044638807,0.5259413947378265,0.4093699628028242,0.4484460251208757,0.1822846896369884,0.1899235878616992,0.369508376515617,0.7538600414186136,0.7954067033468391,0.539736825894877,0.1576054070427367,0.874289767070763,0.6886801662666852,0.2765933305631451,761.1355311355312,806.2637362637363,780.4761904761905,672.4908424908425,0,0,-0.644409,0.033203,0.903748,4.239349,19.252777,10.041351,1,2,1,1,2,97.000000
2025-03-24 14:50:39.510,,,,,,,,,,,,,,,,,,,,,,,,,,,,,,,,,,,,,,,/muse/elements/jaw_clench
2025-03-24 14:50:39.957,1.653932707186612,1.007092556514217,0.6917902239879135,0.9190989733796278,1.639452415601074,0.8739797655711707,0.3138193044638807,0.5259413947378265,1.803769757624167,0.4484460251208757,0.1822846896369884,0.1899235878616992,1.54992400563119,0.7538600414186136,0.7954067033468391,0.539736825894877,1.370785823902656,0.874289767070763,0.6886801662666852,0.2765933305631451,836.8864468864469,801.8315018315019,801.025641025641,784.1025641025641,1006.117216117216,730.1098901098901,-0.626099,-0.106384,0.842163,-9.645081,-15.708771,-7.304840,1,2,1,1,2,97.000000
2025-03-24 14:50:40.468,1.529328214414003,1.007092556514217,0.8852445589122385,0.9190989733796278,1.611264382661325,0.8739797655711707,0.5495837997791415,0.5259413947378265,1.803769757624167,0.4484460251208757,0.1700664678345379,0.1899235878616992,1.523486273391274,0.7538600414186136,0.8813329243833244,0.539736825894877,1.321053147070008,0.874289767070763,0.742509401159966,0.2765933305631451,785.7142857142858,792.1611721611722,832.8571428571429,794.1758241758242,1366.336996336996,1622.197802197802,-0.411621,0.257751,0.919128,-36.576538,29.346466,55.642395,1,1,1,1,1,97.000000
2025-03-24 14:50:40.737,,,,,,,,,,,,,,,,,,,,,,,,,,,,,,,,,,,,,,,/muse/elements/blink
2025-03-24 14:50:40.928,,,,,,,,,,,,,,,,,,,,,,,,,,,,,,,,,,,,,,,/muse/elements/blink
2025-03-24 14:50:40.962,1.529328214414003,1.007092556514217,0.8852445589122385,0.9190989733796278,1.611264382661325,0.8739797655711707,0.5495837997791415,0.5259413947378265,1.803769757624167,0.4484460251208757,0.1700664678345379,0.1899235878616992,1.523486273391274,0.7538600414186136,0.8813329243833244,0.539736825894877,1.321053147070008,0.874289767070763,0.742509401159966,0.2765933305631451,794.981684981685,784.1025641025641,803.8461538461539,760.7326007326008,225.2380952380952,0,-0.476074,0.201599,0.811279,7.805786,-13.091888,-13.951721,1,1,1,1,1,97.000000
2025-03-24 14:50:41.118,,,,,,,,,,,,,,,,,,,,,,,,,,,,,,,,,,,,,,,/muse/elements/blink
2025-03-24 14:50:41.457,1.374145235947732,1.007092556514217,0.8852445589122385,0.9190989733796278,1.49027401863256,0.8739797655711707,0.5495837997791415,0.5259413947378265,1.790255370907452,0.4484460251208757,0.1700664678345379,0.1899235878616992,1.505497084233759,0.7538600414186136,0.8813329243833244,0.539736825894877,1.314664166590607,0.874289767070763,0.742509401159966,0.2765933305631451,788.1318681318681,798.6080586080586,791.7582417582418,795.7875457875458,1405.824175824176,1620.18315018315,-0.286621,0.077209,0.986389,-16.344299,-0.014954,48.763733,1,1,1,1,1,97.000000
2025-03-24 14:50:41.959,1.374145235947732,1.007092556514217,0.8852445589122385,0.9190989733796278,1.49027401863256,0.8739797655711707,0.5495837997791415,0.5259413947378265,1.790255370907452,0.4484460251208757,0.1700664678345379,0.1899235878616992,1.505497084233759,0.7538600414186136,0.8813329243833244,0.539736825894877,1.314664166590607,0.874289767070763,0.742509401159966,0.2765933305631451,794.981684981685,793.3699633699634,805.4578754578755,788.1318681318681,851.7948717948718,803.8461538461539,-0.329712,0.164490,0.930542,6.213226,0.127106,-6.265564,1,1,1,1,1,97.000000
2025-03-24 14:50:42.457,1.374145235947732,0.3256399949991991,0.4147964774794942,0.9190989733796278,1.49027401863256,-0.04512389259861457,0.1749280465305261,0.5259413947378265,1.790255370907452,0.1703558111150789,0.3041604890279397,0.1899235878616992,1.505497084233759,-0.04481616769677218,0.2260453389430477,0.539736825894877,1.314664166590607,-0.2013107846389348,-0.1710877304144663,0.2765933305631451,800.2197802197802,782.4908424908425,803.040293040293,817.948717948718,825.6043956043957,801.8315018315019,-0.268799,0.124878,0.964294,1.084137,2.041168,-6.482391,1,1,1,1,1,97.000000
2025-03-24 14:50:42.957,0.2718443453658123,0.1373760301822509,0.2012989185530172,0.9190989733796278,-0.04780202060603769,-0.2401139281665938,-0.02325305926010082,0.5259413947378265,0.3312878969187372,0.2065247255378705,0.3223517491303826,0.1899235878616992,0.6360438350637173,-0.1525858095508253,0.1575446654833543,0.539736825894877,0.2182649455645815,-0.2937177723799567,-0.1224615337289612,0.2765933305631451,791.3553113553114,794.5787545787546,801.4285714285714,786.5201465201466,823.1868131868132,694.2490842490843,-0.302185,0.084534,0.937134,1.839294,-4.979553,-1.846771,1,1,1,1,1,97.000000
2025-03-24 14:50:43.473,0.4257350060914605,0.01603988336873078,0.03115747321718098,0.9190989733796278,-0.007677768340461693,-0.2743831156053202,-0.1638398372797332,0.5259413947378265,0.4413196727544636,0.2065247255378705,0.3223517491303826,0.1899235878616992,0.597433937508337,-0.1552318337318365,0.1232566115011959,0.539736825894877,0.1672597422600016,-0.3658163372414266,-0.1353838320489155,0.2765933305631451,803.040293040293,801.4285714285714,796.996336996337,817.1428571428571,845.7509157509157,652.7472527472528,-0.270325,0.105835,0.952209,0.530853,-2.048645,1.801910,1,1,1,1,1,97.000000
2025-03-24 14:50:43.968,0.5423357352805703,-0.2851573608399605,-0.1949804154917097,0.9190989733796278,0.03745292732745366,-0.3143962725367664,-0.1826777498517628,0.5259413947378265,0.4227222224341661,0.3275053953004703,0.01476094036276999,0.1899235878616992,0.5362507596152016,-0.08129130961427136,0.06477758660233204,0.539736825894877,0.1368038673649241,-0.3575615506924172,-0.125402186814189,0.2765933305631451,804.6520146520147,793.3699633699634,800.2197802197802,788.5347985347986,785.3113553113553,637.032967032967,-0.270630,0.106323,0.949524,1.749573,-1.181335,-2.706604,1,1,1,1,1,97.000000
2025-03-24 14:50:44.463,0.5384633841623641,0.008005697710642948,0.1451031908296116,0.9190989733796278,0.04620049555094773,0.03694178893972256,0.1223061261471873,0.5259413947378265,0.4693650870087888,0.3274266925782679,0.08775255961732024,0.1899235878616992,0.4576261187848922,0.04290168270877502,0.1046380667051581,0.539736825894877,0.1616761846429145,-0.2396862897164413,-0.1576181914195172,0.2765933305631451,795.7875457875458,807.4725274725275,799.8168498168499,780.0732600732601,873.1501831501831,751.4652014652015,-0.275879,0.113525,0.953186,1.846771,0.456085,-2.437439,1,1,1,1,1,97.000000
2025-03-24 14:50:44.960,0.3959960533845924,0.1935613670913838,0.3868970589464053,0.9190989733796278,0.1651040930135632,0.1525695613104944,0.3382730291338926,0.5259413947378265,0.6735779579845258,0.3639986498488775,0.3249471509597314,0.1899235878616992,0.414417612483672,0.1745553614852891,0.1286039747283149,0.539736825894877,0.1770062286865597,-0.1727945366307907,-0.2078731860793045,0.2765933305631451,790.5494505494506,796.996336996337,798.6080586080586,799.8168498168499,809.8901098901099,635.4212454212454,-0.283691,0.120300,0.952576,0.224304,-2.280426,-2.108459,1,1,1,1,1,97.000000
2025-03-24 14:50:45.457,0.2836653908165501,0.2485850001807459,0.3740282760876987,0.4138534554500886,0.2133670931239536,0.1277812871833245,0.2998187280780756,0.3114092946077299,0.6287422716584924,0.3270827488994204,0.3249471509597314,0.7961636834144914,0.3564851160161259,0.1720323745800568,0.1194940261718939,0.4803457534868615,0.1904152074211618,-0.2398153786283674,-0.2574456242402796,0.6100449129195817,807.0695970695971,800.6227106227107,801.8315018315019,796.5934065934066,803.040293040293,666.0439560439561,-0.278137,0.116272,0.953369,-0.740204,-2.056122,1.704712,1,1,1,1,1,97.000000
2025-03-24 14:50:45.960,0.2460672316560556,0.08030886997649916,0.159624220088393,0.4858520045817254,0.2549738034212027,-0.1539365256543794,0.1059812420805078,0.4394938005740792,0.5846124180283629,0.2309731482323403,0.2771339125667782,0.7990777917488551,0.3300366498959814,0.09303181554392537,0.0246484682324811,0.4078794698708318,0.09304991094714044,-0.4744963601514683,-0.3108459446955818,0.5074252385292366,794.981684981685,797.8021978021978,801.4285714285714,792.1611721611722,802.6373626373627,643.0769230769231,-0.263062,0.090637,0.961914,0.358887,-1.914062,-3.588867,1,1,1,1,1,97.000000
2025-03-24 14:50:46.467,0.4729129040438276,-0.2830730888307909,-0.3265139639266119,0.4940193038694045,0.3307582860644552,-0.5241419848528535,-0.4348615608654138,0.427792397719,0.4843770824975007,-0.002856655985392191,0.05609242968647493,0.5952102802612269,0.3628560464914317,-0.04894469626787391,-0.04772449003995241,0.4412287930305354,0.007613754942644962,-0.6582120777180548,-0.3464836392320449,0.3775908293813204,803.8461538461539,805.8608058608058,791.3553113553114,803.4432234432235,817.1428571428571,646.7032967032967,-0.279236,0.128967,0.979126,2.983246,-5.757141,-7.132874,1,1,1,1,1,97.000000
2025-03-24 14:50:46.958,0.4247773309003608,-0.09541655772511737,0.1450576570446254,0.4482437427490482,0.3203335179770421,-0.3011765074286375,-0.276158229840477,0.4702211982434354,0.3847458637953584,0.1967573078782925,0.09163063877701343,0.4505307173898396,0.4549937395419878,-0.06448496508418869,-0.003600642328072343,0.4354209553936539,-0.06740174893821106,-0.6030107851938334,-0.3728445054061482,0.2294927520653947,761.5384615384615,776.4468864468864,828.8278388278388,836.0805860805862,1037.545787545788,1408.644688644689,-0.046875,0.267944,0.940063,44.270172,-27.140808,-137.236786,1,1,1,1,1,97.000000
2025-03-24 14:50:47.459,0.9302225126128901,0.6440426487537819,1.113444553715958,0.3385954914668881,0.5367233530857873,0.5048836033411092,0.5177949968078875,0.3758691650118873,0.6385256229347671,0.4353459227036225,0.1307026262928033,0.443340410050061,0.5702410225815256,0.08371171941174792,-0.003085726398816463,0.517788036580119,0.07000505343689381,-0.4448881151361632,-0.4090145135393543,0.2050241411417006,780.8791208791209,809.8901098901099,778.8644688644689,734.5421245421246,101.5384615384615,0,-0.225098,0.150879,0.949829,19.357452,6.325378,-89.736633,1,1,1,1,1,97.000000
2025-03-24 14:50:47.959,1.042219721490248,0.9535137743610339,1.379462854377748,0.3897836631596322,0.5500607877369069,0.7872891886221945,0.9820784301298925,0.3293206065584622,0.6385256229347671,0.5641474733102163,0.670524861743378,0.2328661340356739,0.5917752685358501,0.2302436843447632,0.03977160373168123,0.5431457642891609,0.1547346716733095,0.05511193906968187,-0.4177543446039191,0.2089445386501563,804.6520146520147,797.8021978021978,808.6813186813187,757.1062271062272,0,0,-0.256531,0.045837,0.883362,3.506622,2.452393,-21.697693,1,1,1,1,1,97.000000
2025-03-24 14:50:48.458,1.349070191648653,1.040580060529986,1.503844522751368,0.3897836631596322,0.7834218682671553,0.8528388115270901,1.062163755033613,0.3293206065584622,0.59208843633453,0.5643493776714369,0.6704320540437853,0.2328661340356739,0.6458597614895037,0.3290897471965896,-0.03884237531293287,0.5431457642891609,0.3185078146925145,0.1693237446202061,-0.4738508577758967,0.2089445386501563,812.7106227106227,779.2673992673992,830.4395604395604,776.4468864468864,762.7472527472528,70.10989010989012,-0.214050,0.056274,0.805908,9.375916,-0.979462,-81.885986,1,1,1,1,1,97.000000
2025-03-24 14:50:48.962,1.349070191648653,1.091947465466347,1.479343938104939,0.3897836631596322,0.7834218682671553,0.8215352699943359,1.088309537202026,0.3293206065584622,0.59208843633453,0.5640416181801131,0.6939732260257803,0.2328661340356739,0.6458597614895037,0.3314231272187792,-0.08834842627368482,0.5431457642891609,0.3185078146925145,0.1956144442453097,-0.5193867645952441,0.2089445386501563,819.5604395604396,797.8021978021978,811.9047619047619,788.9377289377289,1408.644688644689,1608.498168498169,-0.244202,-0.004761,0.947388,10.676880,-11.977844,-18.804169,1,1,1,1,1,97.000000
2025-03-24 14:50:49.463,1.349070191648653,1.079022616846436,1.389013767551069,0.3897836631596322,0.7834218682671553,0.8019270680012851,0.9237224509627565,0.3293206065584622,0.59208843633453,0.5305262600051514,0.7135516866532681,0.2328661340356739,0.6458597614895037,0.3438404333230004,-0.06648810460833771,0.5431457642891609,0.3185078146925145,0.02447528893034834,-0.4580890751493135,0.2089445386501563,810.2930402930403,796.996336996337,821.1721611721612,831.6483516483516,1622.197802197802,1622.197802197802,-0.175964,0.095093,0.915771,19.065857,-11.977844,-20.142517,1,1,1,1,1,97.000000
2025-03-24 14:50:49.958,1.349070191648653,1.209890697249083,1.296269560415522,0.3897836631596322,0.7834218682671553,0.8515406593476017,0.9282376435197884,0.3293206065584622,0.59208843633453,0.6461185739926827,0.7235208022869466,0.2328661340356739,0.6458597614895037,0.3665055949713945,0.02819694817986769,0.5431457642891609,0.3185078146925145,-0.07442052328136047,-0.5215021781883746,0.2089445386501563,774.0293040293041,797.8021978021978,788.9377289377289,788.9377289377289,953.7362637362637,1168.095238095238,0.265564,0.087402,1.050720,9.495544,-8.852539,18.377991,1,1,1,1,1,97.000000
2025-03-24 14:50:50.065,,,,,,,,,,,,,,,,,,,,,,,,,,,,,,,,,,,,,,,/muse/elements/blink
2025-03-24 14:50:50.458,1.349070191648653,1.298676571629624,1.233490690833914,0.3897836631596322,0.7834218682671553,1.021665739792811,0.9151268232330667,0.3293206065584622,0.59208843633453,0.6469608050585126,0.6495367848585188,0.2328661340356739,0.6458597614895037,0.4164743338548152,0.1786369881349918,0.5431457642891609,0.3185078146925145,-0.09887789430012238,-0.4549037720008251,0.2089445386501563,826.007326007326,809.8901098901099,800.2197802197802,798.6080586080586,914.2490842490843,840.9157509157509,0.198547,0.121765,0.949097,0.515900,-0.807495,3.454285,1,2,1,1,2,97.000000
2025-03-24 14:50:50.966,1.349070191648653,1.282547994814653,1.132081248994046,0.3897836631596322,0.7834218682671553,0.9248443329275544,0.6468096659109982,0.3293206065584622,0.59208843633453,0.6209208090843518,0.5788800705849539,0.2328661340356739,0.6458597614895037,0.2926599012423824,-0.009514549290146342,0.5431457642891609,0.3185078146925145,-0.2755229359119925,-0.6438029354778165,0.2089445386501563,811.0989010989011,808.6813186813187,804.2490842490843,801.4285714285714,899.3406593406594,823.5897435897436,0.257935,0.089417,0.989807,-5.345917,0.441132,-26.363220,1,2,1,1,2,97.000000
2025-03-24 14:50:51.458,1.349070191648653,1.163887634602399,0.8420511231444552,0.3897836631596322,0.7834218682671553,0.8449829049587161,-0.2543764664651185,0.3293206065584622,0.59208843633453,0.4206561140457387,-0.2278031782986473,0.2328661340356739,0.6458597614895037,0.1776884777158571,-0.2112758055726818,0.5431457642891609,0.3185078146925145,-0.2618131432524847,-0.5365873820089787,0.2089445386501563,790.952380952381,806.2637362637363,808.6813186813187,806.6666666666667,837.2893772893773,700.2930402930403,0.235474,0.107056,0.930969,-1.682281,13.794708,-12.777863,1,2,1,1,2,97.000000
2025-03-24 14:50:51.963,1.101928196822441,0.8137000280177039,0.6503131621863728,0.6427991898350027,0.6091555087288221,0.2095270406252446,-0.2977667669905069,0.3973124046126361,0.8519989317130862,0.377753237186604,0.1218040740893803,0.5715927494171645,0.915709103884758,0.05239753426000415,-0.1985927698760912,0.6420374079756002,0.4187217655712252,-0.2239539357656774,-0.5647936054206545,0.7137258633066913,809.0842490842491,804.6520146520147,807.0695970695971,807.8754578754579,790.5494505494506,812.3076923076924,0.174866,0.028503,0.983154,0.074768,1.607513,2.811279,1,1,1,1,1,97.000000
2025-03-24 14:50:52.458,1.022770213081898,0.5584454653197009,0.5218360838364557,0.7719567468131209,0.5472837138685471,0.04906951120353567,-0.2465045482694505,0.5564098443822544,0.8631244542145202,0.1027857908547833,0.24531877479923,0.7377677549470192,0.8635237672186716,0.161656290433406,-0.1272695143053507,0.5773318011528507,0.7120269311150889,-0.06987171460872685,-0.5671122310346334,0.7396125723198183,810.2930402930403,801.4285714285714,798.6080586080586,793.7728937728938,813.5164835164835,675.7142857142858,0.139954,0.047241,1.009094,1.495361,-1.988831,3.102875,1,1,1,1,1,97.000000
2025-03-24 14:50:52.958,0.9161653484239999,0.1827126094962295,0.09238214725600527,0.8160886970667024,0.5183134330765246,0.004930454596904731,-0.1470692041191677,0.625175153049634,0.9419565320165402,0.2060999185426853,0.257933280766275,0.8218237566627057,0.8545187230518491,0.2247693120951695,-0.1392650363092198,0.5918219357817445,0.8177627776373448,-0.125353292298012,-0.6720390539867327,0.7042838317774825,786.9230769230769,801.025641025641,807.0695970695971,797.3992673992674,848.974358974359,715.6043956043957,0.129456,0.042725,0.997192,0.829926,-1.308441,4.396362,1,1,1,1,1,97.000000
2025-03-24 14:50:53.470,0.8343933485433227,0.09023753975652962,-0.01255151661557971,0.8511717673263622,0.4806716112212342,-0.04299936109729708,-0.1893999081783972,0.6762716340373398,0.8781745867708219,0.1989735667832594,0.2559032800388672,0.8158157569484701,0.829647608133809,0.1457371010083732,-0.1930175496754794,0.5788498890409594,0.8427709905834022,-0.1926967301268142,-0.6269003516514492,0.6851208778012413,838.901098901099,811.0989010989011,800.2197802197802,794.981684981685,900.952380952381,817.948717948718,0.122009,0.060669,1.002563,-1.772003,-2.758942,0.643005,1,1,1,1,1,97.000000
2025-03-24 14:50:53.975,0.7436434695912463,-0.04704783750764662,0.01596824569043486,0.7806876847722076,0.4120703874430344,-0.05132739593734845,-0.1726044872213892,0.6378869590116509,0.8781745867708219,0.2843826657427875,0.1642102915195339,0.6903798011186723,0.8488520531632714,0.03405737431052121,-0.2376073623366698,0.6370125231777936,0.7959082558908662,-0.4690226893265908,-0.5921966548217664,0.6283855491800341,799.8168498168499,801.8315018315019,814.7252747252747,817.948717948718,900.5494505494506,762.7472527472528,0.118164,-0.042419,0.971558,-7.753448,3.484192,30.296021,1,1,1,1,1,97.000000
2025-03-24 14:50:54.009,,,,,,,,,,,,,,,,,,,,,,,,,,,,,,,,,,,,,,,/muse/elements/blink
2025-03-24 14:50:54.458,0.1780253711927915,0.05364571919451003,-0.01839617532616403,1.401753001549197,0.2066321588255075,-0.08190930631582344,-0.3163015766393579,1.231657152914648,0.4994225007841315,0.04452994835730879,0.1401029681538167,0.9801746146054064,0.8303183416908098,-0.1665546425158192,-0.2645605889473004,0.7297350041619033,0.7548935942061162,-0.5365054451455074,-0.4883885555575448,0.6647169748516698,804.2490842490843,807.0695970695971,795.3846153846154,773.6263736263736,764.7619047619048,564.1025641025641,0.087036,-0.068420,0.954956,4.366455,-11.985321,34.804535,1,1,1,1,1,97.000000
2025-03-24 14:50:54.941,,,,,,,,,,,,,,,,,,,,,,,,,,,,,,,,,,,,,,,/muse/elements/blink
2025-03-24 14:50:54.958,0.1272329371236966,0.3001093934026908,0.2802542911438256,1.475633100710538,-0.03837819035473918,0.09701326504283195,-0.0983964832138029,1.30484777070679,0.4171728005863197,-0.01515227370076997,0.1276715449943187,0.9606271715915322,0.812509789633403,-0.1265241222928016,-0.1443544799135484,0.7350509321735798,0.8321163502289862,-0.667448817227404,-0.4751126278985921,0.6903785046317468,860.2564102564103,814.3223443223443,774.0293040293041,829.6336996336996,863.0769230769231,714.7985347985348,0.126282,-0.039612,0.952698,6.871185,2.145844,-8.867493,1,1,1,1,1,97.000000
2025-03-24 14:50:55.458,0.1272329371236966,1.24689672176892,0.2802542911438256,1.568618087450393,-0.03837819035473918,0.4461540218504919,-0.0983964832138029,1.394221589298942,0.4171728005863197,0.3159256038071118,0.1276715449943187,0.9606271715915322,0.812509789633403,0.0571727128357372,-0.1443544799135484,0.7534229778486687,0.8321163502289862,-0.3224819533542181,-0.4751126278985921,0.6765389742392877,809.0842490842491,811.9047619047619,807.4725274725275,784.5054945054945,790.5494505494506,573.7728937728938,0.059021,-0.025818,0.965149,2.033691,3.992615,-4.231873,1,1,1,1,1,97.000000
2025-03-24 14:50:55.957,0.1272329371236966,1.252392777543617,0.2802542911438256,1.568618087450393,-0.03837819035473918,0.4404544064298833,-0.0983964832138029,1.394221589298942,0.4171728005863197,0.386354105330848,0.1276715449943187,0.9606271715915322,0.812509789633403,0.2919961201927059,-0.1443544799135484,0.7534229778486687,0.8321163502289862,-0.1101232047180003,-0.4751126278985921,0.6765389742392877,802.6373626373627,805.8608058608058,806.2637362637363,781.6849816849817,789.3406593406594,609.2307692307693,0.087097,0.003174,1.107544,-4.276733,11.349792,-24.912720,1,1,1,1,1,97.000000
2025-03-24 14:50:56.460,0.1272329371236966,0.8885505819763775,0.2802542911438256,1.568618087450393,-0.03837819035473918,0.2529859501425459,-0.0983964832138029,1.394221589298942,0.4171728005863197,0.401802930236962,0.1276715449943187,0.9606271715915322,0.812509789633403,0.1721089660766719,-0.1443544799135484,0.7534229778486687,0.8321163502289862,-0.1696466359789938,-0.4751126278985921,0.6765389742392877,807.0695970695971,798.6080586080586,801.025641025641,814.3223443223443,889.2673992673992,733.3333333333334,0.007446,0.009338,1.037964,0.807495,23.738861,-9.884338,1,1,1,1,1,97.000000
2025-03-24 14:50:56.963,1.185317394240251,0.5690928733335247,1.013082662931657,1.568618087450393,0.817353491538694,0.05122483120541325,0.3462698406265191,1.394221589298942,0.7566907102128765,0.2335131730531054,-0.2519898777742789,0.9606271715915322,0.7208575004557943,0.1840743243343071,-0.2950023189757812,0.7534229778486687,0.7375530754942553,-0.1789907707041139,-0.3809825118343844,0.6765389742392877,768.3882783882784,786.9230769230769,819.5604395604396,778.0586080586081,853.0036630036631,734.1391941391942,-0.086914,0.015869,0.984741,-0.770111,-3.701019,3.274841,1,1,1,1,1,97.000000
2025-03-24 14:50:57.458,1.14805580530038,0.7302636542484023,1.09419367984675,1.568618087450393,0.7953628409048842,-0.0840641075157382,0.420942401025534,1.394221589298942,0.7798637196950181,0.2114534804231477,-0.101386246429581,0.9606271715915322,0.7287822306802179,0.1727207685940209,-0.2000133834081284,0.7534229778486687,0.7316158891691352,-0.139143743751746,-0.2821643139159443,0.6765389742392877,813.919413919414,801.4285714285714,799.8168498168499,768.3882783882784,898.1318681318681,813.919413919414,-0.029602,0.007446,0.995850,2.078552,-9.772186,0.224304,1,1,1,1,1,97.000000
2025-03-24 14:50:57.958,1.214637280579922,0.7331391817734111,0.9754041791137682,0.706423204215489,0.8757419186353531,-0.2431396991442721,0.3907931290476609,0.1861817331122911,0.7706780799067252,0.1397658833167536,-0.03592555369274286,0.639807725965181,0.7453869500064396,0.1971401252216035,-0.1090181926870837,0.8731216373168461,0.8024048916666008,-0.1463246625311998,-0.2771863023600644,0.8943730599222967,799.4139194139194,797.3992673992674,810.6959706959707,817.948717948718,785.7142857142858,597.5457875457876,0.007141,0.039490,0.994324,1.966400,-2.751465,-3.573914,1,1,1,1,1,97.000000
2025-03-24 14:50:58.461,0.8833878238862497,0.6357670571125269,0.8117551424854039,0.9530336671820518,0.4839369017673764,-0.1441393089911134,0.2540695409646851,0.3432385147017347,0.6765028111189155,0.1484853139403821,-0.03144723576929032,0.7240530915770035,0.944774462820237,0.1613998570750905,-0.1300032953822812,0.8758166463955255,0.7198578166973334,-0.2244703016774426,-0.3393380793513713,0.9178517941388885,781.6849816849817,801.4285714285714,802.6373626373627,789.7435897435897,823.1868131868132,596.3369963369963,0.001892,0.080627,0.971558,-2.586975,-5.196381,7.065582,1,1,1,1,1,97.000000
