unix_ms,rel_timestamp,frame,event,side,screen_pos_x,screen_pos_y,screen_pos_z,target_name
1742766068774,0,,Activation,,,,,
1742766068774,0,277,,Left,0,0,0,
1742766068774,0,277,,Right,0,0,0,
1742766068774,0,277,,Center,0,0,0,
1742766069069,0.01999998,279,,Left,796.5774,824.0127,49.64239,
1742766069069,0.01999998,279,,Right,795.5765,824.0127,49.64239,
1742766069069,0.01999998,279,,Center,796.0769,824.0127,49.64239,
1742766069121,0.07328939,280,,Left,797.7153,782.0422,49.68184,
1742766069121,0.07328939,280,,Right,796.7152,782.0422,49.68184,
1742766069121,0.07328939,280,,Center,797.2153,782.0422,49.68184,
1742766069175,0.1219115,281,,Left,794.5797,798.4163,49.70683,
1742766069175,0.1219115,281,,Right,793.5801,798.4163,49.70683,
1742766069175,0.1219115,281,,Center,794.08,798.4163,49.70683,
1742766069215,0.1931298,282,,Left,763.0032,805.6403,49.87754,
1742766069215,0.1931298,282,,Right,762.0071,805.6403,49.87754,
1742766069215,0.1931298,282,,Center,762.5052,805.6403,49.87754,
1742766069273,0.2199223,283,,Left,754.1804,821.104,49.87609,
1742766069274,0.2199223,283,,Right,753.1843,821.104,49.87609,
1742766069274,0.2199223,283,,Center,753.6824,821.104,49.87609,
1742766069317,0.2756197,284,,Left,750.9188,835.5112,49.83682,
1742766069317,0.2756197,284,,Right,749.9218,835.5112,49.83682,
1742766069317,0.2756197,284,,Center,750.4203,835.5112,49.83682,
1742766069342,0.3200281,285,,Left,755.4541,836.9476,49.81727,
1742766069342,0.3200281,285,,Right,754.4567,836.9476,49.81727,
1742766069342,0.3200281,285,,Center,754.9554,836.9476,49.81727,
1742766069369,0.3445518,286,,Left,753.0549,835.3515,49.83242,
1742766069370,0.3445518,286,,Right,752.0579,835.3515,49.83242,
1742766069370,0.3445518,286,,Center,752.5563,835.3515,49.83242,
1742766069400,0.3810284,287,,Left,749.192,832.6134,49.85586,
1742766069400,0.3810284,287,,Right,748.1956,832.6134,49.85586,
1742766069400,0.3810284,287,,Center,748.6938,832.6134,49.85586,
1742766069427,0.4006655,288,,Left,741.389,835.2517,49.86508,
1742766069427,0.4006655,288,,Right,740.3927,835.2517,49.86508,
1742766069427,0.4006655,288,,Center,740.8909,835.2517,49.86509,
1742766069466,0.4284613,289,Eye Hit,Left,691.5929,774.9603,49.92323,NorthSidewalk
1742766069466,0.4284613,289,Eye Hit,Right,690.5977,774.9603,49.92323,NorthSidewalk
1742766069466,0.4284613,289,Eye Hit,Center,691.0953,774.9603,49.92323,NorthSidewalk
1742766069506,0.466337,290,Eye Hit,Left,670.091,704.3923,49.4863,RoadCrosswalk
1742766069506,0.466337,290,Eye Hit,Right,669.087,704.3923,49.48631,RoadCrosswalk
1742766069506,0.466337,290,Eye Hit,Center,669.589,704.3923,49.48631,RoadCrosswalk
1742766069537,0.5102661,291,Eye Hit,Left,661.2402,709.3517,49.48089,RoadCrosswalk
1742766069537,0.5102661,291,Eye Hit,Right,660.2361,709.3517,49.48089,RoadCrosswalk
1742766069537,0.5102661,291,Eye Hit,Center,660.7382,709.3517,49.48089,RoadCrosswalk
1742766069579,0.5394609,292,Eye Hit,Left,659.9391,733.129,49.6362,RoadCrosswalk
1742766069579,0.5394609,292,Eye Hit,Right,658.9382,733.129,49.6362,RoadCrosswalk
1742766069579,0.5394609,292,Eye Hit,Center,659.4387,733.129,49.6362,RoadCrosswalk
1742766069609,0.5818756,293,Eye Hit,Left,661.4825,729.1802,49.62366,RoadCrosswalk
1742766069609,0.5818756,293,Eye Hit,Right,660.4813,729.1801,49.62366,RoadCrosswalk
1742766069609,0.5818756,293,Eye Hit,Center,660.9819,729.1802,49.62366,RoadCrosswalk
1742766069650,0.6102011,294,Eye Hit,Left,661.2297,732.3727,49.64377,RoadCrosswalk
1742766069650,0.6102011,294,Eye Hit,Right,660.2289,732.3727,49.64377,RoadCrosswalk
1742766069650,0.6102011,294,Eye Hit,Center,660.7293,732.3727,49.64376,RoadCrosswalk
1742766069682,0.653065,295,Eye Hit,Left,657.4995,715.5276,49.51383,RoadCrosswalk
1742766069682,0.653065,295,Eye Hit,Right,656.496,715.5276,49.51383,RoadCrosswalk
1742766069682,0.653065,295,Eye Hit,Center,656.9977,715.5276,49.51383,RoadCrosswalk
1742766069722,0.6837008,296,Eye Hit,Left,616.7678,668.9483,48.76751,RoadCrosswalk
1742766069722,0.6837008,296,Eye Hit,Right,615.749,668.9483,48.76751,RoadCrosswalk
1742766069722,0.6837008,296,Eye Hit,Center,616.2584,668.9483,48.76752,RoadCrosswalk
1742766069753,0.7239392,297,Eye Hit,Left,607.8245,647.1721,48.41717,RoadCrosswalk
1742766069754,0.7239392,297,Eye Hit,Right,606.7983,647.1721,48.41716,RoadCrosswalk
1742766069754,0.7239392,297,Eye Hit,Center,607.3114,647.1721,48.41717,RoadCrosswalk
1742766069794,0.7554801,298,Eye Hit,Left,600.2741,637.0164,48.20568,RoadCrosswalk
1742766069794,0.7554801,298,Eye Hit,Right,599.2434,637.0164,48.20567,RoadCrosswalk
1742766069794,0.7554801,298,Eye Hit,Center,599.7587,637.0164,48.20568,RoadCrosswalk
1742766069836,0.7965643,299,Eye Hit,Left,593.1395,631.696,48.05282,RoadCrosswalk
1742766069836,0.7965643,299,Eye Hit,Right,592.1055,631.696,48.05282,RoadCrosswalk
1742766069836,0.7965643,299,Eye Hit,Center,592.6224,631.696,48.05283,RoadCrosswalk
1742766069863,0.8382113,300,Eye Hit,Left,590.7481,634.2031,48.05972,RoadCrosswalk
1742766069863,0.8382113,300,Eye Hit,Right,589.7144,634.2031,48.05972,RoadCrosswalk
1742766069863,0.8382113,300,Eye Hit,Center,590.2312,634.2031,48.05972,RoadCrosswalk
1742766069905,0.864455,301,Eye Hit,Left,587.2119,634.6399,48.02441,RoadCrosswalk
1742766069905,0.864455,301,Eye Hit,Right,586.1773,634.6399,48.02441,RoadCrosswalk
1742766069905,0.864455,301,Eye Hit,Center,586.6946,634.6399,48.02441,RoadCrosswalk
1742766069936,0.9151676,302,Eye Hit,Left,583.6658,634.311,47.97742,RoadCrosswalk
1742766069936,0.9151676,302,Eye Hit,Right,582.6302,634.311,47.97742,RoadCrosswalk
1742766069936,0.9151676,302,Eye Hit,Center,583.148,634.311,47.97742,RoadCrosswalk
1742766069961,0.9388049,303,Eye Hit,Left,581.0842,642.8762,48.05953,RoadCrosswalk
1742766069961,0.9388049,303,Eye Hit,Right,580.0504,642.8762,48.05953,RoadCrosswalk
1742766069961,0.9388049,303,Eye Hit,Center,580.5673,642.8762,48.05953,RoadCrosswalk
1742766070001,0.9618022,304,Eye Hit,Left,569.577,651.684,48.0238,RoadCrosswalk
1742766070001,0.9618022,304,Eye Hit,Right,568.5424,651.684,48.02379,RoadCrosswalk
1742766070001,0.9618022,304,Eye Hit,Center,569.0597,651.684,48.02379,RoadCrosswalk
1742766070044,1.002931,305,Eye Hit,Left,545.2421,652.9853,47.69653,RoadCrosswalk
1742766070044,1.002931,305,Eye Hit,Right,544.2004,652.9853,47.69653,RoadCrosswalk
1742766070044,1.002931,305,Eye Hit,Center,544.7213,652.9853,47.69653,RoadCrosswalk
1742766070075,1.046369,306,Eye Hit,Left,522.8636,617.5077,46.88874,RoadCrosswalk
1742766070075,1.046369,306,Eye Hit,Right,521.804,617.5077,46.88874,RoadCrosswalk
1742766070075,1.046369,306,Eye Hit,Center,522.3338,617.5077,46.88874,RoadCrosswalk
1742766070101,1.076761,307,Eye Hit,Left,464.8331,604.7024,45.68616,RoadCrosswalk
1742766070101,1.076761,307,Eye Hit,Right,463.7455,604.7024,45.68617,RoadCrosswalk
1742766070101,1.076761,307,Eye Hit,Center,464.2893,604.7024,45.68616,RoadCrosswalk
1742766070128,1.102338,308,Eye Hit,Left,377.7709,611.4931,43.93843,RoadCrosswalk
1742766070128,1.102338,308,Eye Hit,Right,376.6401,611.4931,43.93843,RoadCrosswalk
1742766070128,1.102338,308,Eye Hit,Center,377.2055,611.4931,43.93843,RoadCrosswalk
1742766070156,1.129254,309,Eye Hit,Left,361.0893,623.6552,43.69228,RoadCrosswalk
1742766070156,1.129254,309,Eye Hit,Right,359.9521,623.6552,43.69229,RoadCrosswalk
1742766070156,1.129254,309,Eye Hit,Center,360.5207,623.6553,43.69228,RoadCrosswalk
1742766070184,1.15736,310,Eye Hit,Left,368.3482,633.7079,43.9685,RoadCrosswalk
1742766070184,1.15736,310,Eye Hit,Right,367.2183,633.7079,43.96849,RoadCrosswalk
1742766070184,1.15736,310,Eye Hit,Center,367.7833,633.7079,43.9685,RoadCrosswalk
1742766070211,1.184628,311,Eye Hit,Left,370.6587,667.9578,44.34939,RoadCrosswalk
1742766070211,1.184628,311,Eye Hit,Right,369.5384,667.9578,44.34938,RoadCrosswalk
1742766070211,1.184628,311,Eye Hit,Center,370.0985,667.9578,44.34939,RoadCrosswalk
1742766070241,1.212232,312,Eye Hit,Left,383.6221,671.7891,44.68934,RoadCrosswalk
1742766070241,1.212232,312,Eye Hit,Right,382.5103,671.7891,44.68934,RoadCrosswalk
1742766070241,1.212232,312,Eye Hit,Center,383.0662,671.7891,44.68935,RoadCrosswalk
1742766070266,1.243191,313,Eye Hit,Left,401.8485,671.5311,45.11111,RoadCrosswalk
1742766070266,1.243191,313,Eye Hit,Right,400.7471,671.5311,45.11111,RoadCrosswalk
1742766070266,1.243191,313,Eye Hit,Center,401.2978,671.5311,45.11112,RoadCrosswalk
1742766070296,1.267373,314,Eye Hit,Left,400.3811,667.298,45.04061,RoadCrosswalk
1742766070296,1.267373,314,Eye Hit,Right,399.278,667.298,45.04061,RoadCrosswalk
1742766070296,1.267373,314,Eye Hit,Center,399.8296,667.298,45.04061,RoadCrosswalk
1742766070323,1.297153,315,Eye Hit,Left,404.3712,664.1248,45.10302,RoadCrosswalk
1742766070323,1.297153,315,Eye Hit,Right,403.2697,664.1248,45.10302,RoadCrosswalk
1742766070323,1.297153,315,Eye Hit,Center,403.8204,664.1248,45.10302,RoadCrosswalk
1742766070351,1.324462,316,Eye Hit,Left,406.6363,674.688,45.24817,RoadCrosswalk
1742766070351,1.324462,316,Eye Hit,Right,405.5382,674.688,45.24817,RoadCrosswalk
1742766070351,1.324462,316,Eye Hit,Center,406.0872,674.688,45.24817,RoadCrosswalk
1742766070381,1.352797,317,Eye Hit,Left,404.8777,676.8649,45.2234,RoadCrosswalk
1742766070381,1.352797,317,Eye Hit,Right,403.7791,676.8649,45.2234,RoadCrosswalk
1742766070381,1.352797,317,Eye Hit,Center,404.3283,676.8649,45.2234,RoadCrosswalk
1742766070409,1.381408,318,Eye Hit,Left,405.9107,668.8308,45.17817,RoadCrosswalk
1742766070409,1.381408,318,Eye Hit,Right,404.811,668.8308,45.17816,RoadCrosswalk
1742766070409,1.381408,318,Eye Hit,Center,405.3609,668.8309,45.17816,RoadCrosswalk
1742766070451,1.409797,319,Eye Hit,Left,391.3369,669.9052,44.85211,RoadCrosswalk
1742766070451,1.409797,319,Eye Hit,Right,390.2292,669.9052,44.85211,RoadCrosswalk
1742766070451,1.409797,319,Eye Hit,Center,390.7831,669.9052,44.85211,RoadCrosswalk
1742766070478,1.452584,320,Eye Hit,Left,420.6774,671.2819,45.53287,RoadCrosswalk
1742766070478,1.452584,320,Eye Hit,Right,419.5862,671.2819,45.53287,RoadCrosswalk
1742766070478,1.452584,320,Eye Hit,Center,420.1319,671.2819,45.53286,RoadCrosswalk
1742766070505,1.479922,321,Eye Hit,Left,437.6542,671.5444,45.90722,RoadCrosswalk
1742766070505,1.479922,321,Eye Hit,Right,436.572,671.5444,45.90722,RoadCrosswalk
1742766070505,1.479922,321,Eye Hit,Center,437.1131,671.5444,45.90722,RoadCrosswalk
1742766070546,1.506652,322,Eye Hit,Left,447.0699,666.7257,46.06253,RoadCrosswalk
1742766070546,1.506652,322,Eye Hit,Right,445.9913,666.7257,46.06253,RoadCrosswalk
1742766070546,1.506652,322,Eye Hit,Center,446.5306,666.7257,46.06253,RoadCrosswalk
1742766070589,1.547433,323,Eye Hit,Left,450.8608,670.2675,46.17667,RoadCrosswalk
1742766070589,1.547433,323,Eye Hit,Right,449.7849,670.2675,46.17667,RoadCrosswalk
1742766070589,1.547433,323,Eye Hit,Center,450.3229,670.2675,46.17667,RoadCrosswalk
1742766070617,1.591499,324,Eye Hit,Left,448.793,671.4446,46.14656,RoadCrosswalk
1742766070617,1.591499,324,Eye Hit,Right,447.7163,671.4446,46.14656,RoadCrosswalk
1742766070618,1.591499,324,Eye Hit,Center,448.2547,671.4446,46.14655,RoadCrosswalk
1742766070657,1.619067,325,Eye Hit,Left,447.2475,668.5383,46.08942,RoadCrosswalk
1742766070657,1.619067,325,Eye Hit,Right,446.1695,668.5383,46.08942,RoadCrosswalk
1742766070657,1.619067,325,Eye Hit,Center,446.7085,668.5383,46.08942,RoadCrosswalk
1742766070700,1.659791,326,Eye Hit,Left,646.2558,598.9482,48.01149,RoadCrosswalk
1742766070700,1.659791,326,Eye Hit,Right,645.221,598.9482,48.01149,RoadCrosswalk
1742766070700,1.659791,326,Eye Hit,Center,645.7384,598.9482,48.01149,RoadCrosswalk
1742766070727,1.701386,327,Eye Hit,Left,651.1034,526.9324,46.67051,SouthSidewalk
1742766070727,1.701386,327,Eye Hit,Right,650.0388,526.9324,46.67052,SouthSidewalk
1742766070727,1.701386,327,Eye Hit,Center,650.571,526.9324,46.67052,SouthSidewalk
1742766070755,1.728575,328,Eye Hit,Left,649.6741,388.484,43.36504,SouthSidewalk
1742766070755,1.728575,328,Eye Hit,Right,648.5284,388.484,43.36504,SouthSidewalk
1742766070755,1.728575,328,Eye Hit,Center,649.1013,388.484,43.36504,SouthSidewalk
1742766070783,1.756415,329,Eye Hit,Left,653.5889,392.4054,43.48251,SouthSidewalk
1742766070783,1.756415,329,Eye Hit,Right,652.4463,392.4054,43.48251,SouthSidewalk
1742766070783,1.756415,329,Eye Hit,Center,653.0176,392.4054,43.48251,SouthSidewalk
1742766070812,1.783539,330,Eye Hit,Left,640.0537,398.1603,43.56587,SouthSidewalk
1742766070812,1.783539,330,Eye Hit,Right,638.9133,398.1603,43.56586,SouthSidewalk
1742766070812,1.783539,330,Eye Hit,Center,639.4835,398.1604,43.56587,SouthSidewalk
1742766070838,1.813459,331,Eye Hit,Left,646.7204,423.6068,44.24251,SouthSidewalk
1742766070838,1.813459,331,Eye Hit,Right,645.5974,423.6068,44.24252,SouthSidewalk
1742766070838,1.813459,331,Eye Hit,Center,646.1589,423.6068,44.24251,SouthSidewalk
1742766070867,1.840277,332,Eye Hit,Left,657.002,466.5208,45.33945,SouthSidewalk
1742766070867,1.840277,332,Eye Hit,Right,655.9062,466.5208,45.33946,SouthSidewalk
1742766070867,1.840277,332,Eye Hit,Center,656.4542,466.5208,45.33946,SouthSidewalk
1742766070908,1.867496,333,Eye Hit,Left,659.1558,490.2948,45.90392,SouthSidewalk
1742766070908,1.867496,333,Eye Hit,Right,658.0735,490.2948,45.90392,SouthSidewalk
1742766070908,1.867496,333,Eye Hit,Center,658.6147,490.2948,45.90393,SouthSidewalk
1742766070938,1.91065,334,Eye Hit,Left,655.1362,513.103,46.39453,SouthSidewalk
1742766070938,1.91065,334,Eye Hit,Right,654.0652,513.103,46.39453,SouthSidewalk
1742766070938,1.91065,334,Eye Hit,Center,654.6007,513.103,46.39453,SouthSidewalk
1742766070964,1.939684,335,Eye Hit,Left,652.9978,518.9577,46.51084,SouthSidewalk
1742766070964,1.939684,335,Eye Hit,Right,651.9296,518.9577,46.51084,SouthSidewalk
1742766070964,1.939684,335,Eye Hit,Center,652.4637,518.9577,46.51084,SouthSidewalk
1742766070991,1.965363,336,Eye Hit,Left,656.6795,515.8027,46.46245,SouthSidewalk
1742766070992,1.965363,336,Eye Hit,Right,655.6102,515.8027,46.46246,SouthSidewalk
1742766070992,1.965363,336,Eye Hit,Center,656.1448,515.8027,46.46245,SouthSidewalk
1742766071021,1.99346,337,Eye Hit,Left,653.3272,511.1184,46.34404,SouthSidewalk
1742766071021,1.99346,337,Eye Hit,Right,652.2551,511.1184,46.34404,SouthSidewalk
1742766071021,1.99346,337,Eye Hit,Center,652.7911,511.1184,46.34404,SouthSidewalk
1742766071049,2.021592,338,Eye Hit,Left,651.3334,508.8167,46.28341,SouthSidewalk
1742766071049,2.021592,338,Eye Hit,Right,650.2599,508.8167,46.28341,SouthSidewalk
1742766071049,2.021592,338,Eye Hit,Center,650.7967,508.8167,46.28341,SouthSidewalk
1742766071076,2.049514,339,Eye Hit,Left,652.6751,505.9642,46.22829,SouthSidewalk
1742766071076,2.049514,339,Eye Hit,Right,651.6003,505.9642,46.22829,SouthSidewalk
1742766071076,2.049514,339,Eye Hit,Center,652.1378,505.9642,46.22829,SouthSidewalk
1742766071105,2.077017,340,Eye Hit,Left,651.6147,502.8184,46.15356,SouthSidewalk
1742766071105,2.077017,340,Eye Hit,Right,650.5383,502.8184,46.15356,SouthSidewalk
1742766071105,2.077017,340,Eye Hit,Center,651.0765,502.8184,46.15356,SouthSidewalk
1742766071134,2.106809,341,Eye Hit,Left,657.1308,506.1545,46.25643,SouthSidewalk
1742766071134,2.106809,341,Eye Hit,Right,656.0567,506.1545,46.25643,SouthSidewalk
1742766071134,2.106809,341,Eye Hit,Center,656.5938,506.1545,46.25643,SouthSidewalk
1742766071162,2.134799,342,Eye Hit,Left,654.2877,494.1877,45.97477,SouthSidewalk
1742766071162,2.134799,342,Eye Hit,Right,653.207,494.1877,45.97477,SouthSidewalk
1742766071162,2.134799,342,Eye Hit,Center,653.7473,494.1877,45.97477,SouthSidewalk
1742766071189,2.16347,343,Eye Hit,Left,657.4915,502.1324,46.17032,SouthSidewalk
1742766071189,2.16347,343,Eye Hit,Right,656.4154,502.1324,46.17032,SouthSidewalk
1742766071189,2.16347,343,Eye Hit,Center,656.9534,502.1324,46.17031,SouthSidewalk
1742766071217,2.190595,344,Eye Hit,Left,660.077,497.9192,46.08907,SouthSidewalk
1742766071217,2.190595,344,Eye Hit,Right,658.999,497.9192,46.08907,SouthSidewalk
1742766071217,2.190595,344,Eye Hit,Center,659.538,497.9192,46.08907,SouthSidewalk
1742766071244,2.218064,345,Eye Hit,Left,662.2213,488.1071,45.87737,SouthSidewalk
1742766071244,2.218064,345,Eye Hit,Right,661.1383,488.1071,45.87737,SouthSidewalk
1742766071244,2.218064,345,Eye Hit,Center,661.6797,488.1071,45.87737,SouthSidewalk
1742766071273,2.246094,346,Eye Hit,Left,661.9317,485.7753,45.82357,SouthSidewalk
1742766071273,2.246094,346,Eye Hit,Right,660.8475,485.7752,45.82357,SouthSidewalk
1742766071273,2.246094,346,Eye Hit,Center,661.3896,485.7753,45.82358,SouthSidewalk
1742766071300,2.275454,347,Eye Hit,Left,661.8926,484.8954,45.80394,SouthSidewalk
1742766071300,2.275454,347,Eye Hit,Right,660.8079,484.8954,45.80394,SouthSidewalk
1742766071300,2.275454,347,Eye Hit,Center,661.3503,484.8954,45.80394,SouthSidewalk
1742766071328,2.30125,348,Eye Hit,Left,661.6551,537.5682,46.95794,SouthSidewalk
1742766071328,2.30125,348,Eye Hit,Right,660.597,537.5682,46.95794,SouthSidewalk
1742766071328,2.30125,348,Eye Hit,Center,661.1261,537.5682,46.95794,SouthSidewalk
1742766071356,2.329577,349,Eye Hit,Left,695.2352,542.2205,47.16885,SouthSidewalk
1742766071356,2.329577,349,Eye Hit,Right,694.1819,542.2205,47.16885,SouthSidewalk
1742766071356,2.329577,349,Eye Hit,Center,694.7086,542.2205,47.16885,SouthSidewalk
1742766071397,2.357315,350,Eye Hit,Left,727.5684,536.6864,47.07921,SouthSidewalk
1742766071397,2.357315,350,Eye Hit,Right,726.5131,536.6864,47.07921,SouthSidewalk
1742766071397,2.357315,350,Eye Hit,Center,727.0408,536.6864,47.07921,SouthSidewalk
1742766071424,2.39955,351,Eye Hit,Left,728.9337,548.858,47.32756,RoadCrosswalk
1742766071424,2.39955,351,Eye Hit,Right,727.8839,548.858,47.32756,RoadCrosswalk
1742766071424,2.39955,351,Eye Hit,Center,728.4088,548.858,47.32756,RoadCrosswalk
1742766071452,2.426038,352,Eye Hit,Left,710.3138,666.8656,49.238,RoadCrosswalk
1742766071452,2.426038,352,Eye Hit,Right,709.3047,666.8656,49.238,RoadCrosswalk
1742766071452,2.426038,352,Eye Hit,Center,709.8093,666.8656,49.23799,RoadCrosswalk
1742766071479,2.453397,353,Eye Hit,Left,711.149,662.4005,49.18713,RoadCrosswalk
1742766071479,2.453397,353,Eye Hit,Right,710.139,662.4005,49.18713,RoadCrosswalk
1742766071479,2.453397,353,Eye Hit,Center,710.644,662.4005,49.18713,RoadCrosswalk
1742766071508,2.480314,354,Eye Hit,Left,702.068,663.1425,49.18267,RoadCrosswalk
1742766071508,2.480314,354,Eye Hit,Right,701.0577,663.1425,49.18266,RoadCrosswalk
1742766071508,2.480314,354,Eye Hit,Center,701.5629,663.1425,49.18267,RoadCrosswalk
1742766071537,2.509438,355,Eye Hit,Left,695.0098,660.6341,49.13633,RoadCrosswalk
1742766071537,2.509438,355,Eye Hit,Right,693.9987,660.6341,49.13633,RoadCrosswalk
1742766071537,2.509438,355,Eye Hit,Center,694.5042,660.6341,49.13633,RoadCrosswalk
1742766071565,2.53911,356,Eye Hit,Left,677.3937,663.2053,49.10985,RoadCrosswalk
1742766071565,2.53911,356,Eye Hit,Right,676.382,663.2053,49.10985,RoadCrosswalk
1742766071565,2.53911,356,Eye Hit,Center,676.8878,663.2053,49.10985,RoadCrosswalk
1742766071591,2.566141,357,Eye Hit,Left,664.2979,664.1525,49.05964,RoadCrosswalk
1742766071591,2.566141,357,Eye Hit,Right,663.2852,664.1525,49.05964,RoadCrosswalk
1742766071591,2.566141,357,Eye Hit,Center,663.7916,664.1526,49.05964,RoadCrosswalk
1742766071618,2.591913,358,Eye Hit,Left,660.7771,662.6481,49.02203,RoadCrosswalk
1742766071618,2.591913,358,Eye Hit,Right,659.7635,662.6481,49.02203,RoadCrosswalk
1742766071618,2.591913,358,Eye Hit,Center,660.2703,662.6481,49.02202,RoadCrosswalk
1742766071647,2.619653,359,Eye Hit,Left,654.1464,656.5427,48.90979,RoadCrosswalk
1742766071647,2.619653,359,Eye Hit,Right,653.1306,656.5427,48.90979,RoadCrosswalk
1742766071647,2.619653,359,Eye Hit,Center,653.6385,656.5427,48.90979,RoadCrosswalk
1742766071676,2.648659,360,Eye Hit,Left,650.3032,651.5901,48.82248,RoadCrosswalk
1742766071676,2.648659,360,Eye Hit,Right,649.2855,651.5901,48.82248,RoadCrosswalk
1742766071676,2.648659,360,Eye Hit,Center,649.7944,651.5901,48.82247,RoadCrosswalk
1742766071715,2.677655,361,Eye Hit,Left,638.988,631.2881,48.4689,RoadCrosswalk
1742766071715,2.677655,361,Eye Hit,Right,637.9629,631.2881,48.4689,RoadCrosswalk
1742766071715,2.677655,361,Eye Hit,Center,638.4755,631.2881,48.4689,RoadCrosswalk
1742766071756,2.716206,362,Eye Hit,Left,631.9727,620.2324,48.25335,RoadCrosswalk
1742766071756,2.716206,362,Eye Hit,Right,630.943,620.2324,48.25335,RoadCrosswalk
1742766071756,2.716206,362,Eye Hit,Center,631.4578,620.2324,48.25335,RoadCrosswalk
1742766071786,2.758425,363,Eye Hit,Left,643.4457,661.0615,48.89222,RoadCrosswalk
1742766071786,2.758425,363,Eye Hit,Right,642.4296,661.0615,48.89223,RoadCrosswalk
1742766071786,2.758425,363,Eye Hit,Center,642.9376,661.0615,48.89222,RoadCrosswalk
1742766071812,2.786905,364,Eye Hit,Left,636.5735,641.8409,48.59801,RoadCrosswalk
1742766071812,2.786905,364,Eye Hit,Right,635.5511,641.8409,48.59801,RoadCrosswalk
1742766071812,2.786905,364,Eye Hit,Center,636.0623,641.8409,48.59801,RoadCrosswalk
1742766071841,2.813409,365,Eye Hit,Left,642.121,704.8329,49.32576,RoadCrosswalk
1742766071841,2.813409,365,Eye Hit,Right,641.1138,704.8329,49.32576,RoadCrosswalk
1742766071841,2.813409,365,Eye Hit,Center,641.6174,704.8329,49.32576,RoadCrosswalk
1742766071871,2.842926,366,Eye Hit,Left,654.4004,755.5312,49.7071,NorthSidewalk
1742766071871,2.842926,366,Eye Hit,Right,653.4008,755.5312,49.7071,NorthSidewalk
1742766071871,2.842926,366,Eye Hit,Center,653.9006,755.5312,49.7071,NorthSidewalk
1742766071897,2.871895,367,,Left,674.8487,757.1247,49.82265,
1742766071897,2.871895,367,,Right,673.8514,757.1247,49.82265,
1742766071897,2.871895,367,,Center,674.35,757.1247,49.82265,
1742766071925,2.898033,368,,Left,680.1996,761.8895,49.85994,
1742766071925,2.898033,368,,Right,679.2032,761.8895,49.85994,
1742766071925,2.898033,368,,Center,679.7015,761.8895,49.85995,
1742766071954,2.926123,369,,Left,678.2112,744.9425,49.78852,
1742766071954,2.926123,369,,Right,677.2133,744.9425,49.78852,
1742766071954,2.926123,369,,Center,677.7123,744.9425,49.78852,
1742766071983,2.954643,370,,Left,679.8078,737.9767,49.76032,
1742766071983,2.954643,370,,Right,678.8093,737.9767,49.76031,
1742766071983,2.954643,370,,Center,679.3086,737.9767,49.76031,
1742766072011,2.990182,371,,Left,679.3684,729.3257,49.70947,
1742766072011,2.990182,371,,Right,678.369,729.3257,49.70947,
1742766072011,2.990182,371,,Center,678.8687,729.3257,49.70947,
1742766072038,3.013314,372,,Left,684.8857,727.7323,49.71949,
1742766072038,3.013314,372,,Right,683.8864,727.7323,49.71949,
1742766072038,3.013314,372,,Center,684.386,727.7323,49.71949,
1742766072065,3.039879,373,Eye Hit,Left,691.9358,719.0105,49.6832,NorthSidewalk
1742766072065,3.039879,373,Eye Hit,Right,690.9357,719.0105,49.6832,NorthSidewalk
1742766072065,3.039879,373,Eye Hit,Center,691.4358,719.0105,49.6832,NorthSidewalk
1742766072094,3.065479,374,Eye Hit,Left,689.5961,712.9164,49.63062,NorthSidewalk
1742766072094,3.065479,374,Eye Hit,Right,688.595,712.9164,49.63062,NorthSidewalk
1742766072094,3.065479,374,Eye Hit,Center,689.0955,712.9164,49.63061,NorthSidewalk
1742766072121,3.094525,375,Eye Hit,Left,698.5011,704.6546,49.58741,NorthSidewalk
1742766072121,3.094525,375,Eye Hit,Right,697.4991,704.6546,49.58741,NorthSidewalk
1742766072121,3.094525,375,Eye Hit,Center,698.0001,704.6546,49.58741,NorthSidewalk
1742766072150,3.123269,376,Eye Hit,Left,701.0154,705.83,49.60274,NorthSidewalk
1742766072150,3.123269,376,Eye Hit,Right,700.0138,705.83,49.60274,NorthSidewalk
1742766072151,3.123269,376,Eye Hit,Center,700.5146,705.83,49.60274,NorthSidewalk
1742766072178,3.15207,377,Eye Hit,Left,707.4899,704.486,49.60104,NorthSidewalk
1742766072178,3.15207,377,Eye Hit,Right,706.4882,704.486,49.60104,NorthSidewalk
1742766072178,3.15207,377,Eye Hit,Center,706.9891,704.486,49.60104,NorthSidewalk
1742766072206,3.179588,378,Eye Hit,Left,723.193,698.4459,49.55716,NorthSidewalk
1742766072206,3.179588,378,Eye Hit,Right,722.1904,698.4459,49.55717,NorthSidewalk
1742766072206,3.179588,378,Eye Hit,Center,722.6917,698.4459,49.55716,NorthSidewalk
1742766072235,3.207324,379,Eye Hit,Left,724.2161,694.3929,49.5207,NorthSidewalk
1742766072235,3.207324,379,Eye Hit,Right,723.2127,694.3929,49.5207,NorthSidewalk
1742766072235,3.207324,379,Eye Hit,Center,723.7144,694.3929,49.5207,NorthSidewalk
1742766072262,3.236076,380,Eye Hit,Left,671.8953,688.1124,49.35083,NorthSidewalk
1742766072262,3.236076,380,Eye Hit,Right,670.8885,688.1124,49.35084,NorthSidewalk
1742766072262,3.236076,380,Eye Hit,Center,671.3918,688.1124,49.35084,NorthSidewalk
1742766072292,3.263188,381,Eye Hit,Left,578.1183,675.9357,48.41155,NorthSidewalk
1742766072292,3.263188,381,Eye Hit,Right,577.092,675.9357,48.41155,NorthSidewalk
1742766072292,3.263188,381,Eye Hit,Center,577.6051,675.9357,48.41155,NorthSidewalk
1742766072331,3.293875,382,Eye Hit,Left,575.7864,678.0518,48.40459,NorthSidewalk
1742766072331,3.293875,382,Eye Hit,Right,574.7599,678.0518,48.40459,NorthSidewalk
1742766072331,3.293875,382,Eye Hit,Center,575.2731,678.0518,48.40459,NorthSidewalk
1742766072359,3.333676,383,Eye Hit,Left,579.6152,669.5521,48.36363,NorthSidewalk
1742766072359,3.333676,383,Eye Hit,Right,578.5879,669.5521,48.36363,NorthSidewalk
1742766072359,3.333676,383,Eye Hit,Center,579.1016,669.5521,48.36363,NorthSidewalk
1742766072385,3.360657,384,Eye Hit,Left,585.5494,667.5671,48.41545,NorthSidewalk
1742766072385,3.360657,384,Eye Hit,Right,584.5232,667.5671,48.41545,NorthSidewalk
1742766072385,3.360657,384,Eye Hit,Center,585.0363,667.5671,48.41545,NorthSidewalk
1742766072414,3.386587,385,Eye Hit,Left,602.1797,680.3616,48.74188,NorthSidewalk
1742766072414,3.386587,385,Eye Hit,Right,601.1604,680.3616,48.74188,NorthSidewalk
1742766072414,3.386587,385,Eye Hit,Center,601.67,680.3616,48.74188,NorthSidewalk
1742766072440,3.416283,386,Eye Hit,Left,622.8889,682.4581,48.96743,NorthSidewalk
1742766072440,3.416283,386,Eye Hit,Right,621.8742,682.4581,48.96743,NorthSidewalk
1742766072440,3.416283,386,Eye Hit,Center,622.3815,682.4581,48.96743,NorthSidewalk
1742766072468,3.442676,387,Eye Hit,Left,634.5054,678.4757,49.02463,NorthSidewalk
1742766072468,3.442676,387,Eye Hit,Right,633.492,678.4757,49.02463,NorthSidewalk
1742766072468,3.442676,387,Eye Hit,Center,633.9987,678.4757,49.02463,NorthSidewalk
1742766072510,3.469019,388,Eye Hit,Left,650.4009,678.1514,49.1373,RoadCrosswalk
1742766072510,3.469019,388,Eye Hit,Right,649.3898,678.1514,49.1373,RoadCrosswalk
1742766072510,3.469019,388,Eye Hit,Center,649.8953,678.1514,49.1373,RoadCrosswalk
1742766072536,3.512641,389,Eye Hit,Left,668.626,714.0511,49.56533,NorthSidewalk
1742766072536,3.512641,389,Eye Hit,Right,667.6237,714.0511,49.56533,NorthSidewalk
1742766072536,3.512641,389,Eye Hit,Center,668.1249,714.0511,49.56533,NorthSidewalk
1742766072564,3.539002,390,Eye Hit,Left,694.8409,731.9637,49.78021,NorthSidewalk
1742766072564,3.539002,390,Eye Hit,Right,693.8428,731.9637,49.78021,NorthSidewalk
1742766072564,3.539002,390,Eye Hit,Center,694.3419,731.9637,49.7802,NorthSidewalk
1742766072594,3.564967,391,Eye Hit,Left,726.1561,729.4188,49.79414,NorthSidewalk
1742766072594,3.564967,391,Eye Hit,Right,725.1583,729.4188,49.79414,NorthSidewalk
1742766072594,3.564967,391,Eye Hit,Center,725.6572,729.4188,49.79414,NorthSidewalk
1742766072621,3.595188,392,Eye Hit,Left,730.9766,739.8026,49.8476,NorthSidewalk
1742766072621,3.595188,392,Eye Hit,Right,729.9798,739.8026,49.8476,NorthSidewalk
1742766072621,3.595188,392,Eye Hit,Center,730.4782,739.8026,49.8476,NorthSidewalk
1742766072650,3.622441,393,Eye Hit,Left,745.7769,739.6827,49.82207,NorthSidewalk
1742766072650,3.622441,393,Eye Hit,Right,744.7796,739.6827,49.82207,NorthSidewalk
1742766072650,3.622441,393,Eye Hit,Center,745.2782,739.6827,49.82207,NorthSidewalk
1742766072676,3.651822,394,Eye Hit,Left,753.7452,744.5223,49.82273,NorthSidewalk
1742766072676,3.651822,394,Eye Hit,Right,752.748,744.5223,49.82273,NorthSidewalk
1742766072676,3.651822,394,Eye Hit,Center,753.2466,744.5223,49.82274,NorthSidewalk
1742766072705,3.677559,395,,Left,738.3408,814.7287,49.94667,
1742766072705,3.677559,395,,Right,737.3461,814.7287,49.94667,
1742766072705,3.677559,395,,Center,737.8434,814.7287,49.94667,
1742766072734,3.706605,396,,Left,773.8482,913.3604,49.15079,
1742766072734,3.706605,396,,Right,772.8374,913.3604,49.15079,
1742766072734,3.706605,396,,Center,773.3428,913.3604,49.15079,
1742766072761,3.735155,397,Eye Hit,Left,802.0894,957.0217,48.41016,NorthWalkingSignal
1742766072761,3.735155,397,Eye Hit,Right,801.063,957.0217,48.41016,NorthWalkingSignal
1742766072761,3.735155,397,Eye Hit,Center,801.5762,957.0217,48.41016,NorthWalkingSignal
1742766072789,3.762617,398,Eye Hit,Left,794.822,955.2094,48.48794,NorthWalkingSignal
1742766072789,3.762617,398,Eye Hit,Right,793.7973,955.2094,48.48794,NorthWalkingSignal
1742766072789,3.762617,398,Eye Hit,Center,794.3096,955.2094,48.48794,NorthWalkingSignal
1742766072817,3.789772,399,Eye Hit,Left,791.5516,951.5712,48.56215,NorthWalkingSignal
1742766072818,3.789772,399,Eye Hit,Right,790.5284,951.5712,48.56215,NorthWalkingSignal
1742766072818,3.789772,399,Eye Hit,Center,791.04,951.5712,48.56215,NorthWalkingSignal
1742766072845,3.818918,400,Eye Hit,Left,793.7671,944.89,48.64372,NorthWalkingSignal
1742766072845,3.818918,400,Eye Hit,Right,792.7457,944.89,48.64372,NorthWalkingSignal
1742766072845,3.818918,400,Eye Hit,Center,793.2564,944.89,48.64372,NorthWalkingSignal
1742766072874,3.846488,401,Eye Hit,Left,787.2114,949.0769,48.62683,NorthWalkingSignal
1742766072874,3.846488,401,Eye Hit,Right,786.1896,949.0769,48.62683,NorthWalkingSignal
1742766072874,3.846488,401,Eye Hit,Center,786.7005,949.0769,48.62683,NorthWalkingSignal
1742766072901,3.876023,402,Eye Hit,Left,776.1431,956.431,48.58107,NorthWalkingSignal
1742766072901,3.876023,402,Eye Hit,Right,775.1203,956.431,48.58107,NorthWalkingSignal
1742766072901,3.876023,402,Eye Hit,Center,775.6317,956.431,48.58107,NorthWalkingSignal
1742766072928,3.902674,403,Eye Hit,Left,768.37,953.9091,48.65263,NorthWalkingSignal
1742766072928,3.902674,403,Eye Hit,Right,767.3488,953.9091,48.65263,NorthWalkingSignal
1742766072928,3.902674,403,Eye Hit,Center,767.8594,953.9091,48.65264,NorthWalkingSignal
1742766072958,3.930004,404,Eye Hit,Left,775.1305,950.7429,48.66682,NorthWalkingSignal
1742766072958,3.930004,404,Eye Hit,Right,774.1096,950.7429,48.66682,NorthWalkingSignal
1742766072958,3.930004,404,Eye Hit,Center,774.6201,950.7429,48.66681,NorthWalkingSignal
1742766072986,3.960271,405,Eye Hit,Left,779.885,942.1132,48.7622,NorthWalkingSignal
1742766072986,3.960271,405,Eye Hit,Right,778.8661,942.1132,48.7622,NorthWalkingSignal
1742766072986,3.960271,405,Eye Hit,Center,779.3755,942.1132,48.7622,NorthWalkingSignal
1742766073012,3.988268,406,Eye Hit,Left,767.298,933.385,48.9399,NorthWalkingSignal
1742766073012,3.988268,406,Eye Hit,Right,766.2827,933.385,48.9399,NorthWalkingSignal
1742766073012,3.988268,406,Eye Hit,Center,766.7903,933.385,48.9399,NorthWalkingSignal
1742766073054,4.013626,407,Eye Hit,Left,765.2751,921.4803,49.09786,NorthWalkingSignal
1742766073054,4.013626,407,Eye Hit,Right,764.2632,921.4803,49.09786,NorthWalkingSignal
1742766073054,4.013626,407,Eye Hit,Center,764.7691,921.4803,49.09786,NorthWalkingSignal
1742766073095,4.057161,408,Eye Hit,Left,767.3777,913.1873,49.18331,NorthWalkingSignal
1742766073095,4.057161,408,Eye Hit,Right,766.3676,913.1873,49.18331,NorthWalkingSignal
1742766073095,4.057161,408,Eye Hit,Center,766.8727,913.1873,49.18331,NorthWalkingSignal
1742766073137,4.098725,409,Eye Hit,Left,782.4825,897.8123,49.26848,NorthWalkingSignal
1742766073137,4.098725,409,Eye Hit,Right,781.4741,897.8123,49.26848,NorthWalkingSignal
1742766073137,4.098725,409,Eye Hit,Center,781.9783,897.8123,49.26847,NorthWalkingSignal
1742766073177,4.140483,410,Eye Hit,Left,789.6159,901.3992,49.19255,NorthWalkingSignal
1742766073177,4.140483,410,Eye Hit,Right,788.606,901.3992,49.19254,NorthWalkingSignal
1742766073177,4.140483,410,Eye Hit,Center,789.1108,901.3992,49.19254,NorthWalkingSignal
1742766073206,4.185068,411,Eye Hit,Left,792.7007,883.6855,49.33816,NorthWalkingSignal
1742766073207,4.185068,411,Eye Hit,Right,791.6937,883.6855,49.33816,NorthWalkingSignal
1742766073207,4.185068,411,Eye Hit,Center,792.1973,883.6855,49.33816,NorthWalkingSignal
1742766073234,4.209061,412,Eye Hit,Left,794.7007,861.8224,49.48951,NorthWalkingSignal
1742766073234,4.209061,412,Eye Hit,Right,793.6968,861.8224,49.4895,NorthWalkingSignal
1742766073234,4.209061,412,Eye Hit,Center,794.1987,861.8224,49.4895,NorthWalkingSignal
1742766073276,4.235555,413,Eye Hit,Left,810.0564,814.8945,49.57534,NorthWalkingSignal
1742766073277,4.235555,413,Eye Hit,Right,809.0543,814.8945,49.57535,NorthWalkingSignal
1742766073277,4.235555,413,Eye Hit,Center,809.5553,814.8945,49.57535,NorthWalkingSignal
1742766073306,4.278858,414,Eye Hit,Left,820.6546,809.2194,49.48953,NorthWalkingSignal
1742766073306,4.278858,414,Eye Hit,Right,819.6506,809.2194,49.48953,NorthWalkingSignal
1742766073306,4.278858,414,Eye Hit,Center,820.1526,809.2194,49.48953,NorthWalkingSignal
1742766073332,4.308143,415,Eye Hit,Left,833.411,815.7483,49.34767,NorthWalkingSignal
1742766073332,4.308143,415,Eye Hit,Right,832.4041,815.7483,49.34768,NorthWalkingSignal
1742766073332,4.308143,415,Eye Hit,Center,832.9075,815.7483,49.34767,NorthWalkingSignal
1742766073357,4.332566,416,Eye Hit,Left,860.8025,790.2261,49.05001,NorthWalkingSignal
1742766073357,4.332566,416,Eye Hit,Right,859.7896,790.2261,49.05002,NorthWalkingSignal
1742766073357,4.332566,416,Eye Hit,Center,860.296,790.2261,49.05001,NorthWalkingSignal
1742766073397,4.358007,417,,Left,879.8325,780.0568,48.78045,
1742766073397,4.358007,417,,Right,878.8141,780.0568,48.78045,
1742766073397,4.358007,417,,Center,879.3234,780.0568,48.78045,
1742766073426,4.397566,418,,Left,819.7072,780.5933,49.50149,
1742766073426,4.397566,418,,Right,818.7035,780.5933,49.50149,
1742766073426,4.397566,418,,Center,819.2053,780.5933,49.50149,
1742766073453,4.427483,419,,Left,714.1113,819.0544,49.94175,
1742766073453,4.427483,419,,Right,713.1164,819.0544,49.94175,
1742766073453,4.427483,419,,Center,713.6138,819.0544,49.94175,
1742766073483,4.454579,420,,Left,738.8324,810.8004,49.94288,
1742766073483,4.454579,420,,Right,737.8375,810.8004,49.94288,
1742766073483,4.454579,420,,Center,738.3349,810.8004,49.94288,
1742766073511,4.48447,421,,Left,666.5018,818.1573,49.798,
1742766073511,4.48447,421,,Right,665.504,818.1573,49.798,
1742766073511,4.48447,421,,Center,666.0029,818.1573,49.798,
1742766073539,4.512765,422,,Left,599.8414,822.7491,49.22964,
1742766073539,4.512765,422,,Right,598.8322,822.7491,49.22964,
1742766073539,4.512765,422,,Center,599.3368,822.7491,49.22964,
1742766073566,4.540419,423,Eye Hit,Left,573.6547,833.7562,48.86517,NorthCarSignal
1742766073566,4.540419,423,Eye Hit,Right,572.638,833.7562,48.86518,NorthCarSignal
1742766073566,4.540419,423,Eye Hit,Center,573.1464,833.7562,48.86517,NorthCarSignal
1742766073608,4.567214,424,Eye Hit,Left,574.8428,833.6348,48.87653,NorthCarSignal
1742766073608,4.567214,424,Eye Hit,Right,573.8262,833.6348,48.87653,NorthCarSignal
1742766073609,4.567214,424,Eye Hit,Center,574.3345,833.6348,48.87653,NorthCarSignal
1742766073639,4.611244,425,,Left,583.6595,809.2567,49.05511,
1742766073639,4.611244,425,,Right,582.6467,809.2567,49.0551,
1742766073639,4.611244,425,,Center,583.1531,809.2567,49.0551,
1742766073664,4.641601,426,,Left,592.0375,809.6939,49.15622,
1742766073664,4.641601,426,,Right,591.0267,809.6939,49.15622,
1742766073664,4.641601,426,,Center,591.5322,809.6938,49.15622,
1742766073706,4.664687,427,Eye Hit,Left,631.8456,825.2642,49.52317,NorthCarSignal
1742766073706,4.664687,427,Eye Hit,Right,630.8423,825.2642,49.52317,NorthCarSignal
1742766073706,4.664687,427,Eye Hit,Center,631.344,825.2642,49.52317,NorthCarSignal
1742766073740,4.70916,428,Eye Hit,Left,637.6554,829.7411,49.55543,NorthCarSignal
1742766073740,4.70916,428,Eye Hit,Right,636.6528,829.7411,49.55543,NorthCarSignal
1742766073740,4.70916,428,Eye Hit,Center,637.1541,829.7411,49.55543,NorthCarSignal
1742766073765,4.742401,429,Eye Hit,Left,643.1274,831.6454,49.59121,NorthCarSignal
1742766073765,4.742401,429,Eye Hit,Right,642.1255,831.6454,49.59121,NorthCarSignal
1742766073765,4.742401,429,Eye Hit,Center,642.6265,831.6454,49.59121,NorthCarSignal
1742766073802,4.766768,430,Eye Hit,Left,659.2985,831.9993,49.69631,NorthCarSignal
1742766073802,4.766768,430,Eye Hit,Right,658.2988,831.9993,49.69631,NorthCarSignal
1742766073802,4.766768,430,Eye Hit,Center,658.7986,831.9993,49.69631,NorthCarSignal
1742766073848,4.80427,431,Eye Hit,Left,668.4932,844.0075,49.69238,NorthCarSignal
1742766073848,4.80427,431,Eye Hit,Right,667.4933,844.0075,49.69237,NorthCarSignal
1742766073848,4.80427,431,Eye Hit,Center,667.9933,844.0075,49.69238,NorthCarSignal
1742766073878,4.850637,432,Eye Hit,Left,691.1121,844.4405,49.78033,NorthCarSignal
1742766073878,4.850637,432,Eye Hit,Right,690.1141,844.4405,49.78033,NorthCarSignal
1742766073878,4.850637,432,Eye Hit,Center,690.6131,844.4405,49.78033,NorthCarSignal
1742766073900,4.87846,433,Eye Hit,Left,698.9306,848.2485,49.7807,NorthCarSignal
1742766073900,4.87846,433,Eye Hit,Right,697.9326,848.2485,49.7807,NorthCarSignal
1742766073900,4.87846,433,Eye Hit,Center,698.4316,848.2485,49.7807,NorthCarSignal
1742766073938,4.900208,434,Eye Hit,Left,691.2802,856.7,49.71056,NorthCarSignal
1742766073938,4.900208,434,Eye Hit,Right,690.2808,856.7,49.71055,NorthCarSignal
1742766073938,4.900208,434,Eye Hit,Center,690.7805,856.7,49.71056,NorthCarSignal
1742766073970,4.940109,435,Eye Hit,Left,691.4738,865.7357,49.65215,NorthCarSignal
1742766073970,4.940109,435,Eye Hit,Right,690.4731,865.7357,49.65215,NorthCarSignal
1742766073970,4.940109,435,Eye Hit,Center,690.9734,865.7357,49.65215,NorthCarSignal
1742766073999,4.971903,436,Eye Hit,Left,702.0267,866.6489,49.67041,NorthCarSignal
1742766074000,4.971903,436,Eye Hit,Right,701.0264,866.6489,49.67041,NorthCarSignal
1742766074000,4.971903,436,Eye Hit,Center,701.5266,866.6489,49.67042,NorthCarSignal
1742766074026,5.000088,437,Eye Hit,Left,699.9223,865.3755,49.67634,NorthCarSignal
1742766074026,5.000088,437,Eye Hit,Right,698.9221,865.3755,49.67634,NorthCarSignal
1742766074026,5.000088,437,Eye Hit,Center,699.4222,865.3755,49.67634,NorthCarSignal
1742766074056,5.027302,438,,Left,695.3193,863.3282,49.68206,
1742766074056,5.027302,438,,Right,694.3193,863.3282,49.68205,
1742766074056,5.027302,438,,Center,694.8193,863.3282,49.68205,
1742766074083,5.056671,439,,Left,696.2412,866.9594,49.65343,
1742766074083,5.056671,439,,Right,695.2406,866.9595,49.65343,
1742766074083,5.056671,439,,Center,695.7409,866.9595,49.65343,
1742766074111,5.083276,440,Eye Hit,Left,694.65,873.6013,49.60095,NorthCarSignal
1742766074111,5.083276,440,Eye Hit,Right,693.6484,873.6013,49.60095,NorthCarSignal
1742766074111,5.083276,440,Eye Hit,Center,694.1492,873.6013,49.60095,NorthCarSignal
1742766074138,5.111547,441,,Left,691.6716,872.754,49.60088,
1742766074138,5.111547,441,,Right,690.6699,872.754,49.60088,
1742766074138,5.111547,441,,Center,691.1708,872.754,49.60088,
1742766074167,5.139853,442,,Left,660.4735,867.9895,49.50541,
1742766074167,5.139853,442,,Right,659.4699,867.9895,49.50541,
1742766074167,5.139853,442,,Center,659.9717,867.9895,49.5054,
1742766074195,5.167246,443,,Left,536.8762,801.9971,48.3843,
1742766074195,5.167246,443,,Right,535.8493,801.9971,48.3843,
1742766074195,5.167246,443,,Center,536.3627,801.9971,48.3843,
1742766074226,5.195539,444,,Left,453.2044,724.4352,46.61563,
1742766074226,5.195539,444,,Right,452.1386,724.4352,46.61563,
1742766074226,5.195539,444,,Center,452.6715,724.4352,46.61564,
1742766074251,5.226712,445,,Left,405.8993,690.8833,45.35401,
1742766074251,5.226712,445,,Right,404.8038,690.8833,45.35401,
1742766074251,5.226712,445,,Center,405.3516,690.8833,45.35401,
1742766074279,5.251419,446,,Left,411.634,692.7361,45.49488,
1742766074279,5.251419,446,,Right,410.5419,692.7361,45.49488,
1742766074279,5.251419,446,,Center,411.088,692.7361,45.49488,
1742766074307,5.279068,447,,Left,409.9697,690.5114,45.44255,
1742766074307,5.279068,447,,Right,408.8764,690.5114,45.44255,
1742766074307,5.279068,447,,Center,409.4231,690.5114,45.44255,
1742766074333,5.307438,448,,Left,421.5613,690.5293,45.70673,
1742766074333,5.307438,448,,Right,420.4743,690.5293,45.70673,
1742766074333,5.307438,448,,Center,421.0178,690.5293,45.70673,
1742766074363,5.333951,449,,Left,417.4569,696.1727,45.65845,
1742766074363,5.333951,449,,Right,416.3687,696.1727,45.65845,
1742766074363,5.333951,449,,Center,416.9128,696.1727,45.65845,
1742766074396,5.364662,450,,Left,412.7348,701.2452,45.58836,
1742766074396,5.364662,450,,Right,411.6449,701.2452,45.58836,
1742766074396,5.364662,450,,Center,412.1899,701.2452,45.58837,
1742766074423,5.397829,451,,Left,413.2471,703.2249,45.61499,
1742766074423,5.397829,451,,Right,412.1578,703.2249,45.61499,
1742766074423,5.397829,451,,Center,412.7025,703.2249,45.61499,
1742766074450,5.432182,452,,Left,410.792,701.1082,45.54618,
1742766074450,5.432182,452,,Right,409.7012,701.1082,45.54618,
1742766074450,5.432182,452,,Center,410.2466,701.1082,45.54618,
1742766074479,5.451235,453,,Left,412.9557,702.8649,45.60474,
1742766074479,5.451235,453,,Right,411.8662,702.8649,45.60474,
1742766074479,5.451235,453,,Center,412.4109,702.8649,45.60474,
1742766074502,5.479632,454,,Left,414.9685,700.6089,45.63674,
1742766074502,5.479632,454,,Right,413.8798,700.6089,45.63673,
1742766074502,5.479632,454,,Center,414.4241,700.6089,45.63673,
1742766074545,5.512494,455,,Left,413.6797,699.7118,45.60155,
1742766074545,5.512494,455,,Right,412.5902,699.7118,45.60155,
1742766074545,5.512494,455,,Center,413.1349,699.7117,45.60154,
1742766074585,5.546858,456,,Left,402.9516,699.707,45.3559,
1742766074585,5.546858,456,,Right,401.8562,699.707,45.3559,
1742766074585,5.546858,456,,Center,402.4039,699.707,45.3559,
1742766074627,5.59632,457,,Left,393.0804,702.9258,45.1474,
1742766074627,5.59632,457,,Right,391.9799,702.9258,45.1474,
1742766074627,5.59632,457,,Center,392.5302,702.9258,45.14739,
1742766074663,5.629663,458,,Left,394.0998,707.0591,45.20041,
1742766074663,5.629663,458,,Right,393.0006,707.0591,45.20041,
1742766074663,5.629663,458,,Center,393.5501,707.0591,45.2004,
1742766074692,5.665179,459,,Left,396.9715,706.3311,45.26488,
1742766074692,5.665179,459,,Right,395.8739,706.3311,45.26488,
1742766074692,5.665179,459,,Center,396.4227,706.3311,45.26488,
1742766074720,5.70006,460,,Left,395.3626,709.8708,45.25077,
1742766074720,5.70006,460,,Right,394.2646,709.8708,45.25077,
1742766074720,5.70006,460,,Center,394.8136,709.8708,45.25077,
1742766074748,5.722593,461,,Left,398.974,713.2314,45.35591,
1742766074748,5.722593,461,,Right,397.8785,713.2314,45.35592,
1742766074748,5.722593,461,,Center,398.4262,713.2314,45.35591,
1742766074789,5.749734,462,,Left,406.3448,713.2902,45.53217,
1742766074789,5.749734,462,,Right,405.2535,713.2902,45.53217,
1742766074790,5.749734,462,,Center,405.7992,713.2902,45.53217,
1742766074830,5.791999,463,,Left,402.6299,704.1255,45.39369,
1742766074830,5.791999,463,,Right,401.5353,704.1255,45.39369,
1742766074830,5.791999,463,,Center,402.0827,704.1255,45.3937,
1742766074859,5.832636,464,,Left,401.5246,707.4847,45.39117,
1742766074859,5.832636,464,,Right,400.43,707.4847,45.39117,
1742766074859,5.832636,464,,Center,400.9774,707.4847,45.39118,
1742766074901,5.860299,465,,Left,409.1663,714.2625,45.61071,
1742766074901,5.860299,465,,Right,408.077,714.2625,45.61071,
1742766074901,5.860299,465,,Center,408.6217,714.2625,45.61071,
1742766074929,5.903501,466,,Left,409.1101,714.4122,45.61012,
1742766074929,5.903501,466,,Right,408.0207,714.4122,45.61012,
1742766074929,5.903501,466,,Center,408.5654,714.4122,45.61012,
1742766074973,5.930404,467,Eye Hit,Left,408.8863,703.6697,45.53882,Car5-Detailed
1742766074973,5.930404,467,Eye Hit,Right,407.7953,703.6697,45.53882,Car5-Detailed
1742766074973,5.930404,467,Eye Hit,Center,408.3408,703.6697,45.53882,Car5-Detailed
1742766075003,5.980934,468,Eye Hit,Left,412.2209,703.512,45.61251,Car5-Detailed
1742766075003,5.980934,468,Eye Hit,Right,411.1317,703.512,45.61251,Car5-Detailed
1742766075003,5.980934,468,Eye Hit,Center,411.6763,703.512,45.6125,Car5-Detailed
1742766075032,6.00419,469,Eye Hit,Left,414.0276,699.0416,45.62134,Car5-Detailed
1742766075032,6.00419,469,Eye Hit,Right,412.9385,699.0416,45.62134,Car5-Detailed
1742766075032,6.00419,469,Eye Hit,Center,413.483,699.0416,45.62134,Car5-Detailed
1742766075063,6.031861,470,Eye Hit,Left,416.8715,704.4277,45.72033,Car5-Detailed
1742766075063,6.031861,470,Eye Hit,Right,415.7848,704.4277,45.72033,Car5-Detailed
1742766075063,6.031861,470,Eye Hit,Center,416.3282,704.4277,45.72033,Car5-Detailed
1742766075094,6.063392,471,Eye Hit,Left,426.7997,713.3613,45.99807,Car5-Detailed
1742766075094,6.063392,471,Eye Hit,Right,425.7196,713.3613,45.99807,Car5-Detailed
1742766075094,6.063392,471,Eye Hit,Center,426.2597,713.3613,45.99807,Car5-Detailed
1742766075125,6.094091,472,Eye Hit,Left,433.1653,717.3777,46.16161,Car5-Detailed
1742766075125,6.094091,472,Eye Hit,Right,432.089,717.3777,46.16161,Car5-Detailed
1742766075125,6.094091,472,Eye Hit,Center,432.6272,717.3777,46.16161,Car5-Detailed
1742766075153,6.125022,473,Eye Hit,Left,440.7663,720.3264,46.34416,Car5-Detailed
1742766075153,6.125022,473,Eye Hit,Right,439.6943,720.3264,46.34417,Car5-Detailed
1742766075153,6.125022,473,Eye Hit,Center,440.2303,720.3264,46.34417,Car5-Detailed
1742766075179,6.152998,474,Eye Hit,Left,450.1946,722.1001,46.55568,Car5-Detailed
1742766075179,6.152998,474,Eye Hit,Right,449.1274,722.1001,46.55568,Car5-Detailed
1742766075179,6.152998,474,Eye Hit,Center,449.661,722.1001,46.55568,Car5-Detailed
1742766075207,6.179107,475,Eye Hit,Left,454.965,721.4478,46.652,Car5-Detailed
1742766075207,6.179107,475,Eye Hit,Right,453.9,721.4478,46.652,Car5-Detailed
1742766075207,6.179107,475,Eye Hit,Center,454.4324,721.4478,46.652,Car5-Detailed
1742766075234,6.207865,476,Eye Hit,Left,455.2692,721.4297,46.65715,Car5-Detailed
1742766075234,6.207865,476,Eye Hit,Right,454.2043,721.4297,46.65715,Car5-Detailed
1742766075234,6.207865,476,Eye Hit,Center,454.7368,721.4297,46.65715,Car5-Detailed
1742766075252,6.234237,477,Eye Hit,Left,462.773,716.9005,46.78712,Car5-Detailed
1742766075252,6.234237,477,Eye Hit,Right,461.7111,716.9005,46.78712,Car5-Detailed
1742766075252,6.234237,477,Eye Hit,Center,462.2421,716.9005,46.78712,Car5-Detailed
1742766075275,6.251218,478,Eye Hit,Left,462.3551,717.6779,46.78007,Car5-Detailed
1742766075275,6.251218,478,Eye Hit,Right,461.293,717.6779,46.78007,Car5-Detailed
1742766075275,6.251218,478,Eye Hit,Center,461.824,717.6779,46.78007,Car5-Detailed
1742766075292,6.275496,479,Eye Hit,Left,459.3664,726.8101,46.76905,Car5-Detailed
1742766075292,6.275496,479,Eye Hit,Right,458.304,726.8101,46.76905,Car5-Detailed
1742766075292,6.275496,479,Eye Hit,Center,458.8351,726.8101,46.76905,Car5-Detailed
1742766075335,6.316949,481,Eye Hit,Left,476.633,736.8137,47.16892,Car5-Detailed
1742766075335,6.316949,481,Eye Hit,Right,475.5797,736.8137,47.16892,Car5-Detailed
1742766075335,6.316949,481,Eye Hit,Center,476.1063,736.8137,47.16892,Car5-Detailed
1742766075359,6.333978,482,Eye Hit,Left,476.5854,745.1127,47.20224,Car5-Detailed
1742766075359,6.333978,482,Eye Hit,Right,475.5329,745.1127,47.20223,Car5-Detailed
1742766075359,6.333978,482,Eye Hit,Center,476.0594,745.1127,47.20224,Car5-Detailed
1742766075376,6.358443,483,Eye Hit,Left,467.0997,739.3828,46.98748,Car5-Detailed
1742766075376,6.358443,483,Eye Hit,Right,466.0423,739.3828,46.98748,Car5-Detailed
1742766075376,6.358443,483,Eye Hit,Center,466.571,739.3828,46.98748,Car5-Detailed
1742766075414,6.390741,485,Eye Hit,Left,467.2605,738.6691,46.98533,Car5-Detailed
1742766075414,6.390741,485,Eye Hit,Right,466.203,738.6691,46.98532,Car5-Detailed
1742766075414,6.390741,485,Eye Hit,Center,466.7318,738.6691,46.98532,Car5-Detailed
1742766075432,6.413044,486,Eye Hit,Left,469.0078,742.1876,47.03409,Car5-Detailed
1742766075432,6.413044,486,Eye Hit,Right,467.9515,742.1876,47.03409,Car5-Detailed
1742766075432,6.413044,486,Eye Hit,Center,468.4795,742.1876,47.03409,Car5-Detailed
1742766075450,6.431228,487,Eye Hit,Left,468.5831,751.283,47.06146,Car5-Detailed
1742766075450,6.431228,487,Eye Hit,Right,467.5274,751.283,47.06147,Car5-Detailed
1742766075450,6.431228,487,Eye Hit,Center,468.0553,751.283,47.06147,Car5-Detailed
1742766075472,6.448769,488,Eye Hit,Left,471.193,754.5496,47.12124,Car5-Detailed
1742766075472,6.448769,488,Eye Hit,Right,470.1385,754.5496,47.12124,Car5-Detailed
1742766075472,6.448769,488,Eye Hit,Center,470.6658,754.5496,47.12124,Car5-Detailed
1742766075489,6.472401,489,Eye Hit,Left,468.4733,752.2056,47.06053,Car5-Detailed
1742766075489,6.472401,489,Eye Hit,Right,467.4175,752.2056,47.06053,Car5-Detailed
1742766075489,6.472401,489,Eye Hit,Center,467.9453,752.2056,47.06053,Car5-Detailed
1742766075533,6.514992,491,Eye Hit,Left,465.5258,753.028,47.00093,Car5-Detailed
1742766075533,6.514992,491,Eye Hit,Right,464.4688,753.028,47.00093,Car5-Detailed
1742766075533,6.514992,491,Eye Hit,Center,464.9973,753.028,47.00093,Car5-Detailed
1742766075554,6.533011,492,Eye Hit,Left,465.9375,757.7424,47.02437,Car5-Detailed
1742766075554,6.533011,492,Eye Hit,Right,464.881,757.7424,47.02437,Car5-Detailed
1742766075554,6.533011,492,Eye Hit,Center,465.4092,757.7424,47.02437,Car5-Detailed
1742766075572,6.553584,493,Eye Hit,Left,464.3908,759.1976,46.99412,Car5-Detailed
1742766075572,6.553584,493,Eye Hit,Right,463.3336,759.1976,46.99412,Car5-Detailed
1742766075572,6.553584,493,Eye Hit,Center,463.8621,759.1976,46.99412,Car5-Detailed
1742766075597,6.572186,494,Eye Hit,Left,468.3835,759.8157,47.07943,Car5-Detailed
1742766075598,6.572186,494,Eye Hit,Right,467.3282,759.8157,47.07943,Car5-Detailed
1742766075598,6.572186,494,Eye Hit,Center,467.856,759.8157,47.07944,Car5-Detailed
1742766075615,6.596925,495,Eye Hit,Left,472.3216,765.5474,47.17692,Car5-Detailed
1742766075615,6.596925,495,Eye Hit,Right,471.2685,765.5474,47.17693,Car5-Detailed
1742766075615,6.596925,495,Eye Hit,Center,471.7951,765.5474,47.17693,Car5-Detailed
1742766075639,6.614443,496,Eye Hit,Left,468.0888,765.8352,47.08646,Car5-Detailed
1742766075639,6.614443,496,Eye Hit,Right,467.0337,765.8352,47.08646,Car5-Detailed
1742766075639,6.614443,496,Eye Hit,Center,467.5612,765.8352,47.08646,Car5-Detailed
1742766075656,6.639171,497,Eye Hit,Left,470.7191,765.6006,47.14288,Car5-Detailed
1742766075656,6.639171,497,Eye Hit,Right,469.6652,765.6006,47.14288,Car5-Detailed
1742766075656,6.639171,497,Eye Hit,Center,470.1923,765.6006,47.14288,Car5-Detailed
1742766075695,6.677998,499,Eye Hit,Left,466.4585,774.7845,47.0702,Car5-Detailed
1742766075695,6.677998,499,Eye Hit,Right,465.4029,774.7845,47.0702,Car5-Detailed
1742766075695,6.677998,499,Eye Hit,Center,465.9306,774.7845,47.0702,Car5-Detailed
1742766075726,6.710382,501,Eye Hit,Left,468.6025,775.6097,47.11648,Car5-Detailed
1742766075726,6.710382,501,Eye Hit,Right,467.548,775.6097,47.11648,Car5-Detailed
1742766075726,6.710382,501,Eye Hit,Center,468.0754,775.6097,47.11648,Car5-Detailed
1742766075766,6.748384,503,Eye Hit,Left,472.6149,759.2254,47.16494,Car5-Detailed
1742766075766,6.748384,503,Eye Hit,Right,471.5615,759.2254,47.16493,Car5-Detailed
1742766075766,6.748384,503,Eye Hit,Center,472.0882,759.2254,47.16494,Car5-Detailed
1742766075782,6.765098,504,Eye Hit,Left,476.0846,761.8354,47.24559,Car5-Detailed
1742766075782,6.765098,504,Eye Hit,Right,475.033,761.8354,47.24558,Car5-Detailed
1742766075782,6.765098,504,Eye Hit,Center,475.5588,761.8354,47.24558,Car5-Detailed
1742766075818,6.79532,506,Eye Hit,Left,474.1734,772.9149,47.23014,Car5-Detailed
1742766075818,6.79532,506,Eye Hit,Right,473.1215,772.9149,47.23014,Car5-Detailed
1742766075818,6.79532,506,Eye Hit,Center,473.6474,772.9149,47.23013,Car5-Detailed
1742766075835,6.817216,507,Eye Hit,Left,473.461,774.363,47.21689,Car5-Detailed
1742766075835,6.817216,507,Eye Hit,Right,472.4087,774.363,47.21688,Car5-Detailed
1742766075835,6.817216,507,Eye Hit,Center,472.9348,774.363,47.21689,Car5-Detailed
1742766075874,6.849906,509,Eye Hit,Left,462.3267,775.0588,46.98937,Car5-Detailed
1742766075874,6.849906,509,Eye Hit,Right,461.2693,775.0588,46.98937,Car5-Detailed
1742766075874,6.849906,509,Eye Hit,Center,461.7981,775.0588,46.98937,Car5-Detailed
1742766075890,6.873466,510,Eye Hit,Left,462.723,774.1971,46.99958,Car5-Detailed
1742766075890,6.873466,510,Eye Hit,Right,461.6659,774.1971,46.99957,Car5-Detailed
1742766075890,6.873466,510,Eye Hit,Center,462.1944,774.1971,46.99957,Car5-Detailed
1742766075921,6.906219,512,Eye Hit,Left,453.5363,781.0862,46.81489,Car5-Detailed
1742766075921,6.906219,512,Eye Hit,Right,452.4751,781.0862,46.81489,Car5-Detailed
1742766075921,6.906219,512,Eye Hit,Center,453.0057,781.0862,46.8149,Car5-Detailed
1742766075960,6.942085,514,Eye Hit,Left,454.3414,781.0178,46.833,Car5-Detailed
1742766075960,6.942085,514,Eye Hit,Right,453.2805,781.0178,46.833,Car5-Detailed
1742766075960,6.942085,514,Eye Hit,Center,453.8111,781.0178,46.83299,Car5-Detailed
1742766075975,6.959406,515,Eye Hit,Left,448.2068,780.5483,46.7019,Car5-Detailed
1742766075975,6.959406,515,Eye Hit,Right,447.1429,780.5483,46.7019,Car5-Detailed
1742766075975,6.959406,515,Eye Hit,Center,447.6748,780.5483,46.70191,Car5-Detailed
1742766076012,6.990034,517,Eye Hit,Left,435.2011,775.276,46.41046,Car5-Detailed
1742766076012,6.990034,517,Eye Hit,Right,434.1306,775.276,46.41047,Car5-Detailed
1742766076012,6.990034,517,Eye Hit,Center,434.6658,775.276,46.41047,Car5-Detailed
1742766076030,7.011386,518,Eye Hit,Left,435.4212,776.7097,46.41717,Car5-Detailed
1742766076030,7.011386,518,Eye Hit,Right,434.3508,776.7097,46.41718,Car5-Detailed
1742766076030,7.011386,518,Eye Hit,Center,434.8861,776.7097,46.41717,Car5-Detailed
1742766076047,7.029581,519,Eye Hit,Left,433.9677,774.4184,46.38249,Car5-Detailed
1742766076047,7.029581,519,Eye Hit,Right,432.8966,774.4184,46.38249,Car5-Detailed
1742766076047,7.029581,519,Eye Hit,Center,433.4322,774.4184,46.38249,Car5-Detailed
1742766076086,7.061468,521,Eye Hit,Left,435.9008,788.5142,46.43818,Car5-Detailed
1742766076086,7.061468,521,Eye Hit,Right,434.8309,788.5142,46.43818,Car5-Detailed
1742766076086,7.061468,521,Eye Hit,Center,435.3659,788.5142,46.43818,Car5-Detailed
1742766076102,7.085001,522,Eye Hit,Left,435.2652,788.2686,46.42423,Car5-Detailed
1742766076102,7.085001,522,Eye Hit,Right,434.195,788.2686,46.42423,Car5-Detailed
1742766076102,7.085001,522,Eye Hit,Center,434.7301,788.2686,46.42423,Car5-Detailed
1742766076140,7.119867,524,Eye Hit,Left,435.4583,787.9727,46.43006,Car5-Detailed
1742766076140,7.119867,524,Eye Hit,Right,434.3882,787.9727,46.43006,Car5-Detailed
1742766076140,7.119867,524,Eye Hit,Center,434.9232,787.9727,46.43006,Car5-Detailed
1742766076157,7.139533,525,Eye Hit,Left,439.1795,776.9819,46.50484,Car5-Detailed
1742766076157,7.139533,525,Eye Hit,Right,438.1112,776.9819,46.50484,Car5-Detailed
1742766076157,7.139533,525,Eye Hit,Center,438.6453,776.9819,46.50484,Car5-Detailed
1742766076185,7.156916,526,Eye Hit,Left,451.0429,774.9415,46.76163,Car5-Detailed
1742766076185,7.156916,526,Eye Hit,Right,449.9804,774.9415,46.76163,Car5-Detailed
1742766076185,7.156916,526,Eye Hit,Center,450.5117,774.9415,46.76163,Car5-Detailed
1742766076210,7.184409,527,Eye Hit,Left,448.6886,776.0922,46.71265,Car5-Detailed
1742766076210,7.184409,527,Eye Hit,Right,447.625,776.0922,46.71265,Car5-Detailed
1742766076210,7.184409,527,Eye Hit,Center,448.1568,776.0922,46.71265,Car5-Detailed
1742766076230,7.210239,528,Eye Hit,Left,454.846,779.2701,46.84879,Car5-Detailed
1742766076230,7.210239,528,Eye Hit,Right,453.7855,779.2701,46.84879,Car5-Detailed
1742766076230,7.210239,528,Eye Hit,Center,454.3158,779.2701,46.84879,Car5-Detailed
1742766076252,7.229091,529,Eye Hit,Left,458.2437,780.1854,46.92191,Car5-Detailed
1742766076252,7.229091,529,Eye Hit,Right,457.1848,780.1854,46.92191,Car5-Detailed
1742766076252,7.229091,529,Eye Hit,Center,457.7143,780.1854,46.9219,Car5-Detailed
1742766076271,7.251404,530,Eye Hit,Left,456.9212,777.9849,46.89188,Car5-Detailed
1742766076271,7.251404,530,Eye Hit,Right,455.8616,777.9849,46.89188,Car5-Detailed
1742766076271,7.251404,530,Eye Hit,Center,456.3914,777.9849,46.89188,Car5-Detailed
1742766076293,7.270115,531,Eye Hit,Left,458.0392,771.048,46.90611,Car5-Detailed
1742766076293,7.270115,531,Eye Hit,Right,456.9799,771.048,46.90611,Car5-Detailed
1742766076293,7.270115,531,Eye Hit,Center,457.5096,771.048,46.90611,Car5-Detailed
1742766076312,7.29223,532,Eye Hit,Left,460.2404,769.5343,46.94994,Car5-Detailed
1742766076312,7.29223,532,Eye Hit,Right,459.1822,769.5343,46.94994,Car5-Detailed
1742766076312,7.29223,532,Eye Hit,Center,459.7113,769.5343,46.94994,Car5-Detailed
1742766076335,7.312568,533,Eye Hit,Left,452.1707,767.4151,46.77534,Car5-Detailed
1742766076335,7.312568,533,Eye Hit,Right,451.1085,767.4151,46.77534,Car5-Detailed
1742766076335,7.312568,533,Eye Hit,Center,451.6396,767.4151,46.77534,Car5-Detailed
1742766076356,7.334955,534,Eye Hit,Left,452.2497,771.1147,46.78378,Car5-Detailed
1742766076356,7.334955,534,Eye Hit,Right,451.1877,771.1147,46.78378,Car5-Detailed
1742766076356,7.334955,534,Eye Hit,Center,451.7188,771.1147,46.78378,Car5-Detailed
1742766076378,7.355333,535,Eye Hit,Left,439.4774,769.5783,46.50407,Car5-Detailed
1742766076378,7.355333,535,Eye Hit,Right,438.409,769.5783,46.50407,Car5-Detailed
1742766076378,7.355333,535,Eye Hit,Center,438.9432,769.5783,46.50407,Car5-Detailed
1742766076404,7.377961,536,Eye Hit,Left,426.8804,769.7424,46.22285,Car5-Detailed
1742766076404,7.377961,536,Eye Hit,Right,425.8055,769.7424,46.22285,Car5-Detailed
1742766076404,7.377961,536,Eye Hit,Center,426.343,769.7424,46.22286,Car5-Detailed
1742766076434,7.406282,537,Eye Hit,Left,401.8648,767.228,45.63852,Car5-Detailed
1742766076434,7.406282,537,Eye Hit,Right,400.7762,767.228,45.63852,Car5-Detailed
1742766076434,7.406282,537,Eye Hit,Center,401.3204,767.228,45.63852,Car5-Detailed
1742766076464,7.435856,538,Eye Hit,Left,368.8498,767.5836,44.83845,Car5-Detailed
1742766076464,7.435856,538,Eye Hit,Right,367.7418,767.5836,44.83845,Car5-Detailed
1742766076464,7.435856,538,Eye Hit,Center,368.296,767.5836,44.83844,Car5-Detailed
1742766076490,7.464333,539,Eye Hit,Left,466.363,770.3872,47.08397,Car5-Detailed
1742766076490,7.464333,539,Eye Hit,Right,465.3078,770.3872,47.08397,Car5-Detailed
1742766076490,7.464333,539,Eye Hit,Center,465.8354,770.3872,47.08397,Car5-Detailed
1742766076514,7.491642,540,Eye Hit,Left,383.6236,771.1967,45.20964,Car5-Detailed
1742766076514,7.491642,540,Eye Hit,Right,382.5246,771.1967,45.20964,Car5-Detailed
1742766076514,7.491642,540,Eye Hit,Center,383.0742,771.1967,45.20964,Car5-Detailed
1742766076542,7.516002,541,,Left,479.4832,804.2697,47.36524,
1742766076542,7.516002,541,,Right,478.4342,804.2697,47.36524,
1742766076542,7.516002,541,,Center,478.9588,804.2697,47.36524,
1742766076568,7.543285,542,,Left,584.2534,814.0765,49.0794,
1742766076568,7.543285,542,,Right,583.2411,814.0765,49.0794,
1742766076568,7.543285,542,,Center,583.7473,814.0765,49.0794,
1742766076607,7.569016,543,,Left,610.4802,818.5935,49.36726,
1742766076607,7.569016,543,,Right,609.4738,818.5935,49.36726,
1742766076607,7.569016,543,,Center,609.977,818.5935,49.36726,
1742766076649,7.608435,544,,Left,594.6929,818.6075,49.19114,
1742766076649,7.608435,544,,Right,593.6829,818.6075,49.19114,
1742766076649,7.608435,544,,Center,594.188,818.6075,49.19114,
1742766076690,7.651007,545,,Left,619.9907,829.534,49.42375,
1742766076690,7.651007,545,,Right,618.9855,829.534,49.42376,
1742766076690,7.651007,545,,Center,619.4881,829.534,49.42375,
1742766076722,7.690796,546,,Left,688.8887,826.8436,49.8665,
1742766076722,7.690796,546,,Right,687.8924,826.8436,49.8665,
1742766076722,7.690796,546,,Center,688.3905,826.8436,49.8665,
1742766076756,7.722281,547,,Left,728.3997,830.6953,49.89754,
1742766076756,7.722281,547,,Right,727.4039,830.6952,49.89755,
1742766076756,7.722281,547,,Center,727.9019,830.6952,49.89755,
1742766076798,7.758047,548,,Left,760.7236,828.3548,49.83107,
1742766076798,7.758047,548,,Right,759.7266,828.3548,49.83107,
1742766076798,7.758047,548,,Center,760.2252,828.3548,49.83107,
1742766076828,7.799253,549,,Left,781.834,829.1859,49.72871,
1742766076828,7.799253,549,,Right,780.8349,829.1859,49.72871,
1742766076828,7.799253,549,,Center,781.3344,829.1859,49.72871,
1742766076853,7.829292,550,,Left,750.6075,833.9495,49.84829,
1742766076853,7.829292,550,,Right,749.6109,833.9495,49.84829,
1742766076853,7.829292,550,,Center,750.1093,833.9495,49.84829,
1742766076879,7.853616,551,,Left,727.7535,835.5822,49.88398,
1742766076879,7.853616,551,,Right,726.7575,835.5822,49.88398,
1742766076879,7.853616,551,,Center,727.2556,835.5822,49.88398,
1742766076906,7.879717,552,,Left,682.7834,837.6213,49.81055,
1742766076906,7.879717,552,,Right,681.786,837.6213,49.81055,
1742766076906,7.879717,552,,Center,682.2847,837.6213,49.81055,
1742766076934,7.907817,553,,Left,663.1467,838.636,49.71686,
1742766076934,7.907817,553,,Right,662.1473,838.636,49.71686,
1742766076934,7.907817,553,,Center,662.647,838.636,49.71687,
1742766076961,7.935019,554,,Left,611.295,836.7159,49.31583,
1742766076961,7.935019,554,,Right,610.2875,836.7159,49.31583,
1742766076961,7.935019,554,,Center,610.7913,836.7159,49.31583,
1742766076990,7.961706,555,,Left,622.8605,837.7437,49.42369,
1742766076990,7.961706,555,,Right,621.8552,837.7437,49.42369,
1742766076990,7.961706,555,,Center,622.3578,837.7437,49.42369,
1742766077017,7.99107,556,Eye Hit,Left,594.1218,842.9493,49.09982,Jeep3-Detailed
1742766077017,7.99107,556,Eye Hit,Right,593.1099,842.9493,49.09982,Jeep3-Detailed
1742766077017,7.99107,556,Eye Hit,Center,593.6158,842.9493,49.09982,Jeep3-Detailed
1742766077047,8.017929,557,Eye Hit,Left,763.754,837.6644,49.78565,Jeep3-Detailed
1742766077047,8.017929,557,Eye Hit,Right,762.756,837.6644,49.78565,Jeep3-Detailed
1742766077047,8.017929,557,Eye Hit,Center,763.255,837.6644,49.78565,Jeep3-Detailed
1742766077089,8.05567,558,Eye Hit,Left,891.7616,823.8268,48.55591,Jeep3-Detailed
1742766077089,8.05567,558,Eye Hit,Right,890.7385,823.8268,48.5559,Jeep3-Detailed
1742766077089,8.05567,558,Eye Hit,Center,891.25,823.8268,48.55591,Jeep3-Detailed
1742766077128,8.090075,559,,Left,920.0354,823.6296,48.09406,
1742766077128,8.090075,559,,Right,919.0023,823.6296,48.09406,
1742766077128,8.090075,559,,Center,919.5187,823.6296,48.09407,
1742766077158,8.130272,560,,Left,889.4631,826.5274,48.58687,
1742766077158,8.130272,560,,Right,888.4405,826.5274,48.58687,
1742766077158,8.130272,560,,Center,888.9518,826.5274,48.58687,
1742766077184,8.159061,561,,Left,885.5542,827.3875,48.64277,
1742766077184,8.159061,561,,Right,884.5327,827.3875,48.64277,
1742766077184,8.159061,561,,Center,885.0435,827.3875,48.64277,
1742766077214,8.185113,562,,Left,860.4801,825.2431,48.99831,
1742766077214,8.185113,562,,Right,859.4661,825.2431,48.99831,
1742766077214,8.185113,562,,Center,859.973,825.2431,48.99831,
1742766077240,8.215392,563,,Left,851.5754,834.7932,49.07621,
1742766077240,8.215392,563,,Right,850.563,834.7932,49.07621,
1742766077240,8.215392,563,,Center,851.0692,834.7932,49.07621,
1742766077282,8.242872,564,Eye Hit,Left,827.1205,836.7589,49.33924,NE_Tree_10
1742766077282,8.242872,564,Eye Hit,Right,826.1136,836.7589,49.33924,NE_Tree_10
1742766077282,8.242872,564,Eye Hit,Center,826.6171,836.7589,49.33924,NE_Tree_10
1742766077326,8.283538,565,Eye Hit,Left,815.4978,838.2602,49.44327,NE_Tree_10
1742766077326,8.283538,565,Eye Hit,Right,814.4929,838.2602,49.44328,NE_Tree_10
1742766077326,8.283538,565,Eye Hit,Center,814.9954,838.2602,49.44327,NE_Tree_10
1742766077366,8.328718,566,Eye Hit,Left,806.5259,839.0715,49.51679,NE_Tree_10
1742766077366,8.328718,566,Eye Hit,Right,805.5226,839.0715,49.51679,NE_Tree_10
1742766077366,8.328718,566,Eye Hit,Center,806.0242,839.0715,49.51679,NE_Tree_10
1742766077405,8.367296,567,Eye Hit,Left,772.8823,832.4047,49.7684,Car5-Detailed
1742766077405,8.367296,567,Eye Hit,Right,771.884,832.4047,49.7684,Car5-Detailed
1742766077405,8.367296,567,Eye Hit,Center,772.3831,832.4047,49.7684,Car5-Detailed
1742766077433,8.407431,568,Eye Hit,Left,774.5472,827.0371,49.77974,Car5-Detailed
1742766077433,8.407431,568,Eye Hit,Right,773.5491,827.0371,49.77974,Car5-Detailed
1742766077433,8.407431,568,Eye Hit,Center,774.0482,827.0371,49.77973,Car5-Detailed
1742766077473,8.435308,569,Eye Hit,Left,771.9741,826.4439,49.79523,Car5-Detailed
1742766077473,8.435308,569,Eye Hit,Right,770.9763,826.4439,49.79524,Car5-Detailed
1742766077473,8.435308,569,Eye Hit,Center,771.4752,826.4439,49.79524,Car5-Detailed
1742766077503,8.476045,570,Eye Hit,Left,767.2845,828.8591,49.80972,Car5-Detailed
1742766077503,8.476045,570,Eye Hit,Right,766.2871,828.8591,49.80972,Car5-Detailed
1742766077503,8.476045,570,Eye Hit,Center,766.7858,828.8591,49.80972,Car5-Detailed
1742766077546,8.505096,571,Eye Hit,Left,770.5052,829.4254,49.79359,Car5-Detailed
1742766077546,8.505096,571,Eye Hit,Right,769.5074,829.4254,49.79359,Car5-Detailed
1742766077546,8.505096,571,Eye Hit,Center,770.0062,829.4254,49.79359,Car5-Detailed
1742766077574,8.547905,572,Eye Hit,Left,775.5419,828.3089,49.77225,Car5-Detailed
1742766077574,8.547905,572,Eye Hit,Right,774.5437,828.3089,49.77225,Car5-Detailed
1742766077574,8.547905,572,Eye Hit,Center,775.0428,828.3089,49.77225,Car5-Detailed
1742766077603,8.578546,573,Eye Hit,Left,775.185,829.1362,49.77145,Car5-Detailed
1742766077603,8.578546,573,Eye Hit,Right,774.1868,829.1362,49.77145,Car5-Detailed
1742766077603,8.578546,573,Eye Hit,Center,774.6859,829.1362,49.77145,Car5-Detailed
1742766077632,8.604733,574,Eye Hit,Left,775.895,829.5193,49.76639,Car5-Detailed
1742766077632,8.604733,574,Eye Hit,Right,774.8966,829.5193,49.76639,Car5-Detailed
1742766077632,8.604733,574,Eye Hit,Center,775.3958,829.5193,49.7664,Car5-Detailed
1742766077660,8.633942,575,Eye Hit,Left,779.0863,826.5427,49.75953,Car5-Detailed
1742766077660,8.633942,575,Eye Hit,Right,778.0878,826.5427,49.75954,Car5-Detailed
1742766077660,8.633942,575,Eye Hit,Center,778.587,826.5427,49.75953,Car5-Detailed
1742766077687,8.660935,576,Eye Hit,Left,785.5913,823.6049,49.73061,Car5-Detailed
1742766077687,8.660935,576,Eye Hit,Right,784.5922,823.6049,49.73061,Car5-Detailed
1742766077687,8.660935,576,Eye Hit,Center,785.0917,823.6049,49.73061,Car5-Detailed
1742766077716,8.687828,577,Eye Hit,Left,800.0061,823.5711,49.63174,Car5-Detailed
1742766077716,8.687828,577,Eye Hit,Right,799.0051,823.5711,49.63174,Car5-Detailed
1742766077716,8.687828,577,Eye Hit,Center,799.5056,823.5711,49.63174,Car5-Detailed
1742766077744,8.716536,578,Eye Hit,Left,819.7189,824.2607,49.46242,Car5-Detailed
1742766077744,8.716536,578,Eye Hit,Right,818.7144,824.2607,49.46242,Car5-Detailed
1742766077744,8.716536,578,Eye Hit,Center,819.2167,824.2607,49.46242,Car5-Detailed
1742766077770,8.744953,579,Eye Hit,Left,854.0068,826.6854,49.08224,Car5-Detailed
1742766077770,8.744953,579,Eye Hit,Right,852.9946,826.6854,49.08224,Car5-Detailed
1742766077770,8.744953,579,Eye Hit,Center,853.5007,826.6854,49.08224,Car5-Detailed
1742766077798,8.771741,580,Eye Hit,Left,886.1385,829.8525,48.63392,Car5-Detailed
1742766077798,8.771741,580,Eye Hit,Right,885.1169,829.8525,48.63391,Car5-Detailed
1742766077798,8.771741,580,Eye Hit,Center,885.6276,829.8525,48.63392,Car5-Detailed
1742766077826,8.79971,581,Eye Hit,Left,927.8471,829.1868,47.95129,Car5-Detailed
1742766077826,8.79971,581,Eye Hit,Right,926.8109,829.1868,47.95129,Car5-Detailed
1742766077826,8.79971,581,Eye Hit,Center,927.329,829.1868,47.9513,Car5-Detailed
1742766077856,8.827214,582,Eye Hit,Left,994.0377,827.3776,46.64112,Car5-Detailed
1742766077856,8.827214,582,Eye Hit,Right,992.9724,827.3776,46.64112,Car5-Detailed
1742766077856,8.827214,582,Eye Hit,Center,993.5051,827.3776,46.64112,Car5-Detailed
1742766077883,8.85756,583,Eye Hit,Left,1078.46,836.205,44.63872,Car5-Detailed
1742766077883,8.85756,583,Eye Hit,Right,1077.347,836.205,44.63871,Car5-Detailed
1742766077883,8.85756,583,Eye Hit,Center,1077.903,836.205,44.63872,Car5-Detailed
1742766077911,8.883974,584,Eye Hit,Left,1155.148,843.302,42.64502,Car5-Detailed
1742766077911,8.883974,584,Eye Hit,Right,1153.983,843.302,42.64502,Car5-Detailed
1742766077911,8.883974,584,Eye Hit,Center,1154.565,843.302,42.64502,Car5-Detailed
1742766077953,8.912132,585,,Left,1271.77,854.2783,39.50888,
1742766077953,8.912132,585,,Right,1270.512,854.2783,39.50888,
1742766077953,8.912132,585,,Center,1271.141,854.2783,39.50888,
1742766077993,8.955072,586,,Left,1278.679,874.5671,39.25597,
1742766077993,8.955072,586,,Right,1277.413,874.5671,39.25597,
1742766077993,8.955072,586,,Center,1278.046,874.5671,39.25597,
1742766078021,8.996646,587,,Left,889.8768,881.5679,48.27505,
1742766078021,8.996646,587,,Right,888.8475,881.5679,48.27505,
1742766078021,8.996646,587,,Center,889.3621,881.568,48.27505,
1742766078049,9.022704,588,,Left,965.6609,883.1046,46.93773,
1742766078049,9.022704,588,,Right,964.6024,883.1046,46.93773,
1742766078049,9.022704,588,,Center,965.1317,883.1046,46.93772,
1742766078076,9.050905,589,Eye Hit,Left,883.1935,905.2966,48.15364,NorthWalkingSignal
1742766078076,9.050905,589,Eye Hit,Right,882.1617,905.2966,48.15364,NorthWalkingSignal
1742766078076,9.050905,589,Eye Hit,Center,882.6776,905.2966,48.15364,NorthWalkingSignal
1742766078107,9.078076,590,,Left,773.2911,895.8931,49.31031,
1742766078107,9.078076,590,,Right,772.2834,895.8931,49.31031,
1742766078107,9.078076,590,,Center,772.7872,895.8931,49.31031,
1742766078134,9.10851,591,,Left,705.3219,836.2686,49.85086,
1742766078134,9.10851,591,,Right,704.3253,836.2686,49.85086,
1742766078134,9.10851,591,,Center,704.8236,836.2686,49.85086,
1742766078160,9.13634,592,Eye Hit,Left,636.1754,822.5521,49.56732,NW_Tree_10
1742766078160,9.13634,592,Eye Hit,Right,635.173,822.5521,49.56732,NW_Tree_10
1742766078160,9.13634,592,Eye Hit,Center,635.6742,822.5521,49.56732,NW_Tree_10
1742766078189,9.161288,593,Eye Hit,Left,574.1772,783.0443,48.93764,NW_Tree_10
1742766078189,9.161288,593,Eye Hit,Right,573.1619,783.0443,48.93764,NW_Tree_10
1742766078189,9.161288,593,Eye Hit,Center,573.6696,783.0443,48.93764,NW_Tree_10
1742766078217,9.190323,594,Eye Hit,Left,598.4944,792.4246,49.2381,NW_Tree_10
1742766078217,9.190323,594,Eye Hit,Right,597.4854,792.4246,49.2381,NW_Tree_10
1742766078217,9.190323,594,Eye Hit,Center,597.9899,792.4246,49.2381,NW_Tree_10
1742766078245,9.219313,595,Eye Hit,Left,554.7562,775.5129,48.64809,Jeep3-Detailed
1742766078245,9.219313,595,Eye Hit,Right,553.7349,775.5129,48.64809,Jeep3-Detailed
1742766078245,9.219313,595,Eye Hit,Center,554.2456,775.5129,48.64809,Jeep3-Detailed
1742766078273,9.245724,596,Eye Hit,Left,527.9437,752.0828,48.16326,Jeep3-Detailed
1742766078273,9.245724,596,Eye Hit,Right,526.9121,752.0828,48.16326,Jeep3-Detailed
1742766078273,9.245724,596,Eye Hit,Center,527.4279,752.0828,48.16326,Jeep3-Detailed
1742766078300,9.274855,597,Eye Hit,Left,544.3926,755.7744,48.44525,Jeep3-Detailed
1742766078300,9.274855,597,Eye Hit,Right,543.3671,755.7744,48.44525,Jeep3-Detailed
1742766078300,9.274855,597,Eye Hit,Center,543.88,755.7744,48.44525,Jeep3-Detailed
1742766078328,9.301627,598,Eye Hit,Left,577.3438,755.9653,48.92278,Jeep3-Detailed
1742766078328,9.301627,598,Eye Hit,Right,576.3282,755.9653,48.92278,Jeep3-Detailed
1742766078328,9.301627,598,Eye Hit,Center,576.8361,755.9653,48.92278,Jeep3-Detailed
1742766078356,9.329481,599,Eye Hit,Left,593.8866,758.3672,49.13752,Jeep3-Detailed
1742766078356,9.329481,599,Eye Hit,Right,592.8755,758.3672,49.13752,Jeep3-Detailed
1742766078356,9.329481,599,Eye Hit,Center,593.3812,758.3672,49.13752,Jeep3-Detailed
1742766078384,9.357749,600,Eye Hit,Left,614.7344,758.0566,49.36493,Jeep3-Detailed
1742766078384,9.357749,600,Eye Hit,Right,613.7279,758.0566,49.36492,Jeep3-Detailed
1742766078384,9.357749,600,Eye Hit,Center,614.2311,758.0566,49.36492,Jeep3-Detailed
1742766078412,9.384931,601,Eye Hit,Left,643.6235,760.9105,49.6176,Jeep3-Detailed
1742766078412,9.384931,601,Eye Hit,Right,642.6222,760.9105,49.6176,Jeep3-Detailed
1742766078412,9.384931,601,Eye Hit,Center,643.1228,760.9105,49.6176,Jeep3-Detailed
1742766078440,9.412067,602,Eye Hit,Left,633.2306,757.2701,49.52547,Jeep3-Detailed
1742766078440,9.412067,602,Eye Hit,Right,632.2274,757.2701,49.52547,Jeep3-Detailed
1742766078440,9.412067,602,Eye Hit,Center,632.729,757.2701,49.52547,Jeep3-Detailed
1742766078471,9.441865,603,Eye Hit,Left,587.4951,755.0735,49.04685,Jeep3-Detailed
1742766078471,9.441865,603,Eye Hit,Right,586.4821,755.0735,49.04686,Jeep3-Detailed
1742766078471,9.441865,603,Eye Hit,Center,586.9885,755.0735,49.04685,Jeep3-Detailed
1742766078502,9.472251,604,Eye Hit,Left,473.0736,750.3064,47.13623,Jeep5-Detailed
1742766078502,9.472251,604,Eye Hit,Right,472.0196,750.3064,47.13623,Jeep5-Detailed
1742766078502,9.472251,604,Eye Hit,Center,472.5466,750.3064,47.13623,Jeep5-Detailed
1742766078532,9.50306,605,Eye Hit,Left,451.2222,744.6161,46.66113,Jeep5-Detailed
1742766078532,9.50306,605,Eye Hit,Right,450.1574,744.6161,46.66113,Jeep5-Detailed
1742766078532,9.50306,605,Eye Hit,Center,450.69,744.6161,46.66113,Jeep5-Detailed
1742766078563,9.53169,606,Eye Hit,Left,460.3414,739.0744,46.83401,Jeep5-Detailed
1742766078563,9.53169,606,Eye Hit,Right,459.2805,739.0744,46.83401,Jeep5-Detailed
1742766078564,9.53169,606,Eye Hit,Center,459.811,739.0744,46.83401,Jeep5-Detailed
1742766078590,9.563426,607,Eye Hit,Left,471.2979,735.4769,47.04568,Jeep5-Detailed
1742766078590,9.563426,607,Eye Hit,Right,470.2418,735.4769,47.04568,Jeep5-Detailed
1742766078590,9.563426,607,Eye Hit,Center,470.77,735.4769,47.04568,Jeep5-Detailed
1742766078620,9.590323,608,Eye Hit,Left,479.7682,734.3449,47.20493,Jeep5-Detailed
1742766078620,9.590323,608,Eye Hit,Right,478.7157,734.3449,47.20493,Jeep5-Detailed
1742766078620,9.590323,608,Eye Hit,Center,479.2419,734.3449,47.20493,Jeep5-Detailed
1742766078646,9.620454,609,Eye Hit,Left,498.4265,731.5949,47.55312,Jeep5-Detailed
1742766078646,9.620454,609,Eye Hit,Right,497.3816,731.5949,47.55312,Jeep5-Detailed
1742766078646,9.620454,609,Eye Hit,Center,497.9041,731.5949,47.55312,Jeep5-Detailed
1742766078675,9.646317,610,Eye Hit,Left,496.4705,732.0114,47.52045,Jeep5-Detailed
1742766078676,9.646317,610,Eye Hit,Right,495.425,732.0114,47.52045,Jeep5-Detailed
1742766078676,9.646317,610,Eye Hit,Center,495.9477,732.0114,47.52045,Jeep5-Detailed
1742766078703,9.675174,611,Eye Hit,Left,502.332,733.204,47.63765,Jeep5-Detailed
1742766078703,9.675174,611,Eye Hit,Right,501.289,733.204,47.63765,Jeep5-Detailed
1742766078703,9.675174,611,Eye Hit,Center,501.8105,733.204,47.63765,Jeep5-Detailed
1742766078731,9.703115,612,Eye Hit,Left,501.0655,733.7811,47.61905,Jeep5-Detailed
1742766078731,9.703115,612,Eye Hit,Right,500.0221,733.7811,47.61905,Jeep5-Detailed
1742766078731,9.703115,612,Eye Hit,Center,500.5438,733.7811,47.61905,Jeep5-Detailed
1742766078756,9.730919,613,Eye Hit,Left,507.8102,737.2923,47.76167,Jeep5-Detailed
1742766078756,9.730919,613,Eye Hit,Right,506.7699,737.2923,47.76166,Jeep5-Detailed
1742766078756,9.730919,613,Eye Hit,Center,507.29,737.2923,47.76167,Jeep5-Detailed
1742766078784,9.756131,614,Eye Hit,Left,510.4196,741.5309,47.82981,Jeep5-Detailed
1742766078784,9.756131,614,Eye Hit,Right,509.3808,741.5309,47.82981,Jeep5-Detailed
1742766078784,9.756131,614,Eye Hit,Center,509.9002,741.5309,47.82981,Jeep5-Detailed
1742766078800,9.784152,615,Eye Hit,Left,510.0162,744.0973,47.83134,Jeep5-Detailed
1742766078800,9.784152,615,Eye Hit,Right,508.9775,744.0973,47.83134,Jeep5-Detailed
1742766078800,9.784152,615,Eye Hit,Center,509.4969,744.0973,47.83134,Jeep5-Detailed
1742766078843,9.823968,617,Eye Hit,Left,510.5862,753.8116,47.88321,Jeep5-Detailed
1742766078843,9.823968,617,Eye Hit,Right,509.5486,753.8116,47.88321,Jeep5-Detailed
1742766078843,9.823968,617,Eye Hit,Center,510.0674,753.8116,47.88321,Jeep5-Detailed
1742766078867,9.843187,618,Eye Hit,Left,506.8532,757.0512,47.82212,Jeep5-Detailed
1742766078867,9.843187,618,Eye Hit,Right,505.8143,757.0512,47.82212,Jeep5-Detailed
1742766078867,9.843187,618,Eye Hit,Center,506.3339,757.0512,47.82212,Jeep5-Detailed
1742766078884,9.866138,619,Eye Hit,Left,513.9239,756.5343,47.95144,Jeep5-Detailed
1742766078884,9.866138,619,Eye Hit,Right,512.8877,756.5343,47.95143,Jeep5-Detailed
1742766078884,9.866138,619,Eye Hit,Center,513.4058,756.5343,47.95144,Jeep5-Detailed
1742766078908,9.882897,620,Eye Hit,Left,510.7659,754.2513,47.8845,Jeep5-Detailed
1742766078908,9.882897,620,Eye Hit,Right,509.7283,754.2513,47.88451,Jeep5-Detailed
1742766078908,9.882897,620,Eye Hit,Center,510.2471,754.2513,47.8845,Jeep5-Detailed
1742766078926,9.90828,621,Eye Hit,Left,508.9311,759.2494,47.86971,Jeep5-Detailed
1742766078926,9.90828,621,Eye Hit,Right,507.8932,759.2494,47.86971,Jeep5-Detailed
1742766078926,9.90828,621,Eye Hit,Center,508.4122,759.2494,47.86972,Jeep5-Detailed
1742766078941,9.925817,622,Eye Hit,Left,514.769,756.6262,47.96977,Jeep5-Detailed
1742766078941,9.925817,622,Eye Hit,Right,513.7333,756.6262,47.96977,Jeep5-Detailed
1742766078941,9.925817,622,Eye Hit,Center,514.2512,756.6262,47.96977,Jeep5-Detailed
1742766078981,9.962914,624,Eye Hit,Left,510.8448,753.8879,47.89115,Jeep5-Detailed
1742766078981,9.962914,624,Eye Hit,Right,509.8074,753.8879,47.89116,Jeep5-Detailed
1742766078981,9.962914,624,Eye Hit,Center,510.3262,753.8879,47.89116,Jeep5-Detailed
1742766078996,9.979823,625,Eye Hit,Left,509.7931,752.3477,47.86599,Jeep5-Detailed
1742766078996,9.979823,625,Eye Hit,Right,508.7551,752.3477,47.86599,Jeep5-Detailed
1742766078996,9.979823,625,Eye Hit,Center,509.2741,752.3477,47.86598,Jeep5-Detailed
1742766079036,10.01838,627,Eye Hit,Left,496.6752,763.8846,47.65884,Jeep5-Detailed
1742766079036,10.01838,627,Eye Hit,Right,495.6327,763.8846,47.65884,Jeep5-Detailed
1742766079037,10.01838,627,Eye Hit,Center,496.1539,763.8846,47.65884,Jeep5-Detailed
1742766079053,10.03611,628,Eye Hit,Left,498.9056,767.0721,47.71108,Jeep5-Detailed
1742766079053,10.03611,628,Eye Hit,Right,497.8643,767.0721,47.71108,Jeep5-Detailed
1742766079053,10.03611,628,Eye Hit,Center,498.385,767.0721,47.71108,Jeep5-Detailed
1742766079093,10.07442,630,Eye Hit,Left,498.0622,774.3167,47.71127,Jeep5-Detailed
1742766079093,10.07442,630,Eye Hit,Right,497.0208,774.3167,47.71127,Jeep5-Detailed
1742766079093,10.07442,630,Eye Hit,Center,497.5415,774.3167,47.71127,Jeep5-Detailed
1742766079109,10.09179,631,Eye Hit,Left,502.6411,776.2456,47.80182,Jeep5-Detailed
1742766079109,10.09179,631,Eye Hit,Right,501.6017,776.2456,47.80182,Jeep5-Detailed
1742766079109,10.09179,631,Eye Hit,Center,502.1214,776.2456,47.80182,Jeep5-Detailed
1742766079131,10.10853,632,Eye Hit,Left,499.4621,775.8347,47.74314,Jeep5-Detailed
1742766079131,10.10853,632,Eye Hit,Right,498.4214,775.8347,47.74314,Jeep5-Detailed
1742766079131,10.10853,632,Eye Hit,Center,498.9417,775.8347,47.74314,Jeep5-Detailed
1742766079150,10.12994,633,Eye Hit,Left,501.3748,775.9798,47.78077,Jeep5-Detailed
1742766079150,10.12994,633,Eye Hit,Right,500.335,775.9798,47.78078,Jeep5-Detailed
1742766079150,10.12994,633,Eye Hit,Center,500.8549,775.9798,47.78078,Jeep5-Detailed
1742766079172,10.14962,634,Eye Hit,Left,496.9193,773.3539,47.69516,Jeep5-Detailed
1742766079172,10.14962,634,Eye Hit,Right,495.8776,773.3539,47.69516,Jeep5-Detailed
1742766079172,10.14962,634,Eye Hit,Center,496.3985,773.3538,47.69515,Jeep5-Detailed
1742766079192,10.17242,635,Eye Hit,Left,503.2908,769.7019,47.80903,Jeep5-Detailed
1742766079192,10.17242,635,Eye Hit,Right,502.2516,769.7019,47.80903,Jeep5-Detailed
1742766079192,10.17242,635,Eye Hit,Center,502.7711,769.7019,47.80903,Jeep5-Detailed
1742766079215,10.19109,636,Eye Hit,Left,501.2848,766.8973,47.76754,Jeep5-Detailed
1742766079215,10.19109,636,Eye Hit,Right,500.2446,766.8973,47.76754,Jeep5-Detailed
1742766079215,10.19109,636,Eye Hit,Center,500.7648,766.8973,47.76753,Jeep5-Detailed
1742766079234,10.21472,637,Eye Hit,Left,498.0466,762.7477,47.69863,Jeep5-Detailed
1742766079235,10.21472,637,Eye Hit,Right,497.0049,762.7477,47.69863,Jeep5-Detailed
1742766079235,10.21472,637,Eye Hit,Center,497.5257,762.7477,47.69863,Jeep5-Detailed
1742766079258,10.23374,638,Eye Hit,Left,496.0671,757.3714,47.64717,Jeep5-Detailed
1742766079258,10.23374,638,Eye Hit,Right,495.0244,757.3714,47.64717,Jeep5-Detailed
1742766079258,10.23374,638,Eye Hit,Center,495.5458,757.3714,47.64717,Jeep5-Detailed
1742766079277,10.25772,639,Eye Hit,Left,497.462,758.46,47.67551,Jeep5-Detailed
1742766079277,10.25772,639,Eye Hit,Right,496.4198,758.46,47.67551,Jeep5-Detailed
1742766079277,10.25772,639,Eye Hit,Center,496.9409,758.46,47.67551,Jeep5-Detailed
1742766079300,10.27603,640,Eye Hit,Left,490.9455,757.2053,47.54976,Jeep5-Detailed
1742766079300,10.27603,640,Eye Hit,Right,489.9006,757.2053,47.54977,Jeep5-Detailed
1742766079300,10.27603,640,Eye Hit,Center,490.4231,757.2053,47.54977,Jeep5-Detailed
1742766079317,10.29944,641,Eye Hit,Left,491.7037,760.9677,47.57253,Jeep5-Detailed
1742766079317,10.29944,641,Eye Hit,Right,490.6593,760.9677,47.57253,Jeep5-Detailed
1742766079317,10.29944,641,Eye Hit,Center,491.1815,760.9677,47.57253,Jeep5-Detailed
1742766079374,10.34253,643,Eye Hit,Left,494.7924,763.851,47.63813,Jeep5-Detailed
1742766079374,10.34253,643,Eye Hit,Right,493.7495,763.851,47.63813,Jeep5-Detailed
1742766079374,10.34253,643,Eye Hit,Center,494.2708,763.851,47.63813,Jeep5-Detailed
1742766079401,10.37449,644,Eye Hit,Left,474.0165,746.0865,47.17391,Jeep5-Detailed
1742766079401,10.37449,644,Eye Hit,Right,472.9633,746.0865,47.17391,Jeep5-Detailed
1742766079401,10.37449,644,Eye Hit,Center,473.49,746.0865,47.17391,Jeep5-Detailed
1742766079429,10.40048,645,,Left,369.2929,736.7999,44.76664,
1742766079429,10.40048,645,,Right,368.183,736.7999,44.76664,
1742766079429,10.40048,645,,Center,368.738,736.7999,44.76664,
1742766079457,10.42843,646,,Left,356.5345,733.2823,44.43321,
1742766079457,10.42843,646,,Right,355.4164,733.2823,44.43321,
1742766079457,10.42843,646,,Center,355.9754,733.2823,44.43321,
1742766079485,10.4574,647,,Left,362.8583,729.8138,44.57638,
1742766079485,10.4574,647,,Right,361.7437,729.8138,44.57638,
1742766079485,10.4574,647,,Center,362.301,729.8138,44.57637,
1742766079512,10.4848,648,,Left,366.519,732.04,44.67247,
1742766079512,10.4848,648,,Right,365.4069,732.04,44.67247,
1742766079512,10.4848,648,,Center,365.963,732.04,44.67247,
1742766079538,10.51129,649,,Left,375.0796,740.0836,44.91101,
1742766079538,10.51129,649,,Right,373.9733,740.0836,44.91101,
1742766079538,10.51129,649,,Center,374.5264,740.0836,44.91101,
1742766079566,10.53882,650,,Left,378.1573,746.7874,45.0068,
1742766079566,10.53882,650,,Right,377.0533,746.7874,45.00681,
1742766079566,10.53882,650,,Center,377.6053,746.7874,45.00681,
1742766079594,10.56559,651,,Left,379.8807,746.9438,45.04729,
1742766079594,10.56559,651,,Right,378.7778,746.9438,45.04729,
1742766079595,10.56559,651,,Center,379.3292,746.9438,45.04729,
1742766079623,10.59455,652,,Left,387.0017,742.0506,45.2013,
1742766079623,10.59455,652,,Right,385.9025,742.0506,45.2013,
1742766079623,10.59455,652,,Center,386.4521,742.0506,45.2013,
1742766079649,10.62208,653,Eye Hit,Left,388.213,745.1837,45.23858,SportCar5-Detailed
1742766079649,10.62208,653,Eye Hit,Right,387.1147,745.1837,45.23858,SportCar5-Detailed
1742766079649,10.62208,653,Eye Hit,Center,387.6638,745.1837,45.23858,SportCar5-Detailed
1742766079677,10.64908,654,Eye Hit,Left,386.7274,745.4251,45.20179,SportCar5-Detailed
1742766079677,10.64908,654,Eye Hit,Right,385.6282,745.4251,45.20179,SportCar5-Detailed
1742766079677,10.64908,654,Eye Hit,Center,386.1779,745.4252,45.20179,SportCar5-Detailed
1742766079705,10.67678,655,Eye Hit,Left,382.2697,749.2583,45.1046,SportCar5-Detailed
1742766079705,10.67678,655,Eye Hit,Right,381.1682,749.2583,45.1046,SportCar5-Detailed
1742766079705,10.67678,655,Eye Hit,Center,381.7192,749.2583,45.1046,SportCar5-Detailed
1742766079734,10.70517,656,Eye Hit,Left,389.8672,751.6573,45.29327,SportCar5-Detailed
1742766079734,10.70517,656,Eye Hit,Right,388.7703,751.6573,45.29327,SportCar5-Detailed
1742766079734,10.70517,656,Eye Hit,Center,389.3187,751.6573,45.29327,SportCar5-Detailed
1742766079761,10.73363,657,Eye Hit,Left,389.7387,751.451,45.28766,SportCar5-Detailed
1742766079761,10.73363,657,Eye Hit,Right,388.6417,751.451,45.28766,SportCar5-Detailed
1742766079761,10.73363,657,Eye Hit,Center,389.1902,751.451,45.28766,SportCar5-Detailed
1742766079789,10.76029,658,Eye Hit,Left,390.949,748.5615,45.30602,SportCar5-Detailed
1742766079789,10.76029,658,Eye Hit,Right,389.8524,748.5615,45.30602,SportCar5-Detailed
1742766079789,10.76029,658,Eye Hit,Center,390.4006,748.5615,45.30602,SportCar5-Detailed
1742766079816,10.78832,659,Eye Hit,Left,389.4486,750.6697,45.26987,SportCar5-Detailed
1742766079816,10.78832,659,Eye Hit,Right,388.3511,750.6697,45.26987,SportCar5-Detailed
1742766079816,10.78832,659,Eye Hit,Center,388.8999,750.6697,45.26987,SportCar5-Detailed
1742766079846,10.81581,660,Eye Hit,Left,387.8551,754.2845,45.23991,SportCar5-Detailed
1742766079846,10.81581,660,Eye Hit,Right,386.7569,754.2845,45.23991,SportCar5-Detailed
1742766079846,10.81581,660,Eye Hit,Center,387.306,754.2845,45.23991,SportCar5-Detailed
1742766079876,10.84579,661,Eye Hit,Left,380.5478,760.0719,45.07619,SportCar5-Detailed
1742766079876,10.84579,661,Eye Hit,Right,379.4456,760.0719,45.07619,SportCar5-Detailed
1742766079876,10.84579,661,Eye Hit,Center,379.9967,760.0719,45.0762,SportCar5-Detailed
1742766079906,10.87525,662,Eye Hit,Left,386.2051,760.5939,45.21371,SportCar5-Detailed
1742766079906,10.87525,662,Eye Hit,Right,385.1063,760.5939,45.21371,SportCar5-Detailed
1742766079906,10.87525,662,Eye Hit,Center,385.6557,760.5939,45.21371,SportCar5-Detailed
1742766079930,10.90576,663,Eye Hit,Left,411.0857,750.539,45.77561,SportCar5-Detailed
1742766079930,10.90576,663,Eye Hit,Right,410.0003,750.539,45.77561,SportCar5-Detailed
1742766079930,10.90576,663,Eye Hit,Center,410.543,750.539,45.77561,SportCar5-Detailed
1742766079957,10.92945,664,Eye Hit,Left,412.7612,739.5779,45.7763,SportCar5-Detailed
1742766079957,10.92945,664,Eye Hit,Right,411.6758,739.5778,45.77629,SportCar5-Detailed
1742766079958,10.92945,664,Eye Hit,Center,412.2185,739.5778,45.77629,SportCar5-Detailed
1742766079986,10.95751,665,Eye Hit,Left,413.1768,741.4459,45.78493,SportCar5-Detailed
1742766079986,10.95751,665,Eye Hit,Right,412.0917,741.4459,45.78493,SportCar5-Detailed
1742766079986,10.95751,665,Eye Hit,Center,412.6343,741.4459,45.78493,SportCar5-Detailed
1742766080014,10.98545,666,Eye Hit,Left,421.0204,745.412,45.98174,RoadWest
1742766080014,10.98545,666,Eye Hit,Right,419.9399,745.412,45.98175,RoadWest
1742766080014,10.98545,666,Eye Hit,Center,420.4802,745.412,45.98175,RoadWest
1742766080042,11.01364,667,Eye Hit,Left,418.6443,766.4708,45.98801,SportCar5-Detailed
1742766080042,11.01364,667,Eye Hit,Right,417.5639,766.4708,45.98801,SportCar5-Detailed
1742766080042,11.01364,667,Eye Hit,Center,418.104,766.4708,45.98801,SportCar5-Detailed
1742766080070,11.04188,668,Eye Hit,Left,422.9581,762.5018,46.08218,SportCar5-Detailed
1742766080070,11.04188,668,Eye Hit,Right,421.8799,762.5018,46.08218,SportCar5-Detailed
1742766080070,11.04188,668,Eye Hit,Center,422.419,762.5018,46.08218,SportCar5-Detailed
1742766080097,11.07017,669,Eye Hit,Left,427.4646,753.0732,46.16339,SportCar5-Detailed
1742766080097,11.07017,669,Eye Hit,Right,426.3884,753.0732,46.16339,SportCar5-Detailed
1742766080097,11.07017,669,Eye Hit,Center,426.9267,753.0732,46.16339,SportCar5-Detailed
1742766080124,11.0981,670,Eye Hit,Left,443.9722,755.619,46.54034,SportCar5-Detailed
1742766080124,11.0981,670,Eye Hit,Right,442.9046,755.619,46.54034,SportCar5-Detailed
1742766080124,11.0981,670,Eye Hit,Center,443.4384,755.619,46.54034,SportCar5-Detailed
1742766080153,11.12394,671,Eye Hit,Left,450.5655,749.6808,46.65892,SportCar5-Detailed
1742766080153,11.12394,671,Eye Hit,Right,449.5006,749.6808,46.65892,SportCar5-Detailed
1742766080153,11.12394,671,Eye Hit,Center,450.0331,749.6808,46.65892,SportCar5-Detailed
1742766080180,11.15225,672,Eye Hit,Left,450.1444,747.4567,46.64621,SportCar5-Detailed
1742766080180,11.15225,672,Eye Hit,Right,449.0793,747.4567,46.64621,SportCar5-Detailed
1742766080180,11.15225,672,Eye Hit,Center,449.6119,747.4567,46.64621,SportCar5-Detailed
1742766080207,11.17958,673,Eye Hit,Left,467.2749,741.7106,46.98753,SportCar5-Detailed
1742766080207,11.17958,673,Eye Hit,Right,466.2175,741.7106,46.98753,SportCar5-Detailed
1742766080207,11.17958,673,Eye Hit,Center,466.7462,741.7106,46.98754,SportCar5-Detailed
1742766080236,11.20756,674,Eye Hit,Left,469.8458,740.0728,47.03653,SportCar5-Detailed
1742766080236,11.20756,674,Eye Hit,Right,468.7896,740.0728,47.03653,SportCar5-Detailed
1742766080236,11.20756,674,Eye Hit,Center,469.3177,740.0728,47.03653,SportCar5-Detailed
1742766080267,11.23598,675,Eye Hit,Left,466.8795,741.9245,46.98631,SportCar5-Detailed
1742766080267,11.23598,675,Eye Hit,Right,465.8221,741.9245,46.98631,SportCar5-Detailed
1742766080267,11.23598,675,Eye Hit,Center,466.3508,741.9245,46.98631,SportCar5-Detailed
1742766080290,11.26645,676,Eye Hit,Left,482.6625,741.497,47.30478,SportCar5-Detailed
1742766080290,11.26645,676,Eye Hit,Right,481.6122,741.497,47.30477,SportCar5-Detailed
1742766080290,11.26645,676,Eye Hit,Center,482.1374,741.497,47.30478,SportCar5-Detailed
1742766080318,11.28926,677,Eye Hit,Left,486.3478,740.0591,47.36723,SportCar5-Detailed
1742766080318,11.28926,677,Eye Hit,Right,485.2989,740.0591,47.36723,SportCar5-Detailed
1742766080318,11.28926,677,Eye Hit,Center,485.8234,740.0591,47.36723,SportCar5-Detailed
1742766080344,11.3171,678,Eye Hit,Left,488.8289,742.0456,47.42659,SportCar5-Detailed
1742766080344,11.3171,678,Eye Hit,Right,487.7814,742.0456,47.42659,SportCar5-Detailed
1742766080344,11.3171,678,Eye Hit,Center,488.3052,742.0456,47.42659,SportCar5-Detailed
1742766080370,11.34387,679,Eye Hit,Left,492.8323,745.5432,47.52074,SportCar5-Detailed
1742766080370,11.34387,679,Eye Hit,Right,491.7868,745.5432,47.52074,SportCar5-Detailed
1742766080370,11.34387,679,Eye Hit,Center,492.3095,745.5432,47.52074,SportCar5-Detailed
1742766080386,11.37013,680,Eye Hit,Left,503.6838,752.3544,47.75331,SportCar5-Detailed
1742766080386,11.37013,680,Eye Hit,Right,502.6434,752.3544,47.75331,SportCar5-Detailed
1742766080386,11.37013,680,Eye Hit,Center,503.1638,752.3544,47.7533,SportCar5-Detailed
1742766080429,11.41087,682,Eye Hit,Left,506.8529,752.7777,47.81531,SportCar5-Detailed
1742766080429,11.41087,682,Eye Hit,Right,505.8138,752.7777,47.81531,SportCar5-Detailed
1742766080429,11.41087,682,Eye Hit,Center,506.3333,752.7777,47.81532,SportCar5-Detailed
1742766080443,11.42784,683,Eye Hit,Left,514.3256,750.895,47.94703,SportCar5-Detailed
1742766080443,11.42784,683,Eye Hit,Right,513.2894,750.895,47.94703,SportCar5-Detailed
1742766080443,11.42784,683,Eye Hit,Center,513.8075,750.895,47.94703,SportCar5-Detailed
1742766080484,11.46652,685,Eye Hit,Left,529.0466,750.7493,48.2036,SportCar5-Detailed
1742766080484,11.46652,685,Eye Hit,Right,528.0158,750.7493,48.2036,SportCar5-Detailed
1742766080484,11.46652,685,Eye Hit,Center,528.5312,750.7493,48.20359,SportCar5-Detailed
1742766080499,11.48348,686,Eye Hit,Left,533.4071,751.3545,48.27861,SportCar5-Detailed
1742766080499,11.48348,686,Eye Hit,Right,532.378,751.3545,48.27861,SportCar5-Detailed
1742766080499,11.48348,686,Eye Hit,Center,532.8925,751.3545,48.27861,SportCar5-Detailed
1742766080537,11.51405,688,Eye Hit,Left,546.7581,756.2897,48.51228,SportCar5-Detailed
1742766080537,11.51405,688,Eye Hit,Right,545.7339,756.2897,48.51227,SportCar5-Detailed
1742766080537,11.51405,688,Eye Hit,Center,546.246,756.2897,48.51227,SportCar5-Detailed
1742766080554,11.53716,689,Eye Hit,Left,552.9533,758.8559,48.61657,SportCar5-Detailed
1742766080554,11.53716,689,Eye Hit,Right,551.9314,758.8559,48.61657,SportCar5-Detailed
1742766080554,11.53716,689,Eye Hit,Center,552.4426,758.8559,48.61657,SportCar5-Detailed
1742766080585,11.5692,691,Eye Hit,Left,554.5434,755.4491,48.6313,SportCar5-Detailed
1742766080585,11.5692,691,Eye Hit,Right,553.5218,755.4491,48.6313,SportCar5-Detailed
1742766080585,11.5692,691,Eye Hit,Center,554.0326,755.4491,48.6313,SportCar5-Detailed
1742766080623,11.6078,693,Eye Hit,Left,571.7148,756.2813,48.88058,SportCar5-Detailed
1742766080623,11.6078,693,Eye Hit,Right,570.6984,756.2813,48.88058,SportCar5-Detailed
1742766080623,11.6078,693,Eye Hit,Center,571.2066,756.2813,48.88058,SportCar5-Detailed
1742766080662,11.63984,695,Eye Hit,Left,587.0128,756.0833,49.0793,SportCar5-Detailed
1742766080662,11.63984,695,Eye Hit,Right,586.0004,756.0833,49.0793,SportCar5-Detailed
1742766080662,11.63984,695,Eye Hit,Center,586.5065,756.0833,49.0793,SportCar5-Detailed
1742766080678,11.66092,696,Eye Hit,Left,587.9393,756.3083,49.09063,SportCar5-Detailed
1742766080678,11.66092,696,Eye Hit,Right,586.9272,756.3083,49.09063,SportCar5-Detailed
1742766080678,11.66092,696,Eye Hit,Center,587.4332,756.3083,49.09063,SportCar5-Detailed
1742766080710,11.69286,698,Eye Hit,Left,586.1199,755.1549,49.0642,SportCar5-Detailed
1742766080710,11.69286,698,Eye Hit,Right,585.1072,755.1549,49.0642,SportCar5-Detailed
1742766080710,11.69286,698,Eye Hit,Center,585.6136,755.1549,49.0642,SportCar5-Detailed
1742766080731,11.70953,699,Eye Hit,Left,591.2545,753.6755,49.12319,SportCar5-Detailed
1742766080731,11.70953,699,Eye Hit,Right,590.2431,753.6755,49.12319,SportCar5-Detailed
1742766080731,11.70953,699,Eye Hit,Center,590.7488,753.6755,49.12319,SportCar5-Detailed
1742766080749,11.73031,700,Eye Hit,Left,603.8266,753.8602,49.26648,SportCar5-Detailed
1742766080749,11.73031,700,Eye Hit,Right,602.8181,753.8602,49.26649,SportCar5-Detailed
1742766080749,11.73031,700,Eye Hit,Center,603.3224,753.8602,49.26648,SportCar5-Detailed
1742766080764,11.74818,701,Eye Hit,Left,605.1185,752.2481,49.27528,SportCar5-Detailed
1742766080764,11.74818,701,Eye Hit,Right,604.1102,752.2481,49.27527,SportCar5-Detailed
1742766080764,11.74818,701,Eye Hit,Center,604.6144,752.2481,49.27528,SportCar5-Detailed
1742766080801,11.77978,703,Eye Hit,Left,599.6472,741.8696,49.17155,SportCar5-Detailed
1742766080801,11.77978,703,Eye Hit,Right,598.6368,741.8696,49.17155,SportCar5-Detailed
1742766080801,11.77978,703,Eye Hit,Center,599.142,741.8696,49.17155,SportCar5-Detailed
1742766080819,11.80031,704,Eye Hit,Left,607.86,732.5154,49.21171,SportCar5-Detailed
1742766080819,11.80031,704,Eye Hit,Right,606.8504,732.5153,49.21171,SportCar5-Detailed
1742766080819,11.80031,704,Eye Hit,Center,607.3552,732.5153,49.21171,SportCar5-Detailed
1742766080835,11.81804,705,Eye Hit,Left,606.4425,732.229,49.19564,SportCar5-Detailed
1742766080835,11.81804,705,Eye Hit,Right,605.4326,732.229,49.19564,SportCar5-Detailed
1742766080835,11.81804,705,Eye Hit,Center,605.9375,732.229,49.19564,SportCar5-Detailed
1742766080874,11.85595,707,Eye Hit,Left,659.2516,638.4711,48.70025,RoadWest
1742766080874,11.85595,707,Eye Hit,Right,658.2313,638.4711,48.70024,RoadWest
1742766080874,11.85595,707,Eye Hit,Center,658.7415,638.4711,48.70024,RoadWest
1742766080891,11.87347,708,Eye Hit,Left,656.115,640.8582,48.71595,RoadWest
1742766080891,11.87347,708,Eye Hit,Right,655.0952,640.8582,48.71595,RoadWest
1742766080891,11.87347,708,Eye Hit,Center,655.605,640.8582,48.71595,RoadWest
1742766080930,11.91209,710,Eye Hit,Left,561.0541,743.7238,48.68444,SportCar5-Detailed
1742766080930,11.91209,710,Eye Hit,Right,560.0335,743.7238,48.68444,SportCar5-Detailed
1742766080930,11.91209,710,Eye Hit,Center,560.5438,743.7238,48.68445,SportCar5-Detailed
1742766080947,11.92912,711,Eye Hit,Left,557.5318,742.5005,48.62711,SportCar5-Detailed
1742766080947,11.92912,711,Eye Hit,Right,556.5101,742.5005,48.6271,SportCar5-Detailed
1742766080947,11.92912,711,Eye Hit,Center,557.0209,742.5005,48.62711,SportCar5-Detailed
1742766080968,11.94583,712,Eye Hit,Left,541.6005,743.2167,48.3892,SportCar5-Detailed
1742766080968,11.94583,712,Eye Hit,Right,540.5737,743.2167,48.3892,SportCar5-Detailed
1742766080970,11.94583,712,Eye Hit,Center,541.0872,743.2167,48.3892,SportCar5-Detailed
1742766080986,11.96937,713,Eye Hit,Left,556.446,743.0428,48.61478,SportCar5-Detailed
1742766080986,11.96937,713,Eye Hit,Right,555.424,743.0428,48.61478,SportCar5-Detailed
1742766080986,11.96937,713,Eye Hit,Center,555.935,743.0428,48.61479,SportCar5-Detailed
1742766081024,12.00105,715,Eye Hit,Left,546.1097,751.8973,48.4949,SportCar5-Detailed
1742766081024,12.00105,715,Eye Hit,Right,545.0853,751.8973,48.49489,SportCar5-Detailed
1742766081024,12.00105,715,Eye Hit,Center,545.5975,751.8973,48.49489,SportCar5-Detailed
1742766081042,12.02345,716,Eye Hit,Left,549.786,752.8755,48.55416,SportCar5-Detailed
1742766081042,12.02345,716,Eye Hit,Right,548.7627,752.8755,48.55416,SportCar5-Detailed
1742766081042,12.02345,716,Eye Hit,Center,549.2744,752.8755,48.55416,SportCar5-Detailed
1742766081065,12.0419,717,Eye Hit,Left,532.1744,754.3497,48.28121,SportCar5-Detailed
1742766081065,12.0419,717,Eye Hit,Right,531.1453,754.3497,48.28122,SportCar5-Detailed
1742766081065,12.0419,717,Eye Hit,Center,531.6599,754.3497,48.28122,SportCar5-Detailed
1742766081084,12.06453,718,Eye Hit,Left,518.4011,763.9532,48.07252,SportCar5-Detailed
1742766081084,12.06453,718,Eye Hit,Right,517.3676,763.9532,48.07252,SportCar5-Detailed
1742766081084,12.06453,718,Eye Hit,Center,517.8843,763.9532,48.07252,SportCar5-Detailed
1742766081107,12.08376,719,Eye Hit,Left,502.8696,759.814,47.7834,SportCar5-Detailed
1742766081107,12.08376,719,Eye Hit,Right,501.8299,759.814,47.7834,SportCar5-Detailed
1742766081107,12.08376,719,Eye Hit,Center,502.3498,759.814,47.7834,SportCar5-Detailed
1742766081126,12.10756,720,Eye Hit,Left,497.2412,764.5492,47.68818,SportCar5-Detailed
1742766081126,12.10756,720,Eye Hit,Right,496.1994,764.5492,47.68818,SportCar5-Detailed
1742766081126,12.10756,720,Eye Hit,Center,496.7203,764.5492,47.68818,SportCar5-Detailed
1742766081151,12.12495,721,Eye Hit,Left,495.396,762.4797,47.6468,SportCar5-Detailed
1742766081151,12.12495,721,Eye Hit,Right,494.3533,762.4797,47.6468,SportCar5-Detailed
1742766081151,12.12495,721,Eye Hit,Center,494.8746,762.4797,47.6468,SportCar5-Detailed
1742766081171,12.1508,722,Eye Hit,Left,495.473,759.7787,47.64189,SportCar5-Detailed
1742766081171,12.1508,722,Eye Hit,Right,494.4302,759.7787,47.64189,SportCar5-Detailed
1742766081171,12.1508,722,Eye Hit,Center,494.9518,759.7787,47.64189,SportCar5-Detailed
1742766081195,12.17231,723,Eye Hit,Left,488.1256,755.1776,47.48587,SportCar5-Detailed
1742766081195,12.17231,723,Eye Hit,Right,487.0793,755.1776,47.48587,SportCar5-Detailed
1742766081195,12.17231,723,Eye Hit,Center,487.6025,755.1776,47.48587,SportCar5-Detailed
1742766081222,12.19437,724,Eye Hit,Left,484.5838,744.0406,47.37601,SportCar5-Detailed
1742766081222,12.19437,724,Eye Hit,Right,483.535,744.0406,47.37601,SportCar5-Detailed
1742766081222,12.19437,724,Eye Hit,Center,484.0594,744.0406,47.37601,SportCar5-Detailed
1742766081250,12.22196,725,Eye Hit,Left,485.0909,742.9196,47.38229,SportCar5-Detailed
1742766081250,12.22196,725,Eye Hit,Right,484.0423,742.9196,47.38229,SportCar5-Detailed
1742766081250,12.22196,725,Eye Hit,Center,484.5666,742.9196,47.38229,SportCar5-Detailed
1742766081278,12.24985,726,Eye Hit,Left,485.1447,742.5865,47.38073,SportCar5-Detailed
1742766081278,12.24985,726,Eye Hit,Right,484.0961,742.5865,47.38073,SportCar5-Detailed
1742766081278,12.24985,726,Eye Hit,Center,484.6205,742.5865,47.38073,SportCar5-Detailed
1742766081305,12.27754,727,Eye Hit,Left,476.661,743.7052,47.21598,SportCar5-Detailed
1742766081305,12.27754,727,Eye Hit,Right,475.6087,743.7052,47.21598,SportCar5-Detailed
1742766081305,12.27754,727,Eye Hit,Center,476.1349,743.7052,47.21598,SportCar5-Detailed
1742766081334,12.30592,728,Eye Hit,Left,476.4413,743.4808,47.20948,SportCar5-Detailed
1742766081334,12.30592,728,Eye Hit,Right,475.3889,743.4808,47.20948,SportCar5-Detailed
1742766081334,12.30592,728,Eye Hit,Center,475.9151,743.4808,47.20948,SportCar5-Detailed
1742766081360,12.33399,729,Eye Hit,Left,474.8889,744.2729,47.18077,SportCar5-Detailed
1742766081360,12.33399,729,Eye Hit,Right,473.8358,744.2729,47.18077,SportCar5-Detailed
1742766081360,12.33399,729,Eye Hit,Center,474.3623,744.2729,47.18078,SportCar5-Detailed
1742766081388,12.35978,730,Eye Hit,Left,477.5855,743.5062,47.23154,SportCar5-Detailed
1742766081388,12.35978,730,Eye Hit,Right,476.5336,743.5062,47.23155,SportCar5-Detailed
1742766081388,12.35978,730,Eye Hit,Center,477.0596,743.5062,47.23154,SportCar5-Detailed
1742766081416,12.38888,731,Eye Hit,Left,476.2187,741.5701,47.19664,SportCar5-Detailed
1742766081416,12.38888,731,Eye Hit,Right,475.166,741.5701,47.19664,SportCar5-Detailed
1742766081416,12.38888,731,Eye Hit,Center,475.6925,741.5701,47.19664,SportCar5-Detailed
1742766081443,12.41623,732,Eye Hit,Left,485.0556,738.6918,47.35916,SportCar5-Detailed
1742766081443,12.41623,732,Eye Hit,Right,484.0066,738.6918,47.35916,SportCar5-Detailed
1742766081443,12.41623,732,Eye Hit,Center,484.5311,738.6918,47.35916,SportCar5-Detailed
1742766081469,12.44442,733,Eye Hit,Left,486.2942,738.9471,47.38432,SportCar5-Detailed
1742766081469,12.44442,733,Eye Hit,Right,485.2457,738.9471,47.38431,SportCar5-Detailed
1742766081469,12.44442,733,Eye Hit,Center,485.7699,738.9471,47.38432,SportCar5-Detailed
1742766081497,12.46812,734,Eye Hit,Left,489.1173,742.0999,47.45196,SportCar5-Detailed
1742766081497,12.46812,734,Eye Hit,Right,488.0703,742.0999,47.45196,SportCar5-Detailed
1742766081497,12.46812,734,Eye Hit,Center,488.5938,742.0999,47.45196,SportCar5-Detailed
1742766081515,12.49672,735,Eye Hit,Left,490.2683,743.9559,47.4812,SportCar5-Detailed
1742766081515,12.49672,735,Eye Hit,Right,489.2219,743.9559,47.4812,SportCar5-Detailed
1742766081515,12.49672,735,Eye Hit,Center,489.7451,743.9559,47.4812,SportCar5-Detailed
1742766081539,12.51426,736,Eye Hit,Left,490.1764,743.4936,47.47762,SportCar5-Detailed
1742766081539,12.51426,736,Eye Hit,Right,489.1299,743.4936,47.47763,SportCar5-Detailed
1742766081539,12.51426,736,Eye Hit,Center,489.6531,743.4936,47.47762,SportCar5-Detailed
1742766081566,12.53819,737,Eye Hit,Left,489.9122,766.0168,47.54223,SportCar5-Detailed
1742766081566,12.53819,737,Eye Hit,Right,488.8671,766.0168,47.54223,SportCar5-Detailed
1742766081566,12.53819,737,Eye Hit,Center,489.3896,766.0168,47.54224,SportCar5-Detailed
1742766081585,12.56554,738,Eye Hit,Left,489.7927,768.329,47.54417,SportCar5-Detailed
1742766081585,12.56554,738,Eye Hit,Right,488.7477,768.329,47.54417,SportCar5-Detailed
1742766081585,12.56554,738,Eye Hit,Center,489.2702,768.329,47.54417,SportCar5-Detailed
1742766081609,12.58529,739,Eye Hit,Left,490.9151,770.0395,47.569,SportCar5-Detailed
1742766081609,12.58529,739,Eye Hit,Right,489.8706,770.0395,47.569,SportCar5-Detailed
1742766081609,12.58529,739,Eye Hit,Center,490.3929,770.0395,47.569,SportCar5-Detailed
1742766081636,12.60889,740,Eye Hit,Left,491.0204,771.3948,47.57323,SportCar5-Detailed
1742766081636,12.60889,740,Eye Hit,Right,489.9761,771.3948,47.57323,SportCar5-Detailed
1742766081636,12.60889,740,Eye Hit,Center,490.4983,771.3948,47.57323,SportCar5-Detailed
1742766081654,12.63673,741,Eye Hit,Left,494.276,769.7634,47.63297,SportCar5-Detailed
1742766081654,12.63673,741,Eye Hit,Right,493.233,769.7634,47.63297,SportCar5-Detailed
1742766081654,12.63673,741,Eye Hit,Center,493.7545,769.7634,47.63297,SportCar5-Detailed
1742766081678,12.6534,742,Eye Hit,Left,494.9836,769.6194,47.64605,SportCar5-Detailed
1742766081678,12.6534,742,Eye Hit,Right,493.9409,769.6194,47.64605,SportCar5-Detailed
1742766081678,12.6534,742,Eye Hit,Center,494.4622,769.6194,47.64605,SportCar5-Detailed
1742766081697,12.67714,743,Eye Hit,Left,499.3136,760.8171,47.70792,SportCar5-Detailed
1742766081697,12.67714,743,Eye Hit,Right,498.2721,760.8171,47.70792,SportCar5-Detailed
1742766081697,12.67714,743,Eye Hit,Center,498.7928,760.8171,47.70792,SportCar5-Detailed
1742766081720,12.69653,744,Eye Hit,Left,510.8792,756.9954,47.90993,SportCar5-Detailed
1742766081720,12.69653,744,Eye Hit,Right,509.8422,756.9954,47.90993,SportCar5-Detailed
1742766081720,12.69653,744,Eye Hit,Center,510.3607,756.9954,47.90994,SportCar5-Detailed
1742766081740,12.71917,745,Eye Hit,Left,512.8258,756.6103,47.94357,SportCar5-Detailed
1742766081740,12.71917,745,Eye Hit,Right,511.7895,756.6103,47.94357,SportCar5-Detailed
1742766081740,12.71917,745,Eye Hit,Center,512.3077,756.6103,47.94357,SportCar5-Detailed
1742766081764,12.74114,746,Eye Hit,Left,516.7521,747.8882,47.98349,SportCar5-Detailed
1742766081764,12.74114,746,Eye Hit,Right,515.7166,747.8882,47.98349,SportCar5-Detailed
1742766081764,12.74114,746,Eye Hit,Center,516.2343,747.8882,47.98349,SportCar5-Detailed
1742766081791,12.76369,747,Eye Hit,Left,520.8602,739.7323,48.02097,SportCar5-Detailed
1742766081791,12.76369,747,Eye Hit,Right,519.8255,739.7323,48.02097,SportCar5-Detailed
1742766081791,12.76369,747,Eye Hit,Center,520.3428,739.7323,48.02097,SportCar5-Detailed
1742766081821,12.79111,748,Eye Hit,Left,521.1971,741.5209,48.03437,SportCar5-Detailed
1742766081821,12.79111,748,Eye Hit,Right,520.1628,741.5209,48.03437,SportCar5-Detailed
1742766081821,12.79111,748,Eye Hit,Center,520.6799,741.521,48.03437,SportCar5-Detailed
1742766081851,12.82142,749,Eye Hit,Left,518.1585,729.6878,47.92398,SportCar5-Detailed
1742766081851,12.82142,749,Eye Hit,Right,517.1218,729.6878,47.92398,SportCar5-Detailed
1742766081851,12.82142,749,Eye Hit,Center,517.6401,729.6878,47.92398,SportCar5-Detailed
1742766081877,12.85127,750,Eye Hit,Left,532.0896,732.1139,48.17328,SportCar5-Detailed
1742766081877,12.85127,750,Eye Hit,Right,531.0582,732.1139,48.17328,SportCar5-Detailed
1742766081877,12.85127,750,Eye Hit,Center,531.5739,732.1139,48.17327,SportCar5-Detailed
1742766081905,12.87752,751,Eye Hit,Left,528.8425,734.6473,48.13216,SportCar5-Detailed
1742766081905,12.87752,751,Eye Hit,Right,527.8102,734.6473,48.13216,SportCar5-Detailed
1742766081905,12.87752,751,Eye Hit,Center,528.3263,734.6473,48.13215,SportCar5-Detailed
1742766081932,12.90532,752,Eye Hit,Left,531.8524,729.7114,48.15594,SportCar5-Detailed
1742766081932,12.90532,752,Eye Hit,Right,530.8207,729.7114,48.15595,SportCar5-Detailed
1742766081932,12.90532,752,Eye Hit,Center,531.3365,729.7114,48.15594,SportCar5-Detailed
1742766081960,12.93282,753,Eye Hit,Left,541.7653,725.7454,48.29334,SportCar5-Detailed
1742766081960,12.93282,753,Eye Hit,Right,540.7365,725.7454,48.29335,SportCar5-Detailed
1742766081960,12.93282,753,Eye Hit,Center,541.2509,725.7454,48.29335,SportCar5-Detailed
1742766081989,12.96021,754,Eye Hit,Left,542.7392,728.9824,48.32653,SportCar5-Detailed
1742766081989,12.96021,754,Eye Hit,Right,541.7111,728.9824,48.32653,SportCar5-Detailed
1742766081989,12.96021,754,Eye Hit,Center,542.2252,728.9824,48.32653,SportCar5-Detailed
1742766082016,12.98942,755,Eye Hit,Left,552.9162,730.342,48.48998,SportCar5-Detailed
1742766082016,12.98942,755,Eye Hit,Right,551.8916,730.342,48.48999,SportCar5-Detailed
1742766082016,12.98942,755,Eye Hit,Center,552.4039,730.342,48.48998,SportCar5-Detailed
1742766082042,13.0159,756,Eye Hit,Left,556.6139,737.3194,48.58136,SportCar5-Detailed
1742766082042,13.0159,756,Eye Hit,Right,555.5912,737.3194,48.58136,SportCar5-Detailed
1742766082042,13.0159,756,Eye Hit,Center,556.1025,737.3194,48.58136,SportCar5-Detailed
1742766082069,13.04256,757,Eye Hit,Left,563.1683,747.4418,48.72176,SportCar5-Detailed
1742766082069,13.04256,757,Eye Hit,Right,562.1486,747.4418,48.72176,SportCar5-Detailed
1742766082069,13.04256,757,Eye Hit,Center,562.6585,747.4418,48.72176,SportCar5-Detailed
1742766082099,13.06923,758,Eye Hit,Left,562.1643,750.4063,48.71893,SportCar5-Detailed
1742766082099,13.06923,758,Eye Hit,Right,561.1445,750.4063,48.71893,SportCar5-Detailed
1742766082099,13.06923,758,Eye Hit,Center,561.6544,750.4063,48.71893,SportCar5-Detailed
1742766082127,13.09874,759,Eye Hit,Left,572.8526,762.3322,48.90667,SportCar5-Detailed
1742766082127,13.09874,759,Eye Hit,Right,571.8367,762.3322,48.90667,SportCar5-Detailed
1742766082127,13.09874,759,Eye Hit,Center,572.3445,762.3322,48.90667,SportCar5-Detailed
1742766082153,13.12732,760,Eye Hit,Left,594.0375,757.4185,49.16005,SportCar5-Detailed
1742766082153,13.12732,760,Eye Hit,Right,593.0268,757.4185,49.16005,SportCar5-Detailed
1742766082153,13.12732,760,Eye Hit,Center,593.5322,757.4185,49.16005,SportCar5-Detailed
1742766082182,13.15375,761,Eye Hit,Left,599.0822,754.579,49.20778,SportCar5-Detailed
1742766082182,13.15375,761,Eye Hit,Right,598.0725,754.579,49.20778,SportCar5-Detailed
1742766082182,13.15375,761,Eye Hit,Center,598.5773,754.579,49.20778,SportCar5-Detailed
1742766082210,13.18248,762,Eye Hit,Left,606.0668,753.7673,49.28206,SportCar5-Detailed
1742766082210,13.18248,762,Eye Hit,Right,605.0587,753.7673,49.28206,SportCar5-Detailed
1742766082210,13.18248,762,Eye Hit,Center,605.5629,753.7673,49.28205,SportCar5-Detailed
1742766082237,13.20978,763,Eye Hit,Left,606.9193,752.4898,49.28718,SportCar5-Detailed
1742766082237,13.20978,763,Eye Hit,Right,605.9112,752.4898,49.28719,SportCar5-Detailed
1742766082237,13.20978,763,Eye Hit,Center,606.4153,752.4898,49.28718,SportCar5-Detailed
1742766082266,13.23665,764,Eye Hit,Left,609.6421,756.1729,49.32926,SportCar5-Detailed
1742766082266,13.23665,764,Eye Hit,Right,608.6348,756.1729,49.32925,SportCar5-Detailed
1742766082266,13.23665,764,Eye Hit,Center,609.1385,756.1729,49.32925,SportCar5-Detailed
1742766082292,13.2656,765,Eye Hit,Left,610.0706,755.3518,49.33123,SportCar5-Detailed
1742766082292,13.2656,765,Eye Hit,Right,609.0635,755.3518,49.33123,SportCar5-Detailed
1742766082292,13.2656,765,Eye Hit,Center,609.5671,755.3518,49.33123,SportCar5-Detailed
1742766082321,13.29129,766,Eye Hit,Left,610.6662,750.9035,49.32164,SportCar5-Detailed
1742766082321,13.29129,766,Eye Hit,Right,609.6589,750.9035,49.32164,SportCar5-Detailed
1742766082321,13.29129,766,Eye Hit,Center,610.1625,750.9035,49.32163,SportCar5-Detailed
1742766082348,13.32056,767,Eye Hit,Left,609.9481,753.9713,49.32518,SportCar5-Detailed
1742766082348,13.32056,767,Eye Hit,Right,608.9409,753.9713,49.32518,SportCar5-Detailed
1742766082348,13.32056,767,Eye Hit,Center,609.4445,753.9713,49.32518,SportCar5-Detailed
1742766082377,13.34786,768,Eye Hit,Left,617.6286,744.6779,49.36433,SportCar5-Detailed
1742766082377,13.34786,768,Eye Hit,Right,616.6222,744.6779,49.36433,SportCar5-Detailed
1742766082377,13.34786,768,Eye Hit,Center,617.1254,744.6779,49.36433,SportCar5-Detailed
1742766082405,13.37674,769,Eye Hit,Left,620.5499,741.7503,49.37874,SportCar5-Detailed
1742766082405,13.37674,769,Eye Hit,Right,619.5438,741.7503,49.37874,SportCar5-Detailed
1742766082405,13.37674,769,Eye Hit,Center,620.0469,741.7503,49.37874,SportCar5-Detailed
1742766082433,13.40575,770,Eye Hit,Left,623.1633,751.2498,49.4443,SportCar5-Detailed
1742766082433,13.40575,770,Eye Hit,Right,622.1584,751.2498,49.44429,SportCar5-Detailed
1742766082433,13.40575,770,Eye Hit,Center,622.6609,751.2498,49.44429,SportCar5-Detailed
1742766082460,13.43235,771,Eye Hit,Left,621.2053,758.2014,49.45146,SportCar5-Detailed
1742766082460,13.43235,771,Eye Hit,Right,620.2006,758.2014,49.45146,SportCar5-Detailed
1742766082460,13.43235,771,Eye Hit,Center,620.7029,758.2014,49.45146,SportCar5-Detailed
1742766082488,13.45945,772,Eye Hit,Left,619.0678,758.5794,49.43277,SportCar5-Detailed
1742766082488,13.45945,772,Eye Hit,Right,618.0627,758.5794,49.43277,SportCar5-Detailed
1742766082488,13.45945,772,Eye Hit,Center,618.5654,758.5794,49.43277,SportCar5-Detailed
1742766082514,13.48746,773,Eye Hit,Left,615.4005,759.4673,49.39953,SportCar5-Detailed
1742766082514,13.48746,773,Eye Hit,Right,614.3948,759.4673,49.39953,SportCar5-Detailed
1742766082514,13.48746,773,Eye Hit,Center,614.8978,759.4673,49.39952,SportCar5-Detailed
1742766082543,13.51361,774,Eye Hit,Left,623.4254,760.0764,49.4783,SportCar5-Detailed
1742766082543,13.51361,774,Eye Hit,Right,622.4213,760.0764,49.4783,SportCar5-Detailed
1742766082543,13.51361,774,Eye Hit,Center,622.9233,760.0764,49.4783,SportCar5-Detailed
1742766082573,13.54314,775,Eye Hit,Left,660.4167,770.5419,49.78275,SportCar5-Detailed
1742766082573,13.54314,775,Eye Hit,Right,659.4187,770.5419,49.78275,SportCar5-Detailed
1742766082573,13.54314,775,Eye Hit,Center,659.9178,770.5419,49.78275,SportCar5-Detailed
1742766082599,13.57386,776,Eye Hit,Left,721.2818,771.5692,49.9597,SportCar5-Detailed
1742766082599,13.57386,776,Eye Hit,Right,720.2874,771.5692,49.9597,SportCar5-Detailed
1742766082599,13.57386,776,Eye Hit,Center,720.7846,771.5692,49.9597,SportCar5-Detailed
1742766082625,13.59809,777,Eye Hit,Left,727.8176,775.0422,49.9639,SportCar5-Detailed
1742766082625,13.59809,777,Eye Hit,Right,726.8232,775.0422,49.9639,SportCar5-Detailed
1742766082625,13.59809,777,Eye Hit,Center,727.3203,775.0422,49.9639,SportCar5-Detailed
1742766082654,13.62449,778,Eye Hit,Left,725.9489,782.5355,49.97535,SportCar5-Detailed
1742766082654,13.62449,778,Eye Hit,Right,724.9547,782.5355,49.97535,SportCar5-Detailed
1742766082654,13.62449,778,Eye Hit,Center,725.4517,782.5355,49.97535,SportCar5-Detailed
1742766082683,13.65361,779,Eye Hit,Left,723.1645,786.2234,49.97894,SportCar5-Detailed
1742766082683,13.65361,779,Eye Hit,Right,722.1703,786.2234,49.97894,SportCar5-Detailed
1742766082683,13.65361,779,Eye Hit,Center,722.6675,786.2235,49.97894,SportCar5-Detailed
1742766082710,13.68337,780,Eye Hit,Left,717.283,786.9885,49.9791,SportCar5-Detailed
1742766082710,13.68337,780,Eye Hit,Right,716.2888,786.9885,49.97911,SportCar5-Detailed
1742766082710,13.68337,780,Eye Hit,Center,716.786,786.9886,49.9791,SportCar5-Detailed
1742766082736,13.70936,781,Eye Hit,Left,765.0258,784.5399,49.88142,SportCar5-Detailed
1742766082736,13.70936,781,Eye Hit,Right,764.0298,784.5399,49.88142,SportCar5-Detailed
1742766082736,13.70936,781,Eye Hit,Center,764.528,784.5399,49.88141,SportCar5-Detailed
1742766082765,13.73656,782,Eye Hit,Left,768.0909,773.1747,49.85263,SportCar5-Detailed
1742766082765,13.73656,782,Eye Hit,Right,767.0944,773.1747,49.85263,SportCar5-Detailed
1742766082765,13.73656,782,Eye Hit,Center,767.5927,773.1747,49.85263,SportCar5-Detailed
1742766082792,13.76492,783,Eye Hit,Left,771.6112,775.8064,49.84022,SportCar5-Detailed
1742766082792,13.76492,783,Eye Hit,Right,770.6144,775.8064,49.84022,SportCar5-Detailed
1742766082793,13.76492,783,Eye Hit,Center,771.1128,775.8064,49.84022,SportCar5-Detailed
1742766082819,13.79216,784,,Left,770.5329,783.0328,49.85487,
1742766082819,13.79216,784,,Right,769.5363,783.0328,49.85486,
1742766082819,13.79216,784,,Center,770.0345,783.0328,49.85487,
1742766082847,13.81902,785,,Left,767.998,785.916,49.86868,
1742766082847,13.81902,785,,Right,767.0018,785.916,49.86868,
1742766082847,13.81902,785,,Center,767.5001,785.916,49.86868,
1742766082876,13.84614,786,,Left,765.9511,790.6721,49.87988,
1742766082876,13.84614,786,,Right,764.955,790.6721,49.87988,
1742766082876,13.84614,786,,Center,765.453,790.6721,49.87988,
1742766082902,13.87476,787,,Left,762.9827,789.1839,49.89235,
1742766082902,13.87476,787,,Right,761.9868,789.1839,49.89235,
1742766082902,13.87476,787,,Center,762.4847,789.1839,49.89235,
1742766082931,13.90187,788,,Left,759.9039,790.9294,49.90504,
1742766082931,13.90187,788,,Right,758.9083,790.9293,49.90504,
1742766082931,13.90187,788,,Center,759.4061,790.9294,49.90504,
1742766082949,13.93039,789,,Left,773.5609,791.9413,49.84376,
1742766082949,13.93039,789,,Right,772.564,791.9413,49.84376,
1742766082949,13.93039,789,,Center,773.0624,791.9413,49.84375,
1742766082971,13.94788,790,,Left,773.9089,783.0462,49.8372,
1742766082971,13.94788,790,,Right,772.912,783.0462,49.83719,
1742766082971,13.94788,790,,Center,773.4105,783.0462,49.83719,
1742766082990,13.97114,791,,Left,779.0509,778.6624,49.8049,
1742766082990,13.97114,791,,Right,778.0533,778.6624,49.8049,
1742766082990,13.97114,791,,Center,778.5521,778.6624,49.8049,
1742766083012,13.98876,792,,Left,776.913,787.3257,49.825,
1742766083012,13.98876,792,,Right,775.9158,787.3257,49.825,
1742766083012,13.98876,792,,Center,776.4143,787.3257,49.825,
1742766083031,14.01158,793,,Left,776.2654,789.1937,49.82912,
1742766083031,14.01158,793,,Right,775.2682,789.1937,49.82912,
1742766083031,14.01158,793,,Center,775.7668,789.1937,49.82912,
1742766083054,14.03006,794,,Left,759.2727,790.0465,49.90759,
1742766083054,14.03006,794,,Right,758.2772,790.0465,49.90759,
1742766083054,14.03006,794,,Center,758.7749,790.0465,49.90759,
1742766083084,14.05298,795,,Left,757.1475,798.5723,49.91343,
1742766083084,14.05298,795,,Right,756.152,798.5723,49.91343,
1742766083084,14.05298,795,,Center,756.6497,798.5723,49.91343,
1742766083103,14.08376,796,,Left,754.1138,799.9387,49.92268,
1742766083103,14.08376,796,,Right,753.1187,799.9387,49.92268,
1742766083103,14.08376,796,,Center,753.6162,799.9387,49.92268,
1742766083125,14.10304,797,,Left,753.185,800.4025,49.92532,
1742766083125,14.10304,797,,Right,752.1899,800.4025,49.92532,
1742766083125,14.10304,797,,Center,752.6876,800.4025,49.92532,
1742766083145,14.12494,798,,Left,758.2177,798.0948,49.90967,
1742766083145,14.12494,798,,Right,757.2222,798.0948,49.90967,
1742766083145,14.12494,798,,Center,757.7199,798.0948,49.90967,
1742766083168,14.1447,799,,Left,759.1773,789.1995,49.90648,
1742766083168,14.1447,799,,Right,758.1818,789.1995,49.90648,
1742766083168,14.1447,799,,Center,758.6795,789.1995,49.90648,
1742766083194,14.16797,800,,Left,764.874,783.305,49.88015,
1742766083194,14.16797,800,,Right,763.8779,783.305,49.88015,
1742766083194,14.16797,800,,Center,764.3761,783.305,49.88015,
1742766083221,14.19387,801,,Left,761.9596,787.6536,49.89568,
1742766083221,14.19387,801,,Right,760.9638,787.6536,49.89568,
1742766083221,14.19387,801,,Center,761.4617,787.6536,49.89567,
1742766083250,14.22092,802,,Left,756.7214,788.3458,49.91535,
1742766083250,14.22092,802,,Right,755.7261,788.3458,49.91535,
1742766083250,14.22092,802,,Center,756.2239,788.3458,49.91535,
1742766083278,14.25008,803,,Left,747.062,789.2584,49.94537,
1742766083278,14.25008,803,,Right,746.0672,789.2584,49.94537,
1742766083278,14.25008,803,,Center,746.5646,789.2584,49.94537,
1742766083306,14.27864,804,,Left,740.8255,791.5013,49.95995,
1742766083306,14.27864,804,,Right,739.8311,791.5013,49.95995,
1742766083306,14.27864,804,,Center,740.3283,791.5013,49.95995,
1742766083324,14.30596,805,,Left,739.4863,794.2977,49.96249,
1742766083324,14.30596,805,,Right,738.4919,794.2977,49.96249,
1742766083324,14.30596,805,,Center,738.9891,794.2977,49.96249,
1742766083349,14.32294,806,,Left,745.3875,792.2035,49.94993,
1742766083349,14.32294,806,,Right,744.3928,792.2035,49.94992,
1742766083349,14.32294,806,,Center,744.89,792.2035,49.94992,
1742766083369,14.3484,807,,Left,744.9839,785.0104,49.94747,
1742766083369,14.3484,807,,Right,743.9891,785.0104,49.94747,
1742766083369,14.3484,807,,Center,744.4866,785.0104,49.94747,
1742766083393,14.36852,808,,Left,750.021,778.053,49.92698,
1742766083393,14.36852,808,,Right,749.0259,778.0531,49.92698,
1742766083393,14.36852,808,,Center,749.5234,778.0531,49.92698,
1742766083418,14.39164,809,,Left,750.3126,783.1481,49.93238,
1742766083418,14.39164,809,,Right,749.3175,783.1481,49.93237,
1742766083418,14.39164,809,,Center,749.815,783.1481,49.93237,
1742766083447,14.41697,810,,Left,744.7267,785.4155,49.94811,
1742766083447,14.41697,810,,Right,743.732,785.4155,49.94812,
1742766083447,14.41697,810,,Center,744.2294,785.4155,49.94811,
1742766083475,14.44655,811,,Left,727.0524,786.3453,49.97537,
1742766083475,14.44655,811,,Right,726.0583,786.3453,49.97537,
1742766083475,14.44655,811,,Center,726.5554,786.3453,49.97537,
1742766083506,14.47454,812,,Left,717.5074,778.537,49.96979,
1742766083506,14.47454,812,,Right,716.5131,778.537,49.96979,
1742766083506,14.47454,812,,Center,717.0103,778.537,49.96978,
1742766083531,14.50613,813,Eye Hit,Left,669.1623,682.9628,49.28327,RoadWest
1742766083531,14.50613,813,Eye Hit,Right,668.1542,682.9628,49.28327,RoadWest
1742766083531,14.50613,813,Eye Hit,Center,668.6583,682.9628,49.28327,RoadWest
1742766083558,14.53112,814,Eye Hit,Left,636.7182,541.4429,46.87986,RoadWest
1742766083558,14.53112,814,Eye Hit,Right,635.6583,541.4429,46.87986,RoadWest
1742766083558,14.53112,814,Eye Hit,Center,636.1883,541.4429,46.87987,RoadWest
1742766083586,14.55863,815,Eye Hit,Left,629.8249,540.7022,46.81537,RoadWest
1742766083586,14.55863,815,Eye Hit,Right,628.7635,540.7022,46.81537,RoadWest
1742766083586,14.55863,815,Eye Hit,Center,629.2942,540.7022,46.81537,RoadWest
1742766083612,14.5885,816,Eye Hit,Left,628.2832,509.0181,46.13862,RoadWest
1742766083612,14.5885,816,Eye Hit,Right,627.2064,509.0181,46.13862,RoadWest
1742766083612,14.5885,816,Eye Hit,Center,627.7448,509.0181,46.13861,RoadWest
1742766083639,14.61283,817,Eye Hit,Left,623.9122,508.0231,46.08542,RoadWest
1742766083639,14.61283,817,Eye Hit,Right,622.8341,508.0231,46.08542,RoadWest
1742766083639,14.61283,817,Eye Hit,Center,623.3731,508.0231,46.08542,RoadWest
1742766083666,14.64065,818,Eye Hit,Left,613.3517,518.4841,46.22726,RoadWest
1742766083666,14.64065,818,Eye Hit,Right,612.277,518.4841,46.22726,RoadWest
1742766083666,14.64065,818,Eye Hit,Center,612.8143,518.4842,46.22726,RoadWest
1742766083692,14.66676,819,Eye Hit,Left,607.3141,519.218,46.19145,RoadWest
1742766083692,14.66676,819,Eye Hit,Right,606.2385,519.218,46.19145,RoadWest
1742766083692,14.66676,819,Eye Hit,Center,606.7761,519.2179,46.19146,RoadWest
1742766083731,14.69365,820,Eye Hit,Left,605.0831,483.8768,45.40013,RoadWest
1742766083731,14.69365,820,Eye Hit,Right,603.9888,483.8768,45.40013,RoadWest
1742766083732,14.69365,820,Eye Hit,Center,604.5359,483.8768,45.40014,RoadWest
1742766083769,14.73313,821,Eye Hit,Left,596.046,482.5436,45.29094,RoadWest
1742766083769,14.73313,821,Eye Hit,Right,594.949,482.5436,45.29094,RoadWest
1742766083769,14.73313,821,Eye Hit,Center,595.4975,482.5436,45.29094,RoadWest
1742766083805,14.77076,822,Eye Hit,Left,594.0485,482.8882,45.2806,RoadWest
1742766083805,14.77076,822,Eye Hit,Right,592.9513,482.8882,45.28061,RoadWest
1742766083805,14.77076,822,Eye Hit,Center,593.4999,482.8882,45.2806,RoadWest
1742766083849,14.80624,823,Eye Hit,Left,588.7986,479.4341,45.15389,RoadWest
1742766083849,14.80624,823,Eye Hit,Right,587.6982,479.4341,45.15389,RoadWest
1742766083849,14.80624,823,Eye Hit,Center,588.2485,479.4342,45.15389,RoadWest
1742766083892,14.85141,824,Eye Hit,Left,587.571,480.9915,45.17764,RoadWest
1742766083892,14.85141,824,Eye Hit,Right,586.4713,480.9915,45.17764,RoadWest
1742766083892,14.85141,824,Eye Hit,Center,587.0211,480.9916,45.17764,RoadWest
1742766083933,14.89458,825,Eye Hit,Left,579.0261,477.9211,45.02628,RoadWest
1742766083933,14.89458,825,Eye Hit,Right,577.9227,477.9211,45.02628,RoadWest
1742766083933,14.89458,825,Eye Hit,Center,578.4744,477.9211,45.02628,RoadWest
1742766083975,14.93581,826,Eye Hit,Left,574.6822,473.4557,44.88264,RoadWest
1742766083975,14.93581,826,Eye Hit,Right,573.5753,473.4557,44.88264,RoadWest
1742766083975,14.93581,826,Eye Hit,Center,574.1287,473.4557,44.88264,RoadWest
1742766084016,14.97738,827,Eye Hit,Left,563.9304,472.6682,44.75158,RoadWest
1742766084016,14.97738,827,Eye Hit,Right,562.8201,472.6682,44.75158,RoadWest
1742766084016,14.97738,827,Eye Hit,Center,563.3752,472.6682,44.75158,RoadWest
1742766084060,15.01722,828,Eye Hit,Left,565.3674,467.7596,44.65801,RoadWest
1742766084060,15.01722,828,Eye Hit,Right,564.2548,467.7596,44.65801,RoadWest
1742766084060,15.01722,828,Eye Hit,Center,564.8111,467.7596,44.65801,RoadWest
1742766084109,15.06196,829,Eye Hit,Left,561.6146,464.9633,44.5544,RoadWest
1742766084109,15.06196,829,Eye Hit,Right,560.4995,464.9633,44.5544,RoadWest
1742766084109,15.06196,829,Eye Hit,Center,561.057,464.9633,44.5544,RoadWest
1742766084149,15.11089,830,Eye Hit,Left,554.1128,462.5352,44.41555,RoadWest
1742766084149,15.11089,830,Eye Hit,Right,552.9941,462.5352,44.41555,RoadWest
1742766084149,15.11089,830,Eye Hit,Center,553.5535,462.5352,44.41555,RoadWest
1742766084187,15.1511,831,Eye Hit,Left,539.622,456.5277,44.10883,RoadWest
1742766084188,15.1511,831,Eye Hit,Right,538.4955,456.5277,44.10883,RoadWest
1742766084188,15.1511,831,Eye Hit,Center,539.0588,456.5277,44.10884,RoadWest
1742766084225,15.1891,832,Eye Hit,Left,547.9466,458.069,44.2424,RoadWest
1742766084225,15.1891,832,Eye Hit,Right,546.8236,458.069,44.2424,RoadWest
1742766084225,15.1891,832,Eye Hit,Center,547.3851,458.069,44.2424,RoadWest
1742766084270,15.2263,833,Eye Hit,Left,551.9778,479.9121,44.77522,RoadWest
1742766084270,15.2263,833,Eye Hit,Right,550.8682,479.9121,44.77522,RoadWest
1742766084270,15.2263,833,Eye Hit,Center,551.423,479.9121,44.77522,RoadWest
1742766084312,15.27271,834,Eye Hit,Left,524.1546,513.4792,45.11734,RoadWest
1742766084312,15.27271,834,Eye Hit,Right,523.0533,513.4792,45.11734,RoadWest
1742766084312,15.27271,834,Eye Hit,Center,523.6039,513.4792,45.11734,RoadWest
1742766084351,15.31355,835,Eye Hit,Left,525.9173,575.7821,46.29301,RoadWest
1742766084351,15.31355,835,Eye Hit,Right,524.8441,575.7821,46.29301,RoadWest
1742766084351,15.31355,835,Eye Hit,Center,525.3807,575.7821,46.29301,RoadWest
1742766084392,15.35177,836,Eye Hit,Left,360.153,693.7523,44.29313,RoadWest
1742766084392,15.35177,836,Eye Hit,Right,359.0313,693.7523,44.29313,RoadWest
1742766084392,15.35177,836,Eye Hit,Center,359.5921,693.7523,44.29313,RoadWest
1742766084435,15.39251,837,Eye Hit,Left,371.7307,731.0341,44.78204,Sedan4-Detailed
1742766084435,15.39251,837,Eye Hit,Right,370.6213,731.0341,44.78204,Sedan4-Detailed
1742766084435,15.39251,837,Eye Hit,Center,371.176,731.0341,44.78205,Sedan4-Detailed
1742766084467,15.43613,838,Eye Hit,Left,371.1826,733.283,44.7813,Sedan4-Detailed
1742766084467,15.43613,838,Eye Hit,Right,370.0732,733.283,44.7813,Sedan4-Detailed
1742766084467,15.43613,838,Eye Hit,Center,370.6279,733.283,44.7813,Sedan4-Detailed
1742766084494,15.46769,839,Eye Hit,Left,368.9827,734.9677,44.73513,Sedan4-Detailed
1742766084494,15.46769,839,Eye Hit,Right,367.8721,734.9677,44.73513,Sedan4-Detailed
1742766084494,15.46769,839,Eye Hit,Center,368.4276,734.9677,44.73513,Sedan4-Detailed
1742766084525,15.49486,840,Eye Hit,Left,379.5519,737.4718,45.00534,Sedan4-Detailed
1742766084525,15.49486,840,Eye Hit,Right,378.448,737.4718,45.00533,Sedan4-Detailed
1742766084525,15.49486,840,Eye Hit,Center,378.9999,737.4718,45.00534,Sedan4-Detailed
1742766084555,15.52482,841,Eye Hit,Left,390.9612,737.9302,45.28204,Sedan4-Detailed
1742766084555,15.52482,841,Eye Hit,Right,389.8639,737.9302,45.28204,Sedan4-Detailed
1742766084555,15.52482,841,Eye Hit,Center,390.4127,737.9302,45.28203,Sedan4-Detailed
1742766084588,15.55524,842,Eye Hit,Left,411.8513,737.841,45.77551,Sedan4-Detailed
1742766084588,15.55524,842,Eye Hit,Right,410.7659,737.841,45.77551,Sedan4-Detailed
1742766084588,15.55524,842,Eye Hit,Center,411.3086,737.841,45.77552,Sedan4-Detailed
1742766084613,15.58658,843,Eye Hit,Left,430.6707,734.6119,46.19165,Sedan4-Detailed
1742766084613,15.58658,843,Eye Hit,Right,429.5951,734.6119,46.19165,Sedan4-Detailed
1742766084613,15.58658,843,Eye Hit,Center,430.1329,734.6119,46.19166,Sedan4-Detailed
1742766084643,15.61227,844,Eye Hit,Left,432.3398,734.9031,46.23113,Sedan4-Detailed
1742766084643,15.61227,844,Eye Hit,Right,431.2651,734.9031,46.23113,Sedan4-Detailed
1742766084643,15.61227,844,Eye Hit,Center,431.8024,734.9031,46.23112,Sedan4-Detailed
1742766084672,15.6425,845,Eye Hit,Left,446.1461,725.766,46.49067,Sedan4-Detailed
1742766084672,15.6425,845,Eye Hit,Right,445.0775,725.766,46.49068,Sedan4-Detailed
1742766084672,15.6425,845,Eye Hit,Center,445.6118,725.766,46.49067,Sedan4-Detailed
1742766084701,15.67171,846,Eye Hit,Left,448.9532,723.4761,46.53949,Sedan4-Detailed
1742766084701,15.67171,846,Eye Hit,Right,447.8857,723.4761,46.53949,Sedan4-Detailed
1742766084701,15.67171,846,Eye Hit,Center,448.4196,723.4761,46.53948,Sedan4-Detailed
1742766084727,15.69972,847,Eye Hit,Left,462.5909,721.1599,46.81443,Sedan4-Detailed
1742766084727,15.69972,847,Eye Hit,Right,461.5296,721.1599,46.81443,Sedan4-Detailed
1742766084727,15.69972,847,Eye Hit,Center,462.0603,721.1599,46.81443,Sedan4-Detailed
1742766084756,15.72704,848,Eye Hit,Left,463.24,720.9314,46.827,Sedan4-Detailed
1742766084757,15.72704,848,Eye Hit,Right,462.179,720.9314,46.82699,Sedan4-Detailed
1742766084757,15.72704,848,Eye Hit,Center,462.7095,720.9314,46.82699,Sedan4-Detailed
1742766084782,15.75557,849,Eye Hit,Left,466.1543,721.0977,46.8882,Sedan4-Detailed
1742766084782,15.75557,849,Eye Hit,Right,465.0947,721.0977,46.8882,Sedan4-Detailed
1742766084782,15.75557,849,Eye Hit,Center,465.6245,721.0977,46.8882,Sedan4-Detailed
1742766084799,15.78131,850,Eye Hit,Left,471.2385,714.6813,46.95348,Sedan4-Detailed
1742766084799,15.78131,850,Eye Hit,Right,470.1803,714.6813,46.95348,Sedan4-Detailed
1742766084799,15.78131,850,Eye Hit,Center,470.7094,714.6813,46.95348,Sedan4-Detailed
1742766084823,15.79806,851,Eye Hit,Left,475.864,713.4552,47.03877,Sedan4-Detailed
1742766084823,15.79806,851,Eye Hit,Right,474.8077,713.4552,47.03877,Sedan4-Detailed
1742766084823,15.79806,851,Eye Hit,Center,475.3359,713.4552,47.03877,Sedan4-Detailed
1742766084842,15.82174,852,Eye Hit,Left,486.4102,705.559,47.192,Sedan4-Detailed
1742766084842,15.82174,852,Eye Hit,Right,485.3574,705.559,47.192,Sedan4-Detailed
1742766084842,15.82174,852,Eye Hit,Center,485.8839,705.559,47.192,Sedan4-Detailed
1742766084864,15.84116,853,Eye Hit,Left,486.6661,706.2754,47.20226,Sedan4-Detailed
1742766084864,15.84116,853,Eye Hit,Right,485.6135,706.2754,47.20226,Sedan4-Detailed
1742766084864,15.84116,853,Eye Hit,Center,486.1398,706.2754,47.20226,Sedan4-Detailed
1742766084884,15.86333,854,Eye Hit,Left,482.1267,707.1735,47.12047,Sedan4-Detailed
1742766084884,15.86333,854,Eye Hit,Right,481.0723,707.1735,47.12047,Sedan4-Detailed
1742766084884,15.86333,854,Eye Hit,Center,481.5994,707.1735,47.12047,Sedan4-Detailed
1742766084906,15.88278,855,Eye Hit,Left,483.196,708.447,47.15046,Sedan4-Detailed
1742766084906,15.88278,855,Eye Hit,Right,482.1423,708.447,47.15046,Sedan4-Detailed
1742766084906,15.88278,855,Eye Hit,Center,482.6692,708.447,47.15046,Sedan4-Detailed
1742766084925,15.90552,856,Eye Hit,Left,488.5561,736.8036,47.41724,Sedan4-Detailed
1742766084925,15.90552,856,Eye Hit,Right,487.5083,736.8036,47.41724,Sedan4-Detailed
1742766084925,15.90552,856,Eye Hit,Center,488.0322,736.8036,47.41724,Sedan4-Detailed
1742766084949,15.92419,857,Eye Hit,Left,487.8185,739.4105,47.4146,Sedan4-Detailed
1742766084949,15.92419,857,Eye Hit,Right,486.7706,739.4106,47.4146,Sedan4-Detailed
1742766084949,15.92419,857,Eye Hit,Center,487.2947,739.4106,47.41459,Sedan4-Detailed
1742766084977,15.94894,858,Eye Hit,Left,488.1663,739.2245,47.42089,Sedan4-Detailed
1742766084977,15.94894,858,Eye Hit,Right,487.1186,739.2245,47.42089,Sedan4-Detailed
1742766084977,15.94894,858,Eye Hit,Center,487.6424,739.2245,47.42089,Sedan4-Detailed
1742766084995,15.97645,859,Eye Hit,Left,488.1448,737.6364,47.41318,Sedan4-Detailed
1742766084995,15.97645,859,Eye Hit,Right,487.097,737.6365,47.41318,Sedan4-Detailed
1742766084995,15.97645,859,Eye Hit,Center,487.6209,737.6365,47.41319,Sedan4-Detailed
1742766085020,15.994,860,Eye Hit,Left,491.9577,741.2775,47.50255,Sedan4-Detailed
1742766085020,15.994,860,Eye Hit,Right,490.9117,741.2775,47.50255,Sedan4-Detailed
1742766085020,15.994,860,Eye Hit,Center,491.4347,741.2775,47.50254,Sedan4-Detailed
1742766085037,16.02083,861,Eye Hit,Left,493.0124,740.6138,47.51997,Sedan4-Detailed
1742766085037,16.02083,861,Eye Hit,Right,491.9668,740.6138,47.51997,Sedan4-Detailed
1742766085037,16.02083,861,Eye Hit,Center,492.4896,740.6138,47.51996,Sedan4-Detailed
1742766085088,16.06111,863,Eye Hit,Left,493.5657,738.2061,47.51952,Sedan4-Detailed
1742766085088,16.06111,863,Eye Hit,Right,492.5202,738.2061,47.51953,Sedan4-Detailed
1742766085088,16.06111,863,Eye Hit,Center,493.0429,738.2061,47.51953,Sedan4-Detailed
1742766085115,16.08692,864,Eye Hit,Left,493.0424,737.8737,47.50835,Sedan4-Detailed
1742766085115,16.08692,864,Eye Hit,Right,491.9966,737.8737,47.50834,Sedan4-Detailed
1742766085115,16.08692,864,Eye Hit,Center,492.5197,737.8737,47.50835,Sedan4-Detailed
1742766085144,16.1144,865,Eye Hit,Left,490.5888,734.5847,47.44617,Sedan4-Detailed
1742766085144,16.1144,865,Eye Hit,Right,489.5416,734.5847,47.44618,Sedan4-Detailed
1742766085144,16.1144,865,Eye Hit,Center,490.0652,734.5847,47.44618,Sedan4-Detailed
1742766085173,16.14391,866,Eye Hit,Left,492.0032,731.2013,47.45684,Sedan4-Detailed
1742766085173,16.14391,866,Eye Hit,Right,490.9564,731.2013,47.45684,Sedan4-Detailed
1742766085173,16.14391,866,Eye Hit,Center,491.4798,731.2013,47.45684,Sedan4-Detailed
1742766085199,16.17229,867,Eye Hit,Left,490.3004,730.2961,47.41977,Sedan4-Detailed
1742766085199,16.17229,867,Eye Hit,Right,489.2526,730.2961,47.41977,Sedan4-Detailed
1742766085199,16.17229,867,Eye Hit,Center,489.7765,730.2961,47.41977,Sedan4-Detailed
1742766085227,16.19801,868,Eye Hit,Left,488.9053,728.912,47.38582,Sedan4-Detailed
1742766085227,16.19801,868,Eye Hit,Right,487.8568,728.912,47.38582,Sedan4-Detailed
1742766085227,16.19801,868,Eye Hit,Center,488.3811,728.912,47.38582,Sedan4-Detailed
1742766085256,16.22617,869,Eye Hit,Left,488.588,727.8723,47.37427,Sedan4-Detailed
1742766085256,16.22617,869,Eye Hit,Right,487.5392,727.8723,47.37428,Sedan4-Detailed
1742766085256,16.22617,869,Eye Hit,Center,488.0636,727.8723,47.37428,Sedan4-Detailed
1742766085285,16.25569,870,Eye Hit,Left,485.7967,726.816,47.31512,Sedan4-Detailed
1742766085285,16.25569,870,Eye Hit,Right,484.7467,726.816,47.31513,Sedan4-Detailed
1742766085285,16.25569,870,Eye Hit,Center,485.2717,726.816,47.31512,Sedan4-Detailed
1742766085311,16.28414,871,Eye Hit,Left,480.2656,725.7715,47.20096,Sedan4-Detailed
1742766085311,16.28414,871,Eye Hit,Right,479.213,725.7715,47.20096,Sedan4-Detailed
1742766085311,16.28414,871,Eye Hit,Center,479.7393,725.7715,47.20096,Sedan4-Detailed
1742766085339,16.3111,872,Eye Hit,Left,480.1172,724.8815,47.19309,Sedan4-Detailed
1742766085339,16.3111,872,Eye Hit,Right,479.0644,724.8815,47.19308,Sedan4-Detailed
1742766085339,16.3111,872,Eye Hit,Center,479.5908,724.8815,47.19309,Sedan4-Detailed
1742766085367,16.34,873,Eye Hit,Left,479.4555,730.7415,47.21093,Sedan4-Detailed
1742766085367,16.34,873,Eye Hit,Right,478.403,730.7415,47.21093,Sedan4-Detailed
1742766085367,16.34,873,Eye Hit,Center,478.9292,730.7415,47.21093,Sedan4-Detailed
1742766085398,16.36745,874,Eye Hit,Left,476.0425,727.5167,47.12621,Sedan4-Detailed
1742766085398,16.36745,874,Eye Hit,Right,474.9882,727.5167,47.12621,Sedan4-Detailed
1742766085398,16.36745,874,Eye Hit,Center,475.5154,727.5167,47.12621,Sedan4-Detailed
1742766085427,16.39729,875,Eye Hit,Left,475.8374,731.7365,47.14342,Sedan4-Detailed
1742766085427,16.39729,875,Eye Hit,Right,474.7835,731.7365,47.14342,Sedan4-Detailed
1742766085427,16.39729,875,Eye Hit,Center,475.3106,731.7365,47.14342,Sedan4-Detailed
1742766085452,16.42702,876,Eye Hit,Left,472.4118,730.7477,47.06992,Sedan4-Detailed
1742766085452,16.42702,876,Eye Hit,Right,471.3563,730.7477,47.06992,Sedan4-Detailed
1742766085452,16.42702,876,Eye Hit,Center,471.8841,730.7477,47.06992,Sedan4-Detailed
1742766085479,16.45116,877,Eye Hit,Left,472.6536,727.3552,47.05707,Sedan4-Detailed
1742766085479,16.45116,877,Eye Hit,Right,471.5978,727.3552,47.05707,Sedan4-Detailed
1742766085479,16.45116,877,Eye Hit,Center,472.1257,727.3552,47.05707,Sedan4-Detailed
1742766085507,16.47852,878,Eye Hit,Left,472.2295,731.0212,47.06701,Sedan4-Detailed
1742766085507,16.47852,878,Eye Hit,Right,471.1739,731.0212,47.06701,Sedan4-Detailed
1742766085507,16.47852,878,Eye Hit,Center,471.7017,731.0212,47.06701,Sedan4-Detailed
1742766085538,16.50915,879,,Left,474.9745,771.6357,47.25796,
1742766085538,16.50915,879,,Right,473.9232,771.6357,47.25797,
1742766085538,16.50915,879,,Center,474.4489,771.6357,47.25796,
1742766085563,16.53778,880,Eye Hit,Left,484.9489,772.7744,47.45899,NW_Tree_50
1742766085563,16.53778,880,Eye Hit,Right,483.902,772.7744,47.45898,NW_Tree_50
1742766085563,16.53778,880,Eye Hit,Center,484.4254,772.7744,47.45899,NW_Tree_50
1742766085590,16.5619,881,Eye Hit,Left,486.6495,772.4851,47.49163,NW_Tree_50
1742766085590,16.5619,881,Eye Hit,Right,485.6034,772.4851,47.49164,NW_Tree_50
1742766085590,16.5619,881,Eye Hit,Center,486.1265,772.4851,47.49164,NW_Tree_50
1742766085619,16.58965,882,Eye Hit,Left,484.817,772.4281,47.45572,NW_Tree_50
1742766085619,16.58965,882,Eye Hit,Right,483.7701,772.4281,47.45572,NW_Tree_50
1742766085619,16.58965,882,Eye Hit,Center,484.2936,772.4281,47.45572,NW_Tree_50
1742766085645,16.61865,883,Eye Hit,Left,486.5859,740.7736,47.39662,Sedan4-Detailed
1742766085645,16.61865,883,Eye Hit,Right,485.5376,740.7736,47.39661,Sedan4-Detailed
1742766085645,16.61865,883,Eye Hit,Center,486.0618,740.7736,47.39662,Sedan4-Detailed
1742766085673,16.64433,884,Eye Hit,Left,478.899,740.6898,47.24451,Sedan4-Detailed
1742766085673,16.64433,884,Eye Hit,Right,477.8474,740.6898,47.24451,Sedan4-Detailed
1742766085673,16.64433,884,Eye Hit,Center,478.3732,740.6898,47.24451,Sedan4-Detailed
1742766085702,16.67359,885,Eye Hit,Left,479.2587,740.4753,47.25058,Sedan4-Detailed
1742766085702,16.67359,885,Eye Hit,Right,478.2072,740.4753,47.25058,Sedan4-Detailed
1742766085702,16.67359,885,Eye Hit,Center,478.7328,740.4753,47.25058,Sedan4-Detailed
1742766085728,16.70123,886,Eye Hit,Left,479.9316,739.0611,47.25769,Sedan4-Detailed
1742766085728,16.70123,886,Eye Hit,Right,478.8803,739.0611,47.25769,Sedan4-Detailed
1742766085728,16.70123,886,Eye Hit,Center,479.4059,739.0611,47.25768,Sedan4-Detailed
1742766085757,16.72763,887,Eye Hit,Left,482.0233,734.0896,47.27615,Sedan4-Detailed
1742766085757,16.72763,887,Eye Hit,Right,480.9724,734.0896,47.27615,Sedan4-Detailed
1742766085757,16.72763,887,Eye Hit,Center,481.4978,734.0896,47.27615,Sedan4-Detailed
1742766085784,16.75631,888,Eye Hit,Left,482.9835,732.3128,47.28621,Sedan4-Detailed
1742766085784,16.75631,888,Eye Hit,Right,481.9328,732.3128,47.28621,Sedan4-Detailed
1742766085784,16.75631,888,Eye Hit,Center,482.4582,732.3128,47.28621,Sedan4-Detailed
1742766085812,16.7836,889,Eye Hit,Left,481.4686,732.3724,47.25657,Sedan4-Detailed
1742766085812,16.7836,889,Eye Hit,Right,480.4172,732.3724,47.25657,Sedan4-Detailed
1742766085812,16.7836,889,Eye Hit,Center,480.9431,732.3724,47.25657,Sedan4-Detailed
1742766085841,16.81213,890,Eye Hit,Left,482.0833,733.8732,47.27573,Sedan4-Detailed
1742766085841,16.81213,890,Eye Hit,Right,481.0324,733.8732,47.27573,Sedan4-Detailed
1742766085841,16.81213,890,Eye Hit,Center,481.5579,733.8732,47.27573,Sedan4-Detailed
1742766085868,16.84113,891,Eye Hit,Left,488.1696,732.6089,47.38821,Sedan4-Detailed
1742766085868,16.84113,891,Eye Hit,Right,487.1211,732.6089,47.38822,Sedan4-Detailed
1742766085868,16.84113,891,Eye Hit,Center,487.6453,732.6089,47.38822,Sedan4-Detailed
1742766085896,16.868,892,Eye Hit,Left,482.7524,736.6294,47.30137,Sedan4-Detailed
1742766085896,16.868,892,Eye Hit,Right,481.7021,736.6294,47.30137,Sedan4-Detailed
1742766085896,16.868,892,Eye Hit,Center,482.2274,736.6294,47.30137,Sedan4-Detailed
1742766085923,16.89579,893,Eye Hit,Left,485.5471,735.0981,47.34899,Sedan4-Detailed
1742766085923,16.89579,893,Eye Hit,Right,484.4977,735.0981,47.34899,Sedan4-Detailed
1742766085923,16.89579,893,Eye Hit,Center,485.0226,735.0981,47.34899,Sedan4-Detailed
1742766085951,16.92388,894,Eye Hit,Left,486.545,736.9916,47.37723,Sedan4-Detailed
1742766085951,16.92388,894,Eye Hit,Right,485.4963,736.9916,47.37723,Sedan4-Detailed
1742766085951,16.92388,894,Eye Hit,Center,486.0207,736.9916,47.37723,Sedan4-Detailed
1742766085979,16.95151,895,Eye Hit,Left,486.7997,737.126,47.38248,Sedan4-Detailed
1742766085979,16.95151,895,Eye Hit,Right,485.7511,737.126,47.38248,Sedan4-Detailed
1742766085979,16.95151,895,Eye Hit,Center,486.2754,737.126,47.38247,Sedan4-Detailed
1742766086009,16.97893,896,Eye Hit,Left,493.8767,733.2321,47.5001,Sedan4-Detailed
1742766086009,16.97893,896,Eye Hit,Right,492.8307,733.2321,47.50009,Sedan4-Detailed
1742766086009,16.97893,896,Eye Hit,Center,493.3537,733.2321,47.5001,Sedan4-Detailed
1742766086035,17.00887,897,Eye Hit,Left,497.7747,736.7669,47.59086,Sedan4-Detailed
1742766086035,17.00887,897,Eye Hit,Right,496.7307,736.7669,47.59085,Sedan4-Detailed
1742766086035,17.00887,897,Eye Hit,Center,497.2527,736.7669,47.59085,Sedan4-Detailed
1742766086062,17.03474,898,Eye Hit,Left,498.8311,735.3414,47.60405,Sedan4-Detailed
1742766086062,17.03474,898,Eye Hit,Right,497.7874,735.3414,47.60405,Sedan4-Detailed
1742766086062,17.03474,898,Eye Hit,Center,498.3092,735.3414,47.60405,Sedan4-Detailed
1742766086090,17.06283,899,Eye Hit,Left,501.9641,735.3436,47.66252,Sedan4-Detailed
1742766086090,17.06283,899,Eye Hit,Right,500.9217,735.3436,47.66251,Sedan4-Detailed
1742766086091,17.06283,899,Eye Hit,Center,501.4429,735.3436,47.66252,Sedan4-Detailed
1742766086119,17.09087,900,Eye Hit,Left,506.0725,734.7191,47.73521,Sedan4-Detailed
1742766086119,17.09087,900,Eye Hit,Right,505.0317,734.7191,47.73521,Sedan4-Detailed
1742766086119,17.09087,900,Eye Hit,Center,505.5521,734.7191,47.73521,Sedan4-Detailed
1742766086147,17.11986,901,Eye Hit,Left,506.1852,734.3325,47.73529,Sedan4-Detailed
1742766086147,17.11986,901,Eye Hit,Right,505.1444,734.3325,47.73529,Sedan4-Detailed
1742766086147,17.11986,901,Eye Hit,Center,505.6648,734.3325,47.73529,Sedan4-Detailed
1742766086176,17.14642,902,Eye Hit,Left,509.1728,731.3987,47.7748,Sedan4-Detailed
1742766086176,17.14642,902,Eye Hit,Right,508.1328,731.3987,47.7748,Sedan4-Detailed
1742766086176,17.14642,902,Eye Hit,Center,508.6527,731.3987,47.77481,Sedan4-Detailed
1742766086204,17.17568,903,Eye Hit,Left,509.2546,731.0161,47.77438,Sedan4-Detailed
1742766086204,17.17568,903,Eye Hit,Right,508.2147,731.0161,47.77438,Sedan4-Detailed
1742766086204,17.17568,903,Eye Hit,Center,508.7346,731.0161,47.77438,Sedan4-Detailed
1742766086233,17.2041,904,Eye Hit,Left,506.047,731.0804,47.71661,Sedan4-Detailed
1742766086233,17.2041,904,Eye Hit,Right,505.0058,731.0804,47.71661,Sedan4-Detailed
1742766086233,17.2041,904,Eye Hit,Center,505.5264,731.0804,47.71661,Sedan4-Detailed
1742766086261,17.23305,905,Eye Hit,Left,505.2224,731.4153,47.70332,Sedan4-Detailed
1742766086261,17.23305,905,Eye Hit,Right,504.1809,731.4153,47.70332,Sedan4-Detailed
1742766086261,17.23305,905,Eye Hit,Center,504.7017,731.4153,47.70332,Sedan4-Detailed
1742766086290,17.26067,906,Eye Hit,Left,511.468,732.8991,47.82402,Sedan4-Detailed
1742766086290,17.26067,906,Eye Hit,Right,510.4291,732.8991,47.82402,Sedan4-Detailed
1742766086290,17.26067,906,Eye Hit,Center,510.9485,732.8991,47.82402,Sedan4-Detailed
1742766086319,17.28929,907,Eye Hit,Left,509.3134,732.5731,47.78363,Sedan4-Detailed
1742766086319,17.28929,907,Eye Hit,Right,508.2736,732.5731,47.78363,Sedan4-Detailed
1742766086319,17.28929,907,Eye Hit,Center,508.7935,732.5731,47.78364,Sedan4-Detailed
1742766086344,17.31804,908,Eye Hit,Left,510.489,732.7187,47.80551,Sedan4-Detailed
1742766086344,17.31804,908,Eye Hit,Right,509.4498,732.7187,47.80551,Sedan4-Detailed
1742766086344,17.31804,908,Eye Hit,Center,509.9694,732.7187,47.80551,Sedan4-Detailed
1742766086371,17.34389,909,Eye Hit,Left,598.9339,735.9854,49.12846,Sedan4-Detailed
1742766086371,17.34389,909,Eye Hit,Right,597.9226,735.9854,49.12845,Sedan4-Detailed
1742766086371,17.34389,909,Eye Hit,Center,598.4284,735.9854,49.12845,Sedan4-Detailed
1742766086397,17.37124,910,Eye Hit,Left,642.0866,746.4578,49.58444,SportCar2-Detailed
1742766086397,17.37124,910,Eye Hit,Right,641.0846,746.4578,49.58444,SportCar2-Detailed
1742766086397,17.37124,910,Eye Hit,Center,641.5856,746.4578,49.58444,SportCar2-Detailed
1742766086427,17.39672,911,Eye Hit,Left,649.2668,746.9334,49.63779,SportCar2-Detailed
1742766086427,17.39672,911,Eye Hit,Right,648.2659,746.9334,49.63779,SportCar2-Detailed
1742766086427,17.39672,911,Eye Hit,Center,648.7664,746.9334,49.63779,SportCar2-Detailed
1742766086455,17.42692,912,Eye Hit,Left,639.4586,746.6056,49.56488,SportCar2-Detailed
1742766086455,17.42692,912,Eye Hit,Right,638.4562,746.6056,49.56488,SportCar2-Detailed
1742766086455,17.42692,912,Eye Hit,Center,638.9574,746.6056,49.56488,SportCar2-Detailed
1742766086482,17.45564,913,Eye Hit,Left,631.5711,738.6635,49.46365,Sedan4-Detailed
1742766086482,17.45564,913,Eye Hit,Right,630.5666,738.6635,49.46365,Sedan4-Detailed
1742766086482,17.45564,913,Eye Hit,Center,631.0688,738.6635,49.46365,Sedan4-Detailed
1742766086510,17.48178,914,Eye Hit,Left,620.4966,732.8342,49.33372,Sedan4-Detailed
1742766086510,17.48178,914,Eye Hit,Right,619.4895,732.8342,49.33372,Sedan4-Detailed
1742766086510,17.48178,914,Eye Hit,Center,619.9931,732.8342,49.33372,Sedan4-Detailed
1742766086537,17.50945,915,Eye Hit,Left,601.4365,738.6204,49.16881,Sedan4-Detailed
1742766086537,17.50945,915,Eye Hit,Right,600.426,738.6204,49.16881,Sedan4-Detailed
1742766086537,17.50945,915,Eye Hit,Center,600.9312,738.6204,49.16881,Sedan4-Detailed
1742766086564,17.53909,916,Eye Hit,Left,571.3423,737.8749,48.79383,Sedan4-Detailed
1742766086564,17.53909,916,Eye Hit,Right,570.3242,737.8749,48.79384,Sedan4-Detailed
1742766086564,17.53909,916,Eye Hit,Center,570.8333,737.8749,48.79384,Sedan4-Detailed
1742766086592,17.56556,917,Eye Hit,Left,539.3605,736.667,48.31474,Sedan4-Detailed
1742766086592,17.56556,917,Eye Hit,Right,538.3322,736.667,48.31474,Sedan4-Detailed
1742766086592,17.56556,917,Eye Hit,Center,538.8464,736.667,48.31474,Sedan4-Detailed
1742766086617,17.59285,918,Eye Hit,Left,512.6138,732.4329,47.84137,Sedan4-Detailed
1742766086617,17.59285,918,Eye Hit,Right,511.5753,732.4329,47.84137,Sedan4-Detailed
1742766086617,17.59285,918,Eye Hit,Center,512.0945,732.4329,47.84137,Sedan4-Detailed
1742766086644,17.61812,919,Eye Hit,Left,473.3167,733.3304,47.0971,Sedan4-Detailed
1742766086644,17.61812,919,Eye Hit,Right,472.2617,733.3304,47.0971,Sedan4-Detailed
1742766086644,17.61812,919,Eye Hit,Center,472.7892,733.3304,47.0971,Sedan4-Detailed
1742766086681,17.64568,920,Eye Hit,Left,412.9547,725.376,45.74812,Sedan4-Detailed
1742766086681,17.64568,920,Eye Hit,Right,411.8687,725.376,45.74812,Sedan4-Detailed
1742766086681,17.64568,920,Eye Hit,Center,412.4117,725.376,45.74812,Sedan4-Detailed
1742766086721,17.68288,921,Eye Hit,Left,310.7513,727.2672,43.23537,Sedan4-Detailed
1742766086721,17.68288,921,Eye Hit,Right,309.6021,727.2672,43.23537,Sedan4-Detailed
1742766086721,17.68288,921,Eye Hit,Center,310.1767,727.2672,43.23537,Sedan4-Detailed
1742766086757,17.72269,922,Eye Hit,Left,171.6207,745.2791,39.59896,Sedan4-Detailed
1742766086757,17.72269,922,Eye Hit,Right,170.366,745.2791,39.59896,Sedan4-Detailed
1742766086757,17.72269,922,Eye Hit,Center,170.9936,745.2791,39.59896,Sedan4-Detailed
1742766086797,17.7579,923,Eye Hit,Left,34.72358,740.4806,36.03026,Sedan4-Detailed
1742766086797,17.7579,923,Eye Hit,Right,33.34458,740.4806,36.03026,Sedan4-Detailed
1742766086797,17.7579,923,Eye Hit,Center,34.0341,740.4806,36.03026,Sedan4-Detailed
1742766086828,17.79846,924,,Left,349.5039,783.6542,44.36388,
1742766086828,17.79846,924,,Right,348.3839,783.6542,44.36388,
1742766086828,17.79846,924,,Center,348.9439,783.6542,44.36388,
1742766086870,17.82821,925,,Left,438.9148,796.3131,46.50059,
1742766086870,17.82821,925,,Right,437.8463,796.3131,46.50059,
1742766086870,17.82821,925,,Center,438.3806,796.3131,46.50059,
1742766086902,17.8723,926,,Left,648.7387,800.311,49.71527,
1742766086902,17.8723,926,,Right,647.7394,800.311,49.71527,
1742766086902,17.8723,926,,Center,648.2391,800.311,49.71527,
1742766086929,17.9033,927,,Left,689.1944,824.7596,49.86673,
1742766086929,17.9033,927,,Right,688.1981,824.7596,49.86673,
1742766086929,17.9033,927,,Center,688.6963,824.7596,49.86673,
1742766086956,17.92935,928,,Left,743.2492,828.4571,49.87589,
1742766086956,17.92935,928,,Right,742.2531,828.4571,49.87589,
1742766086956,17.92935,928,,Center,742.751,828.4571,49.87589,
1742766086984,17.95613,929,,Left,683.8431,830.3815,49.82745,
1742766086984,17.95613,929,,Right,682.846,830.3815,49.82745,
1742766086984,17.95613,929,,Center,683.3446,830.3815,49.82745,
1742766087016,17.98427,930,,Left,728.9376,831.22,49.88673,
1742766087016,17.98427,930,,Right,727.9417,831.22,49.88672,
1742766087016,17.98427,930,,Center,728.4396,831.22,49.88673,
1742766087043,18.01579,931,,Left,770.2169,835.1744,49.75568,
1742766087043,18.01579,931,,Right,769.2183,835.1744,49.75568,
1742766087043,18.01579,931,,Center,769.7176,835.1744,49.75568,
1742766087070,18.04356,932,,Left,812.948,823.2006,49.50865,
1742766087070,18.04356,932,,Right,811.9444,823.2006,49.50865,
1742766087070,18.04356,932,,Center,812.4462,823.2006,49.50865,
1742766087100,18.07132,933,,Left,846.0394,819.3536,49.18111,
1742766087100,18.07132,933,,Right,845.0291,819.3536,49.18112,
1742766087100,18.07132,933,,Center,845.5342,819.3536,49.18111,
1742766087144,18.10145,934,,Left,798.7826,816.9897,49.64441,
1742766087144,18.10145,934,,Right,797.7819,816.9897,49.64441,
1742766087144,18.10145,934,,Center,798.2822,816.9897,49.64441,
1742766087174,18.1463,935,,Left,757.5658,816.0795,49.87917,
1742766087174,18.1463,935,,Right,756.5697,816.0795,49.87917,
1742766087174,18.1463,935,,Center,757.0678,816.0795,49.87916,
1742766087210,18.17623,936,,Left,722.2484,818.0269,49.94331,
1742766087210,18.17623,936,,Right,721.2535,818.0269,49.94332,
1742766087210,18.17623,936,,Center,721.751,818.0269,49.94331,
1742766087252,18.21227,937,,Left,674.827,829.0539,49.81121,
1742766087252,18.21227,937,,Right,673.8296,829.0539,49.8112,
1742766087252,18.21227,937,,Center,674.3283,829.0539,49.81121,
1742766087279,18.25375,938,,Left,699.02,825.6421,49.90274,
1742766087279,18.25375,938,,Right,698.0244,825.6421,49.90273,
1742766087279,18.25375,938,,Center,698.5222,825.6421,49.90273,
1742766087304,18.27904,939,,Left,842.881,820.152,49.22525,
1742766087304,18.27904,939,,Right,841.8717,820.152,49.22524,
1742766087304,18.27904,939,,Center,842.3763,820.152,49.22524,
1742766087337,18.30391,940,Eye Hit,Left,938.0198,816.6472,47.78957,MicroBus4-Detailed
1742766087337,18.30391,940,Eye Hit,Right,936.9802,816.6472,47.78957,MicroBus4-Detailed
1742766087337,18.30391,940,Eye Hit,Center,937.4999,816.6472,47.78957,MicroBus4-Detailed
1742766087367,18.3367,941,Eye Hit,Left,963.088,794.0032,47.33033,MicroBus4-Detailed
1742766087367,18.3367,941,Eye Hit,Right,962.0383,794.0032,47.33034,MicroBus4-Detailed
1742766087367,18.3367,941,Eye Hit,Center,962.5631,794.0032,47.33034,MicroBus4-Detailed
1742766087398,18.36597,942,Eye Hit,Left,969.2128,792.2716,47.20676,MicroBus4-Detailed
1742766087398,18.36597,942,Eye Hit,Right,968.1604,792.2716,47.20676,MicroBus4-Detailed
1742766087398,18.36597,942,Eye Hit,Center,968.6868,792.2716,47.20676,MicroBus4-Detailed
1742766087429,18.39746,943,Eye Hit,Left,955.6969,790.5766,47.47882,MicroBus4-Detailed
1742766087429,18.39746,943,Eye Hit,Right,954.6505,790.5766,47.47882,MicroBus4-Detailed
1742766087429,18.39746,943,Eye Hit,Center,955.1737,790.5766,47.47882,MicroBus4-Detailed
1742766087456,18.42865,944,Eye Hit,Left,956.9325,790.0595,47.45458,MicroBus4-Detailed
1742766087456,18.42865,944,Eye Hit,Right,955.8856,790.0595,47.45458,MicroBus4-Detailed
1742766087456,18.42865,944,Eye Hit,Center,956.4091,790.0595,47.45458,MicroBus4-Detailed
1742766087486,18.45497,945,Eye Hit,Left,948.6647,789.0977,47.61518,MicroBus4-Detailed
1742766087486,18.45497,945,Eye Hit,Right,947.6213,789.0977,47.61517,MicroBus4-Detailed
1742766087486,18.45497,945,Eye Hit,Center,948.1431,789.0976,47.61517,MicroBus4-Detailed
1742766087514,18.48523,946,Eye Hit,Left,939.4341,791.9307,47.79075,MicroBus4-Detailed
1742766087514,18.48523,946,Eye Hit,Right,938.3945,791.9308,47.79075,MicroBus4-Detailed
1742766087514,18.48523,946,Eye Hit,Center,938.9144,791.9308,47.79075,MicroBus4-Detailed
1742766087540,18.51415,947,Eye Hit,Left,938.4448,792.5162,47.80904,MicroBus4-Detailed
1742766087540,18.51415,947,Eye Hit,Right,937.4056,792.5162,47.80904,MicroBus4-Detailed
1742766087540,18.51415,947,Eye Hit,Center,937.9252,792.5162,47.80904,MicroBus4-Detailed
1742766087571,18.54122,948,Eye Hit,Left,928.5974,791.9992,47.98943,MicroBus4-Detailed
1742766087571,18.54122,948,Eye Hit,Right,927.5621,791.9992,47.98943,MicroBus4-Detailed
1742766087571,18.54122,948,Eye Hit,Center,928.0798,791.9991,47.98943,MicroBus4-Detailed
1742766087598,18.57253,949,Eye Hit,Left,919.4302,793.5212,48.15184,MicroBus4-Detailed
1742766087598,18.57253,949,Eye Hit,Right,918.3985,793.5212,48.15183,MicroBus4-Detailed
1742766087598,18.57253,949,Eye Hit,Center,918.9143,793.5212,48.15184,MicroBus4-Detailed
1742766087625,18.5979,950,Eye Hit,Left,914.0847,794.067,48.2438,MicroBus4-Detailed
1742766087625,18.5979,950,Eye Hit,Right,913.0547,794.067,48.24379,MicroBus4-Detailed
1742766087625,18.5979,950,Eye Hit,Center,913.5696,794.067,48.24379,MicroBus4-Detailed
1742766087651,18.62523,951,Eye Hit,Left,911.0693,792.7864,48.29438,MicroBus4-Detailed
1742766087651,18.62523,951,Eye Hit,Right,910.0405,792.7864,48.29438,MicroBus4-Detailed
1742766087651,18.62523,951,Eye Hit,Center,910.5549,792.7864,48.29438,MicroBus4-Detailed
1742766087677,18.65012,952,Eye Hit,Left,906.1144,792.819,48.37703,MicroBus4-Detailed
1742766087677,18.65012,952,Eye Hit,Right,905.0873,792.819,48.37703,MicroBus4-Detailed
1742766087677,18.65012,952,Eye Hit,Center,905.601,792.819,48.37704,MicroBus4-Detailed
1742766087705,18.67666,953,Eye Hit,Left,899.8198,793.2667,48.47952,MicroBus4-Detailed
1742766087705,18.67666,953,Eye Hit,Right,898.7949,793.2667,48.47953,MicroBus4-Detailed
1742766087705,18.67666,953,Eye Hit,Center,899.3074,793.2667,48.47953,MicroBus4-Detailed
1742766087733,18.70556,954,Eye Hit,Left,905.8928,809.8919,48.36731,MicroBus4-Detailed
1742766087733,18.70556,954,Eye Hit,Right,904.8656,809.8919,48.36731,MicroBus4-Detailed
1742766087733,18.70556,954,Eye Hit,Center,905.3792,809.8919,48.36731,MicroBus4-Detailed
1742766087762,18.73291,955,Eye Hit,Left,910.7357,810.0901,48.28691,MicroBus4-Detailed
1742766087762,18.73291,955,Eye Hit,Right,909.7068,810.0901,48.28691,MicroBus4-Detailed
1742766087763,18.73291,955,Eye Hit,Center,910.2213,810.0901,48.28691,MicroBus4-Detailed
1742766087790,18.76214,956,Eye Hit,Left,911.809,809.3168,48.27074,MicroBus4-Detailed
1742766087790,18.76214,956,Eye Hit,Right,910.7797,809.3168,48.27074,MicroBus4-Detailed
1742766087790,18.76214,956,Eye Hit,Center,911.2944,809.3168,48.27074,MicroBus4-Detailed
1742766087818,18.78979,957,Eye Hit,Left,916.6876,807.9232,48.18991,MicroBus4-Detailed
1742766087818,18.78979,957,Eye Hit,Right,915.6566,807.9232,48.1899,MicroBus4-Detailed
1742766087818,18.78979,957,Eye Hit,Center,916.1721,807.9232,48.18991,MicroBus4-Detailed
1742766087845,18.81793,958,Eye Hit,Left,919.266,807.5048,48.14655,MicroBus4-Detailed
1742766087845,18.81793,958,Eye Hit,Right,918.2341,807.5048,48.14655,MicroBus4-Detailed
1742766087845,18.81793,958,Eye Hit,Center,918.7499,807.5048,48.14655,MicroBus4-Detailed
1742766087871,18.84542,959,Eye Hit,Left,921.3209,806.7989,48.11214,MicroBus4-Detailed
1742766087871,18.84542,959,Eye Hit,Right,920.2882,806.7989,48.11215,MicroBus4-Detailed
1742766087871,18.84542,959,Eye Hit,Center,920.8046,806.7989,48.11215,MicroBus4-Detailed
1742766087900,18.87202,960,Eye Hit,Left,922.8967,807.2018,48.08447,MicroBus4-Detailed
1742766087900,18.87202,960,Eye Hit,Right,921.8635,807.2018,48.08447,MicroBus4-Detailed
1742766087900,18.87202,960,Eye Hit,Center,922.3799,807.2018,48.08447,MicroBus4-Detailed
1742766087928,18.89969,961,Eye Hit,Left,931.3098,807.797,47.93353,MicroBus4-Detailed
1742766087928,18.89969,961,Eye Hit,Right,930.2733,807.797,47.93353,MicroBus4-Detailed
1742766087928,18.89969,961,Eye Hit,Center,930.7916,807.797,47.93353,MicroBus4-Detailed
1742766087957,18.92795,962,Eye Hit,Left,933.5381,807.8423,47.89292,MicroBus4-Detailed
1742766087957,18.92795,962,Eye Hit,Right,932.5007,807.8423,47.89293,MicroBus4-Detailed
1742766087957,18.92795,962,Eye Hit,Center,933.0194,807.8423,47.89293,MicroBus4-Detailed
1742766087984,18.95678,963,Eye Hit,Left,939.5711,808.3967,47.78079,MicroBus4-Detailed
1742766087984,18.95678,963,Eye Hit,Right,938.5313,808.3967,47.78079,MicroBus4-Detailed
1742766087984,18.95678,963,Eye Hit,Center,939.0513,808.3967,47.78079,MicroBus4-Detailed
1742766088015,18.98345,964,Eye Hit,Left,946.599,807.8553,47.64923,MicroBus4-Detailed
1742766088015,18.98345,964,Eye Hit,Right,945.5563,807.8553,47.64923,MicroBus4-Detailed
1742766088015,18.98345,964,Eye Hit,Center,946.0777,807.8553,47.64924,MicroBus4-Detailed
1742766088042,19.01545,965,Eye Hit,Left,951.053,807.9562,47.56333,MicroBus4-Detailed
1742766088042,19.01545,965,Eye Hit,Right,950.0084,807.9562,47.56333,MicroBus4-Detailed
1742766088042,19.01545,965,Eye Hit,Center,950.5307,807.9562,47.56333,MicroBus4-Detailed
1742766088069,19.04257,966,Eye Hit,Left,951.0473,809.5969,47.56135,Sedan4-Detailed
1742766088069,19.04257,966,Eye Hit,Right,950.0027,809.5969,47.56135,Sedan4-Detailed
1742766088069,19.04257,966,Eye Hit,Center,950.5248,809.5969,47.56135,Sedan4-Detailed
1742766088097,19.0681,967,Eye Hit,Left,958.4523,809.933,47.41598,Sedan4-Detailed
1742766088097,19.0681,967,Eye Hit,Right,957.4044,809.933,47.41598,Sedan4-Detailed
1742766088097,19.0681,967,Eye Hit,Center,957.9283,809.933,47.41599,Sedan4-Detailed
1742766088125,19.09652,968,Eye Hit,Left,961.3027,810.6627,47.35786,Sedan4-Detailed
1742766088125,19.09652,968,Eye Hit,Right,960.2536,810.6627,47.35786,Sedan4-Detailed
1742766088125,19.09652,968,Eye Hit,Center,960.7783,810.6627,47.35786,Sedan4-Detailed
1742766088154,19.12485,969,Eye Hit,Left,967.4244,811.2263,47.23319,Sedan4-Detailed
1742766088154,19.12485,969,Eye Hit,Right,966.3726,811.2263,47.23319,Sedan4-Detailed
1742766088154,19.12485,969,Eye Hit,Center,966.8985,811.2263,47.23319,Sedan4-Detailed
1742766088181,19.15396,970,Eye Hit,Left,972.4859,810.5616,47.1312,Sedan4-Detailed
1742766088181,19.15396,970,Eye Hit,Right,971.4318,810.5616,47.13119,Sedan4-Detailed
1742766088181,19.15396,970,Eye Hit,Center,971.9589,810.5616,47.1312,Sedan4-Detailed
1742766088210,19.18106,971,Eye Hit,Left,970.6727,810.4092,47.16856,Sedan4-Detailed
1742766088210,19.18106,971,Eye Hit,Right,969.6193,810.4092,47.16856,Sedan4-Detailed
1742766088210,19.18106,971,Eye Hit,Center,970.1459,810.4092,47.16857,Sedan4-Detailed
1742766088236,19.21062,972,Eye Hit,Left,977.1688,811.1141,47.0326,Sedan4-Detailed
1742766088236,19.21062,972,Eye Hit,Right,976.1124,811.1141,47.0326,Sedan4-Detailed
1742766088236,19.21062,972,Eye Hit,Center,976.6404,811.1141,47.03259,Sedan4-Detailed
1742766088263,19.23569,973,Eye Hit,Left,978.4069,811.6187,47.00569,Sedan4-Detailed
1742766088263,19.23569,973,Eye Hit,Right,977.3499,811.6187,47.00569,Sedan4-Detailed
1742766088263,19.23569,973,Eye Hit,Center,977.8784,811.6187,47.00569,Sedan4-Detailed
1742766088293,19.26323,974,Eye Hit,Left,973.6348,816.2925,47.09657,Sedan4-Detailed
1742766088293,19.26323,974,Eye Hit,Right,972.5798,816.2925,47.09657,Sedan4-Detailed
1742766088293,19.26323,974,Eye Hit,Center,973.1073,816.2925,47.09657,Sedan4-Detailed
1742766088321,19.29332,975,Eye Hit,Left,976.2267,815.324,47.04502,Sedan4-Detailed
1742766088321,19.29332,975,Eye Hit,Right,975.1707,815.324,47.04503,Sedan4-Detailed
1742766088321,19.29332,975,Eye Hit,Center,975.6985,815.324,47.04503,Sedan4-Detailed
1742766088348,19.32101,976,Eye Hit,Left,978.3312,817.9661,46.99529,Sedan4-Detailed
1742766088348,19.32101,976,Eye Hit,Right,977.274,817.9661,46.99529,Sedan4-Detailed
1742766088348,19.32101,976,Eye Hit,Center,977.8025,817.9661,46.99529,Sedan4-Detailed
1742766088375,19.34757,977,Eye Hit,Left,977.191,818.6919,47.01712,Sedan4-Detailed
1742766088375,19.34757,977,Eye Hit,Right,976.1343,818.6919,47.01712,Sedan4-Detailed
1742766088375,19.34757,977,Eye Hit,Center,976.6627,818.6919,47.01712,Sedan4-Detailed
1742766088404,19.37588,978,Eye Hit,Left,981.8422,814.265,46.9279,Sedan4-Detailed
1742766088404,19.37588,978,Eye Hit,Right,980.7835,814.265,46.9279,Sedan4-Detailed
1742766088404,19.37588,978,Eye Hit,Center,981.3128,814.265,46.9279,Sedan4-Detailed
1742766088431,19.40459,979,Eye Hit,Left,980.0162,814.0338,46.96663,Sedan4-Detailed
1742766088431,19.40459,979,Eye Hit,Right,978.9584,814.0338,46.96663,Sedan4-Detailed
1742766088431,19.40459,979,Eye Hit,Center,979.4873,814.0338,46.96663,Sedan4-Detailed
1742766088461,19.43211,980,Eye Hit,Left,976.4401,816.98,47.03561,Sedan4-Detailed
1742766088461,19.43211,980,Eye Hit,Right,975.3837,816.98,47.03561,Sedan4-Detailed
1742766088461,19.43211,980,Eye Hit,Center,975.9119,816.98,47.03561,Sedan4-Detailed
1742766088491,19.46141,981,Eye Hit,Left,976.4274,817.987,47.03392,Sedan4-Detailed
1742766088491,19.46141,981,Eye Hit,Right,975.3711,817.987,47.03392,Sedan4-Detailed
1742766088491,19.46141,981,Eye Hit,Center,975.8993,817.987,47.03392,Sedan4-Detailed
1742766088525,19.49138,982,Eye Hit,Left,970.61,819.455,47.15072,Sedan4-Detailed
1742766088525,19.49138,982,Eye Hit,Right,969.5563,819.455,47.15071,Sedan4-Detailed
1742766088525,19.49138,982,Eye Hit,Center,970.0831,819.455,47.15071,Sedan4-Detailed
1742766088551,19.52544,983,Eye Hit,Left,967.3683,820.8444,47.21346,Sedan4-Detailed
1742766088551,19.52544,983,Eye Hit,Right,966.316,820.8444,47.21346,Sedan4-Detailed
1742766088551,19.52544,983,Eye Hit,Center,966.842,820.8444,47.21346,Sedan4-Detailed
1742766088580,19.55135,984,Eye Hit,Left,964.0398,819.885,47.28258,Sedan4-Detailed
1742766088580,19.55135,984,Eye Hit,Right,962.9891,819.885,47.28258,Sedan4-Detailed
1742766088580,19.55135,984,Eye Hit,Center,963.5145,819.885,47.28258,Sedan4-Detailed
1742766088608,19.58087,985,Eye Hit,Left,962.2499,818.7204,47.32094,Sedan4-Detailed
1742766088608,19.58087,985,Eye Hit,Right,961.2,818.7204,47.32094,Sedan4-Detailed
1742766088608,19.58087,985,Eye Hit,Center,961.725,818.7204,47.32094,Sedan4-Detailed
1742766088639,19.60825,986,Eye Hit,Left,960.1373,817.9048,47.36516,Sedan4-Detailed
1742766088639,19.60825,986,Eye Hit,Right,959.0883,817.9048,47.36515,Sedan4-Detailed
1742766088639,19.60825,986,Eye Hit,Center,959.6127,817.9048,47.36515,Sedan4-Detailed
1742766088665,19.63972,987,Eye Hit,Left,934.6525,824.6392,47.83645,Sedan4-Detailed
1742766088665,19.63972,987,Eye Hit,Right,933.6139,824.6392,47.83644,Sedan4-Detailed
1742766088665,19.63972,987,Eye Hit,Center,934.1332,824.6392,47.83646,Sedan4-Detailed
1742766088692,19.66494,988,Eye Hit,Left,933.1837,824.4955,47.86365,Sedan4-Detailed
1742766088692,19.66494,988,Eye Hit,Right,932.1456,824.4955,47.86365,Sedan4-Detailed
1742766088692,19.66494,988,Eye Hit,Center,932.6647,824.4955,47.86365,Sedan4-Detailed
1742766088721,19.69187,989,Eye Hit,Left,931.3174,825.9337,47.89337,Sedan4-Detailed
1742766088721,19.69187,989,Eye Hit,Right,930.28,825.9337,47.89337,Sedan4-Detailed
1742766088721,19.69187,989,Eye Hit,Center,930.7988,825.9337,47.89337,Sedan4-Detailed
1742766088748,19.72084,990,Eye Hit,Left,931.373,826.7942,47.88981,Sedan4-Detailed
1742766088748,19.72084,990,Eye Hit,Right,930.3356,826.7942,47.88982,Sedan4-Detailed
1742766088748,19.72084,990,Eye Hit,Center,930.8542,826.7942,47.88981,Sedan4-Detailed
1742766088778,19.74814,991,Eye Hit,Left,951.4183,827.4781,47.51145,Sedan4-Detailed
1742766088778,19.74814,991,Eye Hit,Right,950.3725,827.4781,47.51145,Sedan4-Detailed
1742766088778,19.74814,991,Eye Hit,Center,950.8954,827.4781,47.51145,Sedan4-Detailed
1742766088805,19.7776,992,Eye Hit,Left,1030.779,806.4598,45.84528,Sedan4-Detailed
1742766088805,19.7776,992,Eye Hit,Right,1029.695,806.4598,45.84528,Sedan4-Detailed
1742766088805,19.7776,992,Eye Hit,Center,1030.237,806.4598,45.84528,Sedan4-Detailed
1742766088833,19.80494,993,Eye Hit,Left,1033.215,799.1841,45.79429,Sedan4-Detailed
1742766088833,19.80494,993,Eye Hit,Right,1032.13,799.1841,45.79429,Sedan4-Detailed
1742766088833,19.80494,993,Eye Hit,Center,1032.672,799.1841,45.79429,Sedan4-Detailed
1742766088862,19.83369,994,Eye Hit,Left,1031.726,799.0743,45.82934,Sedan4-Detailed
1742766088862,19.83369,994,Eye Hit,Right,1030.642,799.0743,45.82935,Sedan4-Detailed
1742766088862,19.83369,994,Eye Hit,Center,1031.184,799.0743,45.82935,Sedan4-Detailed
1742766088893,19.86212,995,Eye Hit,Left,1032.938,799.6457,45.80059,Sedan4-Detailed
1742766088893,19.86212,995,Eye Hit,Right,1031.853,799.6457,45.80059,Sedan4-Detailed
1742766088893,19.86212,995,Eye Hit,Center,1032.396,799.6457,45.80058,Sedan4-Detailed
1742766088919,19.8933,996,Eye Hit,Left,1035.634,799.4046,45.73716,Sedan4-Detailed
1742766088919,19.8933,996,Eye Hit,Right,1034.547,799.4046,45.73716,Sedan4-Detailed
1742766088919,19.8933,996,Eye Hit,Center,1035.091,799.4046,45.73717,Sedan4-Detailed
1742766088947,19.9187,997,Eye Hit,Left,1034.865,796.9229,45.75651,Sedan4-Detailed
1742766088947,19.9187,997,Eye Hit,Right,1033.779,796.9229,45.75651,Sedan4-Detailed
1742766088947,19.9187,997,Eye Hit,Center,1034.322,796.9229,45.75651,Sedan4-Detailed
1742766088973,19.94735,998,Eye Hit,Left,1035.749,798.578,45.73478,Sedan4-Detailed
1742766088973,19.94735,998,Eye Hit,Right,1034.663,798.578,45.73478,Sedan4-Detailed
1742766088973,19.94735,998,Eye Hit,Center,1035.206,798.578,45.73477,Sedan4-Detailed
1742766089001,19.97353,999,Eye Hit,Left,1036.595,802.6786,45.71196,Sedan4-Detailed
1742766089001,19.97353,999,Eye Hit,Right,1035.508,802.6786,45.71196,Sedan4-Detailed
1742766089001,19.97353,999,Eye Hit,Center,1036.052,802.6786,45.71196,Sedan4-Detailed
1742766089030,20.00098,1000,Eye Hit,Left,1036.581,803.282,45.71197,Sedan4-Detailed
1742766089030,20.00098,1000,Eye Hit,Right,1035.494,803.282,45.71197,Sedan4-Detailed
1742766089030,20.00098,1000,Eye Hit,Center,1036.038,803.282,45.71197,Sedan4-Detailed
1742766089060,20.03018,1001,Eye Hit,Left,1035.287,803.7415,45.74211,Sedan4-Detailed
1742766089060,20.03018,1001,Eye Hit,Right,1034.201,803.7415,45.74212,Sedan4-Detailed
1742766089060,20.03018,1001,Eye Hit,Center,1034.745,803.7415,45.74211,Sedan4-Detailed
1742766089086,20.06014,1002,Eye Hit,Left,1037.886,803.6448,45.68058,Sedan4-Detailed
1742766089086,20.06014,1002,Eye Hit,Right,1036.798,803.6448,45.68058,Sedan4-Detailed
1742766089087,20.06014,1002,Eye Hit,Center,1037.342,803.6448,45.68058,Sedan4-Detailed
1742766089113,20.08619,1003,Eye Hit,Left,1043.095,802.3335,45.55783,Sedan4-Detailed
1742766089113,20.08619,1003,Eye Hit,Right,1042.004,802.3335,45.55783,Sedan4-Detailed
1742766089113,20.08619,1003,Eye Hit,Center,1042.55,802.3335,45.55783,Sedan4-Detailed
1742766089140,20.11319,1004,Eye Hit,Left,1042.704,802.034,45.56736,Sedan4-Detailed
1742766089140,20.11319,1004,Eye Hit,Right,1041.614,802.034,45.56736,Sedan4-Detailed
1742766089140,20.11319,1004,Eye Hit,Center,1042.159,802.034,45.56736,Sedan4-Detailed
1742766089172,20.14161,1005,Eye Hit,Left,1043.766,801.7328,45.54213,Sedan4-Detailed
1742766089172,20.14161,1005,Eye Hit,Right,1042.676,801.7328,45.54213,Sedan4-Detailed
1742766089172,20.14161,1005,Eye Hit,Center,1043.221,801.7327,45.54213,Sedan4-Detailed
1742766089209,20.17288,1006,Eye Hit,Left,1044.843,800.3683,45.51707,Sedan4-Detailed
1742766089209,20.17288,1006,Eye Hit,Right,1043.752,800.3683,45.51707,Sedan4-Detailed
1742766089209,20.17288,1006,Eye Hit,Center,1044.297,800.3683,45.51707,Sedan4-Detailed
1742766089238,20.20927,1007,Eye Hit,Left,1048.624,802.2919,45.42533,Sedan4-Detailed
1742766089238,20.20927,1007,Eye Hit,Right,1047.53,802.2919,45.42533,Sedan4-Detailed
1742766089238,20.20927,1007,Eye Hit,Center,1048.077,802.2919,45.42533,Sedan4-Detailed
1742766089265,20.2395,1008,Eye Hit,Left,1051.775,801.1806,45.3503,Sedan4-Detailed
1742766089265,20.2395,1008,Eye Hit,Right,1050.679,801.1806,45.3503,Sedan4-Detailed
1742766089265,20.2395,1008,Eye Hit,Center,1051.227,801.1806,45.3503,Sedan4-Detailed
1742766089290,20.26421,1009,Eye Hit,Left,1051.439,812.6086,45.34609,Sedan4-Detailed
1742766089290,20.26421,1009,Eye Hit,Right,1050.344,812.6086,45.34609,Sedan4-Detailed
1742766089290,20.26421,1009,Eye Hit,Center,1050.891,812.6086,45.34609,Sedan4-Detailed
1742766089318,20.29089,1010,Eye Hit,Left,1052.183,811.0421,45.33021,Sedan4-Detailed
1742766089318,20.29089,1010,Eye Hit,Right,1051.087,811.0421,45.33021,Sedan4-Detailed
1742766089318,20.29089,1010,Eye Hit,Center,1051.635,811.0421,45.33021,Sedan4-Detailed
1742766089344,20.31802,1011,Eye Hit,Left,1051.908,809.7886,45.33858,Sedan4-Detailed
1742766089344,20.31802,1011,Eye Hit,Right,1050.812,809.7886,45.33858,Sedan4-Detailed
1742766089344,20.31802,1011,Eye Hit,Center,1051.36,809.7886,45.33858,Sedan4-Detailed
1742766089373,20.3446,1012,Eye Hit,Left,927.6531,732.8358,47.85696,RoadEast
1742766089373,20.3446,1012,Eye Hit,Right,926.615,732.8358,47.85696,RoadEast
1742766089373,20.3446,1012,Eye Hit,Center,927.134,732.8359,47.85696,RoadEast
1742766089401,20.37467,1013,Eye Hit,Left,925.5607,732.6187,47.89279,RoadEast
1742766089401,20.37467,1013,Eye Hit,Right,924.5234,732.6187,47.89279,RoadEast
1742766089401,20.37467,1013,Eye Hit,Center,925.0421,732.6187,47.89279,RoadEast
1742766089429,20.40142,1014,Eye Hit,Left,1029.223,792.9925,45.88929,Sedan4-Detailed
1742766089429,20.40142,1014,Eye Hit,Right,1028.14,792.9925,45.88929,Sedan4-Detailed
1742766089429,20.40142,1014,Eye Hit,Center,1028.681,792.9925,45.88929,Sedan4-Detailed
1742766089459,20.42975,1015,Eye Hit,Left,1028.192,792.3482,45.91337,Sedan4-Detailed
1742766089459,20.42975,1015,Eye Hit,Right,1027.11,792.3482,45.91337,Sedan4-Detailed
1742766089459,20.42975,1015,Eye Hit,Center,1027.651,792.3482,45.91337,Sedan4-Detailed
1742766089488,20.45873,1016,Eye Hit,Left,1028.158,791.6627,45.9138,Sedan4-Detailed
1742766089488,20.45873,1016,Eye Hit,Right,1027.076,791.6627,45.9138,Sedan4-Detailed
1742766089488,20.45873,1016,Eye Hit,Center,1027.617,791.6627,45.9138,Sedan4-Detailed
1742766089514,20.4875,1017,Eye Hit,Left,1019.061,785.9126,46.12252,Sedan4-Detailed
1742766089514,20.4875,1017,Eye Hit,Right,1017.983,785.9126,46.12252,Sedan4-Detailed
1742766089514,20.4875,1017,Eye Hit,Center,1018.522,785.9126,46.12252,Sedan4-Detailed
1742766089540,20.51399,1018,Eye Hit,Left,1004.676,789.1018,46.44867,Truck1-Detailed
1742766089540,20.51399,1018,Eye Hit,Right,1003.607,789.1018,46.44867,Truck1-Detailed
1742766089540,20.51399,1018,Eye Hit,Center,1004.141,789.1018,46.44867,Truck1-Detailed
1742766089570,20.54202,1019,Eye Hit,Left,997.164,796.8976,46.61396,Truck1-Detailed
1742766089570,20.54202,1019,Eye Hit,Right,996.0982,796.8976,46.61396,Truck1-Detailed
1742766089570,20.54202,1019,Eye Hit,Center,996.6311,796.8976,46.61396,Truck1-Detailed
1742766089597,20.571,1020,Eye Hit,Left,996.8178,799.2433,46.62021,Truck1-Detailed
1742766089597,20.571,1020,Eye Hit,Right,995.752,799.2433,46.62021,Truck1-Detailed
1742766089597,20.571,1020,Eye Hit,Center,996.285,799.2433,46.62021,Truck1-Detailed
1742766089623,20.5967,1021,Eye Hit,Left,1021.596,800.8819,46.06241,Sedan4-Detailed
1742766089623,20.5967,1021,Eye Hit,Right,1020.518,800.8819,46.06241,Sedan4-Detailed
1742766089623,20.5967,1021,Eye Hit,Center,1021.057,800.8819,46.06241,Sedan4-Detailed
1742766089651,20.62311,1022,Eye Hit,Left,1020.431,801.5383,46.08826,Sedan4-Detailed
1742766089651,20.62311,1022,Eye Hit,Right,1019.353,801.5383,46.08826,Sedan4-Detailed
1742766089651,20.62311,1022,Eye Hit,Center,1019.892,801.5383,46.08827,Sedan4-Detailed
1742766089678,20.65049,1023,Eye Hit,Left,1041.22,810.8895,45.59213,Sedan4-Detailed
1742766089678,20.65049,1023,Eye Hit,Right,1040.13,810.8895,45.59213,Sedan4-Detailed
1742766089678,20.65049,1023,Eye Hit,Center,1040.675,810.8895,45.59213,Sedan4-Detailed
1742766089708,20.67815,1024,Eye Hit,Left,1042.214,810.2953,45.56932,Sedan4-Detailed
1742766089708,20.67815,1024,Eye Hit,Right,1041.124,810.2953,45.56932,Sedan4-Detailed
1742766089708,20.67815,1024,Eye Hit,Center,1041.669,810.2953,45.56932,Sedan4-Detailed
1742766089736,20.70935,1025,Eye Hit,Left,1041.692,809.7004,45.58269,Sedan4-Detailed
1742766089736,20.70935,1025,Eye Hit,Right,1040.602,809.7004,45.58269,Sedan4-Detailed
1742766089736,20.70935,1025,Eye Hit,Center,1041.147,809.7004,45.58269,Sedan4-Detailed
1742766089763,20.73642,1026,Eye Hit,Left,1039.304,809.8483,45.63922,Sedan4-Detailed
1742766089763,20.73642,1026,Eye Hit,Right,1038.216,809.8483,45.63923,Sedan4-Detailed
1742766089763,20.73642,1026,Eye Hit,Center,1038.76,809.8483,45.63922,Sedan4-Detailed
1742766089792,20.76354,1027,Eye Hit,Left,1035.159,809.6556,45.73737,Sedan4-Detailed
1742766089792,20.76354,1027,Eye Hit,Right,1034.073,809.6556,45.73737,Sedan4-Detailed
1742766089792,20.76354,1027,Eye Hit,Center,1034.616,809.6556,45.73737,Sedan4-Detailed
1742766089820,20.79177,1028,Eye Hit,Left,1033.783,811.392,45.76686,Sedan4-Detailed
1742766089820,20.79177,1028,Eye Hit,Right,1032.697,811.392,45.76686,Sedan4-Detailed
1742766089820,20.79177,1028,Eye Hit,Center,1033.24,811.392,45.76686,Sedan4-Detailed
1742766089849,20.82033,1029,Eye Hit,Left,1032.76,815.991,45.78357,Sedan4-Detailed
1742766089849,20.82033,1029,Eye Hit,Right,1031.675,815.991,45.78357,Sedan4-Detailed
1742766089849,20.82033,1029,Eye Hit,Center,1032.218,815.991,45.78357,Sedan4-Detailed
1742766089877,20.84878,1030,Eye Hit,Left,1030.947,817.0491,45.82425,Truck1-Detailed
1742766089877,20.84878,1030,Eye Hit,Right,1029.863,817.0491,45.82426,Truck1-Detailed
1742766089877,20.84878,1030,Eye Hit,Center,1030.406,817.0492,45.82426,Truck1-Detailed
1742766089904,20.87713,1031,Eye Hit,Left,1031.494,816.799,45.81205,Truck1-Detailed
1742766089904,20.87713,1031,Eye Hit,Right,1030.409,816.799,45.81205,Truck1-Detailed
1742766089904,20.87713,1031,Eye Hit,Center,1030.951,816.799,45.81205,Truck1-Detailed
1742766089931,20.90471,1032,Eye Hit,Left,1030.73,812.0557,45.83825,Truck1-Detailed
1742766089931,20.90471,1032,Eye Hit,Right,1029.646,812.0557,45.83825,Truck1-Detailed
1742766089931,20.90471,1032,Eye Hit,Center,1030.188,812.0557,45.83825,Truck1-Detailed
1742766089958,20.93076,1033,Eye Hit,Left,1034.243,810.5615,45.75832,Truck1-Detailed
1742766089958,20.93076,1033,Eye Hit,Right,1033.157,810.5615,45.75832,Truck1-Detailed
1742766089958,20.93076,1033,Eye Hit,Center,1033.7,810.5615,45.75832,Truck1-Detailed
1742766089987,20.95862,1034,Eye Hit,Left,1033.146,813.6591,45.77957,Truck1-Detailed
1742766089987,20.95862,1034,Eye Hit,Right,1032.06,813.6591,45.77957,Truck1-Detailed
1742766089987,20.95862,1034,Eye Hit,Center,1032.603,813.6591,45.77957,Truck1-Detailed
1742766090017,20.98756,1035,Eye Hit,Left,1034.467,813.9103,45.74798,Truck1-Detailed
1742766090018,20.98756,1035,Eye Hit,Right,1033.381,813.9103,45.74798,Truck1-Detailed
1742766090018,20.98756,1035,Eye Hit,Center,1033.924,813.9103,45.74798,Truck1-Detailed
1742766090045,21.01853,1036,Eye Hit,Left,997.6776,822.2609,46.56797,Truck1-Detailed
1742766090045,21.01853,1036,Eye Hit,Right,996.6107,822.2609,46.56797,Truck1-Detailed
1742766090045,21.01853,1036,Eye Hit,Center,997.144,822.2609,46.56797,Truck1-Detailed
1742766090072,21.04601,1037,Eye Hit,Left,999.1047,822.3979,46.53657,Truck1-Detailed
1742766090072,21.04601,1037,Eye Hit,Right,998.0371,822.3979,46.53658,Truck1-Detailed
1742766090072,21.04601,1037,Eye Hit,Center,998.5709,822.3979,46.53658,Truck1-Detailed
1742766090099,21.0733,1038,Eye Hit,Left,998.8216,825.0833,46.53625,Truck1-Detailed
1742766090099,21.0733,1038,Eye Hit,Right,997.754,825.0833,46.53625,Truck1-Detailed
1742766090099,21.0733,1038,Eye Hit,Center,998.2878,825.0833,46.53625,Truck1-Detailed
1742766090128,21.09959,1039,Eye Hit,Left,994.3923,825.972,46.63089,Truck1-Detailed
1742766090128,21.09959,1039,Eye Hit,Right,993.3269,825.972,46.63089,Truck1-Detailed
1742766090128,21.09959,1039,Eye Hit,Center,993.8596,825.972,46.63089,Truck1-Detailed
1742766090157,21.12818,1040,Eye Hit,Left,993.0131,826.063,46.66077,Truck1-Detailed
1742766090157,21.12818,1040,Eye Hit,Right,991.9482,826.063,46.66077,Truck1-Detailed
1742766090157,21.12818,1040,Eye Hit,Center,992.4807,826.063,46.66076,Truck1-Detailed
1742766090180,21.15888,1041,Eye Hit,Left,993.625,826.1771,46.64727,Truck1-Detailed
1742766090180,21.15888,1041,Eye Hit,Right,992.5598,826.1771,46.64727,Truck1-Detailed
1742766090180,21.15888,1041,Eye Hit,Center,993.0924,826.1771,46.64727,Truck1-Detailed
1742766090206,21.18027,1042,Eye Hit,Left,992.0513,835.6476,46.65219,Truck1-Detailed
1742766090206,21.18027,1042,Eye Hit,Right,990.9864,835.6476,46.65219,Truck1-Detailed
1742766090206,21.18027,1042,Eye Hit,Center,991.5189,835.6476,46.65219,Truck1-Detailed
1742766090233,21.2069,1043,Eye Hit,Left,988.0734,836.2873,46.73563,Truck1-Detailed
1742766090233,21.2069,1043,Eye Hit,Right,987.0103,836.2873,46.73563,Truck1-Detailed
1742766090233,21.2069,1043,Eye Hit,Center,987.5418,836.2873,46.73563,Truck1-Detailed
1742766090258,21.23384,1044,Eye Hit,Left,989.693,838.063,46.69472,Truck1-Detailed
1742766090258,21.23384,1044,Eye Hit,Right,988.629,838.063,46.69473,Truck1-Detailed
1742766090258,21.23384,1044,Eye Hit,Center,989.161,838.063,46.69473,Truck1-Detailed
1742766090285,21.25924,1045,Eye Hit,Left,991.7024,839.882,46.64474,Truck1-Detailed
1742766090285,21.25924,1045,Eye Hit,Right,990.6372,839.882,46.64474,Truck1-Detailed
1742766090285,21.25924,1045,Eye Hit,Center,991.1698,839.882,46.64473,Truck1-Detailed
1742766090316,21.28596,1046,Eye Hit,Left,995.8365,840.0472,46.55529,Truck1-Detailed
1742766090316,21.28596,1046,Eye Hit,Right,994.7693,840.0472,46.55529,Truck1-Detailed
1742766090316,21.28596,1046,Eye Hit,Center,995.3028,840.0472,46.55529,Truck1-Detailed
1742766090356,21.31743,1047,Eye Hit,Left,965.4886,835.0139,47.21086,Sedan1-Detailed
1742766090356,21.31743,1047,Eye Hit,Right,964.4363,835.0139,47.21085,Sedan1-Detailed
1742766090356,21.31743,1047,Eye Hit,Center,964.9624,835.0139,47.21086,Sedan1-Detailed
1742766090396,21.35762,1048,Eye Hit,Left,792.1825,817.9883,49.7021,Sedan1-Detailed
1742766090396,21.35762,1048,Eye Hit,Right,791.1829,817.9883,49.70209,Sedan1-Detailed
1742766090396,21.35762,1048,Eye Hit,Center,791.6827,817.9883,49.70209,Sedan1-Detailed
1742766090438,21.39873,1049,Eye Hit,Left,521.0897,790.035,48.1456,Sedan1-Detailed
1742766090438,21.39873,1049,Eye Hit,Right,520.0577,790.035,48.1456,Sedan1-Detailed
1742766090438,21.39873,1049,Eye Hit,Center,520.5737,790.035,48.1456,Sedan1-Detailed
1742766090477,21.44074,1050,Eye Hit,Left,474.0275,791.5569,47.2543,Sedan1-Detailed
1742766090477,21.44074,1050,Eye Hit,Right,472.9761,791.5569,47.2543,Sedan1-Detailed
1742766090477,21.44074,1050,Eye Hit,Center,473.5018,791.5569,47.2543,Sedan1-Detailed
1742766090521,21.47921,1051,Eye Hit,Left,469.6301,790.8093,47.1643,Sedan1-Detailed
1742766090521,21.47921,1051,Eye Hit,Right,468.5767,790.8093,47.1643,Sedan1-Detailed
1742766090521,21.47921,1051,Eye Hit,Center,469.1035,790.8093,47.1643,Sedan1-Detailed
1742766090558,21.52191,1052,Eye Hit,Left,484.565,788.9141,47.46579,Sedan1-Detailed
1742766090558,21.52191,1052,Eye Hit,Right,483.5182,788.9141,47.46579,Sedan1-Detailed
1742766090558,21.52191,1052,Eye Hit,Center,484.0416,788.9141,47.46579,Sedan1-Detailed
1742766090601,21.5591,1053,Eye Hit,Left,617.1068,783.7572,49.46611,Sedan1-Detailed
1742766090601,21.5591,1053,Eye Hit,Right,616.1024,783.7572,49.46611,Sedan1-Detailed
1742766090601,21.5591,1053,Eye Hit,Center,616.6046,783.7572,49.46612,Sedan1-Detailed
1742766090639,21.60358,1054,Eye Hit,Left,807.5859,777.2053,49.60742,Sedan1-Detailed
1742766090639,21.60358,1054,Eye Hit,Right,806.5844,777.2053,49.60742,Sedan1-Detailed
1742766090639,21.60358,1054,Eye Hit,Center,807.0851,777.2053,49.60742,Sedan1-Detailed
1742766090681,21.64105,1055,Eye Hit,Left,829.6476,776.0405,49.40064,Sedan1-Detailed
1742766090681,21.64105,1055,Eye Hit,Right,828.6418,776.0405,49.40064,Sedan1-Detailed
1742766090681,21.64105,1055,Eye Hit,Center,829.1447,776.0405,49.40064,Sedan1-Detailed
1742766090724,21.68377,1056,Eye Hit,Left,845.7109,778.5142,49.228,Sedan1-Detailed
1742766090725,21.68377,1056,Eye Hit,Right,844.7016,778.5142,49.228,Sedan1-Detailed
1742766090725,21.68377,1056,Eye Hit,Center,845.2063,778.5142,49.228,Sedan1-Detailed
1742766090768,21.7262,1057,Eye Hit,Left,860.6315,775.6749,49.04083,Sedan1-Detailed
1742766090768,21.7262,1057,Eye Hit,Right,859.6185,775.6749,49.04083,Sedan1-Detailed
1742766090768,21.7262,1057,Eye Hit,Center,860.1251,775.6749,49.04083,Sedan1-Detailed
1742766090811,21.77068,1058,Eye Hit,Left,877.7678,776.7114,48.80883,Sedan1-Detailed
1742766090812,21.77068,1058,Eye Hit,Right,876.7498,776.7114,48.80884,Sedan1-Detailed
1742766090812,21.77068,1058,Eye Hit,Center,877.2588,776.7114,48.80884,Sedan1-Detailed
1742766090848,21.81433,1059,Eye Hit,Left,892.7896,778.5197,48.58796,Sedan1-Detailed
1742766090848,21.81433,1059,Eye Hit,Right,891.767,778.5197,48.58795,Sedan1-Detailed
1742766090848,21.81433,1059,Eye Hit,Center,892.2783,778.5197,48.58795,Sedan1-Detailed
1742766090891,21.84856,1060,Eye Hit,Left,911.1799,778.0041,48.29082,Sedan1-Detailed
1742766090891,21.84856,1060,Eye Hit,Right,910.1511,778.0041,48.29082,Sedan1-Detailed
1742766090891,21.84856,1060,Eye Hit,Center,910.6656,778.0041,48.29082,Sedan1-Detailed
1742766090931,21.89318,1061,Eye Hit,Left,923.4537,776.996,48.07839,Sedan1-Detailed
1742766090931,21.89318,1061,Eye Hit,Right,922.4203,776.996,48.07839,Sedan1-Detailed
1742766090931,21.89318,1061,Eye Hit,Center,922.937,776.996,48.07839,Sedan1-Detailed
1742766090973,21.93304,1062,Eye Hit,Left,941.1933,776.0668,47.75312,Sedan1-Detailed
1742766090973,21.93304,1062,Eye Hit,Right,940.1529,776.0668,47.75312,Sedan1-Detailed
1742766090973,21.93304,1062,Eye Hit,Center,940.6731,776.0668,47.75312,Sedan1-Detailed
1742766091018,21.97598,1063,Eye Hit,Left,944.0012,779.0411,47.70372,Sedan1-Detailed
1742766091018,21.97598,1063,Eye Hit,Right,942.9597,779.0411,47.70372,Sedan1-Detailed
1742766091018,21.97598,1063,Eye Hit,Center,943.4805,779.0411,47.70372,Sedan1-Detailed
1742766091058,22.01995,1064,Eye Hit,Left,944.3102,778.6437,47.69707,Sedan1-Detailed
1742766091058,22.01995,1064,Eye Hit,Right,943.2686,778.6437,47.69707,Sedan1-Detailed
1742766091058,22.01995,1064,Eye Hit,Center,943.7894,778.6437,47.69707,Sedan1-Detailed
1742766091099,22.06009,1065,Eye Hit,Left,940.2393,778.2437,47.77305,Sedan1-Detailed
1742766091099,22.06009,1065,Eye Hit,Right,939.1993,778.2437,47.77305,Sedan1-Detailed
1742766091099,22.06009,1065,Eye Hit,Center,939.7192,778.2437,47.77305,Sedan1-Detailed
1742766091141,22.10144,1066,Eye Hit,Left,931.0764,782.1675,47.94523,Sedan1-Detailed
1742766091141,22.10144,1066,Eye Hit,Right,930.0402,782.1675,47.94523,Sedan1-Detailed
1742766091141,22.10144,1066,Eye Hit,Center,930.5583,782.1675,47.94523,Sedan1-Detailed
1742766091182,22.14308,1067,Eye Hit,Left,931.3681,782.5668,47.94024,Truck1-Detailed
1742766091183,22.14308,1067,Eye Hit,Right,930.3317,782.5668,47.94024,Truck1-Detailed
1742766091183,22.14308,1067,Eye Hit,Center,930.8499,782.5668,47.94024,Truck1-Detailed
1742766091226,22.18435,1068,Eye Hit,Left,928.0265,783.4529,48.00124,Truck1-Detailed
1742766091226,22.18435,1068,Eye Hit,Right,926.9915,783.4529,48.00124,Truck1-Detailed
1742766091226,22.18435,1068,Eye Hit,Center,927.5089,783.4529,48.00124,Truck1-Detailed
1742766091268,22.22949,1069,,Left,896.5687,859.0921,48.33423,
1742766091268,22.22949,1069,,Right,895.5408,859.0921,48.33423,
1742766091268,22.22949,1069,,Center,896.0548,859.0921,48.33423,
1742766091309,22.2707,1070,,Left,891.8729,860.7037,48.3967,
1742766091309,22.2707,1070,,Right,890.8463,860.7037,48.3967,
1742766091309,22.2707,1070,,Center,891.3595,860.7037,48.3967,
1742766091351,22.31107,1071,,Left,879.2126,859.9534,48.58772,
1742766091351,22.31107,1071,,Right,878.19,859.9534,48.58772,
1742766091351,22.31107,1071,,Center,878.7013,859.9534,48.58772,
1742766091394,22.35371,1072,,Left,869.7601,854.9896,48.74823,
1742766091394,22.35371,1072,,Right,868.741,854.9896,48.74822,
1742766091394,22.35371,1072,,Center,869.2505,854.9896,48.74822,
1742766091435,22.39657,1073,,Left,852.5668,856.0773,48.96219,
1742766091435,22.39657,1073,,Right,851.552,856.0773,48.96219,
1742766091435,22.39657,1073,,Center,852.0593,856.0773,48.96219,
1742766091476,22.43736,1074,,Left,866.1949,857.7681,48.77944,
1742766091476,22.43736,1074,,Right,865.1763,857.7681,48.77944,
1742766091476,22.43736,1074,,Center,865.6857,857.7681,48.77944,
1742766091523,22.47954,1075,,Left,994.259,833.8953,46.61225,
1742766091523,22.47954,1075,,Right,993.1931,833.8953,46.61224,
1742766091523,22.47954,1075,,Center,993.7261,833.8953,46.61226,
1742766091562,22.52392,1076,Eye Hit,Left,1087.379,804.9516,44.47043,Sedan1-Detailed
1742766091562,22.52392,1076,Eye Hit,Right,1086.261,804.9516,44.47043,Sedan1-Detailed
1742766091562,22.52392,1076,Eye Hit,Center,1086.82,804.9516,44.47043,Sedan1-Detailed
1742766091600,22.56311,1077,Eye Hit,Left,1108.91,775.5951,43.91753,Sedan1-Detailed
1742766091600,22.56311,1077,Eye Hit,Right,1107.778,775.5951,43.91753,Sedan1-Detailed
1742766091600,22.56311,1077,Eye Hit,Center,1108.344,775.5951,43.91753,Sedan1-Detailed
1742766091645,22.60315,1078,Eye Hit,Left,1106.817,771.7775,43.96682,Sedan1-Detailed
1742766091645,22.60315,1078,Eye Hit,Right,1105.687,771.7775,43.96682,Sedan1-Detailed
1742766091645,22.60315,1078,Eye Hit,Center,1106.252,771.7775,43.96682,Sedan1-Detailed
1742766091689,22.65867,1079,Eye Hit,Left,1107.905,772.5759,43.94009,Sedan1-Detailed
1742766091689,22.65867,1079,Eye Hit,Right,1106.774,772.5759,43.94009,Sedan1-Detailed
1742766091689,22.65867,1079,Eye Hit,Center,1107.339,772.5759,43.94009,Sedan1-Detailed
1742766091725,22.69075,1080,Eye Hit,Left,1108.388,771.9426,43.9268,Sedan1-Detailed
1742766091725,22.69075,1080,Eye Hit,Right,1107.257,771.9426,43.9268,Sedan1-Detailed
1742766091725,22.69075,1080,Eye Hit,Center,1107.822,771.9426,43.9268,Sedan1-Detailed
1742766091764,22.72721,1081,Eye Hit,Left,1106.115,780.5798,43.99379,Sedan1-Detailed
1742766091764,22.72721,1081,Eye Hit,Right,1104.986,780.5799,43.99379,Sedan1-Detailed
1742766091764,22.72721,1081,Eye Hit,Center,1105.551,780.5799,43.99379,Sedan1-Detailed
1742766091810,22.76614,1082,Eye Hit,Left,1101.593,775.6377,44.10506,Sedan1-Detailed
1742766091810,22.76614,1082,Eye Hit,Right,1100.466,775.6377,44.10506,Sedan1-Detailed
1742766091810,22.76614,1082,Eye Hit,Center,1101.029,775.6377,44.10506,Sedan1-Detailed
1742766091853,22.81243,1083,Eye Hit,Left,1100.141,777.9661,44.14467,Sedan1-Detailed
1742766091853,22.81243,1083,Eye Hit,Right,1099.015,777.9661,44.14467,Sedan1-Detailed
1742766091853,22.81243,1083,Eye Hit,Center,1099.578,777.9661,44.14467,Sedan1-Detailed
1742766091894,22.85605,1084,Eye Hit,Left,1097.014,773.6255,44.21989,Sedan1-Detailed
1742766091894,22.85605,1084,Eye Hit,Right,1095.891,773.6255,44.21989,Sedan1-Detailed
1742766091894,22.85605,1084,Eye Hit,Center,1096.452,773.6255,44.21989,Sedan1-Detailed
1742766091936,22.89602,1085,Eye Hit,Left,1090.417,774.2616,44.38767,NorthSidewalk
1742766091936,22.89602,1085,Eye Hit,Right,1089.298,774.2616,44.38766,NorthSidewalk
1742766091936,22.89602,1085,Eye Hit,Center,1089.857,774.2616,44.38767,NorthSidewalk
1742766091979,22.93784,1086,,Left,1085.81,775.7891,44.50555,
1742766091979,22.93784,1086,,Right,1084.693,775.7891,44.50555,
1742766091979,22.93784,1086,,Center,1085.251,775.7891,44.50555,
1742766092022,22.98128,1087,,Left,1074.031,773.7347,44.79781,
1742766092022,22.98128,1087,,Right,1072.922,773.7347,44.79782,
1742766092022,22.98128,1087,,Center,1073.477,773.7347,44.79781,
1742766092064,23.02512,1088,Eye Hit,Left,1050.976,768.8941,45.3554,NorthSidewalk
1742766092064,23.02512,1088,Eye Hit,Right,1049.88,768.8941,45.3554,NorthSidewalk
1742766092064,23.02512,1088,Eye Hit,Center,1050.428,768.8941,45.3554,NorthSidewalk
1742766092106,23.06546,1089,,Left,1009.447,761.7863,46.30737,
1742766092106,23.06546,1089,,Right,1008.374,761.7863,46.30737,
1742766092106,23.06546,1089,,Center,1008.91,761.7863,46.30737,
1742766092153,23.1078,1090,Eye Hit,Left,980.873,756.9887,46.91657,LowFemale2
1742766092153,23.1078,1090,Eye Hit,Right,979.814,756.9887,46.91656,LowFemale2
1742766092153,23.1078,1090,Eye Hit,Center,980.3435,756.9887,46.91656,LowFemale2
1742766092180,23.15382,1091,Eye Hit,Left,980.8323,758.9271,46.9227,MicroBus1-Detailed
1742766092180,23.15382,1091,Eye Hit,Right,979.7734,758.9271,46.9227,MicroBus1-Detailed
1742766092180,23.15382,1091,Eye Hit,Center,980.3029,758.9271,46.9227,MicroBus1-Detailed
1742766092209,23.1799,1092,Eye Hit,Left,975.6517,765.2698,47.04649,MicroBus1-Detailed
1742766092209,23.1799,1092,Eye Hit,Right,974.5956,765.2698,47.04649,MicroBus1-Detailed
1742766092209,23.1799,1092,Eye Hit,Center,975.1237,765.2698,47.04649,MicroBus1-Detailed
1742766092242,23.20864,1093,Eye Hit,Left,970.353,767.7665,47.16119,MicroBus1-Detailed
1742766092242,23.20864,1093,Eye Hit,Right,969.2995,767.7665,47.1612,MicroBus1-Detailed
1742766092242,23.20864,1093,Eye Hit,Center,969.8263,767.7665,47.16119,MicroBus1-Detailed
1742766092270,23.24222,1094,Eye Hit,Left,974.3995,766.7878,47.07584,MicroBus1-Detailed
1742766092270,23.24222,1094,Eye Hit,Right,973.3441,766.7878,47.07584,MicroBus1-Detailed
1742766092270,23.24222,1094,Eye Hit,Center,973.8718,766.7878,47.07585,MicroBus1-Detailed
1742766092298,23.26879,1095,Eye Hit,Left,970.6864,763.5577,47.14546,MicroBus1-Detailed
1742766092298,23.26879,1095,Eye Hit,Right,969.6324,763.5577,47.14547,MicroBus1-Detailed
1742766092298,23.26879,1095,Eye Hit,Center,970.1594,763.5577,47.14547,MicroBus1-Detailed
1742766092328,23.2973,1096,Eye Hit,Left,965.0212,766.6408,47.2676,MicroBus1-Detailed
1742766092328,23.2973,1096,Eye Hit,Right,963.9702,766.6408,47.2676,MicroBus1-Detailed
1742766092328,23.2973,1096,Eye Hit,Center,964.4957,766.6408,47.2676,MicroBus1-Detailed
1742766092360,23.32766,1097,Eye Hit,Left,967.6838,771.1451,47.22224,MicroBus1-Detailed
1742766092360,23.32766,1097,Eye Hit,Right,966.6317,771.1451,47.22224,MicroBus1-Detailed
1742766092360,23.32766,1097,Eye Hit,Center,967.1578,771.1451,47.22224,MicroBus1-Detailed
1742766092385,23.35889,1098,Eye Hit,Left,968.4066,771.7428,47.20803,MicroBus1-Detailed
1742766092385,23.35889,1098,Eye Hit,Right,967.3541,771.7428,47.20803,MicroBus1-Detailed
1742766092385,23.35889,1098,Eye Hit,Center,967.8801,771.7428,47.20803,MicroBus1-Detailed
1742766092414,23.38437,1099,Eye Hit,Left,968.1884,772.5167,47.21365,MicroBus1-Detailed
1742766092414,23.38437,1099,Eye Hit,Right,967.1361,772.5167,47.21365,MicroBus1-Detailed
1742766092414,23.38437,1099,Eye Hit,Center,967.6622,772.5167,47.21365,MicroBus1-Detailed
1742766092441,23.41314,1100,Eye Hit,Left,965.2438,772.1699,47.27295,MicroBus1-Detailed
1742766092441,23.41314,1100,Eye Hit,Right,964.1927,772.1699,47.27295,MicroBus1-Detailed
1742766092441,23.41314,1100,Eye Hit,Center,964.7182,772.1699,47.27295,MicroBus1-Detailed
1742766092470,23.44147,1101,Eye Hit,Left,964.2698,771.3423,47.2912,MicroBus1-Detailed
1742766092470,23.44147,1101,Eye Hit,Right,963.2192,771.3423,47.2912,MicroBus1-Detailed
1742766092470,23.44147,1101,Eye Hit,Center,963.7445,771.3423,47.29119,MicroBus1-Detailed
1742766092498,23.47235,1102,Eye Hit,Left,965.0781,772.6813,47.27702,MicroBus1-Detailed
1742766092498,23.47235,1102,Eye Hit,Right,964.0272,772.6813,47.27702,MicroBus1-Detailed
1742766092498,23.47235,1102,Eye Hit,Center,964.5526,772.6813,47.27702,MicroBus1-Detailed
1742766092527,23.498,1103,Eye Hit,Left,962.9227,774.9307,47.32378,MicroBus1-Detailed
1742766092527,23.498,1103,Eye Hit,Right,961.8727,774.9307,47.32378,MicroBus1-Detailed
1742766092527,23.498,1103,Eye Hit,Center,962.3977,774.9307,47.32378,MicroBus1-Detailed
1742766092553,23.52627,1104,Eye Hit,Left,961.1239,775.0651,47.35968,MicroBus1-Detailed
1742766092553,23.52627,1104,Eye Hit,Right,960.0748,775.0651,47.35967,MicroBus1-Detailed
1742766092553,23.52627,1104,Eye Hit,Center,960.5994,775.0651,47.35968,MicroBus1-Detailed
1742766092580,23.55183,1105,Eye Hit,Left,958.6809,775.9869,47.40955,MicroBus1-Detailed
1742766092580,23.55183,1105,Eye Hit,Right,957.6329,775.9869,47.40954,MicroBus1-Detailed
1742766092580,23.55183,1105,Eye Hit,Center,958.1569,775.9869,47.40954,MicroBus1-Detailed
1742766092608,23.57965,1106,Eye Hit,Left,956.8737,775.7485,47.44474,MicroBus1-Detailed
1742766092608,23.57965,1106,Eye Hit,Right,955.8265,775.7485,47.44473,MicroBus1-Detailed
1742766092608,23.57965,1106,Eye Hit,Center,956.3501,775.7485,47.44473,MicroBus1-Detailed
1742766092640,23.60763,1107,Eye Hit,Left,952.1387,781.064,47.54363,MicroBus1-Detailed
1742766092640,23.60763,1107,Eye Hit,Right,951.0938,781.064,47.54363,MicroBus1-Detailed
1742766092640,23.60763,1107,Eye Hit,Center,951.6161,781.064,47.54363,MicroBus1-Detailed
1742766092665,23.6403,1108,Eye Hit,Left,946.6604,782.8842,47.65117,MicroBus1-Detailed
1742766092665,23.6403,1108,Eye Hit,Right,945.6177,782.8842,47.65117,MicroBus1-Detailed
1742766092665,23.6403,1108,Eye Hit,Center,946.139,782.8842,47.65117,MicroBus1-Detailed
1742766092691,23.66419,1109,Eye Hit,Left,945.6818,781.9587,47.66911,MicroBus1-Detailed
1742766092691,23.66419,1109,Eye Hit,Right,944.6396,781.9587,47.66911,MicroBus1-Detailed
1742766092691,23.66419,1109,Eye Hit,Center,945.1608,781.9587,47.66911,MicroBus1-Detailed
1742766092719,23.69012,1110,Eye Hit,Left,946.1332,782.4091,47.66045,MicroBus1-Detailed
1742766092719,23.69012,1110,Eye Hit,Right,945.0908,782.4091,47.66045,MicroBus1-Detailed
1742766092719,23.69012,1110,Eye Hit,Center,945.612,782.4091,47.66045,MicroBus1-Detailed
1742766092749,23.71857,1111,Eye Hit,Left,821.7852,683.2795,48.93471,RoadEast
1742766092749,23.71857,1111,Eye Hit,Right,820.7698,683.2795,48.93471,RoadEast
1742766092749,23.71857,1111,Eye Hit,Center,821.2775,683.2795,48.93471,RoadEast
1742766092776,23.7483,1112,Eye Hit,Left,707.4628,585.4853,48.00997,RoadEast
1742766092776,23.7483,1112,Eye Hit,Right,706.428,585.4853,48.00998,RoadEast
1742766092776,23.7483,1112,Eye Hit,Center,706.9454,585.4853,48.00998,RoadEast
1742766092804,23.77516,1113,Eye Hit,Left,664.4889,514.095,46.4615,RoadEast
1742766092804,23.77516,1113,Eye Hit,Right,663.4196,514.095,46.4615,RoadEast
1742766092804,23.77516,1113,Eye Hit,Center,663.9542,514.095,46.4615,RoadEast
1742766092831,23.8042,1114,Eye Hit,Left,665.1823,513.3047,46.44754,RoadEast
1742766092831,23.8042,1114,Eye Hit,Right,664.1125,513.3047,46.44754,RoadEast
1742766092831,23.8042,1114,Eye Hit,Center,664.6474,513.3047,46.44754,RoadEast
1742766092860,23.83031,1115,Eye Hit,Left,665.9568,516.1144,46.51232,RoadEast
1742766092860,23.83031,1115,Eye Hit,Right,664.8886,516.1144,46.51232,RoadEast
1742766092860,23.83031,1115,Eye Hit,Center,665.4227,516.1144,46.51232,RoadEast
1742766092889,23.85915,1116,Eye Hit,Left,667.7261,516.6272,46.53059,RoadEast
1742766092889,23.85915,1116,Eye Hit,Right,666.6584,516.6272,46.53059,RoadEast
1742766092889,23.85915,1116,Eye Hit,Center,667.1923,516.6272,46.53059,RoadEast
1742766092917,23.88816,1117,Eye Hit,Left,670.6985,516.6478,46.54317,RoadEast
1742766092917,23.88816,1117,Eye Hit,Right,669.631,516.6478,46.54317,RoadEast
1742766092917,23.88816,1117,Eye Hit,Center,670.1647,516.6478,46.54317,RoadEast
1742766092942,23.91673,1118,Eye Hit,Left,673.4045,514.3772,46.50426,RoadEast
1742766092942,23.91673,1118,Eye Hit,Right,672.3361,514.3772,46.50426,RoadEast
1742766092942,23.91673,1118,Eye Hit,Center,672.8702,514.3771,46.50426,RoadEast
1742766092969,23.94179,1119,Eye Hit,Left,677.9279,513.6874,46.50533,RoadEast
1742766092969,23.94179,1119,Eye Hit,Right,676.8595,513.6874,46.50533,RoadEast
1742766092969,23.94179,1119,Eye Hit,Center,677.3937,513.6874,46.50533,RoadEast
1742766093001,23.96926,1120,Eye Hit,Left,691.9948,543.2499,47.17254,RoadEast
1742766093001,23.96926,1120,Eye Hit,Right,690.9416,543.2499,47.17254,RoadEast
1742766093001,23.96926,1120,Eye Hit,Center,691.4682,543.2499,47.17254,RoadEast
1742766093025,24.00019,1121,Eye Hit,Left,846.438,626.0606,47.98676,RoadEast
1742766093025,24.00019,1121,Eye Hit,Right,845.4028,626.0606,47.98676,RoadEast
1742766093025,24.00019,1121,Eye Hit,Center,845.9204,626.0606,47.98676,RoadEast
1742766093054,24.02468,1122,Eye Hit,Left,855.5046,656.5678,48.2851,RoadEast
1742766093054,24.02468,1122,Eye Hit,Right,854.4756,656.5678,48.2851,RoadEast
1742766093054,24.02468,1122,Eye Hit,Center,854.9901,656.5677,48.2851,RoadEast
1742766093082,24.05392,1123,Eye Hit,Left,856.8218,656.489,48.26833,RoadEast
1742766093082,24.05392,1123,Eye Hit,Right,855.7925,656.489,48.26833,RoadEast
1742766093082,24.05392,1123,Eye Hit,Center,856.307,656.489,48.26833,RoadEast
1742766093109,24.08103,1124,Eye Hit,Left,939.9919,722.5132,47.57743,RoadEast
1742766093109,24.08103,1124,Eye Hit,Right,938.9478,722.5132,47.57743,RoadEast
1742766093109,24.08103,1124,Eye Hit,Center,939.4698,722.5132,47.57743,RoadEast
1742766093138,24.10852,1125,Eye Hit,Left,939.6151,766.4749,47.76158,MicroBus1-Detailed
1742766093138,24.10852,1125,Eye Hit,Right,938.5748,766.4749,47.76158,MicroBus1-Detailed
1742766093138,24.10852,1125,Eye Hit,Center,939.095,766.4749,47.76159,MicroBus1-Detailed
1742766093165,24.13833,1126,Eye Hit,Left,916.122,766.152,48.18167,MicroBus1-Detailed
1742766093165,24.13833,1126,Eye Hit,Right,915.0908,766.152,48.18167,MicroBus1-Detailed
1742766093165,24.13833,1126,Eye Hit,Center,915.6064,766.152,48.18167,MicroBus1-Detailed
1742766093192,24.16422,1127,Eye Hit,Left,915.7039,768.0543,48.19303,MicroBus1-Detailed
1742766093192,24.16422,1127,Eye Hit,Right,914.673,768.0543,48.19304,MicroBus1-Detailed
1742766093192,24.16422,1127,Eye Hit,Center,915.1884,768.0543,48.19304,MicroBus1-Detailed
1742766093221,24.19136,1128,Eye Hit,Left,916.9067,771.5344,48.17928,MicroBus1-Detailed
1742766093221,24.19136,1128,Eye Hit,Right,915.8756,771.5344,48.17928,MicroBus1-Detailed
1742766093221,24.19136,1128,Eye Hit,Center,916.3912,771.5344,48.17928,MicroBus1-Detailed
1742766093247,24.2204,1129,Eye Hit,Left,917.5021,771.996,48.16993,MicroBus1-Detailed
1742766093247,24.2204,1129,Eye Hit,Right,916.4706,771.996,48.16992,MicroBus1-Detailed
1742766093247,24.2204,1129,Eye Hit,Center,916.9863,771.996,48.16992,MicroBus1-Detailed
1742766093275,24.24638,1130,Eye Hit,Left,957.0004,786.2054,47.4537,MicroBus1-Detailed
1742766093275,24.24638,1130,Eye Hit,Right,955.9534,786.2054,47.4537,MicroBus1-Detailed
1742766093275,24.24638,1130,Eye Hit,Center,956.4769,786.2054,47.4537,MicroBus1-Detailed
1742766093305,24.27508,1131,Eye Hit,Left,957.3771,789.3656,47.44746,MicroBus1-Detailed
1742766093305,24.27508,1131,Eye Hit,Right,956.33,789.3656,47.44745,MicroBus1-Detailed
1742766093305,24.27508,1131,Eye Hit,Center,956.8536,789.3656,47.44745,MicroBus1-Detailed
1742766093332,24.30574,1132,Eye Hit,Left,956.5892,792.3438,47.46343,MicroBus1-Detailed
1742766093332,24.30574,1132,Eye Hit,Right,955.5424,792.3438,47.46343,MicroBus1-Detailed
1742766093332,24.30574,1132,Eye Hit,Center,956.0658,792.3438,47.46343,MicroBus1-Detailed
1742766093361,24.3313,1133,Eye Hit,Left,953.296,792.0656,47.52821,MicroBus1-Detailed
1742766093361,24.3313,1133,Eye Hit,Right,952.2507,792.0656,47.5282,MicroBus1-Detailed
1742766093361,24.3313,1133,Eye Hit,Center,952.7734,792.0656,47.5282,MicroBus1-Detailed
1742766093389,24.36073,1134,Eye Hit,Left,952.2449,787.6506,47.54792,MicroBus1-Detailed
1742766093389,24.36073,1134,Eye Hit,Right,951.2,787.6506,47.54792,MicroBus1-Detailed
1742766093389,24.36073,1134,Eye Hit,Center,951.7224,787.6506,47.54792,MicroBus1-Detailed
1742766093416,24.38903,1135,Eye Hit,Left,953.424,787.7266,47.52502,MicroBus1-Detailed
1742766093416,24.38903,1135,Eye Hit,Right,952.3785,787.7266,47.52502,MicroBus1-Detailed
1742766093416,24.38903,1135,Eye Hit,Center,952.9012,787.7266,47.52502,MicroBus1-Detailed
1742766093444,24.4158,1136,Eye Hit,Left,952.1771,788.3475,47.54966,MicroBus1-Detailed
1742766093444,24.4158,1136,Eye Hit,Right,951.1323,788.3475,47.54966,MicroBus1-Detailed
1742766093444,24.4158,1136,Eye Hit,Center,951.6546,788.3475,47.54966,MicroBus1-Detailed
1742766093472,24.44405,1137,Eye Hit,Left,950.6254,794.339,47.5802,MicroBus1-Detailed
1742766093472,24.44405,1137,Eye Hit,Right,949.5811,794.339,47.58021,MicroBus1-Detailed
1742766093472,24.44405,1137,Eye Hit,Center,950.1032,794.339,47.5802,MicroBus1-Detailed
1742766093501,24.47401,1138,Eye Hit,Left,950.5646,793.9366,47.5815,MicroBus1-Detailed
1742766093501,24.47401,1138,Eye Hit,Right,949.5204,793.9366,47.5815,MicroBus1-Detailed
1742766093501,24.47401,1138,Eye Hit,Center,950.0425,793.9366,47.5815,MicroBus1-Detailed
1742766093528,24.50058,1139,Eye Hit,Left,949.4583,792.4648,47.60304,MicroBus1-Detailed
1742766093528,24.50058,1139,Eye Hit,Right,948.4145,792.4648,47.60305,MicroBus1-Detailed
1742766093528,24.50058,1139,Eye Hit,Center,948.9363,792.4648,47.60305,MicroBus1-Detailed
1742766093552,24.52787,1140,Eye Hit,Left,949.7319,792.0757,47.59792,MicroBus1-Detailed
1742766093552,24.52787,1140,Eye Hit,Right,948.688,792.0757,47.59792,MicroBus1-Detailed
1742766093552,24.52787,1140,Eye Hit,Center,949.2099,792.0757,47.59792,MicroBus1-Detailed
1742766093576,24.55196,1141,Eye Hit,Left,945.7599,791.8088,47.67424,MicroBus1-Detailed
1742766093576,24.55196,1141,Eye Hit,Right,944.7178,791.8088,47.67424,MicroBus1-Detailed
1742766093576,24.55196,1141,Eye Hit,Center,945.239,791.8088,47.67424,MicroBus1-Detailed
1742766093605,24.57577,1142,Eye Hit,Left,946.1251,791.4543,47.66725,MicroBus1-Detailed
1742766093605,24.57577,1142,Eye Hit,Right,945.0828,791.4543,47.66725,MicroBus1-Detailed
1742766093605,24.57577,1142,Eye Hit,Center,945.604,791.4543,47.66725,MicroBus1-Detailed
1742766093633,24.60515,1143,Eye Hit,Left,948.3051,787.1893,47.62444,MicroBus1-Detailed
1742766093633,24.60515,1143,Eye Hit,Right,947.2618,787.1893,47.62444,MicroBus1-Detailed
1742766093633,24.60515,1143,Eye Hit,Center,947.7835,787.1893,47.62444,MicroBus1-Detailed
1742766093660,24.63273,1144,Eye Hit,Left,949.4507,783.5729,47.60032,MicroBus1-Detailed
1742766093660,24.63273,1144,Eye Hit,Right,948.407,783.5729,47.60032,MicroBus1-Detailed
1742766093660,24.63273,1144,Eye Hit,Center,948.9288,783.5729,47.60032,MicroBus1-Detailed
1742766093689,24.66089,1145,Eye Hit,Left,950.8986,789.3636,47.57502,MicroBus1-Detailed
1742766093689,24.66089,1145,Eye Hit,Right,949.8542,789.3636,47.57502,MicroBus1-Detailed
1742766093689,24.66089,1145,Eye Hit,Center,950.3765,789.3636,47.57503,MicroBus1-Detailed
1742766093721,24.68891,1146,Eye Hit,Left,947.4766,784.3618,47.63895,MicroBus1-Detailed
1742766093721,24.68891,1146,Eye Hit,Right,946.4335,784.3618,47.63895,MicroBus1-Detailed
1742766093721,24.68891,1146,Eye Hit,Center,946.9551,784.3618,47.63896,MicroBus1-Detailed
1742766093745,24.72076,1147,Eye Hit,Left,949.8133,783.2755,47.5934,MicroBus1-Detailed
1742766093745,24.72076,1147,Eye Hit,Right,948.7693,783.2755,47.5934,MicroBus1-Detailed
1742766093745,24.72076,1147,Eye Hit,Center,949.2914,783.2755,47.5934,MicroBus1-Detailed
1742766093776,24.74487,1148,Eye Hit,Left,953.2578,787.5629,47.5288,MicroBus1-Detailed
1742766093776,24.74487,1148,Eye Hit,Right,952.2125,787.5629,47.5288,MicroBus1-Detailed
1742766093776,24.74487,1148,Eye Hit,Center,952.735,787.5629,47.5288,MicroBus1-Detailed
1742766093803,24.77703,1149,Eye Hit,Left,951.2854,786.9202,47.5671,MicroBus3-Detailed
1742766093803,24.77703,1149,Eye Hit,Right,950.2409,786.9202,47.5671,MicroBus3-Detailed
1742766093803,24.77703,1149,Eye Hit,Center,950.7632,786.9202,47.5671,MicroBus3-Detailed
1742766093833,24.80462,1150,Eye Hit,Left,961.5082,785.6521,47.36507,MicroBus3-Detailed
1742766093833,24.80462,1150,Eye Hit,Right,960.4592,785.6521,47.36508,MicroBus3-Detailed
1742766093833,24.80462,1150,Eye Hit,Center,960.9838,785.6521,47.36508,MicroBus3-Detailed
1742766093861,24.8342,1151,Eye Hit,Left,971.0533,784.224,47.17139,MicroBus3-Detailed
1742766093861,24.8342,1151,Eye Hit,Right,970.0001,784.224,47.1714,MicroBus3-Detailed
1742766093861,24.8342,1151,Eye Hit,Center,970.5267,784.224,47.1714,MicroBus3-Detailed
1742766093888,24.86033,1152,Eye Hit,Left,986.6758,781.7126,46.8424,MicroBus3-Detailed
1742766093888,24.86033,1152,Eye Hit,Right,985.6152,781.7126,46.8424,MicroBus3-Detailed
1742766093888,24.86033,1152,Eye Hit,Center,986.1455,781.7126,46.8424,MicroBus3-Detailed
1742766093920,24.88953,1153,Eye Hit,Left,1016.784,779.98,46.17632,MicroBus3-Detailed
1742766093920,24.88953,1153,Eye Hit,Right,1015.708,779.98,46.17632,MicroBus3-Detailed
1742766093920,24.88953,1153,Eye Hit,Center,1016.246,779.98,46.17632,MicroBus3-Detailed
1742766093945,24.92102,1154,Eye Hit,Left,1002.139,781.3828,46.50804,MicroBus3-Detailed
1742766093945,24.92102,1154,Eye Hit,Right,1001.07,781.3828,46.50804,MicroBus3-Detailed
1742766093945,24.92102,1154,Eye Hit,Center,1001.604,781.3828,46.50804,MicroBus3-Detailed
1742766093970,24.94581,1155,Eye Hit,Left,869.4415,794.5292,48.93779,MicroBus3-Detailed
1742766093970,24.94581,1155,Eye Hit,Right,868.4261,794.5292,48.93779,MicroBus3-Detailed
1742766093970,24.94581,1155,Eye Hit,Center,868.9338,794.5292,48.93779,MicroBus3-Detailed
1742766094015,24.9724,1156,Eye Hit,Left,807.6472,824.0111,49.5723,MicroBus3-Detailed
1742766094015,24.9724,1156,Eye Hit,Right,806.645,824.0111,49.5723,MicroBus3-Detailed
1742766094015,24.9724,1156,Eye Hit,Center,807.1461,824.0111,49.5723,MicroBus3-Detailed
1742766094049,25.01537,1157,Eye Hit,Left,755.143,833.6442,49.84497,MicroBus3-Detailed
1742766094049,25.01537,1157,Eye Hit,Right,754.1463,833.6442,49.84498,MicroBus3-Detailed
1742766094049,25.01537,1157,Eye Hit,Center,754.6446,833.6442,49.84497,MicroBus3-Detailed
1742766094086,25.05034,1158,,Left,730.6609,833.9666,49.8959,
1742766094086,25.05034,1158,,Right,729.665,833.9666,49.8959,
1742766094086,25.05034,1158,,Center,730.163,833.9666,49.8959,
1742766094117,25.08677,1159,,Left,752.5659,838.3768,49.83099,
1742766094117,25.08677,1159,,Right,751.5688,838.3768,49.83099,
1742766094117,25.08677,1159,,Center,752.0674,838.3768,49.83099,
1742766094161,25.11847,1160,,Left,766.975,852.7289,49.69948,
1742766094161,25.11847,1160,,Right,765.9753,852.7289,49.69948,
1742766094161,25.11847,1160,,Center,766.4752,852.7289,49.69948,
1742766094208,25.16182,1161,,Left,798.2877,860.2517,49.4657,
1742766094208,25.16182,1161,,Right,797.2833,860.2517,49.4657,
1742766094208,25.16182,1161,,Center,797.7855,860.2517,49.4657,
1742766094241,25.2096,1162,,Left,697.1919,850.7623,49.78124,
1742766094241,25.2096,1162,,Right,696.1938,850.7623,49.78124,
1742766094241,25.2096,1162,,Center,696.6929,850.7623,49.78124,
1742766094277,25.24309,1163,,Left,702.8198,844.5422,49.8223,
1742766094277,25.24309,1163,,Right,701.8226,844.5422,49.8223,
1742766094277,25.24309,1163,,Center,702.3212,844.5422,49.8223,
1742766094307,25.27798,1164,,Left,691.7134,829.0403,49.86222,
1742766094307,25.27798,1164,,Right,690.717,829.0403,49.86222,
1742766094307,25.27798,1164,,Center,691.2152,829.0403,49.86222,
1742766094333,25.30822,1165,,Left,674.0508,831.9363,49.78575,
1742766094333,25.30822,1165,,Right,673.0529,831.9363,49.78575,
1742766094333,25.30822,1165,,Center,673.5519,831.9363,49.78575,
1742766094361,25.3341,1166,,Left,646.0089,830.6119,49.62725,
1742766094361,25.3341,1166,,Right,645.0077,830.6119,49.62726,
1742766094361,25.3341,1166,,Center,645.5083,830.6119,49.62725,
1742766094389,25.36239,1167,,Left,706.7439,829.0972,49.88975,
1742766094389,25.36239,1167,,Right,705.748,829.0972,49.88975,
1742766094389,25.36239,1167,,Center,706.2459,829.0972,49.88975,
1742766094417,25.39045,1168,Eye Hit,Left,666.2498,804.3191,49.81531,NW_Tree_10
1742766094417,25.39045,1168,Eye Hit,Right,665.2524,804.3191,49.81532,NW_Tree_10
1742766094417,25.39045,1168,Eye Hit,Center,665.7512,804.3191,49.81531,NW_Tree_10
1742766094446,25.41881,1169,Eye Hit,Left,631.9147,803.5095,49.58118,NW_Tree_10
1742766094446,25.41881,1169,Eye Hit,Right,630.9127,803.5095,49.58118,NW_Tree_10
1742766094446,25.41881,1169,Eye Hit,Center,631.4137,803.5095,49.58118,NW_Tree_10
1742766094474,25.44739,1170,,Left,659.5414,798.0231,49.78549,
1742766094474,25.44739,1170,,Right,658.5435,798.0231,49.78549,
1742766094474,25.44739,1170,,Center,659.0425,798.0231,49.78549,
1742766094504,25.4761,1171,,Left,621.226,776.0156,49.48258,
1742766094504,25.4761,1171,,Right,620.2219,776.0156,49.48257,
1742766094504,25.4761,1171,,Center,620.7239,776.0156,49.48258,
1742766094531,25.50574,1172,,Left,584.754,780.7258,49.0895,
1742766094531,25.50574,1172,,Right,583.7418,780.7258,49.0895,
1742766094531,25.50574,1172,,Center,584.2479,780.7258,49.0895,
1742766094559,25.53153,1173,,Left,544.8521,775.1764,48.51953,
1742766094559,25.53153,1173,,Right,543.8281,775.1764,48.51953,
1742766094559,25.53153,1173,,Center,544.3401,775.1764,48.51953,
1742766094590,25.55874,1174,,Left,568.2161,774.3203,48.86328,
1742766094590,25.55874,1174,,Right,567.1993,774.3203,48.86327,
1742766094590,25.55874,1174,,Center,567.7078,774.3203,48.86328,
1742766094618,25.58948,1175,,Left,578.9067,771.1031,49.0042,
1742766094618,25.58948,1175,,Right,577.8928,771.1031,49.0042,
1742766094618,25.58948,1175,,Center,578.3997,771.1031,49.00421,
1742766094647,25.61836,1176,,Left,621.5582,765.3699,49.47181,
1742766094647,25.61836,1176,,Right,620.5539,765.3699,49.47181,
1742766094647,25.61836,1176,,Center,621.056,765.3699,49.47181,
1742766094678,25.64677,1177,,Left,627.609,744.6358,49.45572,
1742766094678,25.64677,1177,,Right,626.6044,744.6358,49.45571,
1742766094678,25.64677,1177,,Center,627.1069,744.6358,49.45571,
1742766094709,25.67783,1178,,Left,605.9081,742.6814,49.23713,
1742766094709,25.67783,1178,,Right,604.899,742.6814,49.23713,
1742766094709,25.67783,1178,,Center,605.4036,742.6814,49.23712,
1742766094735,25.70902,1179,Eye Hit,Left,492.5163,717.6194,47.39239,Truck1-Detailed
1742766094735,25.70902,1179,Eye Hit,Right,491.4679,717.6194,47.39239,Truck1-Detailed
1742766094735,25.70902,1179,Eye Hit,Center,491.9921,717.6194,47.39239,Truck1-Detailed
1742766094763,25.73446,1180,Eye Hit,Left,479.8751,707.5169,47.08357,RoadWest
1742766094763,25.73446,1180,Eye Hit,Right,478.8199,707.5169,47.08357,RoadWest
1742766094763,25.73446,1180,Eye Hit,Center,479.3474,707.5169,47.08357,RoadWest
1742766094792,25.76374,1181,Eye Hit,Left,482.7502,705.9802,47.1301,RoadWest
1742766094792,25.76374,1181,Eye Hit,Right,481.696,705.9802,47.1301,RoadWest
1742766094792,25.76374,1181,Eye Hit,Center,482.2232,705.9802,47.1301,RoadWest
1742766094821,25.79141,1182,Eye Hit,Left,491.76,702.8146,47.28287,RoadWest
1742766094821,25.79141,1182,Eye Hit,Right,490.7092,702.8146,47.28287,RoadWest
1742766094821,25.79141,1182,Eye Hit,Center,491.2346,702.8146,47.28288,RoadWest
1742766094847,25.82143,1183,Eye Hit,Left,505.0115,701.8232,47.52143,RoadWest
1742766094847,25.82143,1183,Eye Hit,Right,503.966,701.8232,47.52143,RoadWest
1742766094847,25.82143,1183,Eye Hit,Center,504.4887,701.8232,47.52143,RoadWest
1742766094875,25.84681,1184,Eye Hit,Left,520.7173,695.1398,47.74428,RoadWest
1742766094875,25.84681,1184,Eye Hit,Right,519.6766,695.1398,47.74428,RoadWest
1742766094875,25.84681,1184,Eye Hit,Center,520.1971,695.1398,47.74427,RoadWest
1742766094903,25.87457,1185,Eye Hit,Left,525.7503,696.3366,47.8397,MicroBus4-Detailed
1742766094903,25.87457,1185,Eye Hit,Right,524.7117,696.3366,47.8397,MicroBus4-Detailed
1742766094903,25.87457,1185,Eye Hit,Center,525.231,696.3366,47.8397,MicroBus4-Detailed
1742766094920,25.90227,1186,Eye Hit,Left,524.2056,697.8174,47.82501,MicroBus4-Detailed
1742766094920,25.90227,1186,Eye Hit,Right,523.1667,697.8174,47.82501,MicroBus4-Detailed
1742766094920,25.90227,1186,Eye Hit,Center,523.6862,697.8174,47.82501,MicroBus4-Detailed
1742766094943,25.91972,1187,Eye Hit,Left,527.804,695.9626,47.87335,MicroBus4-Detailed
1742766094943,25.91972,1187,Eye Hit,Right,526.7662,695.9626,47.87335,MicroBus4-Detailed
1742766094943,25.91972,1187,Eye Hit,Center,527.285,695.9626,47.87335,MicroBus4-Detailed
1742766094963,25.94304,1188,Eye Hit,Left,532.9608,695.2743,47.95071,MicroBus4-Detailed
1742766094963,25.94304,1188,Eye Hit,Right,531.9246,695.2743,47.95071,MicroBus4-Detailed
1742766094963,25.94304,1188,Eye Hit,Center,532.4426,695.2743,47.95071,MicroBus4-Detailed
1742766094986,25.96225,1189,Eye Hit,Left,526.1161,690.2874,47.79758,RoadWest
1742766094986,25.96225,1189,Eye Hit,Right,525.0766,690.2874,47.79758,RoadWest
1742766094986,25.96225,1189,Eye Hit,Center,525.5965,690.2874,47.79758,RoadWest
1742766095003,25.98477,1190,Eye Hit,Left,525.3546,689.7288,47.78236,RoadWest
1742766095003,25.98477,1190,Eye Hit,Right,524.3149,689.7288,47.78236,RoadWest
1742766095003,25.98477,1190,Eye Hit,Center,524.8347,689.7288,47.78236,RoadWest
1742766095027,26.00244,1191,Eye Hit,Left,516.1003,690.9949,47.63706,RoadWest
1742766095027,26.00244,1191,Eye Hit,Right,515.0574,690.9949,47.63706,RoadWest
1742766095027,26.00244,1191,Eye Hit,Center,515.5789,690.9949,47.63707,RoadWest
1742766095045,26.02646,1192,,Left,503.5332,697.4165,47.46584,
1742766095045,26.02646,1192,,Right,502.4864,697.4164,47.46584,
1742766095045,26.02646,1192,,Center,503.0098,697.4165,47.46584,
1742766095069,26.04425,1193,,Left,504.3839,697.8965,47.49039,
1742766095069,26.04425,1193,,Right,503.3378,697.8965,47.4904,
1742766095069,26.04425,1193,,Center,503.8609,697.8965,47.4904,
1742766095087,26.0683,1194,,Left,501.8862,700.0206,47.45918,
1742766095087,26.0683,1194,,Right,500.8394,700.0206,47.45918,
1742766095087,26.0683,1194,,Center,501.363,700.0206,47.45918,
1742766095111,26.08636,1195,Eye Hit,Left,500.4963,700.7176,47.44463,Sedan3-Detailed
1742766095111,26.08636,1195,Eye Hit,Right,499.4491,700.7176,47.44462,Sedan3-Detailed
1742766095111,26.08636,1195,Eye Hit,Center,499.9728,700.7176,47.44463,Sedan3-Detailed
1742766095128,26.11035,1196,Eye Hit,Left,500.4295,699.2833,47.4294,Sedan3-Detailed
1742766095128,26.11035,1196,Eye Hit,Right,499.382,699.2833,47.4294,Sedan3-Detailed
1742766095128,26.11035,1196,Eye Hit,Center,499.9057,699.2833,47.4294,Sedan3-Detailed
1742766095167,26.14525,1198,Eye Hit,Left,501.2996,692.2818,47.39093,Sedan3-Detailed
1742766095167,26.14525,1198,Eye Hit,Right,500.2512,692.2818,47.39094,Sedan3-Detailed
1742766095167,26.14525,1198,Eye Hit,Center,500.7754,692.2818,47.39094,Sedan3-Detailed
1742766095184,26.16537,1199,Eye Hit,Left,501.5682,690.5172,47.37718,RoadWest
1742766095184,26.16537,1199,Eye Hit,Right,500.5195,690.5172,47.37718,RoadWest
1742766095184,26.16537,1199,Eye Hit,Center,501.0439,690.5172,47.37718,RoadWest
1742766095208,26.18381,1200,Eye Hit,Left,498.8231,689.8796,47.32655,RoadWest
1742766095208,26.18381,1200,Eye Hit,Right,497.7732,689.8796,47.32654,RoadWest
1742766095208,26.18381,1200,Eye Hit,Center,498.2981,689.8796,47.32655,RoadWest
1742766095226,26.20787,1201,Eye Hit,Left,499.4254,691.2078,47.34443,Sedan3-Detailed
1742766095226,26.20787,1201,Eye Hit,Right,498.376,691.2078,47.34443,Sedan3-Detailed
1742766095226,26.20787,1201,Eye Hit,Center,498.9007,691.2078,47.34443,Sedan3-Detailed
1742766095250,26.22571,1202,Eye Hit,Left,491.3286,698.1578,47.24805,Sedan3-Detailed
1742766095250,26.22571,1202,Eye Hit,Right,490.2771,698.1578,47.24805,Sedan3-Detailed
1742766095250,26.22571,1202,Eye Hit,Center,490.803,698.1578,47.24805,Sedan3-Detailed
1742766095268,26.24982,1203,Eye Hit,Left,491.5859,697.3373,47.24859,Sedan3-Detailed
1742766095268,26.24982,1203,Eye Hit,Right,490.5344,697.3373,47.24859,Sedan3-Detailed
1742766095268,26.24982,1203,Eye Hit,Center,491.0602,697.3373,47.24859,Sedan3-Detailed
1742766095291,26.26788,1204,Eye Hit,Left,493.8952,696.586,47.28358,Sedan3-Detailed
1742766095291,26.26788,1204,Eye Hit,Right,492.8445,696.586,47.28358,Sedan3-Detailed
1742766095291,26.26788,1204,Eye Hit,Center,493.3698,696.586,47.28358,Sedan3-Detailed
1742766095309,26.29074,1205,Eye Hit,Left,493.7536,685.2014,47.18134,RoadWest
1742766095309,26.29074,1205,Eye Hit,Right,492.7005,685.2014,47.18134,RoadWest
1742766095309,26.29074,1205,Eye Hit,Center,493.227,685.2014,47.18133,RoadWest
1742766095333,26.30823,1206,Eye Hit,Left,492.4171,683.5269,47.14418,RoadWest
1742766095333,26.30823,1206,Eye Hit,Right,491.3633,683.5269,47.14419,RoadWest
1742766095333,26.30823,1206,Eye Hit,Center,491.8902,683.5269,47.14418,RoadWest
1742766095352,26.332,1207,Eye Hit,Left,477.1151,569.5901,45.39968,SouthSidewalk
1742766095352,26.332,1207,Eye Hit,Right,476.0208,569.5901,45.39968,SouthSidewalk
1742766095352,26.332,1207,Eye Hit,Center,476.5679,569.5901,45.39968,SouthSidewalk
1742766095367,26.35131,1208,Eye Hit,Left,476.4758,568.4307,45.37027,SouthSidewalk
1742766095367,26.35131,1208,Eye Hit,Right,475.3806,568.4307,45.37027,SouthSidewalk
1742766095367,26.35131,1208,Eye Hit,Center,475.9282,568.4307,45.37026,SouthSidewalk
1742766095406,26.38764,1210,Eye Hit,Left,482.2208,415.6104,42.42532,SouthSidewalk
1742766095406,26.38764,1210,Eye Hit,Right,481.0497,415.6104,42.42532,SouthSidewalk
1742766095406,26.38764,1210,Eye Hit,Center,481.6353,415.6104,42.42532,SouthSidewalk
1742766095430,26.40594,1211,Eye Hit,Left,480.5489,411.1054,42.29955,SouthSidewalk
1742766095430,26.40594,1211,Eye Hit,Right,479.3743,411.1054,42.29955,SouthSidewalk
1742766095430,26.40594,1211,Eye Hit,Center,479.9615,411.1054,42.29955,SouthSidewalk
1742766095449,26.42993,1212,Eye Hit,Left,482.0885,401.2539,42.09491,SouthSidewalk
1742766095449,26.42993,1212,Eye Hit,Right,480.9082,401.2539,42.09492,SouthSidewalk
1742766095449,26.42993,1212,Eye Hit,Center,481.4985,401.2539,42.09491,SouthSidewalk
1742766095472,26.44874,1213,Eye Hit,Left,480.3175,402.483,42.09701,SouthSidewalk
1742766095472,26.44874,1213,Eye Hit,Right,479.1374,402.483,42.097,SouthSidewalk
1742766095472,26.44874,1213,Eye Hit,Center,479.7274,402.483,42.097,SouthSidewalk
1742766095491,26.47216,1214,Eye Hit,Left,480.0945,397.3789,41.97521,SouthSidewalk
1742766095491,26.47216,1214,Eye Hit,Right,478.9108,397.3789,41.97521,SouthSidewalk
1742766095491,26.47216,1214,Eye Hit,Center,479.5027,397.3789,41.97522,SouthSidewalk
1742766095514,26.49086,1215,Eye Hit,Left,475.7187,397.525,41.91458,SouthSidewalk
1742766095514,26.49086,1215,Eye Hit,Right,474.5332,397.525,41.91458,SouthSidewalk
1742766095514,26.49086,1215,Eye Hit,Center,475.126,397.525,41.91458,SouthSidewalk
1742766095533,26.51398,1216,Eye Hit,Left,472.3966,398.3677,41.88482,SouthSidewalk
1742766095533,26.51398,1216,Eye Hit,Right,471.2103,398.3677,41.88482,SouthSidewalk
1742766095533,26.51398,1216,Eye Hit,Center,471.8034,398.3677,41.88482,SouthSidewalk
1742766095556,26.53354,1217,Eye Hit,Left,453.2178,395.436,41.53643,SouthSidewalk
1742766095556,26.53354,1217,Eye Hit,Right,452.0217,395.436,41.53642,SouthSidewalk
1742766095556,26.53354,1217,Eye Hit,Center,452.6197,395.436,41.53643,SouthSidewalk
1742766095576,26.55548,1218,Eye Hit,Left,446.0939,395.4186,41.42831,SouthSidewalk
1742766095576,26.55548,1218,Eye Hit,Right,444.8946,395.4186,41.42831,SouthSidewalk
1742766095576,26.55548,1218,Eye Hit,Center,445.4942,395.4186,41.42831,SouthSidewalk
1742766095598,26.57594,1219,Eye Hit,Left,441.0418,395.8576,41.35629,SouthSidewalk
1742766095598,26.57594,1219,Eye Hit,Right,439.8405,395.8576,41.35629,SouthSidewalk
1742766095598,26.57594,1219,Eye Hit,Center,440.4411,395.8576,41.35629,SouthSidewalk
1742766095626,26.59803,1220,Eye Hit,Left,445.1027,393.1977,41.35757,SouthSidewalk
1742766095626,26.59803,1220,Eye Hit,Right,443.9014,393.1977,41.35757,SouthSidewalk
1742766095626,26.59803,1220,Eye Hit,Center,444.502,393.1977,41.35757,SouthSidewalk
1742766095654,26.62571,1221,Eye Hit,Left,416.6588,387.5186,40.78643,SouthSidewalk
1742766095654,26.62571,1221,Eye Hit,Right,415.4406,387.5186,40.78643,SouthSidewalk
1742766095654,26.62571,1221,Eye Hit,Center,416.0497,387.5186,40.78643,SouthSidewalk
1742766095682,26.65314,1222,Eye Hit,Left,413.0287,384.6641,40.66077,SouthSidewalk
1742766095682,26.65314,1222,Eye Hit,Right,411.8068,384.6641,40.66077,SouthSidewalk
1742766095682,26.65314,1222,Eye Hit,Center,412.4178,384.6641,40.66077,SouthSidewalk
1742766095709,26.68197,1223,Eye Hit,Left,387.9159,375.9298,40.06077,SouthSidewalk
1742766095709,26.68197,1223,Eye Hit,Right,386.6757,375.9299,40.06077,SouthSidewalk
1742766095709,26.68197,1223,Eye Hit,Center,387.2958,375.9299,40.06076,SouthSidewalk
1742766095738,26.70945,1224,Eye Hit,Left,385.3046,372.199,39.93707,SouthSidewalk
1742766095738,26.70945,1224,Eye Hit,Right,384.0605,372.199,39.93707,SouthSidewalk
1742766095738,26.70945,1224,Eye Hit,Center,384.6825,372.199,39.93707,SouthSidewalk
1742766095765,26.73936,1225,Eye Hit,Left,383.24,370.4487,39.86454,SouthSidewalk
1742766095765,26.73936,1225,Eye Hit,Right,381.9937,370.4487,39.86454,SouthSidewalk
1742766095765,26.73936,1225,Eye Hit,Center,382.6169,370.4487,39.86454,SouthSidewalk
1742766095795,26.76468,1226,Eye Hit,Left,382.9355,390.8459,40.2823,SouthSidewalk
1742766095795,26.76468,1226,Eye Hit,Right,381.7021,390.8459,40.28229,SouthSidewalk
1742766095795,26.76468,1226,Eye Hit,Center,382.3188,390.8459,40.28229,SouthSidewalk
1742766095822,26.79515,1227,Eye Hit,Left,420.4827,588.1664,44.54678,RoadWest
1742766095822,26.79515,1227,Eye Hit,Right,419.3675,588.1664,44.54678,RoadWest
1742766095822,26.79515,1227,Eye Hit,Center,419.9251,588.1664,44.54678,RoadWest
1742766095849,26.82286,1228,Eye Hit,Left,417.3701,586.1805,44.44604,RoadWest
1742766095849,26.82286,1228,Eye Hit,Right,416.2522,586.1805,44.44604,RoadWest
1742766095849,26.82286,1228,Eye Hit,Center,416.8112,586.1805,44.44604,RoadWest
1742766095876,26.84936,1229,Eye Hit,Left,424.8826,685.4977,45.7225,Sedan3-Detailed
1742766095876,26.84936,1229,Eye Hit,Right,423.796,685.4977,45.7225,Sedan3-Detailed
1742766095876,26.84936,1229,Eye Hit,Center,424.3394,685.4977,45.7225,Sedan3-Detailed
1742766095904,26.87588,1230,Eye Hit,Left,430.0331,696.3796,45.92168,Sedan3-Detailed
1742766095904,26.87588,1230,Eye Hit,Right,428.9512,696.3796,45.92168,Sedan3-Detailed
1742766095904,26.87588,1230,Eye Hit,Center,429.4922,696.3796,45.92168,Sedan3-Detailed
1742766095931,26.90544,1231,Eye Hit,Left,421.8204,696.6423,45.74558,Sedan3-Detailed
1742766095931,26.90544,1231,Eye Hit,Right,420.7343,696.6423,45.74559,Sedan3-Detailed
1742766095931,26.90544,1231,Eye Hit,Center,421.2774,696.6423,45.74559,Sedan3-Detailed
1742766095960,26.93175,1232,Eye Hit,Left,424.6296,688.2752,45.74896,Sedan3-Detailed
1742766095960,26.93175,1232,Eye Hit,Right,423.5436,688.2752,45.74896,Sedan3-Detailed
1742766095960,26.93175,1232,Eye Hit,Center,424.0866,688.2752,45.74896,Sedan3-Detailed
1742766095989,26.96024,1233,Eye Hit,Left,418.4231,686.7518,45.60209,Sedan3-Detailed
1742766095989,26.96024,1233,Eye Hit,Right,417.3336,686.7518,45.60209,Sedan3-Detailed
1742766095989,26.96024,1233,Eye Hit,Center,417.8784,686.7518,45.60208,Sedan3-Detailed
1742766096016,26.98943,1234,Eye Hit,Left,411.0272,686.4034,45.42777,Sedan3-Detailed
1742766096016,26.98943,1234,Eye Hit,Right,409.9335,686.4034,45.42777,Sedan3-Detailed
1742766096016,26.98943,1234,Eye Hit,Center,410.4803,686.4034,45.42777,Sedan3-Detailed
1742766096044,27.01654,1235,Eye Hit,Left,403.0709,692.7429,45.29683,Sedan3-Detailed
1742766096044,27.01654,1235,Eye Hit,Right,401.974,692.7429,45.29683,Sedan3-Detailed
1742766096044,27.01654,1235,Eye Hit,Center,402.5224,692.7429,45.29684,Sedan3-Detailed
1742766096073,27.04363,1236,Eye Hit,Left,400.4301,693.7074,45.24596,Sedan3-Detailed
1742766096073,27.04363,1236,Eye Hit,Right,399.332,693.7074,45.24596,Sedan3-Detailed
1742766096073,27.04363,1236,Eye Hit,Center,399.881,693.7074,45.24596,Sedan3-Detailed
1742766096100,27.07325,1237,Eye Hit,Left,401.0165,700.3034,45.30806,Sedan3-Detailed
1742766096100,27.07325,1237,Eye Hit,Right,399.92,700.3034,45.30806,Sedan3-Detailed
1742766096100,27.07325,1237,Eye Hit,Center,400.4683,700.3034,45.30806,Sedan3-Detailed
1742766096128,27.10035,1238,Eye Hit,Left,395.9031,695.3939,45.15812,Sedan3-Detailed
1742766096128,27.10035,1238,Eye Hit,Right,394.8029,695.3939,45.15812,Sedan3-Detailed
1742766096128,27.10035,1238,Eye Hit,Center,395.3531,695.3939,45.15812,Sedan3-Detailed
1742766096155,27.12741,1239,Eye Hit,Left,390.1152,685.9237,44.95607,Sedan3-Detailed
1742766096155,27.12741,1239,Eye Hit,Right,389.0101,685.9237,44.95607,Sedan3-Detailed
1742766096155,27.12741,1239,Eye Hit,Center,389.5629,685.9237,44.95607,Sedan3-Detailed
1742766096184,27.15452,1240,Eye Hit,Left,383.7507,686.9711,44.81197,Sedan3-Detailed
1742766096184,27.15452,1240,Eye Hit,Right,382.642,686.9711,44.81197,Sedan3-Detailed
1742766096184,27.15452,1240,Eye Hit,Center,383.1965,686.9711,44.81197,Sedan3-Detailed
1742766096210,27.18395,1241,Eye Hit,Left,376.7632,687.0153,44.64874,Sedan3-Detailed
1742766096210,27.18395,1241,Eye Hit,Right,375.6504,687.0153,44.64874,Sedan3-Detailed
1742766096210,27.18395,1241,Eye Hit,Center,376.2068,687.0153,44.64874,Sedan3-Detailed
1742766096239,27.21115,1242,Eye Hit,Left,357.5634,686.9907,44.18708,Sedan3-Detailed
1742766096239,27.21115,1242,Eye Hit,Right,356.439,686.9907,44.18708,Sedan3-Detailed
1742766096239,27.21115,1242,Eye Hit,Center,357.0012,686.9907,44.18708,Sedan3-Detailed
1742766096266,27.2396,1243,Eye Hit,Left,340.5454,693.5674,43.81359,Sedan3-Detailed
1742766096266,27.2396,1243,Eye Hit,Right,339.4114,693.5674,43.81358,Sedan3-Detailed
1742766096266,27.2396,1243,Eye Hit,Center,339.9784,693.5674,43.81359,Sedan3-Detailed
1742766096294,27.26662,1244,Eye Hit,Left,324.886,697.5452,43.44676,Sedan3-Detailed
1742766096294,27.26662,1244,Eye Hit,Right,323.7424,697.5452,43.44676,Sedan3-Detailed
1742766096294,27.26662,1244,Eye Hit,Center,324.3142,697.5452,43.44676,Sedan3-Detailed
1742766096322,27.29421,1245,,Left,374.5319,703.7848,44.71483,
1742766096322,27.29421,1245,,Right,373.4207,703.7848,44.71483,
1742766096322,27.29421,1245,,Center,373.9763,703.7848,44.71483,
1742766096350,27.32318,1246,,Left,324.8188,703.8513,43.48001,
1742766096350,27.32318,1246,,Right,323.6761,703.8513,43.48001,
1742766096350,27.32318,1246,,Center,324.2475,703.8513,43.48002,
1742766096378,27.35256,1247,Eye Hit,Left,485.1906,695.6757,47.0661,MicroBus1-Detailed
1742766096378,27.35256,1247,Eye Hit,Right,484.1349,695.6757,47.0661,MicroBus1-Detailed
1742766096378,27.35256,1247,Eye Hit,Center,484.6626,695.6757,47.06611,MicroBus1-Detailed
1742766096406,27.37896,1248,,Left,639.8936,694.3315,49.15716,
1742766096406,27.37896,1248,,Right,638.8829,694.3315,49.15716,
1742766096406,27.37896,1248,,Center,639.3882,694.3315,49.15716,
1742766096432,27.40708,1249,,Left,732.8178,702.1649,49.50671,
1742766096432,27.40708,1249,,Right,731.8143,702.1649,49.50671,
1742766096432,27.40708,1249,,Center,732.316,702.1649,49.50671,
1742766096458,27.43278,1250,Eye Hit,Left,805.6608,710.6141,49.22821,NorthSidewalk
1742766096458,27.43278,1250,Eye Hit,Right,804.6516,710.6141,49.2282,NorthSidewalk
1742766096458,27.43278,1250,Eye Hit,Center,805.1561,710.6141,49.22821,NorthSidewalk
1742766096497,27.4591,1251,Eye Hit,Left,809.1212,716.3781,49.22691,NorthSidewalk
1742766096497,27.4591,1251,Eye Hit,Right,808.1119,716.3781,49.22692,NorthSidewalk
1742766096497,27.4591,1251,Eye Hit,Center,808.6165,716.3781,49.22692,NorthSidewalk
1742766096536,27.49954,1252,Eye Hit,Left,800.5378,692.673,49.09,NorthSidewalk
1742766096536,27.49954,1252,Eye Hit,Right,799.5258,692.673,49.08999,NorthSidewalk
1742766096536,27.49954,1252,Eye Hit,Center,800.0319,692.673,49.08999,NorthSidewalk
1742766096564,27.53732,1253,Eye Hit,Left,772.5157,683.1955,49.17679,NorthSidewalk
1742766096564,27.53732,1253,Eye Hit,Right,771.5054,683.1955,49.1768,NorthSidewalk
1742766096564,27.53732,1253,Eye Hit,Center,772.0106,683.1955,49.17679,NorthSidewalk
1742766096591,27.56466,1254,Eye Hit,Left,684.5955,678.5759,49.20508,NorthSidewalk
1742766096591,27.56466,1254,Eye Hit,Right,683.5858,678.5759,49.20507,NorthSidewalk
1742766096591,27.56466,1254,Eye Hit,Center,684.0906,678.5759,49.20508,NorthSidewalk
1742766096622,27.59191,1255,Eye Hit,Left,646.1264,668.8148,48.90641,NorthSidewalk
1742766096622,27.59191,1255,Eye Hit,Right,645.1105,668.8148,48.90641,NorthSidewalk
1742766096622,27.59191,1255,Eye Hit,Center,645.6184,668.8148,48.90641,NorthSidewalk
1742766096651,27.62303,1256,Eye Hit,Left,599.5435,664.3074,48.42037,NorthSidewalk
1742766096651,27.62303,1256,Eye Hit,Right,598.5175,664.3074,48.42037,NorthSidewalk
1742766096651,27.62303,1256,Eye Hit,Center,599.0305,664.3074,48.42037,NorthSidewalk
1742766096679,27.65218,1257,Eye Hit,Left,572.2994,666.3208,48.12212,NorthSidewalk
1742766096679,27.65218,1257,Eye Hit,Right,571.2669,666.3208,48.12212,NorthSidewalk
1742766096679,27.65218,1257,Eye Hit,Center,571.7831,666.3208,48.12212,NorthSidewalk
1742766096707,27.68003,1258,Eye Hit,Left,596.7964,670.3851,48.4631,NorthSidewalk
1742766096707,27.68003,1258,Eye Hit,Right,595.7712,670.3851,48.4631,NorthSidewalk
1742766096707,27.68003,1258,Eye Hit,Center,596.2838,670.3851,48.4631,NorthSidewalk
1742766096737,27.70856,1259,Eye Hit,Left,658.4041,675.3786,49.04165,NorthSidewalk
1742766096737,27.70856,1259,Eye Hit,Right,657.391,675.3786,49.04165,NorthSidewalk
1742766096737,27.70856,1259,Eye Hit,Center,657.8976,675.3786,49.04164,NorthSidewalk
1742766096763,27.73736,1260,Eye Hit,Left,690.8572,669.4982,49.12027,NorthSidewalk
1742766096763,27.73736,1260,Eye Hit,Right,689.8456,669.4982,49.12027,NorthSidewalk
1742766096763,27.73736,1260,Eye Hit,Center,690.3514,669.4982,49.12027,NorthSidewalk
1742766096793,27.76467,1261,Eye Hit,Left,664.8099,673.5699,49.06765,NorthSidewalk
1742766096793,27.76467,1261,Eye Hit,Right,663.7974,673.5699,49.06765,NorthSidewalk
1742766096793,27.76467,1261,Eye Hit,Center,664.3036,673.5699,49.06765,NorthSidewalk
1742766096820,27.79403,1262,Eye Hit,Left,652.2255,682.638,49.09536,NorthSidewalk
1742766096820,27.79403,1262,Eye Hit,Right,651.2135,682.638,49.09536,NorthSidewalk
1742766096820,27.79403,1262,Eye Hit,Center,651.7195,682.638,49.09536,NorthSidewalk
1742766096848,27.81958,1263,Eye Hit,Left,650.4878,682.9418,49.06196,NorthSidewalk
1742766096848,27.81958,1263,Eye Hit,Right,649.4751,682.9418,49.06196,NorthSidewalk
1742766096848,27.81958,1263,Eye Hit,Center,649.9814,682.9418,49.06196,NorthSidewalk
1742766096877,27.84925,1264,Eye Hit,Left,630.1863,674.7206,48.82979,NorthSidewalk
1742766096877,27.84925,1264,Eye Hit,Right,629.1687,674.7206,48.82979,NorthSidewalk
1742766096877,27.84925,1264,Eye Hit,Center,629.6775,674.7206,48.82979,NorthSidewalk
1742766096905,27.87789,1265,Eye Hit,Left,618.4731,665.8287,48.63246,NorthSidewalk
1742766096905,27.87789,1265,Eye Hit,Right,617.4515,665.8287,48.63246,NorthSidewalk
1742766096905,27.87789,1265,Eye Hit,Center,617.9624,665.8287,48.63246,NorthSidewalk
1742766096932,27.90638,1266,Eye Hit,Left,524.5627,531.2725,45.37977,RoadCrosswalk
1742766096932,27.90638,1266,Eye Hit,Right,523.4679,531.2725,45.37977,RoadCrosswalk
1742766096932,27.90638,1266,Eye Hit,Center,524.0153,531.2725,45.37977,RoadCrosswalk
1742766096961,27.93304,1267,Eye Hit,Left,494.6454,461.2724,43.5218,RoadCrosswalk
1742766096961,27.93304,1267,Eye Hit,Right,493.5038,461.2724,43.5218,RoadCrosswalk
1742766096961,27.93304,1267,Eye Hit,Center,494.0746,461.2724,43.5218,RoadCrosswalk
1742766096988,27.96139,1268,Eye Hit,Left,499.5364,451.6503,43.38684,RoadCrosswalk
1742766096988,27.96139,1268,Eye Hit,Right,498.3913,451.6503,43.38684,RoadCrosswalk
1742766096988,27.96139,1268,Eye Hit,Center,498.9638,451.6503,43.38684,RoadCrosswalk
1742766097018,27.98973,1269,Eye Hit,Left,498.6063,445.6231,43.21934,RoadCrosswalk
1742766097018,27.98973,1269,Eye Hit,Right,497.4566,445.6231,43.21934,RoadCrosswalk
1742766097018,27.98973,1269,Eye Hit,Center,498.0315,445.6232,43.21934,RoadCrosswalk
1742766097045,28.02016,1270,Eye Hit,Left,521.9237,442.2629,43.46066,RoadCrosswalk
1742766097045,28.02016,1270,Eye Hit,Right,520.7805,442.2629,43.46066,RoadCrosswalk
1742766097045,28.02016,1270,Eye Hit,Center,521.3521,442.2629,43.46066,RoadCrosswalk
1742766097072,28.04594,1271,Eye Hit,Left,543.2257,435.2252,43.56231,RoadCrosswalk
1742766097072,28.04594,1271,Eye Hit,Right,542.0851,435.2252,43.56231,RoadCrosswalk
1742766097072,28.04594,1271,Eye Hit,Center,542.6555,435.2252,43.56231,RoadCrosswalk
1742766097098,28.07339,1272,Eye Hit,Left,562.2373,435.6786,43.78611,RoadCrosswalk
1742766097098,28.07339,1272,Eye Hit,Right,561.1026,435.6786,43.7861,RoadCrosswalk
1742766097098,28.07339,1272,Eye Hit,Center,561.67,435.6786,43.7861,RoadCrosswalk
1742766097126,28.0983,1273,Eye Hit,Left,564.3763,446.0448,44.0569,RoadCrosswalk
1742766097126,28.0983,1273,Eye Hit,Right,563.2485,446.0448,44.0569,RoadCrosswalk
1742766097126,28.0983,1273,Eye Hit,Center,563.8124,446.0448,44.0569,RoadCrosswalk
1742766097157,28.12634,1274,Eye Hit,Left,577.821,450.0734,44.29329,RoadCrosswalk
1742766097157,28.12634,1274,Eye Hit,Right,576.6993,450.0734,44.29328,RoadCrosswalk
1742766097157,28.12634,1274,Eye Hit,Center,577.2602,450.0734,44.29329,RoadCrosswalk
1742766097183,28.15855,1275,Eye Hit,Left,584.2903,457.8882,44.5184,RoadCrosswalk
1742766097183,28.15855,1275,Eye Hit,Right,583.1742,457.8882,44.5184,RoadCrosswalk
1742766097183,28.15855,1275,Eye Hit,Center,583.7322,457.8882,44.5184,RoadCrosswalk
1742766097210,28.18365,1276,Eye Hit,Left,588.8682,464.3835,44.71792,RoadCrosswalk
1742766097210,28.18365,1276,Eye Hit,Right,587.7572,464.3835,44.71792,RoadCrosswalk
1742766097210,28.18365,1276,Eye Hit,Center,588.3127,464.3835,44.71792,RoadCrosswalk
1742766097238,28.21059,1277,Eye Hit,Left,592.3074,462.1814,44.70522,RoadCrosswalk
1742766097238,28.21059,1277,Eye Hit,Right,591.1961,462.1814,44.70522,RoadCrosswalk
1742766097238,28.21059,1277,Eye Hit,Center,591.7518,462.1814,44.70522,RoadCrosswalk
1742766097265,28.23996,1278,Eye Hit,Left,486.2474,377.3394,41.52501,RoadCrosswalk
1742766097265,28.23996,1278,Eye Hit,Right,485.0508,377.3394,41.52501,RoadCrosswalk
1742766097265,28.23996,1278,Eye Hit,Center,485.6491,377.3394,41.52501,RoadCrosswalk
1742766097293,28.26586,1279,Eye Hit,Left,462.7888,328.0171,40.07048,RoadCrosswalk
1742766097293,28.26586,1279,Eye Hit,Right,461.5489,328.0171,40.07048,RoadCrosswalk
1742766097293,28.26586,1279,Eye Hit,Center,462.1688,328.0171,40.07048,RoadCrosswalk
1742766097323,28.29336,1280,Eye Hit,Left,456.31,325.0113,39.91988,RoadCrosswalk
1742766097323,28.29336,1280,Eye Hit,Right,455.0654,325.0113,39.91988,RoadCrosswalk
1742766097323,28.29336,1280,Eye Hit,Center,455.6877,325.0113,39.91988,RoadCrosswalk
1742766097352,28.32341,1281,Eye Hit,Left,457.5052,331.7563,40.07822,RoadCrosswalk
1742766097352,28.32341,1281,Eye Hit,Right,456.2655,331.7563,40.07821,RoadCrosswalk
1742766097352,28.32341,1281,Eye Hit,Center,456.8853,331.7563,40.07822,RoadCrosswalk
1742766097380,28.35247,1282,Eye Hit,Left,491.0102,338.2838,40.66089,RoadCrosswalk
1742766097380,28.35247,1282,Eye Hit,Right,489.7883,338.2838,40.66089,RoadCrosswalk
1742766097380,28.35247,1282,Eye Hit,Center,490.3992,338.2838,40.66089,RoadCrosswalk
1742766097409,28.37978,1283,Eye Hit,Left,518.3846,340.7655,41.03909,RoadCrosswalk
1742766097409,28.37978,1283,Eye Hit,Right,517.174,340.7655,41.03909,RoadCrosswalk
1742766097409,28.37978,1283,Eye Hit,Center,517.7792,340.7655,41.03908,RoadCrosswalk
1742766097438,28.40931,1284,Eye Hit,Left,553.9653,335.793,41.27512,RoadCrosswalk
1742766097438,28.40931,1284,Eye Hit,Right,552.7615,335.793,41.27512,RoadCrosswalk
1742766097438,28.40931,1284,Eye Hit,Center,553.3634,335.793,41.27511,RoadCrosswalk
1742766097462,28.43882,1285,Eye Hit,Left,562.4872,329.8554,41.20168,RoadCrosswalk
1742766097462,28.43882,1285,Eye Hit,Right,561.2813,329.8554,41.20168,RoadCrosswalk
1742766097462,28.43882,1285,Eye Hit,Center,561.8843,329.8554,41.20168,RoadCrosswalk
1742766097490,28.46201,1286,Eye Hit,Left,566.2675,334.7625,41.36087,RoadCrosswalk
1742766097490,28.46201,1286,Eye Hit,Right,565.0663,334.7626,41.36087,RoadCrosswalk
1742766097490,28.46201,1286,Eye Hit,Center,565.6669,334.7626,41.36087,RoadCrosswalk
1742766097517,28.48969,1287,Eye Hit,Left,568.4612,338.3247,41.45227,RoadCrosswalk
1742766097517,28.48969,1287,Eye Hit,Right,567.2626,338.3247,41.45227,RoadCrosswalk
1742766097517,28.48969,1287,Eye Hit,Center,567.8619,338.3247,41.45227,RoadCrosswalk
1742766097548,28.51747,1288,Eye Hit,Left,582.722,341.529,41.65281,RoadCrosswalk
1742766097548,28.51747,1288,Eye Hit,Right,581.5291,341.529,41.65281,RoadCrosswalk
1742766097548,28.51747,1288,Eye Hit,Center,582.1255,341.529,41.65281,RoadCrosswalk
1742766097574,28.5491,1289,Eye Hit,Left,595.7189,322.8103,41.27026,RoadCrosswalk
1742766097574,28.5491,1289,Eye Hit,Right,594.515,322.8103,41.27026,RoadCrosswalk
1742766097574,28.5491,1289,Eye Hit,Center,595.1169,322.8103,41.27026,RoadCrosswalk
1742766097600,28.57618,1290,Eye Hit,Left,600.1,319.9099,41.22954,RoadCrosswalk
1742766097600,28.57618,1290,Eye Hit,Right,598.895,319.9099,41.22954,RoadCrosswalk
1742766097600,28.57618,1290,Eye Hit,Center,599.4976,319.9099,41.22954,RoadCrosswalk
1742766097627,28.60054,1291,Eye Hit,Left,608.4598,310.6913,41.04693,RoadCrosswalk
1742766097627,28.60054,1291,Eye Hit,Right,607.2494,310.6913,41.04693,RoadCrosswalk
1742766097627,28.60054,1291,Eye Hit,Center,607.8546,310.6914,41.04693,RoadCrosswalk
1742766097653,28.62654,1292,Eye Hit,Left,592.7137,287.9789,40.35954,RoadCrosswalk
1742766097653,28.62654,1292,Eye Hit,Right,591.4827,287.9789,40.35955,RoadCrosswalk
1742766097653,28.62654,1292,Eye Hit,Center,592.0983,287.9789,40.35954,RoadCrosswalk
1742766097681,28.65359,1293,Eye Hit,Left,560.3458,257.1219,39.31733,RoadCrosswalk
1742766097681,28.65359,1293,Eye Hit,Right,559.082,257.1219,39.31733,RoadCrosswalk
1742766097681,28.65359,1293,Eye Hit,Center,559.7139,257.1219,39.31733,RoadCrosswalk
1742766097710,28.68184,1294,Eye Hit,Left,506.4715,258.38,38.88008,RoadCrosswalk
1742766097710,28.68184,1294,Eye Hit,Right,505.1936,258.38,38.88008,RoadCrosswalk
1742766097710,28.68184,1294,Eye Hit,Center,505.8326,258.38,38.88008,RoadCrosswalk
1742766097739,28.71043,1295,Eye Hit,Left,498.551,264.6188,38.95658,RoadCrosswalk
1742766097739,28.71043,1295,Eye Hit,Right,497.2756,264.6188,38.95657,RoadCrosswalk
1742766097739,28.71043,1295,Eye Hit,Center,497.9133,264.6188,38.95658,RoadCrosswalk
1742766097768,28.73964,1296,Eye Hit,Left,520.2049,456.9397,43.78685,RoadCrosswalk
1742766097768,28.73964,1296,Eye Hit,Right,519.0702,456.9397,43.78685,RoadCrosswalk
1742766097768,28.73964,1296,Eye Hit,Center,519.6375,456.9397,43.78685,RoadCrosswalk
1742766097796,28.76819,1297,Eye Hit,Left,504.9343,498.8636,44.46298,RoadCrosswalk
1742766097796,28.76819,1297,Eye Hit,Right,503.8169,498.8636,44.46297,RoadCrosswalk
1742766097796,28.76819,1297,Eye Hit,Center,504.3755,498.8636,44.46298,RoadCrosswalk
1742766097826,28.7999,1298,Eye Hit,Left,670.4932,577.2613,47.67191,NorthSidewalk
1742766097826,28.7999,1298,Eye Hit,Right,669.451,577.2613,47.67191,NorthSidewalk
1742766097826,28.7999,1298,Eye Hit,Center,669.9721,577.2613,47.67191,NorthSidewalk
1742766097854,28.82607,1299,Eye Hit,Left,617.0735,567.0786,47.11977,NorthSidewalk
1742766097854,28.82607,1299,Eye Hit,Right,616.0191,567.0786,47.11977,NorthSidewalk
1742766097854,28.82607,1299,Eye Hit,Center,616.5464,567.0786,47.11977,NorthSidewalk
1742766097880,28.85437,1300,,Left,813.1455,709.1071,49.13174,
1742766097880,28.85437,1300,,Right,812.1343,709.1071,49.13174,
1742766097880,28.85437,1300,,Center,812.6399,709.1071,49.13174,
1742766097907,28.88552,1301,,Left,839.3193,730.1852,49.02634,
1742766097907,28.88552,1301,,Right,838.3058,730.1852,49.02633,
1742766097907,28.88552,1301,,Center,838.8125,730.1852,49.02633,
1742766097933,28.90808,1302,,Left,894.6302,745.8178,48.38212,
1742766097933,28.90808,1302,,Right,893.6033,745.8178,48.38212,
1742766097933,28.90808,1302,,Center,894.1168,745.8178,48.38212,
1742766097962,28.93378,1303,,Left,924.4587,761.0834,47.95174,
1742766097962,28.93378,1303,,Right,923.4227,761.0834,47.95174,
1742766097962,28.93378,1303,,Center,923.9407,761.0834,47.95175,
1742766097987,28.9626,1304,,Left,884.0992,741.9116,48.54292,
1742766097987,28.9626,1304,,Right,883.0756,741.9116,48.54292,
1742766097987,28.9626,1304,,Center,883.5873,741.9116,48.54292,
1742766098015,28.9884,1305,,Left,864.5943,744.711,48.81149,
1742766098015,28.9884,1305,,Right,863.5764,744.711,48.81148,
1742766098015,28.9884,1305,,Center,864.0853,744.711,48.81148,
1742766098041,29.01559,1306,,Left,844.3226,736.7045,49.02994,
1742766098041,29.01559,1306,,Right,843.3093,736.7045,49.02994,
1742766098041,29.01559,1306,,Center,843.8161,736.7045,49.02994,
1742766098083,29.04355,1307,,Left,795.5945,716.9376,49.359,
1742766098083,29.04355,1307,,Right,794.5879,716.9376,49.359,
1742766098083,29.04355,1307,,Center,795.0912,716.9376,49.359,
1742766098123,29.08461,1308,,Left,779.0241,715.6842,49.45379,
1742766098123,29.08461,1308,,Right,778.0195,715.6842,49.45379,
1742766098123,29.08461,1308,,Center,778.5217,715.6842,49.45379,
1742766098166,29.12416,1309,,Left,793.1409,729.2953,49.45769,
1742766098166,29.12416,1309,,Right,792.1363,729.2953,49.45769,
1742766098166,29.12416,1309,,Center,792.6386,729.2953,49.45769,
1742766098207,29.16761,1310,Eye Hit,Left,983.7048,731.0792,46.72444,Car2-Detailed
1742766098207,29.16761,1310,Eye Hit,Right,982.6414,731.0792,46.72444,Car2-Detailed
1742766098207,29.16761,1310,Eye Hit,Center,983.1731,731.0792,46.72444,Car2-Detailed
1742766098234,29.20786,1311,Eye Hit,Left,985.8109,733.1251,46.69569,Car2-Detailed
1742766098234,29.20786,1311,Eye Hit,Right,984.7468,733.1251,46.69569,Car2-Detailed
1742766098234,29.20786,1311,Eye Hit,Center,985.2788,733.1251,46.69569,Car2-Detailed
1742766098261,29.23429,1312,Eye Hit,Left,978.8218,733.0171,46.84636,Car2-Detailed
1742766098261,29.23429,1312,Eye Hit,Right,977.7612,733.0171,46.84636,Car2-Detailed
1742766098261,29.23429,1312,Eye Hit,Center,978.2915,733.0171,46.84636,Car2-Detailed
1742766098294,29.26097,1313,Eye Hit,Left,977.5278,732.1581,46.87426,Car2-Detailed
1742766098294,29.26097,1313,Eye Hit,Right,976.4678,732.1581,46.87426,Car2-Detailed
1742766098294,29.26097,1313,Eye Hit,Center,976.9979,732.1581,46.87426,Car2-Detailed
1742766098323,29.29326,1314,Eye Hit,Left,972.0111,728.5225,46.96722,Car2-Detailed
1742766098323,29.29326,1314,Eye Hit,Right,970.9533,728.5225,46.96722,Car2-Detailed
1742766098323,29.29326,1314,Eye Hit,Center,971.4822,728.5225,46.96722,Car2-Detailed
1742766098352,29.32314,1315,Eye Hit,Left,968.1345,724.0833,47.02647,Car2-Detailed
1742766098352,29.32314,1315,Eye Hit,Right,967.0781,724.0833,47.02647,Car2-Detailed
1742766098352,29.32314,1315,Eye Hit,Center,967.6063,724.0833,47.02647,Car2-Detailed
1742766098381,29.35178,1316,Eye Hit,Left,961.446,726.3703,47.17519,Car2-Detailed
1742766098381,29.35178,1316,Eye Hit,Right,960.3928,726.3703,47.17519,Car2-Detailed
1742766098381,29.35178,1316,Eye Hit,Center,960.9194,726.3703,47.17519,Car2-Detailed
1742766098410,29.38063,1317,Eye Hit,Left,948.8988,733.5095,47.4571,Car2-Detailed
1742766098410,29.38063,1317,Eye Hit,Right,947.8518,733.5095,47.4571,Car2-Detailed
1742766098410,29.38063,1317,Eye Hit,Center,948.3753,733.5095,47.4571,Car2-Detailed
1742766098441,29.40966,1318,Eye Hit,Left,943.1978,742.538,47.60579,Car2-Detailed
1742766098441,29.40966,1318,Eye Hit,Right,942.1541,742.538,47.60579,Car2-Detailed
1742766098441,29.40966,1318,Eye Hit,Center,942.6759,742.538,47.60579,Car2-Detailed
1742766098465,29.44078,1319,Eye Hit,Left,946.2875,742.0396,47.54449,Car2-Detailed
1742766098465,29.44078,1319,Eye Hit,Right,945.2425,742.0396,47.54449,Car2-Detailed
1742766098465,29.44078,1319,Eye Hit,Center,945.7649,742.0396,47.54449,Car2-Detailed
1742766098494,29.46402,1320,Eye Hit,Left,954.3672,741.2981,47.38575,Car2-Detailed
1742766098494,29.46402,1320,Eye Hit,Right,953.3187,741.2981,47.38575,Car2-Detailed
1742766098494,29.46402,1320,Eye Hit,Center,953.843,741.2981,47.38574,Car2-Detailed
1742766098521,29.49335,1321,Eye Hit,Left,947.3113,730.2512,47.46622,Car2-Detailed
1742766098521,29.49335,1321,Eye Hit,Right,946.2646,730.2512,47.46622,Car2-Detailed
1742766098521,29.49335,1321,Eye Hit,Center,946.788,730.2512,47.46622,Car2-Detailed
1742766098550,29.52066,1322,Eye Hit,Left,950.0505,725.6746,47.38356,Car2-Detailed
1742766098550,29.52066,1322,Eye Hit,Right,949.002,725.6746,47.38356,Car2-Detailed
1742766098550,29.52066,1322,Eye Hit,Center,949.5262,725.6746,47.38356,Car2-Detailed
1742766098578,29.55038,1323,Eye Hit,Left,950.1108,731.7651,47.41299,Car2-Detailed
1742766098578,29.55038,1323,Eye Hit,Right,949.0629,731.7651,47.41299,Car2-Detailed
1742766098578,29.55038,1323,Eye Hit,Center,949.5869,731.7651,47.41299,Car2-Detailed
1742766098607,29.57811,1324,Eye Hit,Left,1025.531,749.2419,45.89134,Car2-Detailed
1742766098607,29.57811,1324,Eye Hit,Right,1024.448,749.2419,45.89134,Car2-Detailed
1742766098607,29.57811,1324,Eye Hit,Center,1024.99,749.2419,45.89134,Car2-Detailed
1742766098635,29.60839,1325,Eye Hit,Left,1030.837,764.0304,45.80766,Car2-Detailed
1742766098635,29.60839,1325,Eye Hit,Right,1029.752,764.0304,45.80766,Car2-Detailed
1742766098635,29.60839,1325,Eye Hit,Center,1030.295,764.0304,45.80766,Car2-Detailed
1742766098660,29.63531,1326,Eye Hit,Left,1028.179,770.1003,45.88076,Car2-Detailed
1742766098660,29.63531,1326,Eye Hit,Right,1027.096,770.1003,45.88076,Car2-Detailed
1742766098660,29.63531,1326,Eye Hit,Center,1027.637,770.1003,45.88076,Car2-Detailed
1742766098678,29.661,1327,Eye Hit,Left,1027.235,768.2901,45.90204,Car2-Detailed
1742766098678,29.661,1327,Eye Hit,Right,1026.153,768.2901,45.90203,Car2-Detailed
1742766098678,29.661,1327,Eye Hit,Center,1026.694,768.2901,45.90204,Car2-Detailed
1742766098704,29.67785,1328,Eye Hit,Left,1028.094,767.5098,45.87678,Car2-Detailed
1742766098704,29.67785,1328,Eye Hit,Right,1027.011,767.5098,45.87679,Car2-Detailed
1742766098704,29.67785,1328,Eye Hit,Center,1027.553,767.5098,45.87678,Car2-Detailed
1742766098732,29.7034,1329,Eye Hit,Left,1037.644,759.8587,45.63783,Car2-Detailed
1742766098732,29.7034,1329,Eye Hit,Right,1036.555,759.8587,45.63782,Car2-Detailed
1742766098732,29.7034,1329,Eye Hit,Center,1037.099,759.8587,45.63783,Car2-Detailed
1742766098760,29.73177,1330,Eye Hit,Left,1037.032,761.6042,45.65596,Car2-Detailed
1742766098760,29.73177,1330,Eye Hit,Right,1035.944,761.6042,45.65596,Car2-Detailed
1742766098760,29.73177,1330,Eye Hit,Center,1036.488,761.6042,45.65596,Car2-Detailed
1742766098788,29.75985,1331,Eye Hit,Left,1031.084,766.4528,45.80496,Car2-Detailed
1742766098788,29.75985,1331,Eye Hit,Right,1029.999,766.4528,45.80496,Car2-Detailed
1742766098788,29.75985,1331,Eye Hit,Center,1030.541,766.4528,45.80497,Car2-Detailed
1742766098816,29.78829,1332,Eye Hit,Left,1032.269,769.7618,45.77794,Car2-Detailed
1742766098816,29.78829,1332,Eye Hit,Right,1031.184,769.7618,45.77794,Car2-Detailed
1742766098816,29.78829,1332,Eye Hit,Center,1031.727,769.7618,45.77794,Car2-Detailed
1742766098833,29.81626,1333,Eye Hit,Left,1032.039,775.3138,45.79374,Car2-Detailed
1742766098833,29.81626,1333,Eye Hit,Right,1030.954,775.3138,45.79374,Car2-Detailed
1742766098833,29.81626,1333,Eye Hit,Center,1031.496,775.3138,45.79374,Car2-Detailed
1742766098878,29.85604,1335,Eye Hit,Left,1037.622,771.2646,45.65255,Car2-Detailed
1742766098878,29.85604,1335,Eye Hit,Right,1036.533,771.2646,45.65255,Car2-Detailed
1742766098878,29.85604,1335,Eye Hit,Center,1037.077,771.2646,45.65255,Car2-Detailed
1742766098929,29.90214,1336,Eye Hit,Left,1037.559,779.7397,45.65634,Car2-Detailed
1742766098929,29.90214,1336,Eye Hit,Right,1036.471,779.7397,45.65635,Car2-Detailed
1742766098929,29.90214,1336,Eye Hit,Center,1037.015,779.7397,45.65634,Car2-Detailed
1742766098965,29.93438,1337,Eye Hit,Left,1031.804,779.2767,45.79446,Car2-Detailed
1742766098965,29.93438,1337,Eye Hit,Right,1030.719,779.2767,45.79446,Car2-Detailed
1742766098965,29.93438,1337,Eye Hit,Center,1031.261,779.2767,45.79446,Car2-Detailed
1742766098995,29.96494,1338,Eye Hit,Left,1026.827,779.8784,45.91137,Car2-Detailed
1742766098995,29.96494,1338,Eye Hit,Right,1025.745,779.8784,45.91137,Car2-Detailed
1742766098995,29.96494,1338,Eye Hit,Center,1026.286,779.8784,45.91137,Car2-Detailed
1742766099025,29.99504,1339,Eye Hit,Left,1024.274,781.9376,45.97343,Car2-Detailed
1742766099025,29.99504,1339,Eye Hit,Right,1023.193,781.9376,45.97343,Car2-Detailed
1742766099026,29.99504,1339,Eye Hit,Center,1023.733,781.9376,45.97343,Car2-Detailed
1742766099053,30.02516,1340,Eye Hit,Left,1020.697,785.0554,46.05067,Car2-Detailed
1742766099053,30.02516,1340,Eye Hit,Right,1019.618,785.0554,46.05067,Car2-Detailed
1742766099053,30.02516,1340,Eye Hit,Center,1020.158,785.0554,46.05067,Car2-Detailed
1742766099083,30.05267,1341,Eye Hit,Left,1026.725,782.482,45.91116,Car2-Detailed
1742766099083,30.05267,1341,Eye Hit,Right,1025.643,782.482,45.91116,Car2-Detailed
1742766099083,30.05267,1341,Eye Hit,Center,1026.184,782.482,45.91116,Car2-Detailed
1742766099109,30.0824,1342,Eye Hit,Left,1034.274,776.5029,45.7317,Car2-Detailed
1742766099110,30.0824,1342,Eye Hit,Right,1033.188,776.5029,45.73171,Car2-Detailed
1742766099110,30.0824,1342,Eye Hit,Center,1033.731,776.5029,45.73171,Car2-Detailed
1742766099138,30.11052,1343,Eye Hit,Left,1031.931,768.5692,45.77691,Car2-Detailed
1742766099138,30.11052,1343,Eye Hit,Right,1030.846,768.5692,45.77691,Car2-Detailed
1742766099138,30.11052,1343,Eye Hit,Center,1031.388,768.5692,45.77691,Car2-Detailed
1742766099165,30.13909,1344,Eye Hit,Left,1024.374,760.6625,45.9385,Car2-Detailed
1742766099165,30.13909,1344,Eye Hit,Right,1023.292,760.6625,45.9385,Car2-Detailed
1742766099165,30.13909,1344,Eye Hit,Center,1023.833,760.6625,45.9385,Car2-Detailed
1742766099192,30.16486,1345,Eye Hit,Left,1018.939,754.1429,46.04882,Car2-Detailed
1742766099192,30.16486,1345,Eye Hit,Right,1017.86,754.1429,46.04882,Car2-Detailed
1742766099192,30.16486,1345,Eye Hit,Center,1018.399,754.1429,46.04882,Car2-Detailed
1742766099223,30.19264,1346,Eye Hit,Left,1018.385,762.356,46.08636,Car2-Detailed
1742766099223,30.19264,1346,Eye Hit,Right,1017.307,762.356,46.08636,Car2-Detailed
1742766099223,30.19264,1346,Eye Hit,Center,1017.846,762.356,46.08636,Car2-Detailed
1742766099250,30.22318,1347,Eye Hit,Left,1024.762,767.9547,45.94688,Car2-Detailed
1742766099250,30.22318,1347,Eye Hit,Right,1023.681,767.9547,45.94688,Car2-Detailed
1742766099250,30.22318,1347,Eye Hit,Center,1024.221,767.9547,45.94688,Car2-Detailed
1742766099276,30.24924,1348,Eye Hit,Left,1034.578,770.8665,45.72683,Car2-Detailed
1742766099276,30.24924,1348,Eye Hit,Right,1033.491,770.8665,45.72682,Car2-Detailed
1742766099276,30.24924,1348,Eye Hit,Center,1034.035,770.8665,45.72683,Car2-Detailed
1742766099303,30.27612,1349,Eye Hit,Left,1027.115,769.1112,45.90147,Car2-Detailed
1742766099303,30.27612,1349,Eye Hit,Right,1026.032,769.1112,45.90146,Car2-Detailed
1742766099303,30.27612,1349,Eye Hit,Center,1026.573,769.1112,45.90146,Car2-Detailed
1742766099333,30.30397,1350,Eye Hit,Left,1015.845,769.8897,46.16423,Car2-Detailed
1742766099333,30.30397,1350,Eye Hit,Right,1014.769,769.8897,46.16422,Car2-Detailed
1742766099333,30.30397,1350,Eye Hit,Center,1015.307,769.8897,46.16423,Car2-Detailed
1742766099361,30.33278,1351,Eye Hit,Left,1000.193,757.3847,46.48891,Car2-Detailed
1742766099361,30.33278,1351,Eye Hit,Right,999.1243,757.3847,46.48891,Car2-Detailed
1742766099361,30.33278,1351,Eye Hit,Center,999.6586,757.3847,46.48891,Car2-Detailed
1742766099389,30.36122,1352,Eye Hit,Left,990.5077,762.2166,46.71464,Car2-Detailed
1742766099389,30.36122,1352,Eye Hit,Right,989.4441,762.2166,46.71465,Car2-Detailed
1742766099389,30.36122,1352,Eye Hit,Center,989.9759,762.2166,46.71465,Car2-Detailed
1742766099418,30.38954,1353,Eye Hit,Left,980.0018,760.0073,46.93079,Car2-Detailed
1742766099418,30.38954,1353,Eye Hit,Right,978.9431,760.0073,46.9308,Car2-Detailed
1742766099418,30.38954,1353,Eye Hit,Center,979.4724,760.0073,46.9308,Car2-Detailed
1742766099443,30.41756,1354,Eye Hit,Left,968.6662,753.969,47.15068,Car2-Detailed
1742766099443,30.41756,1354,Eye Hit,Right,967.6124,753.969,47.15067,Car2-Detailed
1742766099443,30.41756,1354,Eye Hit,Center,968.1393,753.969,47.15068,Car2-Detailed
1742766099471,30.44403,1355,Eye Hit,Left,964.7659,752.527,47.22854,NorthSidewalk
1742766099471,30.44403,1355,Eye Hit,Right,963.7139,752.527,47.22854,NorthSidewalk
1742766099471,30.44403,1355,Eye Hit,Center,964.2399,752.527,47.22854,NorthSidewalk
1742766099498,30.47702,1356,Eye Hit,Left,965.0013,753.1902,47.2298,NorthSidewalk
1742766099498,30.47702,1356,Eye Hit,Right,963.9493,753.1902,47.2298,NorthSidewalk
1742766099498,30.47702,1356,Eye Hit,Center,964.4753,753.1902,47.2298,NorthSidewalk
1742766099524,30.49828,1357,Eye Hit,Left,943.4916,751.5989,47.64642,NorthSidewalk
1742766099524,30.49828,1357,Eye Hit,Right,942.4488,751.5989,47.64643,NorthSidewalk
1742766099524,30.49828,1357,Eye Hit,Center,942.9702,751.5989,47.64642,NorthSidewalk
1742766099555,30.52409,1358,Eye Hit,Left,922.9907,753.5079,48.0288,NorthSidewalk
1742766099555,30.52409,1358,Eye Hit,Right,921.9562,753.5079,48.02879,NorthSidewalk
1742766099555,30.52409,1358,Eye Hit,Center,922.4733,753.5079,48.02879,NorthSidewalk
1742766099583,30.55446,1359,Eye Hit,Left,915.3439,749.7282,48.14954,NorthSidewalk
1742766099583,30.55446,1359,Eye Hit,Right,914.3121,749.7282,48.14953,NorthSidewalk
1742766099583,30.55446,1359,Eye Hit,Center,914.828,749.7282,48.14954,NorthSidewalk
1742766099609,30.58272,1360,Eye Hit,Left,904.5475,742.7674,48.30387,NorthSidewalk
1742766099609,30.58272,1360,Eye Hit,Right,903.5189,742.7674,48.30387,NorthSidewalk
1742766099609,30.58272,1360,Eye Hit,Center,904.0333,742.7673,48.30387,NorthSidewalk
1742766099637,30.6092,1361,Eye Hit,Left,896.2961,735.0533,48.40102,NorthSidewalk
1742766099637,30.6092,1361,Eye Hit,Right,895.2696,735.0533,48.40103,NorthSidewalk
1742766099637,30.6092,1361,Eye Hit,Center,895.7829,735.0533,48.40103,NorthSidewalk
1742766099664,30.63751,1362,Eye Hit,Left,879.5906,729.2571,48.61993,NorthSidewalk
1742766099664,30.63751,1362,Eye Hit,Right,878.5688,729.2571,48.61992,NorthSidewalk
1742766099664,30.63751,1362,Eye Hit,Center,879.0797,729.2571,48.61993,NorthSidewalk
1742766099692,30.66456,1363,Eye Hit,Left,878.5255,725.6884,48.61611,NorthSidewalk
1742766099693,30.66456,1363,Eye Hit,Right,877.5036,725.6884,48.61611,NorthSidewalk
1742766099693,30.66456,1363,Eye Hit,Center,878.0145,725.6884,48.6161,NorthSidewalk
1742766099721,30.69284,1364,Eye Hit,Left,863.7067,715.265,48.74984,NorthSidewalk
1742766099721,30.69284,1364,Eye Hit,Right,862.6874,715.265,48.74984,NorthSidewalk
1742766099721,30.69284,1364,Eye Hit,Center,863.1969,715.265,48.74984,NorthSidewalk
1742766099749,30.72135,1365,Eye Hit,Left,859.8546,720.3878,48.83693,NorthSidewalk
1742766099749,30.72135,1365,Eye Hit,Right,858.8372,720.3878,48.83693,NorthSidewalk
1742766099749,30.72135,1365,Eye Hit,Center,859.346,720.3878,48.83694,NorthSidewalk
1742766099777,30.74846,1366,Eye Hit,Left,858.9693,724.363,48.87368,NorthSidewalk
1742766099777,30.74846,1366,Eye Hit,Right,857.9528,724.363,48.87369,NorthSidewalk
1742766099777,30.74846,1366,Eye Hit,Center,858.4611,724.363,48.87369,NorthSidewalk
1742766099803,30.77619,1367,Eye Hit,Left,896.4898,736.248,48.41241,NorthSidewalk
1742766099803,30.77619,1367,Eye Hit,Right,895.4635,736.248,48.41241,NorthSidewalk
1742766099803,30.77619,1367,Eye Hit,Center,895.9767,736.248,48.41241,NorthSidewalk
1742766099835,30.80405,1368,Eye Hit,Left,999.4666,768.4443,46.56798,Car4-Detailed
1742766099835,30.80405,1368,Eye Hit,Right,998.3997,768.4443,46.56798,Car4-Detailed
1742766099835,30.80405,1368,Eye Hit,Center,998.9332,768.4443,46.56798,Car4-Detailed
1742766099864,30.83532,1369,Eye Hit,Left,998.3579,761.8725,46.57557,Car4-Detailed
1742766099864,30.83532,1369,Eye Hit,Right,997.2911,761.8725,46.57557,Car4-Detailed
1742766099864,30.83532,1369,Eye Hit,Center,997.8243,761.8725,46.57556,Car4-Detailed
1742766099890,30.8629,1370,Eye Hit,Left,994.1983,769.1888,46.67828,Car4-Detailed
1742766099890,30.8629,1370,Eye Hit,Right,993.1339,769.1888,46.67829,Car4-Detailed
1742766099890,30.8629,1370,Eye Hit,Center,993.6661,769.1888,46.67829,Car4-Detailed
1742766099918,30.8894,1371,Eye Hit,Left,985.7451,766.8969,46.85892,Car4-Detailed
1742766099918,30.8894,1371,Eye Hit,Right,984.6849,766.8969,46.85892,Car4-Detailed
1742766099918,30.8894,1371,Eye Hit,Center,985.215,766.8969,46.85892,Car4-Detailed
1742766099945,30.91794,1372,,Left,978.0402,772.5133,47.02804,
1742766099945,30.91794,1372,,Right,976.9837,772.5133,47.02804,
1742766099945,30.91794,1372,,Center,977.512,772.5133,47.02804,
1742766099973,30.94512,1373,Eye Hit,Left,959.8653,769.7811,47.39068,Car4-Detailed
1742766099973,30.94512,1373,Eye Hit,Right,958.8168,769.7811,47.39067,Car4-Detailed
1742766099973,30.94512,1373,Eye Hit,Center,959.341,769.7811,47.39067,Car4-Detailed
1742766100000,30.97425,1374,Eye Hit,Left,956.4713,773.185,47.46173,Car4-Detailed
1742766100000,30.97425,1374,Eye Hit,Right,955.4244,773.185,47.46172,Car4-Detailed
1742766100000,30.97425,1374,Eye Hit,Center,955.9479,773.185,47.46172,Car4-Detailed
1742766100028,30.99986,1375,Eye Hit,Left,956.3547,770.4651,47.45792,Car4-Detailed
1742766100028,30.99986,1375,Eye Hit,Right,955.3077,770.4651,47.45792,Car4-Detailed
1742766100028,30.99986,1375,Eye Hit,Center,955.8312,770.4651,47.45792,Car4-Detailed
1742766100055,31.02798,1376,Eye Hit,Left,940.887,767.178,47.74646,Car4-Detailed
1742766100055,31.02798,1376,Eye Hit,Right,939.8465,767.178,47.74646,Car4-Detailed
1742766100055,31.02798,1376,Eye Hit,Center,940.3668,767.178,47.74646,Car4-Detailed
1742766100082,31.05477,1377,Eye Hit,Left,933.0868,764.9191,47.88643,Car4-Detailed
1742766100082,31.05477,1377,Eye Hit,Right,932.0493,764.9191,47.88643,Car4-Detailed
1742766100082,31.05477,1377,Eye Hit,Center,932.5679,764.9191,47.88643,Car4-Detailed
1742766100111,31.08236,1378,Eye Hit,Left,923.2814,766.494,48.06311,Car4-Detailed
1742766100111,31.08236,1378,Eye Hit,Right,922.2477,766.494,48.06311,Car4-Detailed
1742766100111,31.08236,1378,Eye Hit,Center,922.7645,766.494,48.06311,Car4-Detailed
1742766100138,31.11095,1379,Eye Hit,Left,919.803,767.7674,48.12477,Car4-Detailed
1742766100138,31.11095,1379,Eye Hit,Right,918.7706,767.7674,48.12477,Car4-Detailed
1742766100138,31.11095,1379,Eye Hit,Center,919.2869,767.7674,48.12477,Car4-Detailed
1742766100165,31.13871,1380,Eye Hit,Left,909.6355,761.7548,48.28045,Car4-Detailed
1742766100165,31.13871,1380,Eye Hit,Right,908.6064,761.7548,48.28045,Car4-Detailed
1742766100165,31.13871,1380,Eye Hit,Center,909.121,761.7548,48.28045,Car4-Detailed
1742766100184,31.16529,1381,Eye Hit,Left,916.7548,755.422,48.14074,Car4-Detailed
1742766100184,31.16529,1381,Eye Hit,Right,915.7228,755.422,48.14074,Car4-Detailed
1742766100184,31.16529,1381,Eye Hit,Center,916.2388,755.422,48.14074,Car4-Detailed
1742766100207,31.18328,1382,Eye Hit,Left,913.1267,753.7072,48.19496,Car4-Detailed
1742766100207,31.18328,1382,Eye Hit,Right,912.0958,753.7072,48.19496,Car4-Detailed
1742766100207,31.18328,1382,Eye Hit,Center,912.6113,753.7072,48.19495,Car4-Detailed
1742766100225,31.20786,1383,Eye Hit,Left,917.1859,751.2473,48.11646,Car4-Detailed
1742766100225,31.20786,1383,Eye Hit,Right,916.1533,751.2473,48.11647,Car4-Detailed
1742766100225,31.20786,1383,Eye Hit,Center,916.6695,751.2473,48.11647,Car4-Detailed
1742766100248,31.22464,1384,Eye Hit,Left,915.4504,751.0727,48.14349,Car4-Detailed
1742766100248,31.22464,1384,Eye Hit,Right,914.4185,751.0727,48.14349,Car4-Detailed
1742766100248,31.22464,1384,Eye Hit,Center,914.9344,751.0727,48.14349,Car4-Detailed
1742766100264,31.24683,1385,Eye Hit,Left,913.884,752.0803,48.17203,Car4-Detailed
1742766100264,31.24683,1385,Eye Hit,Right,912.8525,752.0803,48.17203,Car4-Detailed
1742766100264,31.24683,1385,Eye Hit,Center,913.3683,752.0803,48.17202,Car4-Detailed
1742766100307,31.28986,1387,Eye Hit,Left,906.8136,749.298,48.27728,Car4-Detailed
1742766100307,31.28986,1387,Eye Hit,Right,905.7844,749.298,48.27728,Car4-Detailed
1742766100307,31.28986,1387,Eye Hit,Center,906.299,749.298,48.27729,Car4-Detailed
1742766100331,31.30778,1388,Eye Hit,Left,901.8754,748.4852,48.34961,Car4-Detailed
1742766100331,31.30778,1388,Eye Hit,Right,900.8478,748.4852,48.34962,Car4-Detailed
1742766100331,31.30778,1388,Eye Hit,Center,901.3615,748.4852,48.34961,Car4-Detailed
1742766100350,31.33097,1389,Eye Hit,Left,899.7851,752.5189,48.39841,Car4-Detailed
1742766100350,31.33097,1389,Eye Hit,Right,898.7585,752.5189,48.39841,Car4-Detailed
1742766100350,31.33097,1389,Eye Hit,Center,899.2718,752.5189,48.39841,Car4-Detailed
1742766100374,31.34871,1390,Eye Hit,Left,897.9052,750.6884,48.41646,Car4-Detailed
1742766100374,31.34871,1390,Eye Hit,Right,896.879,750.6884,48.41646,Car4-Detailed
1742766100374,31.34871,1390,Eye Hit,Center,897.392,750.6884,48.41645,Car4-Detailed
1742766100391,31.37415,1391,Eye Hit,Left,890.9814,751.9839,48.52972,Car4-Detailed
1742766100391,31.37415,1391,Eye Hit,Right,889.9576,751.9839,48.52972,Car4-Detailed
1742766100391,31.37415,1391,Eye Hit,Center,890.4696,751.9839,48.52972,Car4-Detailed
1742766100433,31.41482,1393,Eye Hit,Left,900.0664,760.5477,48.41178,Car4-Detailed
1742766100433,31.41482,1393,Eye Hit,Right,899.0402,760.5477,48.41178,Car4-Detailed
1742766100433,31.41482,1393,Eye Hit,Center,899.5533,760.5477,48.41178,Car4-Detailed
1742766100456,31.43319,1394,Eye Hit,Left,896.9348,769.1174,48.48155,Car4-Detailed
1742766100456,31.43319,1394,Eye Hit,Right,895.91,769.1174,48.48155,Car4-Detailed
1742766100456,31.43319,1394,Eye Hit,Center,896.4223,769.1174,48.48155,Car4-Detailed
1742766100475,31.45543,1395,Eye Hit,Left,901.2472,765.7891,48.41008,Car4-Detailed
1742766100475,31.45543,1395,Eye Hit,Right,900.2209,765.7891,48.41009,Car4-Detailed
1742766100475,31.45543,1395,Eye Hit,Center,900.734,765.7891,48.41008,Car4-Detailed
1742766100502,31.47609,1396,Eye Hit,Left,904.6067,769.4369,48.35855,Car4-Detailed
1742766100502,31.47609,1396,Eye Hit,Right,903.5793,769.4369,48.35855,Car4-Detailed
1742766100502,31.47609,1396,Eye Hit,Center,904.0929,769.4369,48.35855,Car4-Detailed
1742766100531,31.50257,1397,Eye Hit,Left,904.2691,764.5139,48.35566,Car4-Detailed
1742766100531,31.50257,1397,Eye Hit,Right,903.2416,764.5139,48.35566,Car4-Detailed
1742766100531,31.50257,1397,Eye Hit,Center,903.7554,764.5139,48.35566,Car4-Detailed
1742766100560,31.5317,1398,Eye Hit,Left,903.6896,756.5477,48.34575,Car4-Detailed
1742766100560,31.5317,1398,Eye Hit,Right,902.6619,756.5477,48.34575,Car4-Detailed
1742766100560,31.5317,1398,Eye Hit,Center,903.1757,756.5477,48.34575,Car4-Detailed
1742766100587,31.56009,1399,Eye Hit,Left,901.7634,758.2451,48.37817,Car4-Detailed
1742766100587,31.56009,1399,Eye Hit,Right,900.7365,758.2451,48.37817,Car4-Detailed
1742766100587,31.56009,1399,Eye Hit,Center,901.2499,758.2451,48.37817,Car4-Detailed
1742766100614,31.58637,1400,Eye Hit,Left,912.6436,757.8372,48.20138,Car4-Detailed
1742766100615,31.58637,1400,Eye Hit,Right,911.6129,757.8372,48.20138,Car4-Detailed
1742766100615,31.58637,1400,Eye Hit,Center,912.1283,757.8372,48.20138,Car4-Detailed
1742766100641,31.61433,1401,Eye Hit,Left,917.6889,759.9656,48.12461,Car4-Detailed
1742766100641,31.61433,1401,Eye Hit,Right,916.6566,759.9656,48.12462,Car4-Detailed
1742766100641,31.61433,1401,Eye Hit,Center,917.1727,759.9656,48.12462,Car4-Detailed
1742766100669,31.64175,1402,Eye Hit,Left,919.1198,758.4926,48.09813,Car4-Detailed
1742766100669,31.64175,1402,Eye Hit,Right,918.0869,758.4926,48.09813,Car4-Detailed
1742766100669,31.64175,1402,Eye Hit,Center,918.6034,758.4926,48.09813,Car4-Detailed
1742766100696,31.6699,1403,Eye Hit,Left,913.4448,756.944,48.19236,Car4-Detailed
1742766100696,31.6699,1403,Eye Hit,Right,912.4138,756.944,48.19236,Car4-Detailed
1742766100696,31.6699,1403,Eye Hit,Center,912.9293,756.944,48.19236,Car4-Detailed
1742766100724,31.69551,1404,Eye Hit,Left,903.3363,758.474,48.36563,Car4-Detailed
1742766100724,31.69551,1404,Eye Hit,Right,902.3091,758.474,48.36562,Car4-Detailed
1742766100724,31.69551,1404,Eye Hit,Center,902.8227,758.474,48.36562,Car4-Detailed
1742766100752,31.72434,1405,Eye Hit,Left,893.9263,758.3864,48.51288,Car4-Detailed
1742766100752,31.72434,1405,Eye Hit,Right,892.9022,758.3864,48.51288,Car4-Detailed
1742766100752,31.72434,1405,Eye Hit,Center,893.4141,758.3864,48.51288,Car4-Detailed
1742766100780,31.75174,1406,Eye Hit,Left,889.902,764.0035,48.59227,Car4-Detailed
1742766100780,31.75174,1406,Eye Hit,Right,888.8796,764.0035,48.59228,Car4-Detailed
1742766100780,31.75174,1406,Eye Hit,Center,889.3906,764.0035,48.59227,Car4-Detailed
1742766100810,31.78006,1407,Eye Hit,Left,891.5768,765.7677,48.57348,Car4-Detailed
1742766100810,31.78006,1407,Eye Hit,Right,890.554,765.7677,48.57348,Car4-Detailed
1742766100810,31.78006,1407,Eye Hit,Center,891.0654,765.7677,48.57348,Car4-Detailed
1742766100839,31.80978,1408,Eye Hit,Left,893.3699,765.9408,48.54912,Car4-Detailed
1742766100839,31.80978,1408,Eye Hit,Right,892.3465,765.9408,48.54912,Car4-Detailed
1742766100839,31.80978,1408,Eye Hit,Center,892.8582,765.9408,48.54911,Car4-Detailed
1742766100864,31.83941,1409,Eye Hit,Left,887.4699,764.9127,48.63907,Car4-Detailed
1742766100864,31.83941,1409,Eye Hit,Right,886.4484,764.9127,48.63908,Car4-Detailed
1742766100864,31.83941,1409,Eye Hit,Center,886.959,764.9127,48.63906,Car4-Detailed
1742766100890,31.86398,1410,Eye Hit,Left,874.4158,756.8091,48.80749,Car4-Detailed
1742766100890,31.86398,1410,Eye Hit,Right,873.3979,756.8091,48.80749,Car4-Detailed
1742766100890,31.86398,1410,Eye Hit,Center,873.9068,756.8091,48.80748,Car4-Detailed
1742766100919,31.89031,1411,Eye Hit,Left,868.7093,755.734,48.88463,Car4-Detailed
1742766100919,31.89031,1411,Eye Hit,Right,867.6929,755.734,48.88463,Car4-Detailed
1742766100919,31.89031,1411,Eye Hit,Center,868.2011,755.734,48.88463,Car4-Detailed
1742766100946,31.91925,1412,Eye Hit,Left,870.2486,757.0112,48.87191,Car4-Detailed
1742766100946,31.91925,1412,Eye Hit,Right,869.2319,757.0112,48.87191,Car4-Detailed
1742766100946,31.91925,1412,Eye Hit,Center,869.7402,757.0112,48.87191,Car4-Detailed
1742766100975,31.94656,1413,Eye Hit,Left,864.09,757.0157,48.95735,Car4-Detailed
1742766100975,31.94656,1413,Eye Hit,Right,863.0751,757.0157,48.95735,Car4-Detailed
1742766100975,31.94656,1413,Eye Hit,Center,863.5826,757.0157,48.95735,Car4-Detailed
1742766101002,31.97553,1414,Eye Hit,Left,869.072,753.9269,48.88371,Car4-Detailed
1742766101002,31.97553,1414,Eye Hit,Right,868.0555,753.9269,48.88371,Car4-Detailed
1742766101002,31.97553,1414,Eye Hit,Center,868.5635,753.9269,48.8837,Car4-Detailed
1742766101030,32.00198,1415,Eye Hit,Left,876.4461,745.2637,48.75093,Car4-Detailed
1742766101030,32.00198,1415,Eye Hit,Right,875.427,745.2637,48.75093,Car4-Detailed
1742766101030,32.00198,1415,Eye Hit,Center,875.9365,745.2637,48.75093,Car4-Detailed
1742766101058,32.03071,1416,Eye Hit,Left,879.3094,748.4006,48.72484,Car4-Detailed
1742766101058,32.03071,1416,Eye Hit,Right,878.2897,748.4006,48.72484,Car4-Detailed
1742766101058,32.03071,1416,Eye Hit,Center,878.7995,748.4006,48.72484,Car4-Detailed
1742766101085,32.0584,1417,Eye Hit,Left,879.7218,752.5953,48.74028,Car4-Detailed
1742766101085,32.0584,1417,Eye Hit,Right,878.7025,752.5953,48.74028,Car4-Detailed
1742766101085,32.0584,1417,Eye Hit,Center,879.2122,752.5953,48.74028,Car4-Detailed
1742766101111,32.08455,1418,Eye Hit,Left,882.6021,756.6588,48.71338,Car4-Detailed
1742766101111,32.08455,1418,Eye Hit,Right,881.5821,756.6588,48.71338,Car4-Detailed
1742766101111,32.08455,1418,Eye Hit,Center,882.0919,756.6588,48.71337,Car4-Detailed
1742766101140,32.11127,1419,Eye Hit,Left,884.0336,758.6443,48.69852,Car4-Detailed
1742766101141,32.11127,1419,Eye Hit,Right,883.0133,758.6443,48.69852,Car4-Detailed
1742766101141,32.11127,1419,Eye Hit,Center,883.5234,758.6443,48.69852,Car4-Detailed
1742766101173,32.14114,1420,Eye Hit,Left,892.756,756.45,48.55898,Car4-Detailed
1742766101173,32.14114,1420,Eye Hit,Right,891.7328,756.45,48.55898,Car4-Detailed
1742766101173,32.14114,1420,Eye Hit,Center,892.2444,756.45,48.55898,Car4-Detailed
1742766101197,32.17395,1421,Eye Hit,Left,894.5267,757.5786,48.53346,Car4-Detailed
1742766101197,32.17395,1421,Eye Hit,Right,893.5029,757.5786,48.53347,Car4-Detailed
1742766101197,32.17395,1421,Eye Hit,Center,894.0148,757.5786,48.53347,Car4-Detailed
1742766101225,32.19697,1422,Eye Hit,Left,818.3555,727.7248,49.33771,Car4-Detailed
1742766101225,32.19697,1422,Eye Hit,Right,817.3485,727.7248,49.33771,Car4-Detailed
1742766101225,32.19697,1422,Eye Hit,Center,817.852,727.7248,49.33772,Car4-Detailed
1742766101252,32.22511,1423,Eye Hit,Left,822.8305,728.1113,49.30034,Car4-Detailed
1742766101252,32.22511,1423,Eye Hit,Right,821.8228,728.1113,49.30034,Car4-Detailed
1742766101252,32.22511,1423,Eye Hit,Center,822.3267,728.1113,49.30034,Car4-Detailed
1742766101280,32.25154,1424,Eye Hit,Left,819.4948,717.3433,49.25863,Car4-Detailed
1742766101280,32.25154,1424,Eye Hit,Right,818.4861,717.3433,49.25864,Car4-Detailed
1742766101280,32.25154,1424,Eye Hit,Center,818.9904,717.3433,49.25864,Car4-Detailed
1742766101310,32.27961,1425,Eye Hit,Left,817.9709,709.8078,49.21413,Car4-Detailed
1742766101310,32.27961,1425,Eye Hit,Right,816.9614,709.8078,49.21413,Car4-Detailed
1742766101310,32.27961,1425,Eye Hit,Center,817.4661,709.8078,49.21413,Car4-Detailed
1742766101336,32.31032,1426,Eye Hit,Left,819.8829,703.6337,49.14482,Car4-Detailed
1742766101336,32.31032,1426,Eye Hit,Right,818.8719,703.6337,49.14482,Car4-Detailed
1742766101336,32.31032,1426,Eye Hit,Center,819.3774,703.6337,49.14482,Car4-Detailed
1742766101364,32.33687,1427,Eye Hit,Left,830.0672,696.6306,48.98479,Car4-Detailed
1742766101364,32.33687,1427,Eye Hit,Right,829.053,696.6306,48.98479,Car4-Detailed
1742766101364,32.33687,1427,Eye Hit,Center,829.5601,696.6306,48.98479,Car4-Detailed
1742766101391,32.36387,1428,Eye Hit,Left,845.8928,698.2664,48.82738,Car4-Detailed
1742766101391,32.36387,1428,Eye Hit,Right,844.8752,698.2664,48.82738,Car4-Detailed
1742766101391,32.36387,1428,Eye Hit,Center,845.384,698.2664,48.82739,Car4-Detailed
1742766101420,32.39173,1429,Eye Hit,Left,877.6674,697.1484,48.41388,Car4-Detailed
1742766101420,32.39173,1429,Eye Hit,Right,876.6411,697.1484,48.41388,Car4-Detailed
1742766101420,32.39173,1429,Eye Hit,Center,877.1542,697.1484,48.41388,Car4-Detailed
1742766101449,32.41989,1430,Eye Hit,Left,915.9188,696.8112,47.82141,Car4-Detailed
1742766101449,32.41989,1430,Eye Hit,Right,914.8799,696.8112,47.82141,Car4-Detailed
1742766101449,32.41989,1430,Eye Hit,Center,915.3994,696.8112,47.82141,Car4-Detailed
1742766101477,32.44947,1431,Eye Hit,Left,952.3359,691.9577,47.12809,Car4-Detailed
1742766101477,32.44947,1431,Eye Hit,Right,951.2816,691.9577,47.12809,Car4-Detailed
1742766101477,32.44947,1431,Eye Hit,Center,951.8088,691.9577,47.12809,Car4-Detailed
1742766101503,32.47729,1432,Eye Hit,Left,857.1005,675.8246,48.4599,NorthSidewalk
1742766101503,32.47729,1432,Eye Hit,Right,856.0753,675.8246,48.4599,NorthSidewalk
1742766101503,32.47729,1432,Eye Hit,Center,856.5877,675.8247,48.45989,NorthSidewalk
1742766101531,32.50281,1433,Eye Hit,Left,757.4818,599.642,48.16752,NorthSidewalk
1742766101531,32.50281,1433,Eye Hit,Right,756.4503,599.642,48.16752,NorthSidewalk
1742766101531,32.50281,1433,Eye Hit,Center,756.966,599.642,48.16752,NorthSidewalk
1742766101560,32.53835,1434,Eye Hit,Left,681.5168,556.644,47.36382,NorthSidewalk
1742766101560,32.53835,1434,Eye Hit,Right,680.4678,556.644,47.36382,NorthSidewalk
1742766101560,32.53835,1434,Eye Hit,Center,680.9922,556.644,47.36382,NorthSidewalk
1742766101588,32.56038,1435,Eye Hit,Left,621.9754,541.975,46.73075,NorthSidewalk
1742766101588,32.56038,1435,Eye Hit,Right,620.9122,541.975,46.73075,NorthSidewalk
1742766101588,32.56038,1435,Eye Hit,Center,621.4438,541.975,46.73075,NorthSidewalk
1742766101614,32.59021,1436,Eye Hit,Left,684.7276,543.8129,47.09212,NorthSidewalk
1742766101614,32.59021,1436,Eye Hit,Right,683.6725,543.8129,47.09212,NorthSidewalk
1742766101614,32.59021,1436,Eye Hit,Center,684.2001,543.8129,47.09212,NorthSidewalk
1742766101642,32.61501,1437,Eye Hit,Left,648.3198,545.1116,46.95076,NorthSidewalk
1742766101642,32.61501,1437,Eye Hit,Right,647.2615,545.1116,46.95076,NorthSidewalk
1742766101642,32.61501,1437,Eye Hit,Center,647.7906,545.1116,46.95076,NorthSidewalk
1742766101667,32.64255,1438,Eye Hit,Left,605.7648,574.5773,47.18021,NorthSidewalk
1742766101667,32.64255,1438,Eye Hit,Right,604.7117,574.5773,47.18021,NorthSidewalk
1742766101667,32.64255,1438,Eye Hit,Center,605.2383,574.5773,47.18021,NorthSidewalk
1742766101694,32.66728,1439,Eye Hit,Left,656.4371,576.2998,47.56834,NorthSidewalk
1742766101694,32.66728,1439,Eye Hit,Right,655.3926,576.2998,47.56834,NorthSidewalk
1742766101694,32.66728,1439,Eye Hit,Center,655.9148,576.2998,47.56834,NorthSidewalk
1742766101720,32.69464,1440,Eye Hit,Left,630.1339,594.9976,47.72216,NorthSidewalk
1742766101720,32.69464,1440,Eye Hit,Right,629.0928,594.9976,47.72216,NorthSidewalk
1742766101720,32.69464,1440,Eye Hit,Center,629.6133,594.9976,47.72216,NorthSidewalk
1742766101747,32.72046,1441,Eye Hit,Left,605.4146,598.0195,47.55866,NorthSidewalk
1742766101747,32.72046,1441,Eye Hit,Right,604.3698,598.0195,47.55867,NorthSidewalk
1742766101747,32.72046,1441,Eye Hit,Center,604.8922,598.0195,47.55867,NorthSidewalk
1742766101775,32.74722,1442,Eye Hit,Left,636.9553,589.8245,47.6919,NorthSidewalk
1742766101775,32.74722,1442,Eye Hit,Right,635.9135,589.8245,47.6919,NorthSidewalk
1742766101775,32.74722,1442,Eye Hit,Center,636.4344,589.8245,47.6919,NorthSidewalk
1742766101805,32.77584,1443,Eye Hit,Left,660.8593,588.1345,47.81422,NorthSidewalk
1742766101805,32.77584,1443,Eye Hit,Right,659.8202,588.1345,47.81422,NorthSidewalk
1742766101805,32.77584,1443,Eye Hit,Center,660.3397,588.1345,47.81422,NorthSidewalk
1742766101833,32.80481,1444,Eye Hit,Left,698.6564,588.4661,47.95893,NorthSidewalk
1742766101833,32.80481,1444,Eye Hit,Right,697.6204,588.4661,47.95893,NorthSidewalk
1742766101833,32.80481,1444,Eye Hit,Center,698.1384,588.4661,47.95893,NorthSidewalk
1742766101863,32.83387,1445,Eye Hit,Left,747.4739,584.9848,47.89281,NorthSidewalk
1742766101863,32.83387,1445,Eye Hit,Right,746.4365,584.9848,47.89281,NorthSidewalk
1742766101863,32.83387,1445,Eye Hit,Center,746.9552,584.9848,47.89281,NorthSidewalk
1742766101892,32.86283,1446,Eye Hit,Left,787.9524,581.7037,47.67677,NorthSidewalk
1742766101892,32.86283,1446,Eye Hit,Right,786.9103,581.7037,47.67677,NorthSidewalk
1742766101892,32.86283,1446,Eye Hit,Center,787.4314,581.7037,47.67677,NorthSidewalk
1742766101920,32.89268,1447,Eye Hit,Left,820.7103,577.538,47.35124,NorthSidewalk
1742766101920,32.89268,1447,Eye Hit,Right,819.6611,577.538,47.35124,NorthSidewalk
1742766101920,32.89268,1447,Eye Hit,Center,820.1857,577.538,47.35124,NorthSidewalk
1742766101946,32.92122,1448,Eye Hit,Left,859.2187,574.8596,46.93146,NorthSidewalk
1742766101946,32.92122,1448,Eye Hit,Right,858.16,574.8596,46.93147,NorthSidewalk
1742766101946,32.92122,1448,Eye Hit,Center,858.6893,574.8596,46.93146,NorthSidewalk
1742766101976,32.94625,1449,Eye Hit,Left,897.236,580.7027,46.5566,NorthSidewalk
1742766101976,32.94625,1449,Eye Hit,Right,896.1688,580.7027,46.5566,NorthSidewalk
1742766101976,32.94625,1449,Eye Hit,Center,896.7024,580.7027,46.55661,NorthSidewalk
1742766102004,32.97615,1450,Eye Hit,Left,907.0941,579.7328,46.4046,NorthSidewalk
1742766102004,32.97615,1450,Eye Hit,Right,906.0233,579.7328,46.40461,NorthSidewalk
1742766102004,32.97615,1450,Eye Hit,Center,906.5587,579.7328,46.40461,NorthSidewalk
1742766102031,33.00518,1451,Eye Hit,Left,917.1898,562.8076,45.97151,NorthSidewalk
1742766102031,33.00518,1451,Eye Hit,Right,916.1089,562.8076,45.97151,NorthSidewalk
1742766102031,33.00518,1451,Eye Hit,Center,916.6494,562.8076,45.97151,NorthSidewalk
1742766102059,33.03222,1452,Eye Hit,Left,901.9991,551.9891,46.00111,NorthSidewalk
1742766102059,33.03222,1452,Eye Hit,Right,900.919,551.9891,46.00111,NorthSidewalk
1742766102059,33.03222,1452,Eye Hit,Center,901.459,551.9891,46.00111,NorthSidewalk
1742766102088,33.05971,1453,Eye Hit,Left,932.8787,539.6802,45.30375,NorthSidewalk
1742766102088,33.05971,1453,Eye Hit,Right,931.7821,539.6802,45.30376,NorthSidewalk
1742766102088,33.05971,1453,Eye Hit,Center,932.3304,539.6803,45.30375,NorthSidewalk
1742766102118,33.08927,1454,Eye Hit,Left,827.6724,592.4171,47.56093,NorthSidewalk
1742766102118,33.08927,1454,Eye Hit,Right,826.6277,592.4171,47.56094,NorthSidewalk
1742766102118,33.08927,1454,Eye Hit,Center,827.15,592.4171,47.56093,NorthSidewalk
1742766102143,33.11761,1455,Eye Hit,Left,715.4352,641.2588,48.82108,NorthSidewalk
1742766102143,33.11761,1455,Eye Hit,Right,714.4176,641.2588,48.82108,NorthSidewalk
1742766102143,33.11761,1455,Eye Hit,Center,714.9265,641.2588,48.82108,NorthSidewalk
1742766102171,33.14315,1456,Eye Hit,Left,652.5934,673.1859,49.01277,NorthSidewalk
1742766102171,33.14315,1456,Eye Hit,Right,651.5798,673.1859,49.01277,NorthSidewalk
1742766102171,33.14315,1456,Eye Hit,Center,652.0867,673.1859,49.01277,NorthSidewalk
1742766102198,33.172,1457,Eye Hit,Left,642.6768,674.2461,48.9631,NorthSidewalk
1742766102198,33.172,1457,Eye Hit,Right,641.662,674.2461,48.9631,NorthSidewalk
1742766102198,33.172,1457,Eye Hit,Center,642.1694,674.2461,48.9631,NorthSidewalk
1742766102225,33.1991,1458,Eye Hit,Left,659.3878,634.4855,48.57579,NorthSidewalk
1742766102225,33.1991,1458,Eye Hit,Right,658.365,634.4855,48.57579,NorthSidewalk
1742766102225,33.1991,1458,Eye Hit,Center,658.8764,634.4855,48.57579,NorthSidewalk
1742766102253,33.22496,1459,Eye Hit,Left,680.7115,614.5667,48.35666,NorthSidewalk
1742766102253,33.22496,1459,Eye Hit,Right,679.684,614.5667,48.35666,NorthSidewalk
1742766102253,33.22496,1459,Eye Hit,Center,680.1978,614.5667,48.35666,NorthSidewalk
1742766102282,33.25348,1460,Eye Hit,Left,714.942,579.3229,47.82786,NorthSidewalk
1742766102282,33.25348,1460,Eye Hit,Right,713.9033,579.3229,47.82786,NorthSidewalk
1742766102282,33.25348,1460,Eye Hit,Center,714.4226,579.3229,47.82786,NorthSidewalk
1742766102308,33.28202,1461,Eye Hit,Left,749.2025,533.4707,46.89762,NorthSidewalk
1742766102308,33.28202,1461,Eye Hit,Right,748.1431,533.4707,46.89762,NorthSidewalk
1742766102308,33.28202,1461,Eye Hit,Center,748.6729,533.4707,46.89762,NorthSidewalk
1742766102336,33.30876,1462,Eye Hit,Left,763.0497,504.417,46.23431,NorthSidewalk
1742766102336,33.30876,1462,Eye Hit,Right,761.9751,504.417,46.23431,NorthSidewalk
1742766102336,33.30876,1462,Eye Hit,Center,762.5124,504.417,46.23431,NorthSidewalk
1742766102365,33.33515,1463,Eye Hit,Left,832.4968,356.2103,42.24792,NorthSidewalk
1742766102365,33.33515,1463,Eye Hit,Right,831.3207,356.2103,42.24792,NorthSidewalk
1742766102365,33.33515,1463,Eye Hit,Center,831.9087,356.2103,42.24792,NorthSidewalk
1742766102392,33.36561,1464,Eye Hit,Left,852.8611,335.9859,41.56852,NorthSidewalk
1742766102392,33.36561,1464,Eye Hit,Right,851.6659,335.9859,41.56852,NorthSidewalk
1742766102392,33.36561,1464,Eye Hit,Center,852.2635,335.9859,41.56852,NorthSidewalk
1742766102419,33.39147,1465,Eye Hit,Left,973.6248,208.6097,37.2897,NorthSidewalk
1742766102419,33.39147,1465,Eye Hit,Right,972.2924,208.6097,37.2897,NorthSidewalk
1742766102419,33.39147,1465,Eye Hit,Center,972.9586,208.6097,37.2897,NorthSidewalk
1742766102447,33.41936,1466,Eye Hit,Left,964.7778,134.6544,35.63007,NorthSidewalk
1742766102447,33.41936,1466,Eye Hit,Right,963.3833,134.6544,35.63007,NorthSidewalk
1742766102447,33.41936,1466,Eye Hit,Center,964.0805,134.6544,35.63007,NorthSidewalk
1742766102476,33.44749,1467,Eye Hit,Left,944.8951,176.5701,36.79677,NorthSidewalk
1742766102476,33.44749,1467,Eye Hit,Right,943.5449,176.5701,36.79677,NorthSidewalk
1742766102476,33.44749,1467,Eye Hit,Center,944.22,176.5701,36.79677,NorthSidewalk
1742766102506,33.47702,1468,Eye Hit,Left,939.4267,231.1052,38.17191,NorthSidewalk
1742766102507,33.47702,1468,Eye Hit,Right,938.1251,231.1052,38.1719,NorthSidewalk
1742766102507,33.47702,1468,Eye Hit,Center,938.7759,231.1051,38.1719,NorthSidewalk
1742766102532,33.50759,1469,Eye Hit,Left,916.4315,267.2133,39.28292,NorthSidewalk
1742766102532,33.50759,1469,Eye Hit,Right,915.1667,267.2133,39.28292,NorthSidewalk
1742766102532,33.50759,1469,Eye Hit,Center,915.7991,267.2133,39.28292,NorthSidewalk
1742766102559,33.53165,1470,Eye Hit,Left,854.1862,289.878,40.37011,NorthSidewalk
1742766102559,33.53165,1470,Eye Hit,Right,852.9555,289.878,40.37011,NorthSidewalk
1742766102559,33.53165,1470,Eye Hit,Center,853.5709,289.878,40.37011,NorthSidewalk
1742766102586,33.55893,1471,Eye Hit,Left,849.3594,293.2258,40.47332,NorthSidewalk
1742766102586,33.55893,1471,Eye Hit,Right,848.1319,293.2258,40.47332,NorthSidewalk
1742766102586,33.55893,1471,Eye Hit,Center,848.7457,293.2258,40.47332,NorthSidewalk
1742766102614,33.58608,1472,Eye Hit,Left,822.5761,303.7927,40.91522,NorthSidewalk
1742766102614,33.58608,1472,Eye Hit,Right,821.3618,303.7927,40.91522,NorthSidewalk
1742766102614,33.58608,1472,Eye Hit,Center,821.9689,303.7926,40.91522,NorthSidewalk
1742766102641,33.61494,1473,Eye Hit,Left,805.3879,326.3132,41.59872,NorthSidewalk
1742766102641,33.61494,1473,Eye Hit,Right,804.1935,326.3132,41.59872,NorthSidewalk
1742766102641,33.61494,1473,Eye Hit,Center,804.7906,326.3131,41.59872,NorthSidewalk
1742766102668,33.64219,1474,Eye Hit,Left,793.2148,339.3013,41.99843,NorthSidewalk
1742766102668,33.64219,1474,Eye Hit,Right,792.0319,339.3013,41.99843,NorthSidewalk
1742766102668,33.64219,1474,Eye Hit,Center,792.6233,339.3013,41.99843,NorthSidewalk
1742766102697,33.66825,1475,Eye Hit,Left,775.3815,337.9749,42.03291,NorthSidewalk
1742766102697,33.66825,1475,Eye Hit,Right,774.1994,337.9749,42.03292,NorthSidewalk
1742766102697,33.66825,1475,Eye Hit,Center,774.7905,337.9749,42.03292,NorthSidewalk
1742766102726,33.69699,1476,Eye Hit,Left,760.8295,309.9747,41.33089,NorthSidewalk
1742766102726,33.69699,1476,Eye Hit,Right,759.6274,309.9747,41.33089,NorthSidewalk
1742766102726,33.69699,1476,Eye Hit,Center,760.2284,309.9747,41.33089,NorthSidewalk
1742766102756,33.72637,1477,Eye Hit,Left,740.0262,299.0806,41.07754,NorthSidewalk
1742766102756,33.72637,1477,Eye Hit,Right,738.8167,299.0806,41.07754,NorthSidewalk
1742766102756,33.72637,1477,Eye Hit,Center,739.4215,299.0805,41.07754,NorthSidewalk
1742766102784,33.75648,1478,Eye Hit,Left,712.0668,308.7619,41.32977,NorthSidewalk
1742766102784,33.75648,1478,Eye Hit,Right,710.8647,308.7619,41.32976,NorthSidewalk
1742766102784,33.75648,1478,Eye Hit,Center,711.4658,308.7619,41.32977,NorthSidewalk
1742766102809,33.78423,1479,,Left,571.8076,582.8738,46.95741,
1742766102809,33.78423,1479,,Right,570.7495,582.8738,46.95741,
1742766102809,33.78423,1479,,Center,571.2786,582.8738,46.95741,
1742766102836,33.80935,1480,,Left,578.3557,588.1218,47.12844,
1742766102836,33.80935,1480,,Right,577.3015,588.1218,47.12844,
1742766102836,33.80935,1480,,Center,577.8286,588.1218,47.12844,
1742766102864,33.83651,1481,,Left,678.9812,598.5261,48.08761,
1742766102864,33.83651,1481,,Right,677.948,598.5261,48.08761,
1742766102865,33.83651,1481,,Center,678.4645,598.5261,48.08761,
1742766102896,33.86732,1482,,Left,785.6932,579.3342,47.64571,
1742766102896,33.86732,1482,,Right,784.6505,579.3342,47.64571,
1742766102896,33.86732,1482,,Center,785.1719,579.3342,47.64571,
1742766102923,33.89667,1483,,Left,800.3686,581.191,47.59177,
1742766102923,33.89667,1483,,Right,799.3246,581.191,47.59177,
1742766102923,33.89667,1483,,Center,799.8467,581.191,47.59177,
1742766102948,33.92319,1484,,Left,791.1363,576.3152,47.54044,
1742766102948,33.92319,1484,,Right,790.0912,576.3152,47.54044,
1742766102948,33.92319,1484,,Center,790.6138,576.3152,47.54044,
1742766102975,33.94815,1485,,Left,775.7565,584.4908,47.77199,
1742766102975,33.94815,1485,,Right,774.7165,584.4908,47.77198,
1742766102975,33.94815,1485,,Center,775.2365,584.4908,47.77198,
1742766103004,33.97655,1486,,Left,781.8151,594.4711,47.91768,
1742766103004,33.97655,1486,,Right,780.7782,594.4711,47.91767,
1742766103004,33.97655,1486,,Center,781.2966,594.4711,47.91768,
1742766103031,34.00431,1487,,Left,775.2661,603.5901,48.10592,
1742766103031,34.00431,1487,,Right,774.2333,603.5901,48.10592,
1742766103031,34.00431,1487,,Center,774.7498,603.5901,48.10592,
1742766103060,34.03166,1488,,Left,774.9033,612.0256,48.24679,
1742766103060,34.03166,1488,,Right,773.8734,612.0256,48.24679,
1742766103060,34.03166,1488,,Center,774.3883,612.0256,48.24679,
1742766103088,34.06013,1489,,Left,782.9255,612.6116,48.21744,
1742766103088,34.06013,1489,,Right,781.8951,612.6116,48.21744,
1742766103088,34.06013,1489,,Center,782.4104,612.6116,48.21744,
1742766103118,34.08767,1490,,Left,786.421,612.4452,48.16979,
1742766103118,34.08767,1490,,Right,785.3895,612.4452,48.16979,
1742766103118,34.08767,1490,,Center,785.9052,612.4452,48.16979,
1742766103145,34.11786,1491,,Left,778.3336,601.0551,48.03145,
1742766103145,34.11786,1491,,Right,777.2991,601.0551,48.03145,
1742766103145,34.11786,1491,,Center,777.8163,601.0551,48.03145,
1742766103172,34.14447,1492,,Left,780.8328,602.9572,48.05401,
1742766103172,34.14447,1492,,Right,779.7988,602.9572,48.05401,
1742766103172,34.14447,1492,,Center,780.3158,602.9572,48.054,
1742766103201,34.17281,1493,,Left,788.1638,611.8136,48.16077,
1742766103201,34.17281,1493,,Right,787.1321,611.8136,48.16077,
1742766103201,34.17281,1493,,Center,787.6479,611.8136,48.16077,
1742766103229,34.20171,1494,,Left,798.467,614.1216,48.13621,
1742766103229,34.20171,1494,,Right,797.4348,614.1216,48.13622,
1742766103229,34.20171,1494,,Center,797.9509,614.1216,48.13621,
1742766103258,34.22906,1495,,Left,810.2457,609.9875,47.9898,
1742766103258,34.22906,1495,,Right,809.2104,609.9875,47.98981,
1742766103258,34.22906,1495,,Center,809.7281,609.9875,47.98981,
1742766103286,34.25819,1496,,Left,828.1215,602.7511,47.69706,
1742766103286,34.25819,1496,,Right,827.0799,602.7511,47.69706,
1742766103286,34.25819,1496,,Center,827.6007,602.7511,47.69706,
1742766103312,34.28591,1497,,Left,833.8252,601.8958,47.63468,
1742766103312,34.28591,1497,,Right,832.7822,601.8958,47.63468,
1742766103312,34.28591,1497,,Center,833.3037,601.8958,47.63468,
1742766103341,34.3116,1498,,Left,836.3813,622.3268,47.92942,
1742766103341,34.3116,1498,,Right,835.3448,622.3268,47.92943,
1742766103341,34.3116,1498,,Center,835.863,622.3268,47.92942,
1742766103371,34.34169,1499,,Left,730.4263,666.3303,49.11779,
1742766103371,34.34169,1499,,Right,729.4148,666.3303,49.11779,
1742766103371,34.34169,1499,,Center,729.9205,666.3303,49.11779,
1742766103395,34.37165,1500,,Left,633.6183,714.6106,49.23575,
1742766103395,34.37165,1500,,Right,632.6093,714.6106,49.23574,
1742766103395,34.37165,1500,,Center,633.1138,714.6106,49.23574,
1742766103423,34.39502,1501,,Left,631.5963,721.0939,49.26899,
1742766103423,34.39502,1501,,Right,630.5878,721.0939,49.26899,
1742766103423,34.39502,1501,,Center,631.092,721.0939,49.26899,
1742766103450,34.42381,1502,,Left,655.4657,730.8951,49.47939,
1742766103450,34.42381,1502,,Right,654.4615,730.8951,49.47939,
1742766103450,34.42381,1502,,Center,654.9636,730.8951,49.47939,
1742766103479,34.45004,1503,,Left,664.4948,742.7145,49.60017,
1742766103479,34.45004,1503,,Right,663.4932,742.7145,49.60017,
1742766103479,34.45004,1503,,Center,663.994,742.7145,49.60017,
1742766103506,34.47934,1504,,Left,690.9934,743.4807,49.71947,
1742766103506,34.47934,1504,,Right,689.9941,743.4807,49.71947,
1742766103506,34.47934,1504,,Center,690.4937,743.4807,49.71947,
1742766103534,34.50645,1505,,Left,719.6068,749.9608,49.79711,
1742766103534,34.50645,1505,,Right,718.609,749.9608,49.7971,
1742766103534,34.50645,1505,,Center,719.1078,749.9608,49.79711,
1742766103561,34.53346,1506,,Left,755.3927,745.4625,49.72588,
1742766103561,34.53346,1506,,Right,754.3936,745.4625,49.72588,
1742766103561,34.53346,1506,,Center,754.8932,745.4625,49.72588,
1742766103590,34.56218,1507,,Left,762.1736,738.5911,49.67484,
1742766103590,34.56218,1507,,Right,761.1734,738.5911,49.67484,
1742766103590,34.56218,1507,,Center,761.6735,738.5911,49.67484,
1742766103618,34.59179,1508,,Left,810.2178,737.3188,49.34629,
1742766103618,34.59179,1508,,Right,809.2109,737.3188,49.34629,
1742766103618,34.59179,1508,,Center,809.7143,737.3188,49.34629,
1742766103645,34.61832,1509,,Left,697.4517,757.7048,49.80585,
1742766103645,34.61832,1509,,Right,696.454,757.7048,49.80585,
1742766103645,34.61832,1509,,Center,696.9529,757.7048,49.80585,
1742766103672,34.64499,1510,,Left,648.784,746.2965,49.54934,
1742766103672,34.64499,1510,,Right,647.7813,746.2965,49.54933,
1742766103672,34.64499,1510,,Center,648.2826,746.2965,49.54933,
1742766103701,34.67384,1511,,Left,575.9459,706.2727,48.58481,
1742766103701,34.67384,1511,,Right,574.9232,706.2727,48.58481,
1742766103701,34.67384,1511,,Center,575.4345,706.2727,48.58481,
1742766103735,34.70232,1512,,Left,535.8588,700.7563,47.96726,
1742766103735,34.70232,1512,,Right,534.8229,700.7563,47.96726,
1742766103735,34.70232,1512,,Center,535.3409,700.7563,47.96726,
1742766103769,34.73685,1513,,Left,536.3851,695.186,47.92878,
1742766103769,34.73685,1513,,Right,535.3484,695.186,47.92879,
1742766103769,34.73685,1513,,Center,535.8668,695.186,47.92878,
1742766103798,34.76966,1514,,Left,573.1492,696.7798,48.48052,
1742766103798,34.76966,1514,,Right,572.1243,696.7798,48.48052,
1742766103798,34.76966,1514,,Center,572.6368,696.7798,48.48052,
1742766103826,34.79725,1515,,Left,611.49,695.2635,48.8976,
1742766103826,34.79725,1515,,Right,610.4739,695.2635,48.8976,
1742766103826,34.79725,1515,,Center,610.9819,695.2635,48.8976,
1742766103853,34.82515,1516,Eye Hit,Left,634.9269,691.8314,49.0828,NorthSidewalk
1742766103853,34.82515,1516,Eye Hit,Right,633.9146,691.8314,49.0828,NorthSidewalk
1742766103853,34.82515,1516,Eye Hit,Center,634.4207,691.8314,49.08281,NorthSidewalk
1742766103882,34.85268,1517,Eye Hit,Left,672.8422,704.7324,49.44034,NorthSidewalk
1742766103882,34.85268,1517,Eye Hit,Right,671.8372,704.7324,49.44034,NorthSidewalk
1742766103882,34.85268,1517,Eye Hit,Center,672.3397,704.7324,49.44034,NorthSidewalk
1742766103912,34.88155,1518,Eye Hit,Left,708.4073,707.7479,49.57483,NorthSidewalk
1742766103912,34.88155,1518,Eye Hit,Right,707.4051,707.7479,49.57483,NorthSidewalk
1742766103912,34.88155,1518,Eye Hit,Center,707.9062,707.7479,49.57482,NorthSidewalk
1742766103941,34.91246,1519,Eye Hit,Left,711.6556,699.6101,49.51987,NorthSidewalk
1742766103941,34.91246,1519,Eye Hit,Right,710.6523,699.6101,49.51987,NorthSidewalk
1742766103941,34.91246,1519,Eye Hit,Center,711.1541,699.6101,49.51986,NorthSidewalk
1742766103970,34.94085,1520,Eye Hit,Left,704.1361,697.8687,49.50474,NorthSidewalk
1742766103970,34.94085,1520,Eye Hit,Right,703.1324,697.8687,49.50473,NorthSidewalk
1742766103970,34.94085,1520,Eye Hit,Center,703.6343,697.8687,49.50474,NorthSidewalk
1742766104001,34.96969,1521,Eye Hit,Left,590.9691,718.0908,48.90938,NW_Tree_10
1742766104001,34.96969,1521,Eye Hit,Right,589.9532,718.0908,48.90938,NW_Tree_10
1742766104001,34.96969,1521,Eye Hit,Center,590.4611,718.0908,48.90939,NW_Tree_10
1742766104029,35.00043,1522,Eye Hit,Left,573.5694,724.4579,48.73877,Car2-Detailed
1742766104029,35.00043,1522,Eye Hit,Right,572.55,724.4579,48.73877,Car2-Detailed
1742766104029,35.00043,1522,Eye Hit,Center,573.0598,724.4579,48.73876,Car2-Detailed
1742766104056,35.02823,1523,Eye Hit,Left,603.9619,727.9113,49.12489,Car2-Detailed
1742766104056,35.02823,1523,Eye Hit,Right,602.9505,727.9113,49.12489,Car2-Detailed
1742766104056,35.02823,1523,Eye Hit,Center,603.4562,727.9113,49.12489,Car2-Detailed
1742766104086,35.05585,1524,Eye Hit,Left,626.5625,735.1201,49.39222,Car2-Detailed
1742766104086,35.05585,1524,Eye Hit,Right,625.5565,735.1201,49.39222,Car2-Detailed
1742766104086,35.05585,1524,Eye Hit,Center,626.0595,735.1201,49.39222,Car2-Detailed
1742766104112,35.08469,1525,Eye Hit,Left,657.6052,745.094,49.67593,Car2-Detailed
1742766104112,35.08469,1525,Eye Hit,Right,656.605,745.094,49.67593,Car2-Detailed
1742766104112,35.08469,1525,Eye Hit,Center,657.1051,745.094,49.67593,Car2-Detailed
1742766104140,35.11151,1526,Eye Hit,Left,690.7026,742.1467,49.81264,RoadWest
1742766104140,35.11151,1526,Eye Hit,Right,689.7051,742.1467,49.81264,RoadWest
1742766104140,35.11151,1526,Eye Hit,Center,690.2039,742.1467,49.81264,RoadWest
1742766104168,35.13992,1527,Eye Hit,Left,736.7052,734.9081,49.80727,RoadWest
1742766104168,35.13992,1527,Eye Hit,Right,735.7077,734.9081,49.80727,RoadWest
1742766104168,35.13992,1527,Eye Hit,Center,736.2065,734.9081,49.80727,RoadWest
1742766104199,35.16785,1528,Eye Hit,Left,775.9958,727.696,49.63236,RoadWest
1742766104199,35.16785,1528,Eye Hit,Right,774.9948,727.696,49.63236,RoadWest
1742766104199,35.16785,1528,Eye Hit,Center,775.4952,727.696,49.63236,RoadWest
1742766104223,35.19827,1529,Eye Hit,Left,830.4694,727.7358,49.20816,RoadWest
1742766104223,35.19827,1529,Eye Hit,Right,829.4597,727.7358,49.20815,RoadWest
1742766104223,35.19827,1529,Eye Hit,Center,829.9647,727.7358,49.20814,RoadWest
1742766104251,35.22238,1530,Eye Hit,Left,846.8906,734.7686,49.07355,RoadWest
1742766104251,35.22238,1530,Eye Hit,Right,845.8782,734.7686,49.07355,RoadWest
1742766104251,35.22238,1530,Eye Hit,Center,846.3844,734.7686,49.07354,RoadWest
1742766104276,35.25055,1531,Eye Hit,Left,803.8842,752.7344,49.58911,Sedan2-Detailed
1742766104276,35.25055,1531,Eye Hit,Right,802.8823,752.7344,49.5891,Sedan2-Detailed
1742766104276,35.25055,1531,Eye Hit,Center,803.3833,752.7344,49.5891,Sedan2-Detailed
1742766104304,35.27599,1532,,Left,726.6137,756.05,49.94571,
1742766104304,35.27599,1532,,Right,725.6189,756.05,49.9457,
1742766104304,35.27599,1532,,Center,726.1162,756.05,49.94571,
1742766104333,35.30399,1533,,Left,698.4907,752.6126,49.91747,
1742766104333,35.30399,1533,,Right,697.4953,752.6127,49.91747,
1742766104333,35.30399,1533,,Center,697.993,752.6127,49.91747,
1742766104360,35.33298,1534,,Left,694.8442,749.2079,49.89837,
1742766104360,35.33298,1534,,Right,693.8486,749.2079,49.89837,
1742766104360,35.33298,1534,,Center,694.3464,749.2079,49.89838,
1742766104389,35.35985,1535,,Left,760.9213,750.8452,49.86849,
1742766104389,35.35985,1535,,Right,759.925,750.8452,49.86849,
1742766104389,35.35985,1535,,Center,760.4232,750.8452,49.86849,
1742766104418,35.38874,1536,Eye Hit,Left,809.3472,739.8057,49.51946,SouthSidewalk
1742766104418,35.38874,1536,Eye Hit,Right,808.344,739.8057,49.51946,SouthSidewalk
1742766104418,35.38874,1536,Eye Hit,Center,808.8456,739.8057,49.51946,SouthSidewalk
1742766104444,35.41813,1537,Eye Hit,Left,869.7734,743.5323,48.86716,SouthSidewalk
1742766104444,35.41813,1537,Eye Hit,Right,868.7567,743.5323,48.86716,SouthSidewalk
1742766104444,35.41813,1537,Eye Hit,Center,869.265,743.5323,48.86717,SouthSidewalk
1742766104473,35.44421,1538,,Left,851.9637,743.8378,49.09816,
1742766104473,35.44421,1538,,Right,850.9518,743.8378,49.09816,
1742766104473,35.44421,1538,,Center,851.4578,743.8378,49.09816,
1742766104500,35.47356,1539,,Left,783.7421,745.1102,49.72807,
1742766104500,35.47356,1539,,Right,782.7429,745.1102,49.72807,
1742766104500,35.47356,1539,,Center,783.2424,745.1102,49.72807,
1742766104530,35.4994,1540,,Left,704.3833,745.2054,49.90552,
1742766104530,35.4994,1540,,Right,703.3878,745.2054,49.90552,
1742766104530,35.4994,1540,,Center,703.8856,745.2054,49.90552,
1742766104560,35.5291,1541,,Left,752.6023,750.3697,49.90063,
1742766104560,35.5291,1541,,Right,751.6066,750.3697,49.90063,
1742766104560,35.5291,1541,,Center,752.1044,750.3697,49.90061,
1742766104584,35.55871,1542,,Left,721.6414,741.5016,49.90466,
1742766104584,35.55871,1542,,Right,720.6458,741.5016,49.90467,
1742766104584,35.55871,1542,,Center,721.1436,741.5016,49.90467,
1742766104613,35.58273,1543,,Left,702.8802,741.6239,49.88342,
1742766104613,35.58273,1543,,Right,701.8842,741.6239,49.88342,
1742766104613,35.58273,1543,,Center,702.3822,741.6239,49.88342,
1742766104640,35.61268,1544,,Left,747.0357,741.2272,49.85864,
1742766104640,35.61268,1544,,Right,746.0392,741.2272,49.85864,
1742766104640,35.61268,1544,,Center,746.5375,741.2272,49.85864,
1742766104667,35.64038,1545,Eye Hit,Left,796.9357,741.9561,49.61215,SouthSidewalk
1742766104667,35.64038,1545,Eye Hit,Right,795.9343,741.9561,49.61214,SouthSidewalk
1742766104667,35.64038,1545,Eye Hit,Center,796.435,741.9561,49.61215,SouthSidewalk
1742766104697,35.6666,1546,Eye Hit,Left,838.7136,726.3516,49.14035,SouthSidewalk
1742766104697,35.6666,1546,Eye Hit,Right,837.7025,726.3516,49.14035,SouthSidewalk
1742766104697,35.6666,1546,Eye Hit,Center,838.208,726.3516,49.14035,SouthSidewalk
1742766104726,35.6968,1547,Eye Hit,Left,879.7057,716.5293,48.5654,SouthSidewalk
1742766104726,35.6968,1547,Eye Hit,Right,878.6827,716.5293,48.5654,SouthSidewalk
1742766104726,35.6968,1547,Eye Hit,Center,879.1942,716.5293,48.5654,SouthSidewalk
1742766104752,35.72523,1548,Eye Hit,Left,915.3684,702.3999,47.90488,SouthSidewalk
1742766104752,35.72523,1548,Eye Hit,Right,914.3312,702.3999,47.90488,SouthSidewalk
1742766104752,35.72523,1548,Eye Hit,Center,914.8497,702.3999,47.90488,SouthSidewalk
1742766104781,35.7514,1549,Eye Hit,Left,904.2432,697.7792,48.04311,SouthSidewalk
1742766104781,35.7514,1549,Eye Hit,Right,903.209,697.7792,48.04311,SouthSidewalk
1742766104781,35.7514,1549,Eye Hit,Center,903.7261,697.7792,48.04311,SouthSidewalk
1742766104815,35.78127,1550,,Left,885.3149,708.1511,48.40658,
1742766104815,35.78127,1550,,Right,884.2886,708.1511,48.40657,
1742766104815,35.78127,1550,,Center,884.8018,708.1511,48.40657,
1742766104838,35.81345,1551,,Left,737.0422,720.9183,49.72492,
1742766104838,35.81345,1551,,Right,736.043,720.9183,49.72492,
1742766104838,35.81345,1551,,Center,736.5427,720.9183,49.72491,
1742766104867,35.83743,1552,,Left,625.1393,713.0211,49.23995,
1742766104867,35.83743,1552,,Right,624.1303,713.0211,49.23994,
1742766104867,35.83743,1552,,Center,624.6348,713.0211,49.23995,
1742766104893,35.86571,1553,,Left,652.5486,718.0227,49.48239,
1742766104893,35.86571,1553,,Right,651.5445,718.0227,49.48239,
1742766104893,35.86571,1553,,Center,652.0466,718.0226,49.48241,
1742766104922,35.89301,1554,,Left,632.9466,719.4495,49.34394,
1742766104922,35.89301,1554,,Right,631.9397,719.4495,49.34394,
1742766104922,35.89301,1554,,Center,632.4431,719.4495,49.34394,
1742766104960,35.92158,1555,,Left,666.3926,713.9904,49.52557,
1742766104960,35.92158,1555,,Right,665.3893,713.9904,49.52557,
1742766104960,35.92158,1555,,Center,665.8909,713.9904,49.52559,
1742766104992,35.9598,1556,,Left,698.0485,700.9708,49.53275,
1742766104992,35.9598,1556,,Right,697.0454,700.9708,49.53275,
1742766104992,35.9598,1556,,Center,697.5469,700.9708,49.53275,
1742766105030,35.99126,1557,Eye Hit,Left,746.3867,684.3005,49.35979,SouthSidewalk
1742766105030,35.99126,1557,Eye Hit,Right,745.3801,684.3005,49.35979,SouthSidewalk
1742766105030,35.99126,1557,Eye Hit,Center,745.8834,684.3005,49.35979,SouthSidewalk
1742766105059,36.0299,1558,,Left,787.8148,675.9305,49.09302,
1742766105059,36.0299,1558,,Right,786.8027,675.9305,49.09302,
1742766105059,36.0299,1558,,Center,787.3088,675.9305,49.09302,
1742766105096,36.05978,1559,,Left,825.6462,662.0797,48.63663,
1742766105096,36.05978,1559,,Right,824.6247,662.0797,48.63663,
1742766105096,36.05978,1559,,Center,825.1354,662.0797,48.63663,
1742766105126,36.09546,1560,Eye Hit,Left,819.0718,649.6661,48.5415,SouthSidewalk
1742766105126,36.09546,1560,Eye Hit,Right,818.0483,649.6661,48.5415,SouthSidewalk
1742766105126,36.09546,1560,Eye Hit,Center,818.5601,649.6661,48.5415,SouthSidewalk
1742766105164,36.12643,1561,Eye Hit,Left,659.9453,656.9442,48.8882,Car4-Detailed
1742766105164,36.12643,1561,Eye Hit,Right,658.929,656.9442,48.8882,Car4-Detailed
1742766105164,36.12643,1561,Eye Hit,Center,659.4371,656.9442,48.8882,Car4-Detailed
1742766105195,36.16476,1562,Eye Hit,Left,584.9159,666.8906,48.33778,Car4-Detailed
1742766105195,36.16476,1562,Eye Hit,Right,583.8881,666.8906,48.33778,Car4-Detailed
1742766105195,36.16476,1562,Eye Hit,Center,584.402,666.8906,48.33778,Car4-Detailed
1742766105236,36.19548,1563,Eye Hit,Left,565.4866,654.413,47.94289,Car4-Detailed
1742766105236,36.19548,1563,Eye Hit,Right,564.4503,654.413,47.94289,Car4-Detailed
1742766105237,36.19548,1563,Eye Hit,Center,564.9684,654.413,47.94289,Car4-Detailed
1742766105277,36.23721,1564,Eye Hit,Left,564.5518,648.6751,47.87583,Car4-Detailed
1742766105277,36.23721,1564,Eye Hit,Right,563.514,648.6751,47.87583,Car4-Detailed
1742766105277,36.23721,1564,Eye Hit,Center,564.0329,648.6751,47.87582,Car4-Detailed
1742766105323,36.27681,1565,Eye Hit,Left,555.8606,630.4702,47.52296,Car4-Detailed
1742766105323,36.27681,1565,Eye Hit,Right,554.8151,630.4702,47.52296,Car4-Detailed
1742766105323,36.27681,1565,Eye Hit,Center,555.3378,630.4702,47.52295,Car4-Detailed
1742766105362,36.3228,1566,Eye Hit,Left,556.3265,618.4614,47.36352,Car4-Detailed
1742766105362,36.3228,1566,Eye Hit,Right,555.2775,618.4614,47.36352,Car4-Detailed
1742766105363,36.3228,1566,Eye Hit,Center,555.8019,618.4614,47.3635,Car4-Detailed
1742766105403,36.3622,1567,Eye Hit,Left,554.6969,613.1473,47.26759,Car4-Detailed
1742766105403,36.3622,1567,Eye Hit,Right,553.6458,613.1473,47.26759,Car4-Detailed
1742766105403,36.3622,1567,Eye Hit,Center,554.1713,613.1473,47.26759,Car4-Detailed
1742766105445,36.40363,1568,Eye Hit,Left,558.3808,617.0224,47.37839,Car4-Detailed
1742766105445,36.40363,1568,Eye Hit,Right,557.332,617.0224,47.37839,Car4-Detailed
1742766105445,36.40363,1568,Eye Hit,Center,557.8564,617.0224,47.37839,Car4-Detailed
1742766105488,36.44508,1569,Eye Hit,Left,580.502,614.108,47.6273,Car4-Detailed
1742766105488,36.44508,1569,Eye Hit,Right,579.4589,614.108,47.6273,Car4-Detailed
1742766105488,36.44508,1569,Eye Hit,Center,579.9805,614.108,47.6273,Car4-Detailed
1742766105531,36.48776,1570,Eye Hit,Left,590.8108,615.1431,47.763,Car4-Detailed
1742766105531,36.48776,1570,Eye Hit,Right,589.7706,615.1431,47.763,Car4-Detailed
1742766105531,36.48776,1570,Eye Hit,Center,590.2906,615.1431,47.763,Car4-Detailed
1742766105569,36.5312,1571,Eye Hit,Left,591.9065,635.1667,48.06618,Car4-Detailed
1742766105569,36.5312,1571,Eye Hit,Right,590.8729,635.1667,48.06618,Car4-Detailed
1742766105569,36.5312,1571,Eye Hit,Center,591.3896,635.1667,48.06618,Car4-Detailed
1742766105609,36.56914,1572,Eye Hit,Left,495.1343,715.7723,47.41152,Car4-Detailed
1742766105609,36.56914,1572,Eye Hit,Right,494.0864,715.7723,47.41153,Car4-Detailed
1742766105609,36.56914,1572,Eye Hit,Center,494.6104,715.7723,47.41152,Car4-Detailed
1742766105650,36.60862,1573,Eye Hit,Left,475.1918,720.3824,47.06007,Car4-Detailed
1742766105650,36.60862,1573,Eye Hit,Right,474.136,720.3824,47.06007,Car4-Detailed
1742766105650,36.60862,1573,Eye Hit,Center,474.6639,720.3824,47.06007,Car4-Detailed
1742766105692,36.64988,1574,Eye Hit,Left,474.9272,723.2723,47.07462,Car4-Detailed
1742766105692,36.64988,1574,Eye Hit,Right,473.8718,723.2723,47.07462,Car4-Detailed
1742766105692,36.64988,1574,Eye Hit,Center,474.3995,723.2723,47.07462,Car4-Detailed
1742766105735,36.69223,1575,Eye Hit,Left,480.5549,715.03,47.14034,Car4-Detailed
1742766105735,36.69223,1575,Eye Hit,Right,479.5009,715.03,47.14034,Car4-Detailed
1742766105736,36.69223,1575,Eye Hit,Center,480.0279,715.03,47.14033,Car4-Detailed
1742766105777,36.73553,1576,Eye Hit,Left,492.7539,716.7645,47.38927,Car4-Detailed
1742766105777,36.73553,1576,Eye Hit,Right,491.7055,716.7645,47.38927,Car4-Detailed
1742766105777,36.73553,1576,Eye Hit,Center,492.2297,716.7645,47.38927,Car4-Detailed
1742766105819,36.7773,1577,Eye Hit,Left,494.1147,705.0545,47.33758,Car4-Detailed
1742766105819,36.7773,1577,Eye Hit,Right,493.0651,705.0545,47.33758,Car4-Detailed
1742766105819,36.7773,1577,Eye Hit,Center,493.5899,705.0545,47.33758,Car4-Detailed
1742766105861,36.81788,1578,Eye Hit,Left,502.0525,702.4713,47.46642,Car4-Detailed
1742766105861,36.81788,1578,Eye Hit,Right,501.0057,702.4713,47.46642,Car4-Detailed
1742766105862,36.81788,1578,Eye Hit,Center,501.5291,702.4713,47.46642,Car4-Detailed
1742766105902,36.86084,1579,Eye Hit,Left,516.8937,702.3835,47.73082,Car4-Detailed
1742766105902,36.86084,1579,Eye Hit,Right,515.8527,702.3835,47.73082,Car4-Detailed
1742766105902,36.86084,1579,Eye Hit,Center,516.3732,702.3835,47.73082,Car4-Detailed
1742766105950,36.90179,1580,Eye Hit,Left,512.0469,703.6207,47.65578,Car4-Detailed
1742766105950,36.90179,1580,Eye Hit,Right,511.0043,703.6207,47.65578,Car4-Detailed
1742766105950,36.90179,1580,Eye Hit,Center,511.5258,703.6207,47.6558,Car4-Detailed
1742766105988,36.94972,1581,Eye Hit,Left,512.5081,700.0815,47.638,Car4-Detailed
1742766105988,36.94972,1581,Eye Hit,Right,511.4651,700.0815,47.638,Car4-Detailed
1742766105988,36.94972,1581,Eye Hit,Center,511.9866,700.0815,47.638,Car4-Detailed
1742766106026,36.98745,1582,Eye Hit,Left,508.5366,702.8676,47.59001,Car4-Detailed
1742766106026,36.98745,1582,Eye Hit,Right,507.4926,702.8676,47.59001,Car4-Detailed
1742766106026,36.98745,1582,Eye Hit,Center,508.0147,702.8675,47.59002,Car4-Detailed
1742766106069,37.026,1583,Eye Hit,Left,506.277,703.0239,47.55169,Car4-Detailed
1742766106069,37.026,1583,Eye Hit,Right,505.2322,703.0239,47.55169,Car4-Detailed
1742766106069,37.026,1583,Eye Hit,Center,505.7546,703.0239,47.55169,Car4-Detailed
1742766106110,37.06931,1584,Eye Hit,Left,506.6543,700.3815,47.53888,Car4-Detailed
1742766106110,37.06931,1584,Eye Hit,Right,505.6091,700.3815,47.53888,Car4-Detailed
1742766106110,37.06931,1584,Eye Hit,Center,506.1317,700.3815,47.53887,Car4-Detailed
1742766106154,37.1096,1585,Eye Hit,Left,495.8291,694.9668,47.29661,Car4-Detailed
1742766106154,37.1096,1585,Eye Hit,Right,494.7786,694.9668,47.29661,Car4-Detailed
1742766106154,37.1096,1585,Eye Hit,Center,495.3038,694.9669,47.2966,Car4-Detailed
1742766106196,37.15303,1586,Eye Hit,Left,490.134,686.4201,47.1187,Car4-Detailed
1742766106196,37.15303,1586,Eye Hit,Right,489.0796,686.4201,47.1187,Car4-Detailed
1742766106196,37.15303,1586,Eye Hit,Center,489.6068,686.4201,47.11869,Car4-Detailed
1742766106242,37.19588,1587,Eye Hit,Left,483.6975,682.0499,46.9575,Car4-Detailed
1742766106242,37.19588,1587,Eye Hit,Right,482.6394,682.0499,46.9575,Car4-Detailed
1742766106242,37.19588,1587,Eye Hit,Center,483.1684,682.0499,46.9575,Car4-Detailed
1742766106280,37.24211,1588,Eye Hit,Left,499.3173,699.8533,47.39676,Car4-Detailed
1742766106280,37.24211,1588,Eye Hit,Right,498.269,699.8533,47.39677,Car4-Detailed
1742766106280,37.24211,1588,Eye Hit,Center,498.7931,699.8533,47.39676,Car4-Detailed
1742766106319,37.27958,1589,Eye Hit,Left,601.7924,789.9421,49.30946,SE_Tree_10
1742766106319,37.27958,1589,Eye Hit,Right,600.7849,789.9421,49.30946,SE_Tree_10
1742766106319,37.27958,1589,Eye Hit,Center,601.2886,789.9421,49.30947,SE_Tree_10
1742766106361,37.31843,1590,Eye Hit,Left,695.8218,820.8234,49.9118,SE_Tree_10
1742766106361,37.31843,1590,Eye Hit,Right,694.8264,820.8234,49.9118,SE_Tree_10
1742766106361,37.31843,1590,Eye Hit,Center,695.3241,820.8233,49.9118,SE_Tree_10
1742766106404,37.36097,1591,,Left,785.6486,846.2396,49.6322,
1742766106404,37.36097,1591,,Right,784.6477,846.2396,49.6322,
1742766106404,37.36097,1591,,Center,785.1481,846.2396,49.6322,
1742766106446,37.40432,1592,,Left,988.4847,852.0134,46.65646,
1742766106446,37.40432,1592,,Right,987.4199,852.0134,46.65646,
1742766106446,37.40432,1592,,Center,987.9523,852.0134,46.65646,
1742766106487,37.44586,1593,,Left,986.9164,848.5313,46.70506,
1742766106487,37.44586,1593,,Right,985.8527,848.5313,46.70506,
1742766106487,37.44586,1593,,Center,986.3846,848.5313,46.70506,
1742766106531,37.48613,1594,,Left,988.4385,846.8642,46.67898,
1742766106531,37.48613,1594,,Right,987.3741,846.8642,46.67898,
1742766106531,37.48613,1594,,Center,987.9063,846.8642,46.67898,
1742766106577,37.52995,1595,Eye Hit,Left,993.0346,846.9518,46.57887,SouthWalkingPole
1742766106577,37.52995,1595,Eye Hit,Right,991.968,846.9518,46.57887,SouthWalkingPole
1742766106577,37.52995,1595,Eye Hit,Center,992.5013,846.9518,46.57887,SouthWalkingPole
1742766106612,37.57619,1596,Eye Hit,Left,1007.587,842.4124,46.27909,SouthWalkingPole
1742766106612,37.57619,1596,Eye Hit,Right,1006.513,842.4124,46.27909,SouthWalkingPole
1742766106612,37.57619,1596,Eye Hit,Center,1007.05,842.4124,46.27909,SouthWalkingPole
1742766106655,37.61235,1597,,Left,1041.841,846.4308,45.47485,
1742766106655,37.61235,1597,,Right,1040.748,846.4308,45.47485,
1742766106655,37.61235,1597,,Center,1041.295,846.4308,45.47485,
1742766106696,37.6545,1598,Eye Hit,Left,1046.084,856.0522,45.33146,SouthWalkingSignal
1742766106696,37.6545,1598,Eye Hit,Right,1044.988,856.0522,45.33145,SouthWalkingSignal
1742766106696,37.6545,1598,Eye Hit,Center,1045.536,856.0522,45.33145,SouthWalkingSignal
1742766106738,37.69606,1599,Eye Hit,Left,1042.675,861.6249,45.3835,SouthWalkingPole
1742766106739,37.69606,1599,Eye Hit,Right,1041.58,861.6249,45.3835,SouthWalkingPole
1742766106739,37.69606,1599,Eye Hit,Center,1042.127,861.6249,45.3835,SouthWalkingPole
1742766106779,37.73892,1600,,Left,1043.776,850.8329,45.40913,
1742766106779,37.73892,1600,,Right,1042.681,850.8329,45.40913,
1742766106779,37.73892,1600,,Center,1043.229,850.8329,45.40913,
1742766106823,37.77941,1601,,Left,1048.826,851.929,45.28287,
1742766106823,37.77941,1601,,Right,1047.728,851.929,45.28287,
1742766106823,37.77941,1601,,Center,1048.277,851.929,45.28287,
1742766106870,37.82227,1602,,Left,1043.549,854.7673,45.3942,
1742766106870,37.82227,1602,,Right,1042.455,854.7673,45.3942,
1742766106870,37.82227,1602,,Center,1043.002,854.7673,45.39419,
1742766106904,37.86952,1603,,Left,1034.738,853.9211,45.60328,
1742766106904,37.86952,1603,,Right,1033.649,853.9211,45.60328,
1742766106904,37.86952,1603,,Center,1034.193,853.9211,45.60327,
1742766106946,37.90456,1604,,Left,1024.229,851.7674,45.85728,
1742766106946,37.90456,1604,,Right,1023.145,851.7674,45.85729,
1742766106946,37.90456,1604,,Center,1023.687,851.7674,45.85728,
1742766106987,37.94619,1605,,Left,1015.304,849.9629,46.06622,
1742766106987,37.94619,1605,,Right,1014.225,849.9629,46.06622,
1742766106987,37.94619,1605,,Center,1014.764,849.9629,46.06621,
1742766107029,37.98614,1606,,Left,1005.214,847.6772,46.29964,
1742766107029,37.98614,1606,,Right,1004.141,847.6772,46.29964,
1742766107029,37.98614,1606,,Center,1004.677,847.6772,46.29964,
1742766107072,38.02895,1607,Eye Hit,Left,993.9377,844.4523,46.5571,SouthWalkingSignal
1742766107072,38.02895,1607,Eye Hit,Right,992.8705,844.4523,46.5571,SouthWalkingSignal
1742766107072,38.02895,1607,Eye Hit,Center,993.4041,844.4523,46.5571,SouthWalkingSignal
1742766107115,38.07232,1608,Eye Hit,Left,980.8526,845.8345,46.8316,SouthWalkingSignal
1742766107115,38.07232,1608,Eye Hit,Right,979.7916,845.8345,46.8316,SouthWalkingSignal
1742766107115,38.07232,1608,Eye Hit,Center,980.3221,845.8345,46.8316,SouthWalkingSignal
1742766107159,38.11566,1609,Eye Hit,Left,966.1245,841.0284,47.15166,SouthWalkingSignal
1742766107159,38.11566,1609,Eye Hit,Right,965.0708,841.0284,47.15165,SouthWalkingSignal
1742766107159,38.11566,1609,Eye Hit,Center,965.5977,841.0284,47.15165,SouthWalkingSignal
1742766107195,38.15916,1610,Eye Hit,Left,944.0663,846.3012,47.55592,SouthWalkingSignal
1742766107195,38.15916,1610,Eye Hit,Right,943.0215,846.3012,47.55592,SouthWalkingSignal
1742766107195,38.15916,1610,Eye Hit,Center,943.5439,846.3012,47.55593,SouthWalkingSignal
1742766107237,38.19545,1611,Eye Hit,Left,924.7803,851.5633,47.87848,SouthWalkingSignal
1742766107237,38.19545,1611,Eye Hit,Right,923.7427,851.5633,47.87848,SouthWalkingSignal
1742766107237,38.19545,1611,Eye Hit,Center,924.2615,851.5633,47.87847,SouthWalkingSignal
1742766107280,38.23774,1612,Eye Hit,Left,907.038,852.3058,48.17821,SouthWalkingSignal
1742766107280,38.23774,1612,Eye Hit,Right,906.0067,852.3058,48.17822,SouthWalkingSignal
1742766107280,38.23774,1612,Eye Hit,Center,906.5223,852.3057,48.17821,SouthWalkingSignal
1742766107324,38.2803,1613,Eye Hit,Left,885.4561,845.8947,48.54306,SouthWalkingSignal
1742766107324,38.2803,1613,Eye Hit,Right,884.4326,845.8947,48.54307,SouthWalkingSignal
1742766107324,38.2803,1613,Eye Hit,Center,884.9443,845.8947,48.54307,SouthWalkingSignal
1742766107365,38.3238,1614,Eye Hit,Left,873.7479,843.7977,48.71645,SouthWalkingSignal
1742766107365,38.3238,1614,Eye Hit,Right,872.7281,843.7977,48.71645,SouthWalkingSignal
1742766107365,38.3238,1614,Eye Hit,Center,873.238,843.7977,48.71645,SouthWalkingSignal
1742766107407,38.3637,1615,Eye Hit,Left,859.361,830.2772,48.95792,SouthWalkingSignal
1742766107407,38.3637,1615,Eye Hit,Right,858.3461,830.2772,48.95792,SouthWalkingSignal
1742766107407,38.3637,1615,Eye Hit,Center,858.8536,830.2772,48.95794,SouthWalkingSignal
1742766107449,38.40751,1616,,Left,865.4273,825.893,48.89448,
1742766107449,38.40751,1616,,Right,864.4111,825.893,48.89448,
1742766107449,38.40751,1616,,Center,864.9193,825.893,48.89449,
1742766107496,38.44791,1617,,Left,904.8721,840.5657,48.24818,
1742766107496,38.44791,1617,,Right,903.8423,840.5657,48.24818,
1742766107496,38.44791,1617,,Center,904.3572,840.5656,48.24816,
1742766107535,38.495,1618,,Left,907.3318,836.1439,48.21601,
1742766107535,38.495,1618,,Right,906.3013,836.1439,48.21601,
1742766107535,38.495,1618,,Center,906.8166,836.1439,48.21601,
1742766107577,38.53397,1619,,Left,891.8862,836.3977,48.44974,
1742766107577,38.53397,1619,,Right,890.8607,836.3977,48.44974,
1742766107577,38.53397,1619,,Center,891.3734,836.3977,48.44974,
1742766107622,38.57651,1620,,Left,860.7855,832.8748,48.9036,
1742766107622,38.57651,1620,,Right,859.7696,832.8748,48.9036,
1742766107622,38.57651,1620,,Center,860.2776,832.8746,48.9036,
1742766107663,38.62086,1621,,Left,814.6477,832.9146,49.39559,
1742766107663,38.62086,1621,,Right,813.6419,832.9146,49.39559,
1742766107663,38.62086,1621,,Center,814.1448,832.9146,49.39559,
1742766107709,38.66166,1622,,Left,733.9382,825.8008,49.82537,
1742766107709,38.66166,1622,,Right,732.941,825.8008,49.82536,
1742766107709,38.66166,1622,,Center,733.4396,825.8008,49.82536,
1742766107743,38.70815,1623,,Left,446.5271,669.8846,46.01029,
1742766107743,38.70815,1623,,Right,445.4473,669.8846,46.0103,
1742766107743,38.70815,1623,,Center,445.9872,669.8846,46.01028,
1742766107785,38.74218,1624,,Left,410.1801,650.7658,45.03935,
1742766107785,38.74218,1624,,Right,409.0771,650.7658,45.03935,
1742766107786,38.74218,1624,,Center,409.6285,650.7658,45.03935,
1742766107826,38.78475,1625,,Left,361.1672,655.1673,43.93448,
1742766107826,38.78475,1625,,Right,360.0363,655.1673,43.93448,
1742766107826,38.78475,1625,,Center,360.6018,655.1673,43.93447,
1742766107870,38.82523,1626,,Left,503.9625,712.9927,47.45234,
1742766107870,38.82523,1626,,Right,502.9155,712.9927,47.45234,
1742766107870,38.82523,1626,,Center,503.439,712.9927,47.45235,
1742766107913,38.86852,1627,,Left,725.1606,769.8645,49.81693,
1742766107913,38.86852,1627,,Right,724.1632,769.8645,49.81693,
1742766107913,38.86852,1627,,Center,724.6619,769.8645,49.81693,
1742766107958,38.91255,1628,,Left,931.3635,817.8871,47.81649,
1742766107958,38.91255,1628,,Right,930.3244,817.8871,47.81648,
1742766107958,38.91255,1628,,Center,930.8439,817.8871,47.81648,
1742766108004,38.9573,1629,Eye Hit,Left,946.6365,782.8483,47.56074,Sedan2-Detailed
1742766108004,38.9573,1629,Eye Hit,Right,945.5918,782.8483,47.56074,Sedan2-Detailed
1742766108004,38.9573,1629,Eye Hit,Center,946.1141,782.8483,47.56075,Sedan2-Detailed
1742766108055,39.00452,1630,Eye Hit,Left,894.7166,769.8896,48.43638,Sedan2-Detailed
1742766108055,39.00452,1630,Eye Hit,Right,893.6909,769.8896,48.43637,Sedan2-Detailed
1742766108055,39.00452,1630,Eye Hit,Center,894.2037,769.8896,48.43637,Sedan2-Detailed
1742766108100,39.05484,1631,Eye Hit,Left,843.3955,766.7699,49.14389,Sedan2-Detailed
1742766108100,39.05484,1631,Eye Hit,Right,842.3845,766.7699,49.14389,Sedan2-Detailed
1742766108100,39.05484,1631,Eye Hit,Center,842.89,766.7699,49.14389,Sedan2-Detailed
1742766108148,39.09918,1632,Eye Hit,Left,820.8037,775.9331,49.38742,Sedan2-Detailed
1742766108148,39.09918,1632,Eye Hit,Right,819.7977,775.9331,49.38742,Sedan2-Detailed
1742766108148,39.09918,1632,Eye Hit,Center,820.3007,775.9331,49.38742,Sedan2-Detailed
1742766108195,39.14809,1633,Eye Hit,Left,822.6697,754.5609,49.33483,Sedan2-Detailed
1742766108195,39.14809,1633,Eye Hit,Right,821.6627,754.5609,49.33483,Sedan2-Detailed
1742766108195,39.14809,1633,Eye Hit,Center,822.1661,754.5609,49.33482,Sedan2-Detailed
1742766108251,39.1943,1634,Eye Hit,Left,884.192,760.3575,48.59689,Sedan2-Detailed
1742766108251,39.1943,1634,Eye Hit,Right,883.1696,760.3575,48.59689,Sedan2-Detailed
1742766108251,39.1943,1634,Eye Hit,Center,883.6807,760.3575,48.59689,Sedan2-Detailed
1742766108303,39.25047,1635,Eye Hit,Left,958.8445,788.7886,47.35855,Sedan2-Detailed
1742766108303,39.25047,1635,Eye Hit,Right,957.7954,788.7886,47.35855,Sedan2-Detailed
1742766108303,39.25047,1635,Eye Hit,Center,958.3201,788.7886,47.35854,Sedan2-Detailed
1742766108359,39.30275,1636,Eye Hit,Left,944.1238,788.399,47.63699,Sedan2-Detailed
1742766108359,39.30275,1636,Eye Hit,Right,943.0808,788.3989,47.63699,Sedan2-Detailed
1742766108359,39.30275,1636,Eye Hit,Center,943.6024,788.3989,47.63699,Sedan2-Detailed
1742766108413,39.35933,1637,Eye Hit,Left,928.1288,774.3983,47.92757,Sedan2-Detailed
1742766108413,39.35933,1637,Eye Hit,Right,927.0922,774.3983,47.92757,Sedan2-Detailed
1742766108413,39.35933,1637,Eye Hit,Center,927.6106,774.3983,47.92756,Sedan2-Detailed
1742766108467,39.41278,1638,Eye Hit,Left,912.4388,769.5385,48.18704,Sedan2-Detailed
1742766108467,39.41278,1638,Eye Hit,Right,911.4077,769.5385,48.18704,Sedan2-Detailed
1742766108467,39.41278,1638,Eye Hit,Center,911.9232,769.5385,48.18704,Sedan2-Detailed
1742766108522,39.46651,1639,Eye Hit,Left,905.5583,778.7307,48.32326,Sedan2-Detailed
1742766108522,39.46651,1639,Eye Hit,Right,904.5302,778.7307,48.32326,Sedan2-Detailed
1742766108522,39.46651,1639,Eye Hit,Center,905.0443,778.7307,48.32325,Sedan2-Detailed
1742766108577,39.52189,1640,Eye Hit,Left,909.6084,784.3616,48.26875,Sedan2-Detailed
1742766108577,39.52189,1640,Eye Hit,Right,908.5791,784.3616,48.26875,Sedan2-Detailed
1742766108577,39.52189,1640,Eye Hit,Center,909.0938,784.3616,48.26875,Sedan2-Detailed
1742766108634,39.57697,1641,Eye Hit,Left,909.7065,796.164,48.26214,Sedan2-Detailed
1742766108634,39.57697,1641,Eye Hit,Right,908.6771,796.164,48.26214,Sedan2-Detailed
1742766108634,39.57697,1641,Eye Hit,Center,909.1918,796.164,48.26214,Sedan2-Detailed
1742766108690,39.6335,1642,Eye Hit,Left,1048.104,798.9554,45.41483,Jeep2-Detailed
1742766108690,39.6335,1642,Eye Hit,Right,1047.01,798.9554,45.41483,Jeep2-Detailed
1742766108690,39.6335,1642,Eye Hit,Center,1047.557,798.9554,45.41483,Jeep2-Detailed
1742766108751,39.69007,1643,Eye Hit,Left,1042.08,794.0375,45.55788,Jeep2-Detailed
1742766108751,39.69007,1643,Eye Hit,Right,1040.99,794.0375,45.55788,Jeep2-Detailed
1742766108751,39.69007,1643,Eye Hit,Center,1041.535,794.0375,45.55788,Jeep2-Detailed
1742766108799,39.75063,1644,Eye Hit,Left,1035.242,807.4106,45.7053,Jeep2-Detailed
1742766108799,39.75063,1644,Eye Hit,Right,1034.155,807.4106,45.7053,Jeep2-Detailed
1742766108799,39.75063,1644,Eye Hit,Center,1034.698,807.4106,45.70531,Jeep2-Detailed
1742766108853,39.79834,1645,Eye Hit,Left,1032.815,818.7537,45.7443,Jeep2-Detailed
1742766108853,39.79834,1645,Eye Hit,Right,1031.729,818.7537,45.7443,Jeep2-Detailed
1742766108853,39.79834,1645,Eye Hit,Center,1032.272,818.7537,45.74431,Jeep2-Detailed
1742766108910,39.85253,1646,Eye Hit,Left,1038.896,822.1304,45.59441,Jeep2-Detailed
1742766108910,39.85253,1646,Eye Hit,Right,1037.806,822.1304,45.59441,Jeep2-Detailed
1742766108910,39.85253,1646,Eye Hit,Center,1038.351,822.1304,45.59441,Jeep2-Detailed
1742766108966,39.91062,1647,Eye Hit,Left,1044.16,819.2858,45.46711,Jeep2-Detailed
1742766108966,39.91062,1647,Eye Hit,Right,1043.067,819.2858,45.46712,Jeep2-Detailed
1742766108966,39.91062,1647,Eye Hit,Center,1043.613,819.2858,45.46713,Jeep2-Detailed
1742766109028,39.96547,1648,Eye Hit,Left,1051.824,815.2003,45.28719,Jeep2-Detailed
1742766109028,39.96547,1648,Eye Hit,Right,1050.727,815.2003,45.28719,Jeep2-Detailed
1742766109028,39.96547,1648,Eye Hit,Center,1051.275,815.2003,45.28719,Jeep2-Detailed
1742766109085,40.02737,1649,Eye Hit,Left,1073.074,814.7689,44.7649,Jeep2-Detailed
1742766109085,40.02737,1649,Eye Hit,Right,1071.964,814.7689,44.76489,Jeep2-Detailed
1742766109085,40.02737,1649,Eye Hit,Center,1072.52,814.7689,44.7649,Jeep2-Detailed
1742766109130,40.08504,1650,Eye Hit,Left,1091.108,810.212,44.30568,Jeep2-Detailed
1742766109130,40.08504,1650,Eye Hit,Right,1089.987,810.212,44.30568,Jeep2-Detailed
1742766109130,40.08504,1650,Eye Hit,Center,1090.548,810.212,44.30568,Jeep2-Detailed
1742766109182,40.13002,1651,Eye Hit,Left,917.8312,778.8051,48.07445,Sedan2-Detailed
1742766109182,40.13002,1651,Eye Hit,Right,916.7977,778.8051,48.07445,Sedan2-Detailed
1742766109182,40.13002,1651,Eye Hit,Center,917.3144,778.8051,48.07445,Sedan2-Detailed
1742766109226,40.18211,1652,Eye Hit,Left,799.1975,752.8845,49.50181,Sedan2-Detailed
1742766109226,40.18211,1652,Eye Hit,Right,798.1938,752.8845,49.50181,Sedan2-Detailed
1742766109226,40.18211,1652,Eye Hit,Center,798.6957,752.8845,49.50181,Sedan2-Detailed
1742766109264,40.22636,1653,Eye Hit,Left,810.9347,737.0537,49.33235,Sedan2-Detailed
1742766109264,40.22636,1653,Eye Hit,Right,809.9276,737.0537,49.33235,Sedan2-Detailed
1742766109264,40.22636,1653,Eye Hit,Center,810.4312,737.0537,49.33235,Sedan2-Detailed
1742766109306,40.26366,1654,Eye Hit,Left,812.8319,723.1035,49.22941,Sedan2-Detailed
1742766109306,40.26366,1654,Eye Hit,Right,811.8227,723.1035,49.22941,Sedan2-Detailed
1742766109306,40.26366,1654,Eye Hit,Center,812.3273,723.1035,49.22941,Sedan2-Detailed
1742766109349,40.3064,1655,Eye Hit,Left,817.9845,721.902,49.17271,Sedan2-Detailed
1742766109349,40.3064,1655,Eye Hit,Right,816.9741,721.902,49.17271,Sedan2-Detailed
1742766109349,40.3064,1655,Eye Hit,Center,817.4793,721.902,49.17271,Sedan2-Detailed
1742766109394,40.34813,1656,Eye Hit,Left,837.1794,704.1516,48.87599,Sedan2-Detailed
1742766109394,40.34813,1656,Eye Hit,Right,836.1628,704.1516,48.87599,Sedan2-Detailed
1742766109394,40.34813,1656,Eye Hit,Center,836.6711,704.1516,48.87599,Sedan2-Detailed
1742766109438,40.39383,1657,Eye Hit,Left,856.8694,698.4894,48.60306,Sedan2-Detailed
1742766109438,40.39383,1657,Eye Hit,Right,855.8472,698.4894,48.60305,Sedan2-Detailed
1742766109438,40.39383,1657,Eye Hit,Center,856.3582,698.4894,48.60305,Sedan2-Detailed
1742766109486,40.43848,1658,Eye Hit,Left,864.7106,690.5811,48.43111,Sedan2-Detailed
1742766109486,40.43848,1658,Eye Hit,Right,863.6848,690.5811,48.43111,Sedan2-Detailed
1742766109486,40.43848,1658,Eye Hit,Center,864.1977,690.5811,48.43111,Sedan2-Detailed
1742766109523,40.48568,1659,Eye Hit,Left,873.1767,681.3529,48.24955,Sedan2-Detailed
1742766109523,40.48568,1659,Eye Hit,Right,872.147,681.3529,48.24956,Sedan2-Detailed
1742766109523,40.48568,1659,Eye Hit,Center,872.6618,681.3529,48.24955,Sedan2-Detailed
1742766109562,40.52291,1660,Eye Hit,Left,893.7204,674.8301,47.88849,Sedan2-Detailed
1742766109562,40.52291,1660,Eye Hit,Right,892.6829,674.8301,47.88849,Sedan2-Detailed
1742766109562,40.52291,1660,Eye Hit,Center,893.2016,674.8301,47.88849,Sedan2-Detailed
1742766109605,40.56149,1661,Eye Hit,Left,904.5207,673.248,47.70102,Sedan2-Detailed
1742766109605,40.56149,1661,Eye Hit,Right,903.4791,673.248,47.70102,Sedan2-Detailed
1742766109605,40.56149,1661,Eye Hit,Center,903.9999,673.248,47.70102,Sedan2-Detailed
1742766109649,40.60501,1662,Eye Hit,Left,845.4632,679.3276,48.54566,Sedan2-Detailed
1742766109649,40.60501,1662,Eye Hit,Right,844.4398,679.3276,48.54566,Sedan2-Detailed
1742766109649,40.60501,1662,Eye Hit,Center,844.9515,679.3276,48.54566,Sedan2-Detailed
1742766109695,40.64844,1663,,Left,723.2107,718.1195,49.60764,
1742766109695,40.64844,1663,,Right,722.2091,718.1195,49.60764,
1742766109695,40.64844,1663,,Center,722.71,718.1195,49.60764,
1742766109732,40.69431,1664,,Left,732.2042,690.3796,49.36074,
1742766109732,40.69431,1664,,Right,731.1976,690.3795,49.36074,
1742766109732,40.69431,1664,,Center,731.7009,690.3795,49.36074,
1742766109771,40.73126,1665,,Left,762.4788,686.0173,49.23421,
1742766109771,40.73126,1665,,Right,761.4696,686.0173,49.23421,
1742766109771,40.73126,1665,,Center,761.9742,686.0173,49.23421,
1742766109814,40.7709,1666,,Left,803.8738,690.2867,49.02677,
1742766109814,40.7709,1666,,Right,802.8604,690.2867,49.02677,
1742766109814,40.7709,1666,,Center,803.3671,690.2867,49.02677,
1742766109859,40.81356,1667,,Left,765.0392,724.0802,49.54023,
1742766109859,40.81356,1667,,Right,764.0364,724.0802,49.54024,
1742766109859,40.81356,1667,,Center,764.5378,724.0802,49.54022,
1742766109901,40.85758,1668,,Left,700.6596,737.5471,49.67654,
1742766109901,40.85758,1668,,Right,699.6595,737.5471,49.67654,
1742766109901,40.85758,1668,,Center,700.1595,737.5471,49.67654,
1742766109944,40.90003,1669,,Left,662.8635,728.1584,49.46894,
1742766109944,40.90003,1669,,Right,661.8591,728.1584,49.46894,
1742766109944,40.90003,1669,,Center,662.3613,728.1584,49.46894,
1742766109991,40.94334,1670,,Left,671.8618,719.7309,49.48554,
1742766109991,40.94334,1670,,Right,670.8578,719.7309,49.48554,
1742766109991,40.94334,1670,,Center,671.3597,719.7309,49.48554,
1742766110027,40.98963,1671,,Left,719.0034,713.4895,49.54732,
1742766110027,40.98963,1671,,Right,718.0006,713.4895,49.54732,
1742766110027,40.98963,1671,,Center,718.502,713.4895,49.54732,
1742766110068,41.02548,1672,,Left,766.5251,716.0204,49.45823,
1742766110068,41.02548,1672,,Right,765.5206,716.0204,49.45823,
1742766110068,41.02548,1672,,Center,766.0228,716.0204,49.45823,
1742766110110,41.06713,1673,,Left,791.5755,718.5472,49.32827,
1742766110110,41.06713,1673,,Right,790.5684,718.5472,49.32828,
1742766110110,41.06713,1673,,Center,791.0719,718.5472,49.32826,
1742766110153,41.10916,1674,,Left,669.7602,701.5387,49.33878,
1742766110153,41.10916,1674,,Right,668.7532,701.5387,49.33878,
1742766110153,41.10916,1674,,Center,669.2567,701.5387,49.33878,
1742766110200,41.15218,1675,,Left,658.5665,690.3953,49.17073,
1742766110200,41.15218,1675,,Right,657.5561,690.3953,49.17073,
1742766110200,41.15218,1675,,Center,658.0613,690.3953,49.17073,
1742766110250,41.19886,1676,,Left,667.378,687.4943,49.18166,
1742766110250,41.19886,1676,,Right,666.3677,687.4943,49.18166,
1742766110250,41.19886,1676,,Center,666.8729,687.4943,49.18166,
1742766110304,41.24842,1677,,Left,700.0126,631.0055,48.57751,
1742766110304,41.24842,1677,,Right,698.9897,631.0055,48.57751,
1742766110304,41.24842,1677,,Center,699.5012,631.0055,48.57751,
1742766110352,41.30254,1678,,Left,539.9188,697.5358,47.9327,
1742766110352,41.30254,1678,,Right,538.8822,697.5358,47.9327,
1742766110352,41.30254,1678,,Center,539.4005,697.5358,47.9327,
1742766110387,41.35092,1679,,Left,536.2114,746.5831,48.19696,
1742766110387,41.35092,1679,,Right,535.1805,746.5831,48.19696,
1742766110387,41.35092,1679,,Center,535.6959,746.5831,48.19697,
1742766110428,41.38555,1680,,Left,560.16,744.9322,48.54693,
1742766110428,41.38555,1680,,Right,559.1367,744.9322,48.54694,
1742766110428,41.38555,1680,,Center,559.6483,744.9322,48.54693,
1742766110471,41.4269,1681,,Left,564.5199,762.134,48.66119,
1742766110471,41.4269,1681,,Right,563.4989,762.134,48.66119,
1742766110471,41.4269,1681,,Center,564.0094,762.134,48.66119,
1742766110519,41.47008,1682,,Left,567.4681,769.7004,48.7122,
1742766110519,41.47008,1682,,Right,566.4482,769.7004,48.7122,
1742766110519,41.47008,1682,,Center,566.9581,769.7004,48.7122,
1742766110563,41.51717,1683,,Left,572.3761,754.0068,48.75697,
1742766110563,41.51717,1683,,Right,571.3571,754.0068,48.75697,
1742766110563,41.51717,1683,,Center,571.8666,754.0068,48.75697,
1742766110601,41.56173,1684,,Left,580.5906,756.1323,48.86291,
1742766110601,41.56173,1684,,Right,579.5739,756.1323,48.86291,
1742766110601,41.56173,1684,,Center,580.0823,756.1323,48.86289,
1742766110643,41.59964,1685,,Left,581.094,760.6151,48.87519,
1742766110643,41.59964,1685,,Right,580.0775,760.6151,48.87519,
1742766110643,41.59964,1685,,Center,580.5858,760.6151,48.87519,
1742766110686,41.6419,1686,Eye Hit,Left,482.207,548.4698,45.02617,SouthWalkingPole
1742766110686,41.6419,1686,Eye Hit,Right,481.1035,548.4698,45.02617,SouthWalkingPole
1742766110686,41.6419,1686,Eye Hit,Center,481.6552,548.4698,45.02617,SouthWalkingPole
1742766110727,41.68543,1687,Eye Hit,Left,470.5883,451.8146,42.94568,SouthSidewalk
1742766110727,41.68543,1687,Eye Hit,Right,469.4314,451.8146,42.94568,SouthSidewalk
1742766110727,41.68543,1687,Eye Hit,Center,470.0099,451.8146,42.94568,SouthSidewalk
1742766110770,41.72583,1688,Eye Hit,Left,471.7511,433.2789,42.55671,RoadCrosswalk
1742766110770,41.72583,1688,Eye Hit,Right,470.5836,433.2789,42.5567,RoadCrosswalk
1742766110770,41.72583,1688,Eye Hit,Center,471.1674,433.2789,42.5567,RoadCrosswalk
1742766110818,41.76936,1689,Eye Hit,Left,478.5171,426.8907,42.50782,RoadCrosswalk
1742766110818,41.76936,1689,Eye Hit,Right,477.3482,426.8907,42.50782,RoadCrosswalk
1742766110818,41.76936,1689,Eye Hit,Center,477.9326,426.8907,42.50783,RoadCrosswalk
1742766110854,41.81702,1690,Eye Hit,Left,470.7626,419.4127,42.24395,RoadCrosswalk
1742766110854,41.81702,1690,Eye Hit,Right,469.5865,419.4127,42.24395,RoadCrosswalk
1742766110854,41.81702,1690,Eye Hit,Center,470.1745,419.4127,42.24395,RoadCrosswalk
1742766110892,41.85244,1691,Eye Hit,Left,465.3004,407.5957,41.89273,RoadCrosswalk
1742766110892,41.85244,1691,Eye Hit,Right,464.1144,407.5957,41.89273,RoadCrosswalk
1742766110892,41.85244,1691,Eye Hit,Center,464.7074,407.5957,41.89273,RoadCrosswalk
1742766110935,41.89025,1692,Eye Hit,Left,474.4202,388.0722,41.57448,RoadCrosswalk
1742766110935,41.89025,1692,Eye Hit,Right,473.2251,388.0722,41.57447,RoadCrosswalk
1742766110935,41.89025,1692,Eye Hit,Center,473.8227,388.0722,41.57448,RoadCrosswalk
1742766110976,41.93368,1693,Eye Hit,Left,475.1438,376.1942,41.30445,RoadCrosswalk
1742766110976,41.93368,1693,Eye Hit,Right,473.9408,376.1942,41.30445,RoadCrosswalk
1742766110976,41.93368,1693,Eye Hit,Center,474.5423,376.1942,41.30445,RoadCrosswalk
1742766111017,41.97688,1694,Eye Hit,Left,475.5516,391.5624,41.68492,RoadCrosswalk
1742766111017,41.97688,1694,Eye Hit,Right,474.3597,391.5624,41.68492,RoadCrosswalk
1742766111017,41.97688,1694,Eye Hit,Center,474.9557,391.5623,41.68492,RoadCrosswalk
1742766111059,42.01513,1695,Eye Hit,Left,483.7201,411.6211,42.25409,RoadCrosswalk
1742766111059,42.01513,1695,Eye Hit,Right,482.5442,411.621,42.25409,RoadCrosswalk
1742766111059,42.01513,1695,Eye Hit,Center,483.1321,411.621,42.25409,RoadCrosswalk
1742766111102,42.05776,1696,Eye Hit,Left,477.1892,381.2941,41.47478,RoadCrosswalk
1742766111102,42.05776,1696,Eye Hit,Right,475.9912,381.2941,41.47478,RoadCrosswalk
1742766111102,42.05776,1696,Eye Hit,Center,476.5902,381.2941,41.47478,RoadCrosswalk
1742766111145,42.10012,1697,Eye Hit,Left,454.0134,363.7733,40.75278,RoadCrosswalk
1742766111145,42.10012,1697,Eye Hit,Right,452.7943,363.7733,40.75278,RoadCrosswalk
1742766111145,42.10012,1697,Eye Hit,Center,453.4039,363.7733,40.75278,RoadCrosswalk
1742766111191,42.14378,1698,Eye Hit,Left,426.2257,365.6744,40.40839,RoadCrosswalk
1742766111191,42.14378,1698,Eye Hit,Right,424.9961,365.6744,40.40839,RoadCrosswalk
1742766111191,42.14378,1698,Eye Hit,Center,425.6109,365.6744,40.40839,RoadCrosswalk
1742766111228,42.18952,1699,Eye Hit,Left,433.9737,364.5061,40.49554,RoadCrosswalk
1742766111228,42.18952,1699,Eye Hit,Right,432.7467,364.5061,40.49554,RoadCrosswalk
1742766111228,42.18952,1699,Eye Hit,Center,433.3602,364.5061,40.49554,RoadCrosswalk
1742766111268,42.22621,1700,Eye Hit,Left,433.4695,369.9365,40.60311,RoadEast
1742766111268,42.22621,1700,Eye Hit,Right,432.2458,369.9365,40.60311,RoadEast
1742766111268,42.22621,1700,Eye Hit,Center,432.8576,369.9365,40.60311,RoadEast
1742766111309,42.2665,1701,Eye Hit,Left,431.4068,363.3672,40.41974,RoadEast
1742766111309,42.2665,1701,Eye Hit,Right,430.1777,363.3672,40.41975,RoadEast
1742766111309,42.2665,1701,Eye Hit,Center,430.7922,363.3672,40.41974,RoadEast
1742766111337,42.30754,1702,Eye Hit,Left,500.1364,448.4417,43.33409,SouthSidewalk
1742766111337,42.30754,1702,Eye Hit,Right,498.9899,448.4417,43.33409,SouthSidewalk
1742766111337,42.30754,1702,Eye Hit,Center,499.5632,448.4417,43.33409,SouthSidewalk
1742766111363,42.33508,1703,Eye Hit,Left,595.429,626.1218,47.91089,SouthSidewalk
1742766111363,42.33508,1703,Eye Hit,Right,594.392,626.1218,47.91089,SouthSidewalk
1742766111363,42.33508,1703,Eye Hit,Center,594.9105,626.1218,47.9109,SouthSidewalk
1742766111392,42.36207,1704,Eye Hit,Left,591.6426,627.342,47.86412,SouthSidewalk
1742766111392,42.36207,1704,Eye Hit,Right,590.6046,627.342,47.86412,SouthSidewalk
1742766111392,42.36207,1704,Eye Hit,Center,591.1235,627.342,47.86412,SouthSidewalk
1742766111421,42.39079,1705,,Left,696.4163,699.7183,49.42937,
1742766111421,42.39079,1705,,Right,695.4111,699.7183,49.42937,
1742766111421,42.39079,1705,,Center,695.9137,699.7183,49.42937,
1742766111449,42.41921,1706,,Left,712.7238,736.0369,49.71702,
1742766111449,42.41921,1706,,Right,711.7245,736.0369,49.71702,
1742766111449,42.41921,1706,,Center,712.2241,736.0369,49.71702,
1742766111476,42.44744,1707,,Left,716.5568,746.4473,49.77559,
1742766111476,42.44744,1707,,Right,715.5587,746.4473,49.77559,
1742766111476,42.44744,1707,,Center,716.0577,746.4473,49.77557,
1742766111508,42.47463,1708,,Left,718.8623,746.6356,49.78225,
1742766111508,42.47463,1708,,Right,717.8643,746.6356,49.78225,
1742766111508,42.47463,1708,,Center,718.3633,746.6356,49.78225,
1742766111533,42.50784,1709,,Left,719.246,739.017,49.75058,
1742766111533,42.50784,1709,,Right,718.2473,739.017,49.75058,
1742766111533,42.50784,1709,,Center,718.7466,739.017,49.75058,
1742766111561,42.53138,1710,,Left,722.1096,740.8406,49.76398,
1742766111561,42.53138,1710,,Right,721.1111,740.8406,49.76398,
1742766111561,42.53138,1710,,Center,721.6104,740.8406,49.76398,
1742766111589,42.55919,1711,,Left,722.8193,741.5773,49.74185,
1742766111589,42.55919,1711,,Right,721.8205,741.5773,49.74185,
1742766111589,42.55919,1711,,Center,722.3199,741.5773,49.74185,
1742766111616,42.58716,1712,,Left,726.744,742.8566,49.7509,
1742766111616,42.58716,1712,,Right,725.7454,742.8566,49.7509,
1742766111616,42.58716,1712,,Center,726.2446,742.8566,49.75089,
1742766111643,42.61449,1713,,Left,728.9346,742.1904,49.75058,
1742766111644,42.61449,1713,,Right,727.936,742.1904,49.75058,
1742766111644,42.61449,1713,,Center,728.4352,742.1904,49.75056,
1742766111672,42.64159,1714,,Left,724.6108,744.6465,49.77027,
1742766111672,42.64159,1714,,Right,723.6125,744.6465,49.77028,
1742766111672,42.64159,1714,,Center,724.1116,744.6465,49.77027,
1742766111700,42.67086,1715,,Left,730.5156,744.116,49.76949,
1742766111700,42.67086,1715,,Right,729.5173,744.116,49.76949,
1742766111700,42.67086,1715,,Center,730.0165,744.116,49.76949,
1742766111727,42.6988,1716,,Left,737.1479,735.3257,49.72121,
1742766111727,42.6988,1716,,Right,736.1487,735.3257,49.72122,
1742766111727,42.6988,1716,,Center,736.6483,735.3257,49.72122,
1742766111756,42.72557,1717,,Left,744.8303,724.0997,49.61298,
1742766111756,42.72557,1717,,Right,743.8289,724.0997,49.61298,
1742766111756,42.72557,1717,,Center,744.3296,724.0997,49.613,
1742766111786,42.7546,1718,,Left,671.1616,841.3018,49.63844,
1742766111786,42.7546,1718,,Right,670.1608,841.3018,49.63844,
1742766111786,42.7546,1718,,Center,670.6612,841.3018,49.63844,
1742766111810,42.78399,1719,Eye Hit,Left,597.81,933.6977,48.25577,SouthWalkingSignal
1742766111810,42.78399,1719,Eye Hit,Right,596.7804,933.6978,48.25577,SouthWalkingSignal
1742766111810,42.78399,1719,Eye Hit,Center,597.2952,933.6977,48.25576,SouthWalkingSignal
1742766111839,42.80869,1720,Eye Hit,Left,592.0394,940.9454,48.10535,SouthWalkingSignal
1742766111839,42.80869,1720,Eye Hit,Right,591.0066,940.9454,48.10535,SouthWalkingSignal
1742766111839,42.80869,1720,Eye Hit,Center,591.5229,940.9454,48.10534,SouthWalkingSignal
1742766111866,42.83772,1721,Eye Hit,Left,588.6721,941.3367,48.06869,SouthWalkingSignal
1742766111866,42.83772,1721,Eye Hit,Right,587.6385,941.3367,48.06868,SouthWalkingSignal
1742766111866,42.83772,1721,Eye Hit,Center,588.1553,941.3367,48.06868,SouthWalkingSignal
1742766111895,42.86411,1722,Eye Hit,Left,593.268,936.8809,48.18274,SouthWalkingSignal
1742766111895,42.86411,1722,Eye Hit,Right,592.2369,936.8809,48.18274,SouthWalkingSignal
1742766111895,42.86411,1722,Eye Hit,Center,592.7524,936.8809,48.18274,SouthWalkingSignal
1742766111924,42.89321,1723,Eye Hit,Left,598.824,938.0079,48.20902,SouthWalkingSignal
1742766111924,42.89321,1723,Eye Hit,Right,597.7935,938.0079,48.20903,SouthWalkingSignal
1742766111924,42.89321,1723,Eye Hit,Center,598.3088,938.0079,48.20903,SouthWalkingSignal
1742766111950,42.92225,1724,Eye Hit,Left,612.4347,938.0649,48.35057,SouthWalkingSignal
1742766111950,42.92225,1724,Eye Hit,Right,611.4071,938.0649,48.35057,SouthWalkingSignal
1742766111950,42.92225,1724,Eye Hit,Center,611.9209,938.0649,48.35057,SouthWalkingSignal
1742766111978,42.94847,1725,Eye Hit,Left,611.9124,936.7756,48.36603,SouthWalkingSignal
1742766111978,42.94847,1725,Eye Hit,Right,610.8851,936.7756,48.36603,SouthWalkingSignal
1742766111978,42.94847,1725,Eye Hit,Center,611.3988,936.7756,48.36603,SouthWalkingSignal
1742766112014,42.97621,1726,Eye Hit,Left,610.0683,936.3486,48.35761,SouthWalkingSignal
1742766112014,42.97621,1726,Eye Hit,Right,609.0409,936.3486,48.35761,SouthWalkingSignal
1742766112014,42.97621,1726,Eye Hit,Center,609.5546,936.3486,48.3576,SouthWalkingSignal
1742766112041,43.01241,1727,Eye Hit,Left,607.6695,943.1173,48.24952,SouthWalkingSignal
1742766112041,43.01241,1727,Eye Hit,Right,606.6398,943.1173,48.24952,SouthWalkingSignal
1742766112041,43.01241,1727,Eye Hit,Center,607.1547,943.1173,48.2495,SouthWalkingSignal
1742766112076,43.04011,1728,Eye Hit,Left,613.1852,944.8314,48.27291,SouthWalkingSignal
1742766112076,43.04011,1728,Eye Hit,Right,612.1559,944.8314,48.27291,SouthWalkingSignal
1742766112076,43.04011,1728,Eye Hit,Center,612.6706,944.8314,48.27291,SouthWalkingSignal
1742766112106,43.07487,1729,Eye Hit,Left,610.2278,943.3893,48.26748,SouthWalkingSignal
1742766112106,43.07487,1729,Eye Hit,Right,609.1985,943.3893,48.26748,SouthWalkingSignal
1742766112106,43.07487,1729,Eye Hit,Center,609.7131,943.3893,48.26748,SouthWalkingSignal
1742766112131,43.10432,1730,Eye Hit,Left,607.7991,942.1076,48.26366,SouthWalkingSignal
1742766112131,43.10432,1730,Eye Hit,Right,606.7697,942.1076,48.26366,SouthWalkingSignal
1742766112131,43.10432,1730,Eye Hit,Center,607.2844,942.1076,48.26366,SouthWalkingSignal
1742766112160,43.12901,1731,Eye Hit,Left,603.2519,945.2948,48.17816,SouthWalkingSignal
1742766112160,43.12901,1731,Eye Hit,Right,602.2206,945.2948,48.17816,SouthWalkingSignal
1742766112160,43.12901,1731,Eye Hit,Center,602.7362,945.2948,48.17815,SouthWalkingSignal
1742766112187,43.15815,1732,Eye Hit,Left,606.3608,942.3908,48.22581,SouthWalkingSignal
1742766112187,43.15815,1732,Eye Hit,Right,605.3306,942.3908,48.22581,SouthWalkingSignal
1742766112187,43.15815,1732,Eye Hit,Center,605.8457,942.3908,48.22581,SouthWalkingSignal
1742766112214,43.18478,1733,Eye Hit,Left,606.5333,951.5374,48.10537,SouthWalkingSignal
1742766112215,43.18478,1733,Eye Hit,Right,605.5004,951.5374,48.10537,SouthWalkingSignal
1742766112215,43.18478,1733,Eye Hit,Center,606.0169,951.5374,48.10538,SouthWalkingSignal
1742766112243,43.21293,1734,Eye Hit,Left,623.0161,954.0292,48.22291,SouthWalkingSignal
1742766112243,43.21293,1734,Eye Hit,Right,621.9857,954.0292,48.22291,SouthWalkingSignal
1742766112243,43.21293,1734,Eye Hit,Center,622.5009,954.0292,48.22291,SouthWalkingSignal
1742766112270,43.24128,1735,,Left,748.1893,862.0829,49.59678,
1742766112270,43.24128,1735,,Right,747.1875,862.0829,49.59678,
1742766112270,43.24128,1735,,Center,747.6884,862.0829,49.59679,
1742766112297,43.26812,1736,,Left,817.6328,694.6342,48.97559,
1742766112297,43.26812,1736,,Right,816.6182,694.6342,48.97559,
1742766112298,43.26812,1736,,Center,817.1255,694.6342,48.97559,
1742766112328,43.29584,1737,,Left,890.2091,651.5547,47.67028,
1742766112328,43.29584,1737,,Right,889.1669,651.5547,47.67028,
1742766112328,43.29584,1737,,Center,889.688,651.5547,47.67028,
1742766112355,43.32646,1738,,Left,872.92,636.9167,47.69675,
1742766112355,43.32646,1738,,Right,871.8784,636.9167,47.69675,
1742766112355,43.32646,1738,,Center,872.3992,636.9167,47.69675,
1742766112383,43.35293,1739,Eye Hit,Left,888.0712,419.8375,43.31077,SouthSidewalk
1742766112383,43.35293,1739,Eye Hit,Right,886.924,419.8375,43.31077,SouthSidewalk
1742766112383,43.35293,1739,Eye Hit,Center,887.4976,419.8375,43.31076,SouthSidewalk
1742766112415,43.38108,1740,Eye Hit,Left,889.687,395.6051,42.71737,SouthSidewalk
1742766112415,43.38108,1740,Eye Hit,Right,888.5239,395.6051,42.71738,SouthSidewalk
1742766112415,43.38108,1740,Eye Hit,Center,889.1055,395.6051,42.71737,SouthSidewalk
1742766112438,43.41306,1741,Eye Hit,Left,920.8398,355.6114,41.41398,SouthSidewalk
1742766112438,43.41306,1741,Eye Hit,Right,919.6401,355.6114,41.41398,SouthSidewalk
1742766112438,43.41306,1741,Eye Hit,Center,920.2399,355.6114,41.41398,SouthSidewalk
1742766112467,43.43678,1742,Eye Hit,Left,929.4941,351.6564,41.22385,SouthSidewalk
1742766112467,43.43678,1742,Eye Hit,Right,928.2889,351.6564,41.22385,SouthSidewalk
1742766112467,43.43678,1742,Eye Hit,Center,928.8915,351.6565,41.22383,SouthSidewalk
1742766112495,43.46555,1743,Eye Hit,Left,922.9997,352.2591,41.3149,SouthSidewalk
1742766112495,43.46555,1743,Eye Hit,Right,921.7971,352.2591,41.31489,SouthSidewalk
1742766112495,43.46555,1743,Eye Hit,Center,922.3984,352.259,41.31489,SouthSidewalk
1742766112523,43.49377,1744,Eye Hit,Left,916.969,360.6704,41.56504,SouthSidewalk
1742766112523,43.49377,1744,Eye Hit,Right,915.7736,360.6704,41.56504,SouthSidewalk
1742766112523,43.49377,1744,Eye Hit,Center,916.3713,360.6704,41.56504,SouthSidewalk
1742766112549,43.5215,1745,Eye Hit,Left,930.4913,343.8031,41.00473,SouthSidewalk
1742766112549,43.5215,1745,Eye Hit,Right,929.2796,343.8031,41.00474,SouthSidewalk
1742766112549,43.5215,1745,Eye Hit,Center,929.8855,343.8031,41.00474,SouthSidewalk
1742766112577,43.54754,1746,Eye Hit,Left,938.5052,348.6888,41.03091,SouthSidewalk
1742766112577,43.54754,1746,Eye Hit,Right,937.2943,348.6888,41.03091,SouthSidewalk
1742766112577,43.54754,1746,Eye Hit,Center,937.8997,348.6888,41.03091,SouthSidewalk
1742766112605,43.57536,1747,Eye Hit,Left,935.1666,349.1159,41.08176,SouthSidewalk
1742766112605,43.57536,1747,Eye Hit,Right,933.9573,349.1159,41.08176,SouthSidewalk
1742766112605,43.57536,1747,Eye Hit,Center,934.562,349.1159,41.08176,SouthSidewalk
1742766112632,43.60434,1748,Eye Hit,Left,935.1924,342.332,40.91911,SouthSidewalk
1742766112632,43.60434,1748,Eye Hit,Right,933.9783,342.332,40.91911,SouthSidewalk
1742766112632,43.60434,1748,Eye Hit,Center,934.5854,342.332,40.91911,SouthSidewalk
1742766112660,43.63014,1749,Eye Hit,Left,942.0692,330.1382,40.54679,SouthSidewalk
1742766112660,43.63014,1749,Eye Hit,Right,940.8439,330.1382,40.54679,SouthSidewalk
1742766112660,43.63014,1749,Eye Hit,Center,941.4565,330.1383,40.54679,SouthSidewalk
1742766112689,43.65813,1750,Eye Hit,Left,933.6559,334.3318,40.7204,SouthSidewalk
1742766112689,43.65813,1750,Eye Hit,Right,932.4359,334.3318,40.7204,SouthSidewalk
1742766112689,43.65813,1750,Eye Hit,Center,933.046,334.3318,40.7204,SouthSidewalk
1742766112714,43.68754,1751,Eye Hit,Left,936.6157,323.6402,40.43042,SouthSidewalk
1742766112714,43.68754,1751,Eye Hit,Right,935.3868,323.6402,40.43042,SouthSidewalk
1742766112714,43.68754,1751,Eye Hit,Center,936.0013,323.6402,40.43042,SouthSidewalk
1742766112742,43.71281,1752,Eye Hit,Left,931.8126,303.8216,40.00203,SouthSidewalk
1742766112742,43.71281,1752,Eye Hit,Right,930.5706,303.8216,40.00202,SouthSidewalk
1742766112742,43.71281,1752,Eye Hit,Center,931.1915,303.8216,40.00203,SouthSidewalk
1742766112770,43.74036,1753,Eye Hit,Left,938.7924,288.6915,39.56061,SouthSidewalk
1742766112770,43.74036,1753,Eye Hit,Right,937.5365,288.6915,39.5606,SouthSidewalk
1742766112770,43.74036,1753,Eye Hit,Center,938.1644,288.6915,39.5606,SouthSidewalk
1742766112800,43.76818,1754,Eye Hit,Left,930.9701,287.3154,39.61276,SouthSidewalk
1742766112800,43.76818,1754,Eye Hit,Right,929.7159,287.3154,39.61276,SouthSidewalk
1742766112800,43.76818,1754,Eye Hit,Center,930.343,287.3154,39.61276,SouthSidewalk
1742766112825,43.79871,1755,Eye Hit,Left,929.7453,306.1686,40.09501,SouthSidewalk
1742766112825,43.79871,1755,Eye Hit,Right,928.5062,306.1686,40.09501,SouthSidewalk
1742766112825,43.79871,1755,Eye Hit,Center,929.1258,306.1686,40.095,SouthSidewalk
1742766112854,43.82359,1756,Eye Hit,Left,921.0798,316.9279,40.42941,SouthSidewalk
1742766112854,43.82359,1756,Eye Hit,Right,919.851,316.9279,40.42941,SouthSidewalk
1742766112854,43.82359,1756,Eye Hit,Center,920.4654,316.9279,40.42941,SouthSidewalk
1742766112881,43.8528,1757,Eye Hit,Left,897.0384,338.8763,41.22386,SouthSidewalk
1742766112881,43.8528,1757,Eye Hit,Right,895.8332,338.8763,41.22386,SouthSidewalk
1742766112881,43.8528,1757,Eye Hit,Center,896.4358,338.8763,41.22386,SouthSidewalk
1742766112909,43.87984,1758,Eye Hit,Left,878.4971,378.7114,42.40038,SouthSidewalk
1742766112909,43.87984,1758,Eye Hit,Right,877.3253,378.7114,42.40038,SouthSidewalk
1742766112909,43.87984,1758,Eye Hit,Center,877.9112,378.7114,42.40038,SouthSidewalk
1742766112938,43.90852,1759,Eye Hit,Left,798.9257,546.7089,46.91235,SouthSidewalk
1742766112938,43.90852,1759,Eye Hit,Right,797.8665,546.7089,46.91236,SouthSidewalk
1742766112938,43.90852,1759,Eye Hit,Center,798.3961,546.7089,46.91236,SouthSidewalk
1742766112965,43.93612,1760,Eye Hit,Left,790.1388,554.0272,47.11629,SouthSidewalk
1742766112965,43.93612,1760,Eye Hit,Right,789.0843,554.0272,47.11629,SouthSidewalk
1742766112965,43.93612,1760,Eye Hit,Center,789.6115,554.0273,47.11628,SouthSidewalk
1742766112994,43.96338,1761,,Left,882.4682,705.0518,48.30162,
1742766112994,43.96338,1761,,Right,881.4396,705.0518,48.30162,
1742766112994,43.96338,1761,,Center,881.9539,705.0518,48.30162,
1742766113023,43.99246,1762,,Left,860.8415,710.0793,48.6035,
1742766113023,43.99246,1762,,Right,859.8192,710.0793,48.6035,
1742766113023,43.99246,1762,,Center,860.3303,710.0793,48.6035,
1742766113053,44.0211,1763,,Left,864.1725,733.9312,48.72004,
1742766113053,44.0211,1763,,Right,863.1528,733.9312,48.72004,
1742766113053,44.0211,1763,,Center,863.6627,733.9312,48.72004,
1742766113077,44.05077,1764,,Left,847.3351,739.4185,48.96445,
1742766113077,44.05077,1764,,Right,846.3204,739.4185,48.96445,
1742766113077,44.05077,1764,,Center,846.8277,739.4185,48.96445,
1742766113107,44.07563,1765,,Left,833.9818,730.3828,49.07279,
1742766113107,44.07563,1765,,Right,832.9693,730.3828,49.0728,
1742766113107,44.07563,1765,,Center,833.4755,730.3828,49.0728,
1742766113133,44.10543,1766,,Left,808.575,722.6501,49.27084,
1742766113133,44.10543,1766,,Right,807.5665,722.6501,49.27084,
1742766113133,44.10543,1766,,Center,808.0708,722.6501,49.27082,
1742766113161,44.13165,1767,,Left,795.4625,718.1667,49.34704,
1742766113161,44.13165,1767,,Right,794.4556,718.1667,49.34704,
1742766113161,44.13165,1767,,Center,794.9591,718.1667,49.34704,
1742766113190,44.1597,1768,,Left,781.5912,720.0258,49.4207,
1742766113190,44.1597,1768,,Right,780.5858,720.0258,49.4207,
1742766113190,44.1597,1768,,Center,781.0886,720.0258,49.4207,
1742766113218,44.18842,1769,,Left,768.1433,719.952,49.49466,
1742766113218,44.18842,1769,,Right,767.1394,719.952,49.49466,
1742766113218,44.18842,1769,,Center,767.6414,719.952,49.49466,
1742766113245,44.2159,1770,,Left,753.6631,722.5601,49.57284,
1742766113245,44.2159,1770,,Right,752.6609,722.5601,49.57284,
1742766113245,44.2159,1770,,Center,753.162,722.5601,49.57285,
1742766113274,44.24298,1771,,Left,755.3209,724.1732,49.58355,
1742766113274,44.24298,1771,,Right,754.3189,724.1732,49.58355,
1742766113274,44.24298,1771,,Center,754.8199,724.1732,49.58357,
1742766113300,44.27285,1772,,Left,790.8337,695.9979,49.19397,
1742766113300,44.27285,1772,,Right,789.8238,695.9978,49.19397,
1742766113300,44.27285,1772,,Center,790.3287,695.9978,49.19397,
1742766113329,44.29878,1773,,Left,842.8337,671.7261,48.50278,
1742766113329,44.29878,1773,,Right,841.8094,671.7261,48.50278,
1742766113329,44.29878,1773,,Center,842.3216,671.7261,48.50278,
1742766113359,44.32704,1774,,Left,826.3601,676.6552,48.69732,
1742766113359,44.32704,1774,,Right,825.3398,676.6552,48.69732,
1742766113359,44.32704,1774,,Center,825.8499,676.6552,48.69732,
1742766113389,44.35738,1775,,Left,830.357,674.0208,48.63735,
1742766113389,44.35738,1775,,Right,829.3354,674.0208,48.63736,
1742766113389,44.35738,1775,,Center,829.8462,674.0208,48.63734,
1742766113413,44.38684,1776,,Left,807.6297,688.188,48.9909,
1742766113414,44.38684,1776,,Right,806.6155,688.188,48.9909,
1742766113414,44.38684,1776,,Center,807.1226,688.188,48.9909,
1742766113440,44.41205,1777,,Left,806.0472,695.7336,49.07971,
1742766113440,44.41205,1777,,Right,805.0348,695.7336,49.07971,
1742766113440,44.41205,1777,,Center,805.5409,695.7336,49.07971,
1742766113468,44.43967,1778,,Left,801.0202,696.5209,49.13153,
1742766113468,44.43967,1778,,Right,800.009,696.5209,49.13153,
1742766113468,44.43967,1778,,Center,800.5146,696.5209,49.13153,
1742766113497,44.4662,1779,,Left,770.18,687.5697,49.24165,
1742766113497,44.4662,1779,,Right,769.171,687.5698,49.24165,
1742766113497,44.4662,1779,,Center,769.6755,687.5697,49.24165,
1742766113524,44.49553,1780,,Left,760.9369,691.5414,49.293,
1742766113524,44.49553,1780,,Right,759.929,691.5414,49.293,
1742766113524,44.49553,1780,,Center,760.4329,691.5414,49.293,
1742766113552,44.52236,1781,Eye Hit,Left,618.0999,586.3255,47.46512,SouthSidewalk
1742766113552,44.52236,1781,Eye Hit,Right,617.0531,586.3255,47.46512,SouthSidewalk
1742766113552,44.52236,1781,Eye Hit,Center,617.5765,586.3255,47.46512,SouthSidewalk
1742766113582,44.54995,1782,Eye Hit,Left,514.8788,478.8718,44.16999,SouthSidewalk
1742766113582,44.54995,1782,Eye Hit,Right,513.754,478.8718,44.16999,SouthSidewalk
1742766113582,44.54995,1782,Eye Hit,Center,514.3163,478.8718,44.16999,SouthSidewalk
1742766113608,44.58017,1783,Eye Hit,Left,488.0369,439.1775,42.93793,SouthSidewalk
1742766113608,44.58017,1783,Eye Hit,Right,486.8798,439.1775,42.93793,SouthSidewalk
1742766113608,44.58017,1783,Eye Hit,Center,487.4584,439.1775,42.93793,SouthSidewalk
1742766113635,44.60717,1784,Eye Hit,Left,488.1094,441.1463,42.98877,SouthSidewalk
1742766113635,44.60717,1784,Eye Hit,Right,486.9536,441.1463,42.98877,SouthSidewalk
1742766113635,44.60717,1784,Eye Hit,Center,487.5315,441.1463,42.98877,SouthSidewalk
1742766113663,44.63362,1785,Eye Hit,Left,489.9424,447.36,43.15733,SouthSidewalk
1742766113663,44.63362,1785,Eye Hit,Right,488.7911,447.36,43.15733,SouthSidewalk
1742766113663,44.63362,1785,Eye Hit,Center,489.3668,447.36,43.15733,SouthSidewalk
1742766113696,44.66109,1786,Eye Hit,Left,484.5414,454.821,43.21646,SouthSidewalk
1742766113696,44.66109,1786,Eye Hit,Right,483.3918,454.821,43.21647,SouthSidewalk
1742766113696,44.66109,1786,Eye Hit,Center,483.9666,454.821,43.21646,SouthSidewalk
1742766113723,44.69488,1787,Eye Hit,Left,487.0099,448.4155,43.11942,SouthSidewalk
1742766113723,44.69488,1787,Eye Hit,Right,485.8577,448.4155,43.11943,SouthSidewalk
1742766113723,44.69488,1787,Eye Hit,Center,486.4337,448.4155,43.11943,SouthSidewalk
1742766113749,44.72141,1788,Eye Hit,Left,479.1988,431.0435,42.62895,SouthSidewalk
1742766113749,44.72141,1788,Eye Hit,Right,478.0333,431.0435,42.62895,SouthSidewalk
1742766113749,44.72141,1788,Eye Hit,Center,478.6161,431.0435,42.62895,SouthSidewalk
1742766113776,44.74715,1789,Eye Hit,Left,481.2491,417.8145,42.36798,SouthSidewalk
1742766113777,44.74715,1789,Eye Hit,Right,480.0764,417.8145,42.36798,SouthSidewalk
1742766113777,44.74715,1789,Eye Hit,Center,480.6628,417.8145,42.36798,SouthSidewalk
1742766113803,44.775,1790,Eye Hit,Left,478.9187,420.3342,42.39292,SouthSidewalk
1742766113804,44.775,1790,Eye Hit,Right,477.7466,420.3342,42.39293,SouthSidewalk
1742766113804,44.775,1790,Eye Hit,Center,478.3327,420.3342,42.39292,SouthSidewalk
1742766113832,44.80163,1791,Eye Hit,Left,477.9793,421.024,42.39712,SouthSidewalk
1742766113832,44.80163,1791,Eye Hit,Right,476.8075,421.024,42.39712,SouthSidewalk
1742766113832,44.80163,1791,Eye Hit,Center,477.3935,421.024,42.39712,SouthSidewalk
1742766113858,44.82956,1792,Eye Hit,Left,480.8809,418.3315,42.35471,SouthSidewalk
1742766113858,44.82956,1792,Eye Hit,Right,479.7078,418.3315,42.35472,SouthSidewalk
1742766113858,44.82956,1792,Eye Hit,Center,480.2943,418.3315,42.35472,SouthSidewalk
1742766113886,44.85651,1793,Eye Hit,Left,472.5325,407.3016,41.98976,SouthSidewalk
1742766113886,44.85651,1793,Eye Hit,Right,471.3492,407.3016,41.98976,SouthSidewalk
1742766113886,44.85651,1793,Eye Hit,Center,471.9409,407.3016,41.98976,SouthSidewalk
1742766113915,44.8855,1794,Eye Hit,Left,479.5468,406.5977,42.07662,SouthSidewalk
1742766113915,44.8855,1794,Eye Hit,Right,478.366,406.5977,42.07663,SouthSidewalk
1742766113915,44.8855,1794,Eye Hit,Center,478.9565,406.5979,42.07661,SouthSidewalk
1742766113942,44.91305,1795,Eye Hit,Left,453.8348,393.5097,41.41277,SouthSidewalk
1742766113942,44.91305,1795,Eye Hit,Right,452.6351,393.5097,41.41277,SouthSidewalk
1742766113942,44.91305,1795,Eye Hit,Center,453.235,393.5097,41.41277,SouthSidewalk
1742766113971,44.94076,1796,Eye Hit,Left,458.8777,377.5799,41.13225,SouthSidewalk
1742766113971,44.94076,1796,Eye Hit,Right,457.6698,377.58,41.13225,SouthSidewalk
1742766113971,44.94076,1796,Eye Hit,Center,458.2737,377.58,41.13225,SouthSidewalk
1742766114002,44.96914,1797,Eye Hit,Left,471.8439,379.5529,41.36384,SouthSidewalk
1742766114002,44.96914,1797,Eye Hit,Right,470.6427,379.5529,41.36384,SouthSidewalk
1742766114002,44.96914,1797,Eye Hit,Center,471.2433,379.553,41.36383,SouthSidewalk
1742766114029,45.00053,1798,Eye Hit,Left,492.0231,389.2336,41.8361,SouthSidewalk
1742766114029,45.00053,1798,Eye Hit,Right,490.8356,389.2336,41.8361,SouthSidewalk
1742766114029,45.00053,1798,Eye Hit,Center,491.4294,389.2336,41.8361,SouthSidewalk
1742766114054,45.02697,1799,Eye Hit,Left,506.4886,401.5712,42.31791,SouthSidewalk
1742766114054,45.02697,1799,Eye Hit,Right,505.3146,401.5712,42.31791,SouthSidewalk
1742766114054,45.02697,1799,Eye Hit,Center,505.9016,401.5712,42.31791,SouthSidewalk
1742766114083,45.05241,1800,Eye Hit,Left,521.7522,412.5934,42.77272,SouthSidewalk
1742766114083,45.05241,1800,Eye Hit,Right,520.5906,412.5934,42.77272,SouthSidewalk
1742766114083,45.05241,1800,Eye Hit,Center,521.1714,412.5934,42.77272,SouthSidewalk
1742766114110,45.08186,1801,Eye Hit,Left,537.7833,409.4604,42.89669,SouthSidewalk
1742766114110,45.08186,1801,Eye Hit,Right,536.6251,409.4604,42.89669,SouthSidewalk
1742766114110,45.08186,1801,Eye Hit,Center,537.2042,409.4604,42.89669,SouthSidewalk
1742766114138,45.10776,1802,Eye Hit,Left,567.1517,405.4619,43.11735,SouthSidewalk
1742766114138,45.10776,1802,Eye Hit,Right,565.9994,405.4619,43.11735,SouthSidewalk
1742766114138,45.10776,1802,Eye Hit,Center,566.5756,405.4619,43.11735,SouthSidewalk
1742766114167,45.13684,1803,Eye Hit,Left,564.6561,414.3793,43.31486,SouthSidewalk
1742766114167,45.13684,1803,Eye Hit,Right,563.509,414.3793,43.31486,SouthSidewalk
1742766114167,45.13684,1803,Eye Hit,Center,564.0825,414.3793,43.31485,SouthSidewalk
1742766114195,45.16546,1804,Eye Hit,Left,583.4977,415.4215,43.49555,SouthSidewalk
1742766114195,45.16546,1804,Eye Hit,Right,582.3554,415.4215,43.49555,SouthSidewalk
1742766114195,45.16546,1804,Eye Hit,Center,582.9266,415.4215,43.49555,SouthSidewalk
1742766114225,45.19337,1805,Eye Hit,Left,587.5788,497.8383,45.44436,SouthSidewalk
1742766114225,45.19337,1805,Eye Hit,Right,586.4855,497.8383,45.44436,SouthSidewalk
1742766114225,45.19337,1805,Eye Hit,Center,587.0321,497.8383,45.44436,SouthSidewalk
1742766114258,45.22331,1806,Eye Hit,Left,561.5575,582.665,46.79924,SouthSidewalk
1742766114258,45.22331,1806,Eye Hit,Right,560.4958,582.665,46.79924,SouthSidewalk
1742766114258,45.22331,1806,Eye Hit,Center,561.0267,582.665,46.79924,SouthSidewalk
1742766114293,45.25602,1807,,Left,551.379,734.4395,48.35958,
1742766114293,45.25602,1807,,Right,550.3516,734.4395,48.35958,
1742766114293,45.25602,1807,,Center,550.8654,734.4395,48.35958,
1742766114326,45.29147,1808,,Left,543.9031,738.4694,48.27092,
1742766114326,45.29147,1808,,Right,542.8738,738.4694,48.27092,
1742766114326,45.29147,1808,,Center,543.3884,738.4694,48.27092,
1742766114362,45.32451,1809,,Left,550.0592,728.4507,48.30429,
1742766114362,45.32451,1809,,Right,549.0307,728.4507,48.30429,
1742766114362,45.32451,1809,,Center,549.5449,728.4507,48.30429,
1742766114397,45.3605,1810,,Left,568.4318,703.4075,48.40256,
1742766114397,45.3605,1810,,Right,567.4053,703.4075,48.40256,
1742766114397,45.3605,1810,,Center,567.9186,703.4075,48.40257,
1742766114437,45.3948,1811,,Left,598.2306,690.5469,48.64827,
1742766114437,45.3948,1811,,Right,597.2093,690.5469,48.64827,
1742766114437,45.3948,1811,,Center,597.7199,690.5469,48.64827,
1742766114479,45.4352,1812,,Left,617.2321,685.0544,48.77863,
1742766114479,45.4352,1812,,Right,616.2136,685.0544,48.77863,
1742766114479,45.4352,1812,,Center,616.7228,685.0544,48.77861,
1742766114521,45.47694,1813,,Left,647.1653,697.937,49.1674,
1742766114521,45.47694,1813,,Right,646.1548,697.937,49.1674,
1742766114521,45.47694,1813,,Center,646.6601,697.937,49.1674,
1742766114562,45.51944,1814,,Left,656.8204,697.8434,49.21884,
1742766114562,45.51944,1814,,Right,655.8109,697.8434,49.21884,
1742766114562,45.51944,1814,,Center,656.3156,697.8434,49.21884,
1742766114603,45.55996,1815,,Left,652.175,697.62,49.17785,
1742766114603,45.55996,1815,,Right,651.1647,697.62,49.17785,
1742766114603,45.55996,1815,,Center,651.6698,697.62,49.17785,
1742766114644,45.60065,1816,,Left,649.1942,706.8457,49.2254,
1742766114644,45.60065,1816,,Right,648.1849,706.8457,49.2254,
1742766114644,45.60065,1816,,Center,648.6895,706.8457,49.22539,
1742766114683,45.64225,1817,,Left,667.0182,730.7532,49.52875,
1742766114683,45.64225,1817,,Right,666.0151,730.7532,49.52876,
1742766114683,45.64225,1817,,Center,666.5167,730.7532,49.52876,
1742766114725,45.68133,1818,,Left,678.8454,732.278,49.58635,
1742766114725,45.68133,1818,,Right,677.8434,732.278,49.58635,
1742766114725,45.68133,1818,,Center,678.3444,732.278,49.58635,
1742766114768,45.72362,1819,,Left,681.7153,707.2677,49.418,
1742766114768,45.72362,1819,,Right,680.7099,707.2677,49.418,
1742766114768,45.72362,1819,,Center,681.2125,707.2677,49.418,
1742766114810,45.76622,1820,,Left,682.132,707.093,49.41217,
1742766114810,45.76622,1820,,Right,681.1264,707.093,49.41217,
1742766114810,45.76622,1820,,Center,681.6292,707.093,49.41217,
1742766114858,45.80784,1821,,Left,693.1356,733.1489,49.6554,
1742766114858,45.80784,1821,,Right,692.135,733.1489,49.65539,
1742766114858,45.80784,1821,,Center,692.6353,733.1489,49.6554,
1742766114894,45.85556,1822,,Left,658.3511,743.0625,49.55193,
1742766114894,45.85556,1822,,Right,657.3484,743.0625,49.55194,
1742766114894,45.85556,1822,,Center,657.8497,743.0625,49.55193,
1742766114932,45.89225,1823,,Left,575.7319,741.585,48.74226,
1742766114932,45.89225,1823,,Right,574.7125,741.585,48.74226,
1742766114933,45.89225,1823,,Center,575.2222,741.585,48.74226,
1742766114974,45.93032,1824,,Left,580.9233,731.2687,48.74998,
1742766114974,45.93032,1824,,Right,579.9042,731.2687,48.74998,
1742766114974,45.93032,1824,,Center,580.4137,731.2687,48.74998,
1742766115021,45.97271,1825,,Left,584.6917,724.4944,48.78111,
1742766115021,45.97271,1825,,Right,583.6732,724.4944,48.78111,
1742766115021,45.97271,1825,,Center,584.1824,724.4944,48.78111,
1742766115060,46.01875,1826,,Left,596.665,728.6697,48.94002,
1742766115060,46.01875,1826,,Right,595.6499,728.6697,48.94002,
1742766115060,46.01875,1826,,Center,596.1575,728.6697,48.94003,
1742766115101,46.05769,1827,,Left,609.5617,728.0037,49.06828,
1742766115101,46.05769,1827,,Right,608.5491,728.0037,49.06828,
1742766115101,46.05769,1827,,Center,609.0554,728.0037,49.06828,
1742766115143,46.09916,1828,,Left,618.8253,722.0667,49.11402,
1742766115143,46.09916,1828,,Right,617.8137,722.0667,49.11402,
1742766115143,46.09916,1828,,Center,618.3195,722.0667,49.11401,
1742766115191,46.14103,1829,,Left,620.7604,705.5999,49.03763,
1742766115191,46.14103,1829,,Right,619.7473,705.5999,49.03763,
1742766115191,46.14103,1829,,Center,620.2538,705.5999,49.03762,
1742766115229,46.18951,1830,,Left,629.0717,707.4517,49.11886,
1742766115229,46.18951,1830,,Right,628.0602,707.4517,49.11886,
1742766115229,46.18951,1830,,Center,628.566,707.4517,49.11885,
1742766115266,46.22717,1831,,Left,631.6074,707.4548,49.1344,
1742766115266,46.22717,1831,,Right,630.5962,707.4548,49.1344,
1742766115266,46.22717,1831,,Center,631.1018,707.4548,49.1344,
1742766115310,46.26383,1832,,Left,643.3385,689.4639,49.06257,
1742766115310,46.26383,1832,,Right,642.3258,689.4639,49.06257,
1742766115310,46.26383,1832,,Center,642.8321,689.4639,49.06258,
1742766115353,46.30817,1833,,Left,645.0568,655.5786,48.72659,
1742766115353,46.30817,1833,,Right,644.0372,655.5786,48.72659,
1742766115353,46.30817,1833,,Center,644.547,655.5786,48.72659,
1742766115394,46.35136,1834,,Left,645.1229,645.0599,48.58406,
1742766115394,46.35136,1834,,Right,644.1003,645.0599,48.58406,
1742766115394,46.35136,1834,,Center,644.6116,645.0599,48.58406,
1742766115436,46.39174,1835,,Left,645.8068,667.3123,48.85586,
1742766115436,46.39174,1835,,Right,644.7898,667.3123,48.85587,
1742766115436,46.39174,1835,,Center,645.2983,667.3123,48.85586,
1742766115484,46.43439,1836,,Left,690.9642,639.6089,48.71276,
1742766115484,46.43439,1836,,Right,689.9443,639.6089,48.71276,
1742766115484,46.43439,1836,,Center,690.4542,639.6089,48.71276,
1742766115521,46.48278,1837,,Left,734.2628,637.6907,48.73753,
1742766115521,46.48278,1837,,Right,733.2434,637.6907,48.73753,
1742766115521,46.48278,1837,,Center,733.7532,637.6907,48.73753,
1742766115558,46.51931,1838,,Left,742.7785,632.6387,48.64248,
1742766115558,46.51931,1838,,Right,741.7571,632.6387,48.64248,
1742766115558,46.51931,1838,,Center,742.2678,632.6387,48.64248,
1742766115602,46.55614,1839,,Left,742.3026,627.1064,48.5525,
1742766115602,46.55614,1839,,Right,741.2793,627.1064,48.5525,
1742766115602,46.55614,1839,,Center,741.791,627.1064,48.5525,
1742766115645,46.60063,1840,,Left,731.2952,635.2592,48.67888,
1742766115645,46.60063,1840,,Right,730.2745,635.2592,48.67887,
1742766115645,46.60063,1840,,Center,730.7849,635.2592,48.67888,
1742766115688,46.64345,1841,,Left,721.3907,638.4015,48.75262,
1742766115688,46.64345,1841,,Right,720.3716,638.4015,48.75262,
1742766115688,46.64345,1841,,Center,720.8812,638.4015,48.75262,
1742766115732,46.68589,1842,,Left,718.3187,634.7739,48.69441,
1742766115732,46.68589,1842,,Right,717.2983,634.7739,48.69441,
1742766115732,46.68589,1842,,Center,717.8085,634.7739,48.69441,
1742766115783,46.73017,1843,,Left,722.2675,616.3406,48.41134,
1742766115783,46.73017,1843,,Right,721.2411,616.3406,48.41134,
1742766115783,46.73017,1843,,Center,721.7543,616.3406,48.41134,
1742766115838,46.78183,1844,,Left,721.2258,615.2791,48.37567,
1742766115838,46.78183,1844,,Right,720.1987,615.2791,48.37568,
1742766115838,46.78183,1844,,Center,720.7122,615.2791,48.37568,
1742766115883,46.83672,1845,,Left,722.0899,644.6503,48.82344,
1742766115883,46.83672,1845,,Right,721.0722,644.6503,48.82343,
1742766115883,46.83672,1845,,Center,721.581,644.6503,48.82343,
1742766115928,46.88113,1846,,Left,698.6755,687.3459,49.3169,
1742766115928,46.88113,1846,,Right,697.668,687.3459,49.3169,
1742766115928,46.88113,1846,,Center,698.1717,687.3459,49.3169,
1742766115970,46.92631,1847,,Left,687.9879,675.5115,49.16386,
1742766115970,46.92631,1847,,Right,686.9774,675.5115,49.16387,
1742766115970,46.92631,1847,,Center,687.4826,675.5115,49.16386,
1742766116023,46.96784,1848,,Left,684.7162,693.4154,49.33208,
1742766116023,46.96784,1848,,Right,683.709,693.4154,49.33208,
1742766116023,46.96784,1848,,Center,684.2126,693.4154,49.33208,
1742766116066,47.02143,1849,,Left,696.4097,726.4211,49.64935,
1742766116066,47.02143,1849,,Right,695.409,726.4211,49.64935,
1742766116066,47.02143,1849,,Center,695.9093,726.4211,49.64935,
1742766116113,47.06453,1850,,Left,711.2117,734.2609,49.71149,
1742766116113,47.06453,1850,,Right,710.2123,734.2609,49.71149,
1742766116113,47.06453,1850,,Center,710.712,734.2609,49.71149,
1742766116153,47.11222,1851,,Left,721.3854,721.1385,49.65892,
1742766116153,47.11222,1851,,Right,720.3849,721.1385,49.65893,
1742766116153,47.11222,1851,,Center,720.8851,721.1385,49.65892,
1742766116198,47.15097,1852,,Left,704.9084,713.3951,49.59441,
1742766116198,47.15097,1852,,Right,703.9067,713.3951,49.5944,
1742766116198,47.15097,1852,,Center,704.4075,713.3951,49.59441,
1742766116248,47.1966,1853,,Left,669.8923,723.6265,49.5635,
1742766116248,47.1966,1853,,Right,668.8898,723.6265,49.5635,
1742766116248,47.1966,1853,,Center,669.391,723.6265,49.56348,
1742766116284,47.24643,1854,,Left,673.9386,745.4341,49.71078,
1742766116284,47.24643,1854,,Right,672.9391,745.4341,49.71078,
1742766116284,47.24643,1854,,Center,673.4388,745.4341,49.71078,
1742766116318,47.28231,1855,,Left,684.7604,728.7424,49.68799,
1742766116318,47.28231,1855,,Right,683.7605,728.7424,49.68799,
1742766116318,47.28231,1855,,Center,684.2604,728.7424,49.68799,
1742766116367,47.31707,1856,,Left,700.4534,703.588,49.54943,
1742766116367,47.31707,1856,,Right,699.4507,703.588,49.54943,
1742766116367,47.31707,1856,,Center,699.9521,703.588,49.54943,
1742766116420,47.36584,1857,,Left,711.2503,712.4514,49.63563,
1742766116420,47.36584,1857,,Right,710.2493,712.4514,49.63562,
1742766116420,47.36584,1857,,Center,710.7499,712.4514,49.63562,
1742766116485,47.42208,1858,,Left,720.2214,735.442,49.79288,
1742766116485,47.42208,1858,,Right,719.2235,735.442,49.79288,
1742766116485,47.42208,1858,,Center,719.7224,735.442,49.79288,
1742766116526,47.48669,1859,,Left,729.5513,733.2083,49.76289,
1742766116526,47.48669,1859,,Right,728.5529,733.2083,49.76289,
1742766116526,47.48669,1859,,Center,729.0521,733.2083,49.76288,
1742766116562,47.52479,1860,,Left,734.1859,733.5873,49.75086,
1742766116562,47.52479,1860,,Right,733.1873,733.5873,49.75086,
1742766116562,47.52479,1860,,Center,733.6866,733.5873,49.75086,
1742766116606,47.56066,1861,,Left,740.0496,738.0587,49.75689,
1742766116606,47.56066,1861,,Right,739.0511,738.0587,49.75689,
1742766116606,47.56066,1861,,Center,739.5502,738.0587,49.75689,
1742766116646,47.60461,1862,,Left,746.0157,749.0506,49.78801,
1742766116646,47.60461,1862,,Right,745.0178,749.0506,49.788,
1742766116646,47.60461,1862,,Center,745.5168,749.0506,49.78801,
1742766116679,47.64449,1863,,Left,748.1785,765.9956,49.83585,
1742766116679,47.64449,1863,,Right,747.1815,765.9956,49.83585,
1742766116679,47.64449,1863,,Center,747.68,765.9956,49.83585,
1742766116717,47.67713,1864,,Left,756.1202,779.2574,49.8316,
1742766116717,47.67713,1864,,Right,755.1232,779.2574,49.8316,
1742766116717,47.67713,1864,,Center,755.6217,779.2574,49.83158,
1742766116763,47.71636,1865,,Left,761.9036,773.9026,49.79686,
1742766116763,47.71636,1865,,Right,760.9058,773.9026,49.79686,
1742766116763,47.71636,1865,,Center,761.4047,773.9026,49.79686,
1742766116801,47.7616,1866,,Left,760.5425,769.725,49.78941,
1742766116801,47.7616,1866,,Right,759.5446,769.725,49.78941,
1742766116801,47.7616,1866,,Center,760.0436,769.725,49.78941,
1742766116834,47.80012,1867,,Left,762.5275,777.2944,49.79306,
1742766116834,47.80012,1867,,Right,761.5297,777.2944,49.79306,
1742766116834,47.80012,1867,,Center,762.0286,777.2944,49.79306,
1742766116868,47.83178,1868,,Left,773.4427,790.9066,49.75003,
1742766116868,47.83178,1868,,Right,772.4441,790.9066,49.75003,
1742766116868,47.83178,1868,,Center,772.9435,790.9066,49.75004,
1742766116900,47.86589,1869,,Left,779.4791,788.5032,49.7145,
1742766116900,47.86589,1869,,Right,778.4798,788.5032,49.7145,
1742766116900,47.86589,1869,,Center,778.9795,788.5032,49.7145,
1742766116925,47.89813,1870,,Left,781.8384,783.4374,49.69584,
1742766116925,47.89813,1870,,Right,780.8387,783.4374,49.69584,
1742766116925,47.89813,1870,,Center,781.3386,783.4374,49.69584,
1742766116954,47.92317,1871,,Left,783.4022,782.018,49.68332,
1742766116954,47.92317,1871,,Right,782.4022,782.018,49.68332,
1742766116954,47.92317,1871,,Center,782.9022,782.018,49.68332,
1742766116986,47.95114,1872,,Left,783.5827,783.3602,49.68167,
1742766116986,47.95114,1872,,Right,782.5827,783.3602,49.68167,
1742766116986,47.95114,1872,,Center,783.0826,783.3602,49.68167,
1742766117027,47.98458,1873,,Left,782.4985,787.0518,49.6891,
1742766117027,47.98458,1873,,Right,781.4987,787.0518,49.6891,
1742766117027,47.98458,1873,,Center,781.9986,787.0518,49.6891,
1742766117067,48.02565,1874,,Left,779.1415,793.4807,49.70762,
1742766117067,48.02565,1874,,Right,778.142,793.4807,49.70762,
1742766117067,48.02565,1874,,Center,778.6418,793.4807,49.70762,
1742766117117,48.06572,1875,,Left,775.8803,795.0195,49.72214,
1742766117117,48.06572,1875,,Right,774.8811,795.0195,49.72214,
1742766117117,48.06572,1875,,Center,775.3807,795.0195,49.72213,
1742766117162,48.11498,1876,,Left,773.6253,794.4263,49.73223,
1742766117162,48.11498,1876,,Right,772.6262,794.4263,49.73224,
1742766117162,48.11498,1876,,Center,773.1257,794.4263,49.73222,
1742766117202,48.15906,1877,,Left,771.6346,796.2717,49.73911,
1742766117202,48.15906,1877,,Right,770.6357,796.2717,49.73911,
1742766117202,48.15906,1877,,Center,771.1352,796.2717,49.73911,
1742766117245,48.19968,1878,,Left,771.3578,797.8915,49.73782,
1742766117245,48.19968,1878,,Right,770.3589,797.8915,49.73782,
1742766117245,48.19968,1878,,Center,770.8584,797.8915,49.73782,
1742766117290,48.24286,1879,,Left,771.8467,797.2193,49.7342,
1742766117290,48.24286,1879,,Right,770.8477,797.2193,49.7342,
1742766117290,48.24286,1879,,Center,771.3472,797.2193,49.73419,
1742766117334,48.28904,1880,,Left,774.1698,793.3792,49.72176,
1742766117334,48.28904,1880,,Right,773.1706,793.3792,49.72175,
1742766117334,48.28904,1880,,Center,773.6702,793.3792,49.72175,
1742766117372,48.33219,1881,,Left,774.5888,795.5771,49.71766,
1742766117372,48.33219,1881,,Right,773.5895,795.5771,49.71766,
1742766117372,48.33219,1881,,Center,774.0891,795.5771,49.71764,
1742766117413,48.37169,1882,,Left,772.606,798.7344,49.72519,
1742766117413,48.37169,1882,,Right,771.6068,798.7344,49.72519,
1742766117413,48.37169,1882,,Center,772.1063,798.7344,49.72519,
1742766117454,48.41086,1883,,Left,771.0292,799.0651,49.73163,
1742766117454,48.41086,1883,,Right,770.0303,799.0651,49.73163,
1742766117454,48.41086,1883,,Center,770.5298,799.0651,49.73165,
1742766117485,48.45171,1884,,Left,770.1942,798.2987,49.73563,
1742766117485,48.45171,1884,,Right,769.1951,798.2987,49.73564,
1742766117485,48.45171,1884,,Center,769.6946,798.2987,49.73563,
1742766117520,48.48246,1885,,Left,768.2617,799.7748,49.74327,
1742766117520,48.48246,1885,,Right,767.2629,799.7748,49.74327,
1742766117520,48.48246,1885,,Center,767.7624,799.7748,49.74327,
1742766117554,48.51757,1886,,Left,766.4142,800.0026,49.75116,
1742766117554,48.51757,1886,,Right,765.4156,800.0026,49.75115,
1742766117554,48.51757,1886,,Center,765.915,800.0026,49.75115,
1742766117581,48.55184,1887,,Left,764.9252,799.4736,49.75773,
1742766117581,48.55184,1887,,Right,763.9268,799.4736,49.75772,
1742766117581,48.55184,1887,,Center,764.426,799.4736,49.75772,
1742766117606,48.57909,1888,,Left,763.7056,800.1744,49.76208,
1742766117606,48.57909,1888,,Right,762.7071,800.1744,49.76208,
1742766117606,48.57909,1888,,Center,763.2064,800.1744,49.76208,
1742766117636,48.60434,1889,,Left,763.0428,801.2156,49.76371,
1742766117636,48.60434,1889,,Right,762.0444,801.2156,49.76371,
1742766117636,48.60434,1889,,Center,762.5436,801.2156,49.76371,
1742766117669,48.63435,1890,,Left,762.3159,800.9354,49.76645,
1742766117669,48.63435,1890,,Right,761.3175,800.9354,49.76645,
1742766117669,48.63435,1890,,Center,761.8167,800.9354,49.76645,
1742766117707,48.66726,1891,,Left,762.1047,800.4034,49.76723,
1742766117707,48.66726,1891,,Right,761.1064,800.4034,49.76723,
1742766117707,48.66726,1891,,Center,761.6056,800.4034,49.76723,
1742766117738,48.70627,1892,,Left,761.7822,802.2691,49.7666,
1742766117738,48.70627,1892,,Right,760.7839,802.2691,49.76661,
1742766117738,48.70627,1892,,Center,761.2831,802.2691,49.76661,
1742766117764,48.73655,1893,,Left,760.6279,804.6071,49.76832,
1742766117764,48.73655,1893,,Right,759.6296,804.6071,49.76833,
1742766117764,48.73655,1893,,Center,760.1287,804.6071,49.76833,
1742766117791,48.76313,1894,,Left,759.1609,805.7535,49.77223,
1742766117791,48.76313,1894,,Right,758.1627,805.7535,49.77224,
1742766117791,48.76313,1894,,Center,758.6618,805.7535,49.77224,
1742766117818,48.78903,1895,,Left,758.1656,805.7372,49.77572,
1742766117818,48.78903,1895,,Right,757.1674,805.7372,49.77572,
1742766117818,48.78903,1895,,Center,757.6666,805.7372,49.77572,
1742766117846,48.8164,1896,,Left,756.8851,806.1978,49.7795,
1742766117846,48.8164,1896,,Right,755.8869,806.1978,49.77951,
1742766117846,48.8164,1896,,Center,756.386,806.1978,49.77951,
1742766117876,48.84411,1897,,Left,755.4496,807.1102,49.78298,
1742766117876,48.84411,1897,,Right,754.4517,807.1102,49.78298,
1742766117876,48.84411,1897,,Center,754.9506,807.1102,49.78298,
1742766117908,48.87568,1898,,Left,753.8683,807.7738,49.7871,
1742766117909,48.87568,1898,,Right,752.8704,807.7738,49.7871,
1742766117909,48.87568,1898,,Center,753.3694,807.7738,49.78711,
1742766117931,48.90706,1899,,Left,753.0988,808.5063,49.78825,
1742766117931,48.90706,1899,,Right,752.101,808.5063,49.78825,
1742766117931,48.90706,1899,,Center,752.5999,808.5063,49.78825,
1742766117959,48.92946,1900,,Left,752.6964,808.7861,49.78881,
1742766117959,48.92946,1900,,Right,751.6985,808.7861,49.78881,
1742766117959,48.92946,1900,,Center,752.1975,808.7861,49.78881,
1742766117988,48.9566,1901,,Left,752.6038,809.4937,49.78773,
1742766117988,48.9566,1901,,Right,751.6058,809.4937,49.78773,
1742766117988,48.9566,1901,,Center,752.1048,809.4937,49.78774,
1742766118015,48.98667,1902,,Left,753.0001,810.4491,49.78475,
1742766118015,48.98667,1902,,Right,752.0021,810.4491,49.78475,
1742766118015,48.98667,1902,,Center,752.5011,810.4491,49.78475,
1742766118045,49.01283,1903,,Left,753.1103,810.7162,49.78386,
1742766118045,49.01283,1903,,Right,752.1122,810.7162,49.78386,
1742766118045,49.01283,1903,,Center,752.6113,810.7162,49.78386,
1742766118070,49.0433,1904,,Left,753.3248,810.7424,49.78307,
1742766118070,49.0433,1904,,Right,752.3268,810.7424,49.78307,
1742766118070,49.0433,1904,,Center,752.8258,810.7424,49.78306,
1742766118100,49.06807,1905,,Left,753.1567,810.8447,49.78348,
1742766118100,49.06807,1905,,Right,752.1587,810.8447,49.78348,
1742766118100,49.06807,1905,,Center,752.6577,810.8447,49.78348,
1742766118127,49.09751,1906,,Left,752.9182,811.0812,49.78392,
1742766118127,49.09751,1906,,Right,751.9202,811.0812,49.78392,
1742766118127,49.09751,1906,,Center,752.4192,811.0812,49.78392,
1742766118155,49.12476,1907,,Left,752.791,810.6349,49.78525,
1742766118155,49.12476,1907,,Right,751.7931,810.6349,49.78526,
1742766118155,49.12476,1907,,Center,752.2921,810.6349,49.78526,
1742766118183,49.15272,1908,,Left,752.8576,810.2832,49.78579,
1742766118183,49.15272,1908,,Right,751.8597,810.2832,49.78579,
1742766118183,49.15272,1908,,Center,752.3586,810.2832,49.78579,
1742766118217,49.18136,1909,,Left,753.2066,810.4222,49.7846,
1742766118217,49.18136,1909,,Right,752.2087,810.4222,49.7846,
1742766118217,49.18136,1909,,Center,752.7076,810.4222,49.7846,
1742766118252,49.21482,1910,,Left,754.0636,811.1785,49.7807,
1742766118252,49.21482,1910,,Right,753.0656,811.1785,49.7807,
1742766118252,49.21482,1910,,Center,753.5646,811.1785,49.78071,
1742766118284,49.24955,1911,,Left,754.7151,811.9259,49.7773,
1742766118284,49.24955,1911,,Right,753.717,811.9259,49.7773,
1742766118284,49.24955,1911,,Center,754.2161,811.9259,49.7773,
1742766118322,49.28177,1912,,Left,755.8691,811.7299,49.7742,
174