{
    "vr_anchors_positions": {
        "center": {
            "x": 720.0,
            "y": 792.0,
            "coords": [
                720.0,
                792.0
            ]
        },
        "topleft": {
            "x": 434.0125,
            "y": 934.9938,
            "coords": [
                434.0125,
                934.9938
            ]
        },
        "topright": {
            "x": 1005.987,
            "y": 934.9938,
            "coords": [
                1005.987,
                934.9938
            ]
        },
        "bottomleft": {
            "x": 434.0125,
            "y": 649.0062,
            "coords": [
                434.0125,
                649.0062
            ]
        }
    },
    "img_anchors_positions": {
        "center": {
            "x": 362.5,
            "y": 366.0,
            "coords": [
                362.5,
                366.0
            ]
        },
        "topleft": {
            "x": 182.0,
            "y": 456.0,
            "coords": [
                182.0,
                456.0
            ]
        },
        "topright": {
            "x": 543.0,
            "y": 456.0,
            "coords": [
                543.0,
                456.0
            ]
        },
        "bottomleft": {
            "x": 188.0,
            "y": 278.5,
            "coords": [
                188.0,
                278.5
            ]
        }
    },
    "transformation_matrix": [
        [
            0.6293985937264667,
            -0.000728471765303455
        ],
        [
            -0.017483089552165362,
            0.6221132206763136
        ],
        [
            -74.82027594937888,
            -125.35583801411202
        ]
    ]
}