{
    "vr_anchors_positions": {
        "center": {
            "x": 720.0,
            "y": 792.0,
            "coords": [
                720.0,
                792.0
            ]
        },
        "topleft": {
            "x": 434.0125,
            "y": 934.9938,
            "coords": [
                434.0125,
                934.9938
            ]
        },
        "topright": {
            "x": 1005.987,
            "y": 934.9938,
            "coords": [
                1005.987,
                934.9938
            ]
        },
        "bottomleft": {
            "x": 434.0125,
            "y": 649.0062,
            "coords": [
                434.0125,
                649.0062
            ]
        }
    },
    "img_anchors_positions": {
        "center": {
            "x": 362.5,
            "y": 366.5,
            "coords": [
                362.5,
                366.5
            ]
        },
        "topleft": {
            "x": 182.0,
            "y": 456.0,
            "coords": [
                182.0,
                456.0
            ]
        },
        "topright": {
            "x": 542.5,
            "y": 455.0,
            "coords": [
                542.5,
                455.0
            ]
        },
        "bottomleft": {
            "x": 188.0,
            "y": 278.0,
            "coords": [
                188.0,
                278.0
            ]
        }
    },
    "transformation_matrix": [
        [
            0.6286701233621277,
            -0.0017483294347986366
        ],
        [
            -0.01777447790167823,
            0.6224046072427799
        ],
        [
            -74.23166447803649,
            -125.1856520346148
        ]
    ],
    "times":{
        "start":10.1,
        "center":14.0,
        "topleft":17.0,
        "topright":20.0,
        "bottomleft":23.0
    }
}