{
    "vr_anchors_positions": {
        "center": {
            "x": 720.0,
            "y": 792.0,
            "coords": [
                720.0,
                792.0
            ]
        },
        "topleft": {
            "x": 434.0125,
            "y": 934.9938,
            "coords": [
                434.0125,
                934.9938
            ]
        },
        "topright": {
            "x": 1005.987,
            "y": 934.9938,
            "coords": [
                1005.987,
                934.9938
            ]
        },
        "bottomleft": {
            "x": 434.0125,
            "y": 649.0062,
            "coords": [
                434.0125,
                649.0062
            ]
        }
    },
    "img_anchors_positions": {
        "center": {
            "x": 362.5,
            "y": 366.0,
            "coords": [
                362.5,
                366.0
            ]
        },
        "topleft": {
            "x": 182.0,
            "y": 456.0,
            "coords": [
                182.0,
                456.0
            ]
        },
        "topright": {
            "x": 542.5,
            "y": 455.0,
            "coords": [
                542.5,
                455.0
            ]
        },
        "bottomleft": {
            "x": 188.0,
            "y": 278.5,
            "coords": [
                188.0,
                278.5
            ]
        }
    },
    "transformation_matrix": [
        [
            0.6286701233621277,
            -0.0021854124939824113
        ],
        [
            -0.01777447790167823,
            0.6215304439772888
        ],
        [
            -74.23166447803649,
            -124.17861507142766
        ]
    ],
    "times":{
        "start":11.0,
        "center":16.0,
        "topleft":18.0,
        "topright":20.0,
        "bottomleft":24.0
    }
}