{
    "vr_anchors_positions": {
        "center": [
            792.0,
            720.0
        ],
        "topleft": [
            934.9938,
            434.0125
        ],
        "topright": [
            934.9938,
            1005.987
        ],
        "bottomleft": [
            649.0062,
            434.0125
        ]
    },
    "img_anchors_positions": {
        "center": [
            362.5,
            306.5
        ],
        "topleft": [
            182.0,
            216.5
        ],
        "topright": [
            543.0,
            215.5
        ],
        "bottomleft": [
            187.5,
            394.0
        ]
    },
    "vr": {
        "width": 571.9745,
        "height": 285.98759999999993,
        "width_half": 285.98725,
        "height_half": 142.99379999999996
    },
    "img": {
        "width": 361.0013850388943,
        "height": 177.58519082400989,
        "width_half": 180.50069251944714,
        "height_half": 88.79259541200494
    }
}